CREATE RULE base_items_on_duplicate_ignore AS ON INSERT TO base_items
    WHERE EXISTS(SELECT 1 FROM base_items
                    WHERE (id)=(NEW.id)
                )
    DO INSTEAD NOTHING;
CREATE RULE items_on_duplicate_ignore AS ON INSERT TO items
    WHERE EXISTS(SELECT 1 FROM items
                    WHERE (base_item_id)=(NEW.base_item_id)
                      AND (hq)=(NEW.hq)
                )
    DO INSTEAD NOTHING;
INSERT INTO base_items VALUES(2,$$Fire Shard$$,$$ファイアシャード$$,$$Éclat de feu$$,$$Feuerscherbe$$,$$27623d06a42$$);
INSERT INTO items(base_item_id, hq) VALUES(2, false);
INSERT INTO base_items VALUES(3,$$Ice Shard$$,$$アイスシャード$$,$$Éclat de glace$$,$$Eisscherbe$$,$$f2dfd367f1e$$);
INSERT INTO items(base_item_id, hq) VALUES(3, false);
INSERT INTO base_items VALUES(4,$$Wind Shard$$,$$ウィンドシャード$$,$$Éclat de vent$$,$$Windscherbe$$,$$843899bc8f6$$);
INSERT INTO items(base_item_id, hq) VALUES(4, false);
INSERT INTO base_items VALUES(5,$$Earth Shard$$,$$アースシャード$$,$$Éclat de terre$$,$$Erdscherbe$$,$$ef4394eb49b$$);
INSERT INTO items(base_item_id, hq) VALUES(5, false);
INSERT INTO base_items VALUES(6,$$Lightning Shard$$,$$ライトニングシャード$$,$$Éclat de foudre$$,$$Blitzscherbe$$,$$6fed6129996$$);
INSERT INTO items(base_item_id, hq) VALUES(6, false);
INSERT INTO base_items VALUES(7,$$Water Shard$$,$$ウォーターシャード$$,$$Éclat d'eau$$,$$Wasserscherbe$$,$$9f967ad6b5a$$);
INSERT INTO items(base_item_id, hq) VALUES(7, false);
INSERT INTO base_items VALUES(8,$$Fire Crystal$$,$$ファイアクリスタル$$,$$Cristal de feu$$,$$Feuerkristall$$,$$75403105d7f$$);
INSERT INTO items(base_item_id, hq) VALUES(8, false);
INSERT INTO base_items VALUES(9,$$Ice Crystal$$,$$アイスクリスタル$$,$$Cristal de glace$$,$$Eiskristall$$,$$2d800a06851$$);
INSERT INTO items(base_item_id, hq) VALUES(9, false);
INSERT INTO base_items VALUES(10,$$Wind Crystal$$,$$ウィンドクリスタル$$,$$Cristal de vent$$,$$Windkristall$$,$$5db117cd77b$$);
INSERT INTO items(base_item_id, hq) VALUES(10, false);
INSERT INTO base_items VALUES(11,$$Earth Crystal$$,$$アースクリスタル$$,$$Cristal de terre$$,$$Erdkristall$$,$$ff6eae7bdcb$$);
INSERT INTO items(base_item_id, hq) VALUES(11, false);
INSERT INTO base_items VALUES(12,$$Lightning Crystal$$,$$ライトニングクリスタル$$,$$Cristal de foudre$$,$$Blitzkristall$$,$$b21a951916e$$);
INSERT INTO items(base_item_id, hq) VALUES(12, false);
INSERT INTO base_items VALUES(13,$$Water Crystal$$,$$ウォータークリスタル$$,$$Cristal d'eau$$,$$Wasserkristall$$,$$44d3f4cb26b$$);
INSERT INTO items(base_item_id, hq) VALUES(13, false);
INSERT INTO base_items VALUES(14,$$Fire Cluster$$,$$ファイアクラスター$$,$$Agrégat de feu$$,$$Feuerpolykristall$$,$$e8ccb4b1f81$$);
INSERT INTO items(base_item_id, hq) VALUES(14, false);
INSERT INTO base_items VALUES(15,$$Ice Cluster$$,$$アイスクラスター$$,$$Agrégat de glace$$,$$Eispolykristall$$,$$4dbe0ec0a76$$);
INSERT INTO items(base_item_id, hq) VALUES(15, false);
INSERT INTO base_items VALUES(16,$$Wind Cluster$$,$$ウィンドクラスター$$,$$Agrégat de vent$$,$$Windpolykristall$$,$$b61cbfd2d6e$$);
INSERT INTO items(base_item_id, hq) VALUES(16, false);
INSERT INTO base_items VALUES(17,$$Earth Cluster$$,$$アースクラスター$$,$$Agrégat de terre$$,$$Erdpolykristall$$,$$c97c6825890$$);
INSERT INTO items(base_item_id, hq) VALUES(17, false);
INSERT INTO base_items VALUES(18,$$Lightning Cluster$$,$$ライトニングクラスター$$,$$Agrégat de foudre$$,$$Blitzpolykristall$$,$$06061fd121b$$);
INSERT INTO items(base_item_id, hq) VALUES(18, false);
INSERT INTO base_items VALUES(19,$$Water Cluster$$,$$ウォータークラスター$$,$$Agrégat d'eau$$,$$Wasserpolykristall$$,$$e3d82488f80$$);
INSERT INTO items(base_item_id, hq) VALUES(19, false);
INSERT INTO base_items VALUES(1601,$$Weathered Shortsword$$,$$ウェザードショートソード$$,$$Épée courte usée$$,$$Verschlissenes Kurzschwert$$,$$063b7ca4f6b$$);
INSERT INTO items(base_item_id, hq) VALUES(1601, false);
INSERT INTO base_items VALUES(1602,$$Bronze Bastard Sword$$,$$バスタードソード$$,$$Épée bâtarde$$,$$Bastardschwert$$,$$c51a9ae3ee2$$);
INSERT INTO items(base_item_id, hq) VALUES(1602, false),(1602, true);
INSERT INTO base_items VALUES(1603,$$Viking Sword$$,$$ヴァイキングソード$$,$$Épée viking$$,$$Wikingerschwert$$,$$46cd753f52b$$);
INSERT INTO items(base_item_id, hq) VALUES(1603, false),(1603, true);
INSERT INTO base_items VALUES(1604,$$Ash Macuahuitl$$,$$マクアフティル$$,$$Macuahuitl$$,$$Eschen-Macuahuitl$$,$$0cdf666234e$$);
INSERT INTO items(base_item_id, hq) VALUES(1604, false),(1604, true);
INSERT INTO base_items VALUES(1605,$$Bronze Spatha$$,$$スパタ$$,$$Spathe$$,$$Bronze-Spatha$$,$$14b01cf8c63$$);
INSERT INTO items(base_item_id, hq) VALUES(1605, false),(1605, true);
INSERT INTO base_items VALUES(1606,$$Blunt Bastard Sword$$,$$オールドバスタードソード$$,$$Épée bâtarde émoussée$$,$$Stumpfes Bastardschwert$$,$$dc674ecea43$$);
INSERT INTO items(base_item_id, hq) VALUES(1606, false),(1606, true);
INSERT INTO base_items VALUES(1607,$$Brass Bastard Sword$$,$$ブラスバスタードソード$$,$$Épée bâtarde en laiton$$,$$Messing-Bastardschwert$$,$$f5376a8d975$$);
INSERT INTO items(base_item_id, hq) VALUES(1607, false),(1607, true);
INSERT INTO base_items VALUES(1609,$$Brass Viking Sword$$,$$ブラスヴァイキングソード$$,$$Épée viking en laiton$$,$$Messing-Wikingerschwert$$,$$513e9fe7e3f$$);
INSERT INTO items(base_item_id, hq) VALUES(1609, false),(1609, true);
INSERT INTO base_items VALUES(1611,$$Carnage Sword$$,$$カルネージソード$$,$$Épée bâtarde enrageante$$,$$Massakerschwert$$,$$a5235826e96$$);
INSERT INTO items(base_item_id, hq) VALUES(1611, false),(1611, true);
INSERT INTO base_items VALUES(1613,$$Blunt Goblin Scimitar$$,$$オールドゴブリンシミター$$,$$Cimeterre gobelin émoussé$$,$$Stumpfer Goblin-Scimitar$$,$$0b38d6be37d$$);
INSERT INTO items(base_item_id, hq) VALUES(1613, false),(1613, true);
INSERT INTO base_items VALUES(1614,$$Iron Shortsword$$,$$ショートソード$$,$$Épée courte$$,$$Eisen-Kurzschwert$$,$$8c551593ebd$$);
INSERT INTO items(base_item_id, hq) VALUES(1614, false),(1614, true);
INSERT INTO base_items VALUES(1616,$$Nicked Viking Sword$$,$$オールドヴァイキングソード$$,$$Épée viking émoussée$$,$$Stumpfes Wikingerschwert$$,$$0cf195ea2b5$$);
INSERT INTO items(base_item_id, hq) VALUES(1616, false),(1616, true);
INSERT INTO base_items VALUES(1621,$$Blunt Goblin Longsword$$,$$オールドゴブリンロングソード$$,$$Épée longue gobeline émoussée$$,$$Stumpfes Goblin-Langschwert$$,$$cc34df71e01$$);
INSERT INTO items(base_item_id, hq) VALUES(1621, false),(1621, true);
INSERT INTO base_items VALUES(1622,$$Iron Spatha$$,$$アイアンスパタ$$,$$Spathe en fer$$,$$Eisen-Spatha$$,$$afee1450799$$);
INSERT INTO items(base_item_id, hq) VALUES(1622, false),(1622, true);
INSERT INTO base_items VALUES(1625,$$Steel Broadsword$$,$$ブロードソード$$,$$Épée large$$,$$Breitschwert$$,$$d9105f2a3e6$$);
INSERT INTO items(base_item_id, hq) VALUES(1625, false),(1625, true);
INSERT INTO base_items VALUES(1627,$$Elm Macuahuitl$$,$$エルムマクアフティル$$,$$Macuahuitl en orme$$,$$Ulmen-Macuahuitl$$,$$af1ed8baf17$$);
INSERT INTO items(base_item_id, hq) VALUES(1627, false),(1627, true);
INSERT INTO base_items VALUES(1633,$$Steel Falchion$$,$$スチールファルシオン$$,$$Fauchon en acier$$,$$Stahl-Falchion$$,$$88333940b11$$);
INSERT INTO items(base_item_id, hq) VALUES(1633, false),(1633, true);
INSERT INTO base_items VALUES(1635,$$Vintage Bastard Sword$$,$$ヴィンテージバスタードソード$$,$$Épée bâtarde de collection$$,$$Restauriertes Breitschwert$$,$$853989be452$$);
INSERT INTO items(base_item_id, hq) VALUES(1635, false),(1635, true);
INSERT INTO base_items VALUES(1636,$$Blunt Aeolian Scimitar$$,$$オールドアイオリアンシミター$$,$$Cimeterre éolien émoussé$$,$$Stumpfer Äolus-Scimitar$$,$$188c42179d8$$);
INSERT INTO items(base_item_id, hq) VALUES(1636, false);
INSERT INTO base_items VALUES(1637,$$Walnut Macuahuitl$$,$$ウォルナットマクアフティル$$,$$Macuahuitl en noyer$$,$$Walnuss-Macuahuitl$$,$$dfdd1cfaaf2$$);
INSERT INTO items(base_item_id, hq) VALUES(1637, false),(1637, true);
INSERT INTO base_items VALUES(1639,$$Steel Longsword$$,$$スチールロングソード$$,$$Épée longue en acier$$,$$Stahl-Langschwert$$,$$88d937ad32b$$);
INSERT INTO items(base_item_id, hq) VALUES(1639, false),(1639, true);
INSERT INTO base_items VALUES(1642,$$Goblin Scimitar$$,$$ゴブリンシミター$$,$$Cimeterre gobelin$$,$$Goblin-Scimitar$$,$$46b5f0b4a71$$);
INSERT INTO items(base_item_id, hq) VALUES(1642, false),(1642, true);
INSERT INTO base_items VALUES(1643,$$Mythril Broadsword$$,$$ミスリルブロードソード$$,$$Épée large en mithril$$,$$Mithril-Breitschwert$$,$$6a2aa2369bd$$);
INSERT INTO items(base_item_id, hq) VALUES(1643, false),(1643, true);
INSERT INTO base_items VALUES(1648,$$Vintage Viking Sword$$,$$ヴィンテージヴァイキングソード$$,$$Glaive gobelin$$,$$Restauriertes Wikingerschwert$$,$$b53d57a98d9$$);
INSERT INTO items(base_item_id, hq) VALUES(1648, false),(1648, true);
INSERT INTO base_items VALUES(1649,$$Goblin Longsword$$,$$ゴブリンロングソード$$,$$Épée longue gobeline$$,$$Goblin-Langschwert$$,$$552471f6963$$);
INSERT INTO items(base_item_id, hq) VALUES(1649, false),(1649, true);
INSERT INTO base_items VALUES(1650,$$Plumed Oak Macuahuitl$$,$$コンドルマクアフティル$$,$$Macuahuitl à plumet$$,$$Gefiedertes Macuahuitl$$,$$8c462bc844d$$);
INSERT INTO items(base_item_id, hq) VALUES(1650, false),(1650, true);
INSERT INTO base_items VALUES(1657,$$Cobalt Katzbalger$$,$$カッツバルゲル$$,$$Katzbalger$$,$$Koboldeisen-Katzbalger$$,$$ebb8b12c7d6$$);
INSERT INTO items(base_item_id, hq) VALUES(1657, false),(1657, true);
INSERT INTO base_items VALUES(1659,$$Cobalt Shamshir$$,$$シャムシール$$,$$Shamshir$$,$$Koboldeisen-Shamshir$$,$$5ccecf6b566$$);
INSERT INTO items(base_item_id, hq) VALUES(1659, false),(1659, true);
INSERT INTO base_items VALUES(1662,$$Thormoen's Pride$$,$$トールムーン・プライド$$,$$Fierté de Thormoen$$,$$Thormoens Stolz$$,$$be9dc38baf7$$);
INSERT INTO items(base_item_id, hq) VALUES(1662, false);
INSERT INTO base_items VALUES(1663,$$Cobalt Winglet$$,$$ウィングレット$$,$$Espafut$$,$$Koboldeisen-Zeremonialschwert$$,$$4a5f2c3b67f$$);
INSERT INTO items(base_item_id, hq) VALUES(1663, false),(1663, true);
INSERT INTO base_items VALUES(1666,$$Giantsgall Longsword$$,$$ギガントガルロングソード$$,$$Épée longue fiel-de-géant$$,$$Gallenerz-Langschwert$$,$$7ce964b9b16$$);
INSERT INTO items(base_item_id, hq) VALUES(1666, false),(1666, true);
INSERT INTO base_items VALUES(1670,$$Aeolian Scimitar$$,$$アイオリアンシミター$$,$$Cimeterre éolien$$,$$Äolus-Scimitar$$,$$f703d5e7c71$$);
INSERT INTO items(base_item_id, hq) VALUES(1670, false),(1670, true);
INSERT INTO base_items VALUES(1673,$$Mailbreaker$$,$$メイルブレーカー$$,$$Briseur de maille$$,$$Panzerbrecher$$,$$b93d2066a61$$);
INSERT INTO items(base_item_id, hq) VALUES(1673, false),(1673, true);
INSERT INTO base_items VALUES(1680,$$Weathered Hora$$,$$ウェザードホラ$$,$$Hora usés$$,$$Verschlissene Horas$$,$$03425730d4e$$);
INSERT INTO items(base_item_id, hq) VALUES(1680, false);
INSERT INTO base_items VALUES(1681,$$Bone Hora$$,$$ホラ$$,$$Hora$$,$$Knochen-Horas$$,$$3cef17ce92b$$);
INSERT INTO items(base_item_id, hq) VALUES(1681, false),(1681, true);
INSERT INTO base_items VALUES(1682,$$Leather Himantes$$,$$ヒマンテス$$,$$Himantes$$,$$Leder-Himantes$$,$$dcf44d8bb94$$);
INSERT INTO items(base_item_id, hq) VALUES(1682, false),(1682, true);
INSERT INTO base_items VALUES(1683,$$Ramhorn Claws$$,$$ラムホーンクロー$$,$$Griffes en corne de bélier$$,$$Schafshorn-Klauen$$,$$87efa5aa65b$$);
INSERT INTO items(base_item_id, hq) VALUES(1683, false),(1683, true);
INSERT INTO base_items VALUES(1684,$$Bronze Knuckles$$,$$メタルナックル$$,$$Poings métalliques$$,$$Bronzeschlagringe$$,$$30cd82fee42$$);
INSERT INTO items(base_item_id, hq) VALUES(1684, false),(1684, true);
INSERT INTO base_items VALUES(1685,$$Hard Leather Himantes$$,$$ハードレザーヒマンテス$$,$$Himantes en cuir rigide$$,$$Juchleder-Himantes$$,$$77a834901d0$$);
INSERT INTO items(base_item_id, hq) VALUES(1685, false),(1685, true);
INSERT INTO base_items VALUES(1686,$$Brass Knuckles$$,$$ブラスナックル$$,$$Poings en laiton$$,$$Messingschlagringe$$,$$7f19ea3fc07$$);
INSERT INTO items(base_item_id, hq) VALUES(1686, false),(1686, true);
INSERT INTO base_items VALUES(1688,$$Hard Leather Cesti$$,$$セスタス$$,$$Cestes$$,$$Leder-Caesti$$,$$84ccf1c33bb$$);
INSERT INTO items(base_item_id, hq) VALUES(1688, false),(1688, true);
INSERT INTO base_items VALUES(1694,$$Spiked Knuckles$$,$$スパイクナックル$$,$$Poings à pointes$$,$$Stachelschlagringe$$,$$e6528a9f48d$$);
INSERT INTO items(base_item_id, hq) VALUES(1694, false),(1694, true);
INSERT INTO base_items VALUES(1697,$$Toadskin Cesti$$,$$トードセスタス$$,$$Cestes en cuir de crapaud$$,$$Krötenleder-Caesti$$,$$e435852e25d$$);
INSERT INTO items(base_item_id, hq) VALUES(1697, false),(1697, true);
INSERT INTO base_items VALUES(1699,$$Steel Claws$$,$$メタルクロー$$,$$Griffes métalliques$$,$$Stahlkrallen$$,$$ad026fa210b$$);
INSERT INTO items(base_item_id, hq) VALUES(1699, false),(1699, true);
INSERT INTO base_items VALUES(1701,$$Chipped Hora$$,$$オールドホラ$$,$$Hora endommagés$$,$$Abgeschlagene Horas$$,$$497fc1b1367$$);
INSERT INTO items(base_item_id, hq) VALUES(1701, false);
INSERT INTO base_items VALUES(1706,$$Crabshell Hora$$,$$クラブホラ$$,$$Hora crabe$$,$$Krabbenpanzer-Horas$$,$$1588f055e1c$$);
INSERT INTO items(base_item_id, hq) VALUES(1706, false),(1706, true);
INSERT INTO base_items VALUES(1708,$$Boarskin Himantes$$,$$ボアヒマンテス$$,$$Himantes en cuir de sanglier$$,$$Keilerleder-Himantes$$,$$df358548d6a$$);
INSERT INTO items(base_item_id, hq) VALUES(1708, false),(1708, true);
INSERT INTO base_items VALUES(1711,$$Mythril Claws$$,$$ミスリルクロー$$,$$Griffes en mithril$$,$$Mithrilkrallen$$,$$514fee0bf22$$);
INSERT INTO items(base_item_id, hq) VALUES(1711, false),(1711, true);
INSERT INTO base_items VALUES(1716,$$Tortoiseshell Hora$$,$$トータスホラ$$,$$Hora tortue$$,$$Schildpatt-Horas$$,$$2a003d3ebd0$$);
INSERT INTO items(base_item_id, hq) VALUES(1716, false),(1716, true);
INSERT INTO base_items VALUES(1723,$$Cobalt Knuckles$$,$$コバルトナックル$$,$$Poings en cobalt$$,$$Koboldeisen-Schlagringe$$,$$4bcf51b200a$$);
INSERT INTO items(base_item_id, hq) VALUES(1723, false),(1723, true);
INSERT INTO base_items VALUES(1728,$$Peisteskin Cesti$$,$$ペイストセスタス$$,$$Cestes peiste$$,$$Basilisken-Caesti$$,$$ec18ff7554b$$);
INSERT INTO items(base_item_id, hq) VALUES(1728, false),(1728, true);
INSERT INTO base_items VALUES(1731,$$Symon's Honeyclaws$$,$$サイモン・ハニークロー$$,$$Doucegriffes de Symon$$,$$Symons Honigklauen$$,$$7b9b46946b1$$);
INSERT INTO items(base_item_id, hq) VALUES(1731, false);
INSERT INTO base_items VALUES(1732,$$Vintage Hora$$,$$ヴィンテージホラ$$,$$Hora de collection$$,$$Restaurierte Horas$$,$$f88470aaa49$$);
INSERT INTO items(base_item_id, hq) VALUES(1732, false),(1732, true);
INSERT INTO base_items VALUES(1733,$$Cobalt Claws$$,$$コバルトクロー$$,$$Griffes en cobalt$$,$$Koboldeisen-Krallen$$,$$eaeea5a584f$$);
INSERT INTO items(base_item_id, hq) VALUES(1733, false),(1733, true);
INSERT INTO base_items VALUES(1736,$$Giantsgall Claws$$,$$ギガントガルクロー$$,$$Griffes fiel-de-géant$$,$$Gallenerz-Klauen$$,$$9a6af343c45$$);
INSERT INTO items(base_item_id, hq) VALUES(1736, false),(1736, true);
INSERT INTO base_items VALUES(1740,$$Wildling's Cesti$$,$$ワイルドリングセスタス$$,$$Cestes de sauvage$$,$$Wildlings-Caesti$$,$$b113f1be05d$$);
INSERT INTO items(base_item_id, hq) VALUES(1740, false),(1740, true);
INSERT INTO base_items VALUES(1743,$$Avengers$$,$$アベンジャー$$,$$Vengeurs$$,$$Rächer$$,$$c1aecfd67c3$$);
INSERT INTO items(base_item_id, hq) VALUES(1743, false),(1743, true);
INSERT INTO base_items VALUES(1749,$$Weathered War Axe$$,$$ウェザードウォーアクス$$,$$Hache de guerre usée$$,$$Verschlissene Streitaxt$$,$$46ad87399c5$$);
INSERT INTO items(base_item_id, hq) VALUES(1749, false);
INSERT INTO base_items VALUES(1750,$$Bronze War Axe$$,$$ウォーアクス$$,$$Hache de guerre$$,$$Bronzestreitaxt$$,$$14a97dcf55e$$);
INSERT INTO items(base_item_id, hq) VALUES(1750, false),(1750, true);
INSERT INTO base_items VALUES(1751,$$Bronze Labrys$$,$$ラブリュス$$,$$Labrys$$,$$Bronze-Labrys$$,$$578e622875f$$);
INSERT INTO items(base_item_id, hq) VALUES(1751, false),(1751, true);
INSERT INTO base_items VALUES(1752,$$Cloud Axe$$,$$クラウドアクス$$,$$Hache ouragan$$,$$Wolkenaxt$$,$$ebb76adabef$$);
INSERT INTO items(base_item_id, hq) VALUES(1752, false),(1752, true);
INSERT INTO base_items VALUES(1753,$$Spiked Bronze Labrys$$,$$スパイクドラブリュス$$,$$Labrys en bronze à pointe$$,$$Stachelbewehrte Bronze-Labrys$$,$$7a496c2a201$$);
INSERT INTO items(base_item_id, hq) VALUES(1753, false),(1753, true);
INSERT INTO base_items VALUES(1754,$$Iron War Axe$$,$$アイアンウォーアクス$$,$$Hache de guerre en fer$$,$$Eisenstreitaxt$$,$$d4f85fa5f52$$);
INSERT INTO items(base_item_id, hq) VALUES(1754, false),(1754, true);
INSERT INTO base_items VALUES(1756,$$Iron Labrys$$,$$アイアンラブリュス$$,$$Labrys en fer$$,$$Eisen-Labrys$$,$$f8cdada294d$$);
INSERT INTO items(base_item_id, hq) VALUES(1756, false),(1756, true);
INSERT INTO base_items VALUES(1758,$$Inferno Axe$$,$$インフェルノアクス$$,$$Hache infernale$$,$$Infernoaxt$$,$$882ee6123d7$$);
INSERT INTO items(base_item_id, hq) VALUES(1758, false),(1758, true);
INSERT INTO base_items VALUES(1764,$$Iron Bill$$,$$ビル$$,$$Vouge$$,$$Eisen-Hippe$$,$$a9223cdfc42$$);
INSERT INTO items(base_item_id, hq) VALUES(1764, false),(1764, true);
INSERT INTO base_items VALUES(1766,$$Thunderstorm Axe$$,$$サンダーストームアクス$$,$$Hache orage$$,$$Donnersturmaxt$$,$$cca10a9ed0f$$);
INSERT INTO items(base_item_id, hq) VALUES(1766, false),(1766, true);
INSERT INTO base_items VALUES(1769,$$Spiked Steel Labrys$$,$$スパイクドスチールラブリュス$$,$$Labrys en acier à pointe$$,$$Stachelbewehrte Stahl-Labrys$$,$$fa1602403f5$$);
INSERT INTO items(base_item_id, hq) VALUES(1769, false),(1769, true);
INSERT INTO base_items VALUES(1771,$$Notched Bill$$,$$オールドビル$$,$$Vouge ébréchée$$,$$Uralte Hippe$$,$$c7e82de8dd5$$);
INSERT INTO items(base_item_id, hq) VALUES(1771, false);
INSERT INTO base_items VALUES(1776,$$Steel Bardiche$$,$$スチールバルディッシュ$$,$$Bardiche en acier$$,$$Stahl-Berdysch$$,$$83df073d990$$);
INSERT INTO items(base_item_id, hq) VALUES(1776, false),(1776, true);
INSERT INTO base_items VALUES(1778,$$Steel Bhuj$$,$$スチールブージ$$,$$Bhuj en acier$$,$$Stahl-Bhuj$$,$$9900aa56cd4$$);
INSERT INTO items(base_item_id, hq) VALUES(1778, false),(1778, true);
INSERT INTO base_items VALUES(1781,$$Spiked Mythril Labrys$$,$$スパイクドミスリルラブリュス$$,$$Labrys en mithril à pointe$$,$$Stachelbewehrte Mithril-Labrys$$,$$1062cae0a30$$);
INSERT INTO items(base_item_id, hq) VALUES(1781, false),(1781, true);
INSERT INTO base_items VALUES(1786,$$Mythril Bhuj$$,$$ミスリルブージ$$,$$Bhuj en mithril$$,$$Mithril-Bhuj$$,$$25ea8cf4a72$$);
INSERT INTO items(base_item_id, hq) VALUES(1786, false),(1786, true);
INSERT INTO base_items VALUES(1796,$$Buccaneer's Bardiche$$,$$バッカニアバルディッシュ$$,$$Bardiche du boucanier$$,$$Freibeuter-Berdysch$$,$$26a7f0ddb61$$);
INSERT INTO items(base_item_id, hq) VALUES(1796, false),(1796, true);
INSERT INTO base_items VALUES(1799,$$Sibold's Reach$$,$$シボルド・リーチ$$,$$Allonge de Sibold$$,$$Sibolds Allonge$$,$$edbadb68af0$$);
INSERT INTO items(base_item_id, hq) VALUES(1799, false);
INSERT INTO base_items VALUES(1800,$$Vintage Bill$$,$$ヴィンテージビル$$,$$Vouge de collection$$,$$Restaurierte Hippe$$,$$7f828ffae4d$$);
INSERT INTO items(base_item_id, hq) VALUES(1800, false),(1800, true);
INSERT INTO base_items VALUES(1801,$$Demilune Bhuj$$,$$デミルーンブージ$$,$$Bhuj demi-lune$$,$$Halbmond-Bhuj$$,$$d7a22e1dd0f$$);
INSERT INTO items(base_item_id, hq) VALUES(1801, false),(1801, true);
INSERT INTO base_items VALUES(1803,$$Spiked Cobalt Labrys$$,$$スパイクドコバルトラブリュス$$,$$Labrys en cobalt à pointe$$,$$Stachelbewehrte Koboldeisen-Labrys$$,$$c71ae3d45a0$$);
INSERT INTO items(base_item_id, hq) VALUES(1803, false),(1803, true);
INSERT INTO base_items VALUES(1806,$$Giantsgall War Axe$$,$$ギガントガルウォーアクス$$,$$Hache de guerre fiel-de-géant$$,$$Gallenerz-Kriegsaxt$$,$$ad252234a18$$);
INSERT INTO items(base_item_id, hq) VALUES(1806, false),(1806, true);
INSERT INTO base_items VALUES(1810,$$Barbarian's Bardiche$$,$$バーバリアンバルディッシュ$$,$$Bardiche de barbare$$,$$Barbaren-Berdysch$$,$$6bcea347021$$);
INSERT INTO items(base_item_id, hq) VALUES(1810, false),(1810, true);
INSERT INTO base_items VALUES(1813,$$Rampager$$,$$ランページャー$$,$$Ravageuse$$,$$Amok$$,$$4c7b82105af$$);
INSERT INTO items(base_item_id, hq) VALUES(1813, false),(1813, true);
INSERT INTO base_items VALUES(1819,$$Weathered Spear$$,$$ウェザードスピア$$,$$Hast usé$$,$$Verschlissener Speer$$,$$0bfa9962184$$);
INSERT INTO items(base_item_id, hq) VALUES(1819, false);
INSERT INTO base_items VALUES(1820,$$Bone Harpoon$$,$$ハープーン$$,$$Harpon$$,$$Knochenharpune$$,$$47d6c9c9bf3$$);
INSERT INTO items(base_item_id, hq) VALUES(1820, false),(1820, true);
INSERT INTO base_items VALUES(1821,$$Bronze Spear$$,$$スピア$$,$$Hast$$,$$Bronzespeer$$,$$a527b2cf083$$);
INSERT INTO items(base_item_id, hq) VALUES(1821, false),(1821, true);
INSERT INTO base_items VALUES(1822,$$Ramhorn Harpoon$$,$$ラムホーンハープーン$$,$$Harpon en corne de bélier$$,$$Schafshornharpune$$,$$96a2ef08339$$);
INSERT INTO items(base_item_id, hq) VALUES(1822, false),(1822, true);
INSERT INTO base_items VALUES(1823,$$Feathered Harpoon$$,$$フェザーハープーン$$,$$Harpon à plumet$$,$$Gefiederte Harpune$$,$$c0b3a710777$$);
INSERT INTO items(base_item_id, hq) VALUES(1823, false),(1823, true);
INSERT INTO base_items VALUES(1824,$$Brass Spear$$,$$ブラススピア$$,$$Hast en laiton$$,$$Messingspeer$$,$$1f444123f59$$);
INSERT INTO items(base_item_id, hq) VALUES(1824, false),(1824, true);
INSERT INTO base_items VALUES(1825,$$Iron Spear$$,$$アイアンスピア$$,$$Hast en fer$$,$$Eisenspeer$$,$$edc27134c67$$);
INSERT INTO items(base_item_id, hq) VALUES(1825, false),(1825, true);
INSERT INTO base_items VALUES(1827,$$Iron Lance$$,$$ランス$$,$$Lance$$,$$Eisenlanze$$,$$51a0aadec7b$$);
INSERT INTO items(base_item_id, hq) VALUES(1827, false),(1827, true);
INSERT INTO base_items VALUES(1833,$$Iron Guisarme$$,$$ギザルメ$$,$$Guisarme$$,$$Eisen-Guisarme$$,$$94e69931fac$$);
INSERT INTO items(base_item_id, hq) VALUES(1833, false),(1833, true);
INSERT INTO base_items VALUES(1836,$$Silver Battle Fork$$,$$シルバーフォーク$$,$$Fourche de combat en argent$$,$$Silberne Kriegsgabel$$,$$8a61c37f533$$);
INSERT INTO items(base_item_id, hq) VALUES(1836, false),(1836, true);
INSERT INTO base_items VALUES(1838,$$Steel Halberd$$,$$ハルバード$$,$$Hallebarde$$,$$Eisenhellebarde$$,$$fbbc25205ce$$);
INSERT INTO items(base_item_id, hq) VALUES(1838, false),(1838, true);
INSERT INTO base_items VALUES(1840,$$Crooked Guisarme$$,$$オールドギザルメ$$,$$Guisarme ébréchée$$,$$Abgewetzte Guisarme$$,$$0b6f8e8f310$$);
INSERT INTO items(base_item_id, hq) VALUES(1840, false);
INSERT INTO base_items VALUES(1845,$$Steel Spear$$,$$スチールスピア$$,$$Hast en acier$$,$$Stahlspeer$$,$$dd2ac714bee$$);
INSERT INTO items(base_item_id, hq) VALUES(1845, false),(1845, true);
INSERT INTO base_items VALUES(1847,$$Heavy Steel Lance$$,$$スチールヘヴィランス$$,$$Lance lourde en acier$$,$$Schwere Stahllanze$$,$$0542648df06$$);
INSERT INTO items(base_item_id, hq) VALUES(1847, false),(1847, true);
INSERT INTO base_items VALUES(1850,$$Yarzonshell Harpoon$$,$$ヤーゾンハープーン$$,$$Harpon yarzon$$,$$Yarzon-Panzer-Harpune$$,$$927bb49c2ef$$);
INSERT INTO items(base_item_id, hq) VALUES(1850, false),(1850, true);
INSERT INTO base_items VALUES(1855,$$Mythril Lance$$,$$ミスリルランス$$,$$Lance en mithril$$,$$Mithrillanze$$,$$fe9f4fdaef4$$);
INSERT INTO items(base_item_id, hq) VALUES(1855, false),(1855, true);
INSERT INTO base_items VALUES(1862,$$Cobalt Halberd$$,$$コバルトハルバード$$,$$Hallebarde en cobalt$$,$$Koboldeisen-Hellebarde$$,$$f0f52348b2b$$);
INSERT INTO items(base_item_id, hq) VALUES(1862, false),(1862, true);
INSERT INTO base_items VALUES(1867,$$Cobalt Trident$$,$$トライデント$$,$$Trident$$,$$Stahldreizack$$,$$64514fad2fa$$);
INSERT INTO items(base_item_id, hq) VALUES(1867, false),(1867, true);
INSERT INTO base_items VALUES(1870,$$Gerbald's Redspike$$,$$ゲルバルド・レッドスパイク$$,$$Piquerouge de Gerbald$$,$$Gerbalds Blutpike$$,$$5aca4cfaea4$$);
INSERT INTO items(base_item_id, hq) VALUES(1870, false);
INSERT INTO base_items VALUES(1871,$$Vintage Guisarme$$,$$ヴィンテージギザルメ$$,$$Guisarme de collection$$,$$Restaurierte Guisarme$$,$$01c3cad1746$$);
INSERT INTO items(base_item_id, hq) VALUES(1871, false),(1871, true);
INSERT INTO base_items VALUES(1872,$$Hart Guisarme$$,$$ハートギザルメ$$,$$Guisarme de daguet$$,$$Harte Guisarme$$,$$b69463db374$$);
INSERT INTO items(base_item_id, hq) VALUES(1872, false),(1872, true);
INSERT INTO base_items VALUES(1875,$$Giantsgall Trident$$,$$ギガントガルトライデント$$,$$Trident fiel-de-géant$$,$$Gallenerz-Dreizack$$,$$fe5621e3546$$);
INSERT INTO items(base_item_id, hq) VALUES(1875, false),(1875, true);
INSERT INTO base_items VALUES(1879,$$Champion's Lance$$,$$チャンピオンランス$$,$$Lance de champion$$,$$Mythische Lanze$$,$$8ebe787246c$$);
INSERT INTO items(base_item_id, hq) VALUES(1879, false),(1879, true);
INSERT INTO base_items VALUES(1882,$$Obelisk$$,$$オベリスク$$,$$Obélisque$$,$$Obelisk$$,$$34ae8216215$$);
INSERT INTO items(base_item_id, hq) VALUES(1882, false),(1882, true);
INSERT INTO base_items VALUES(1889,$$Weathered Shortbow$$,$$ウェザードショートボウ$$,$$Arc court usé$$,$$Verschlissener Kurzbogen$$,$$f2923a5191e$$);
INSERT INTO items(base_item_id, hq) VALUES(1889, false);
INSERT INTO base_items VALUES(1891,$$Maple Shortbow$$,$$ショートボウ$$,$$Arc court$$,$$Weidenkurzbogen$$,$$8efbe3bd7ec$$);
INSERT INTO items(base_item_id, hq) VALUES(1891, false),(1891, true);
INSERT INTO base_items VALUES(1892,$$Maple Longbow$$,$$ロングボウ$$,$$Arc long$$,$$Ahornlangbogen$$,$$f4bcbc79477$$);
INSERT INTO items(base_item_id, hq) VALUES(1892, false),(1892, true);
INSERT INTO base_items VALUES(1893,$$Plumed Maple Shortbow$$,$$ショートボウDX$$,$$Arc court orné$$,$$Prunk-Weidenkurzbogen$$,$$de21c5bae43$$);
INSERT INTO items(base_item_id, hq) VALUES(1893, false),(1893, true);
INSERT INTO base_items VALUES(1894,$$Wrapped Maple Longbow$$,$$ラップドロングボウ$$,$$Arc long gainé$$,$$Umwickelter Ahornlangbogen$$,$$9c98bbe775d$$);
INSERT INTO items(base_item_id, hq) VALUES(1894, false),(1894, true);
INSERT INTO base_items VALUES(1895,$$Ash Shortbow$$,$$アッシュショートボウ$$,$$Arc court en frêne$$,$$Eschenkurzbogen$$,$$a6b71082634$$);
INSERT INTO items(base_item_id, hq) VALUES(1895, false),(1895, true);
INSERT INTO base_items VALUES(1897,$$Elm Longbow$$,$$エルムロングボウ$$,$$Arc long en orme$$,$$Ulmenlangbogen$$,$$034bc7fa1dc$$);
INSERT INTO items(base_item_id, hq) VALUES(1897, false),(1897, true);
INSERT INTO base_items VALUES(1899,$$Elm Velocity Bow$$,$$エルムベロシティボウ$$,$$Arc de vélocité en orme$$,$$Ulmenschnellbogen$$,$$b25dd38865f$$);
INSERT INTO items(base_item_id, hq) VALUES(1899, false),(1899, true);
INSERT INTO base_items VALUES(1905,$$Wrapped Elm Longbow$$,$$ラップド・エルムロングボウ$$,$$Arc long en orme gainé$$,$$Umwickelter Ulmenlangbogen$$,$$7abbdabe44d$$);
INSERT INTO items(base_item_id, hq) VALUES(1905, false),(1905, true);
INSERT INTO base_items VALUES(1908,$$Ash Composite Bow$$,$$コンポジットボウ$$,$$Arc composite$$,$$Eschenkompositbogen$$,$$c94f5537d95$$);
INSERT INTO items(base_item_id, hq) VALUES(1908, false),(1908, true);
INSERT INTO base_items VALUES(1910,$$Warped Bow$$,$$オールドボウ$$,$$Arc endommagé$$,$$Verzogener Bogen$$,$$ab16eb5d1f9$$);
INSERT INTO items(base_item_id, hq) VALUES(1910, false);
INSERT INTO base_items VALUES(1915,$$Ash Cavalry Bow$$,$$アッシュキャバルリーボウ$$,$$Arc de cavalerie en frêne$$,$$Eschen-Kavalleriebogen$$,$$a449fb14288$$);
INSERT INTO items(base_item_id, hq) VALUES(1915, false),(1915, true);
INSERT INTO base_items VALUES(1917,$$Oak Longbow$$,$$オークロングボウ$$,$$Arc long en chêne$$,$$Eichenlangbogen$$,$$0507ba4d559$$);
INSERT INTO items(base_item_id, hq) VALUES(1917, false),(1917, true);
INSERT INTO base_items VALUES(1920,$$Mythril Cavalry Bow$$,$$ミスリルキャバルリーボウ$$,$$Arc de cavalerie en mithril$$,$$Mithril-Kavalleriebogen$$,$$0f6c02c8e3c$$);
INSERT INTO items(base_item_id, hq) VALUES(1920, false),(1920, true);
INSERT INTO base_items VALUES(1925,$$Oak Composite Bow$$,$$オークコンポジットボウ$$,$$Arc composite en chêne$$,$$Eichenkompositbogen$$,$$d46f42962ff$$);
INSERT INTO items(base_item_id, hq) VALUES(1925, false),(1925, true);
INSERT INTO base_items VALUES(1932,$$Cobalt Cavalry Bow$$,$$コバルトクラッドボウ$$,$$Arc revêtu de cobalt$$,$$Koboldeisen-Kavalleriebogen$$,$$6f3ceaa4cb6$$);
INSERT INTO items(base_item_id, hq) VALUES(1932, false),(1932, true);
INSERT INTO base_items VALUES(1937,$$Yew Longbow$$,$$ユーロングボウ$$,$$Arc long en if$$,$$Eibenlangbogen$$,$$3ef2d7a3ca5$$);
INSERT INTO items(base_item_id, hq) VALUES(1937, false),(1937, true);
INSERT INTO base_items VALUES(1940,$$Alesone's Songbow$$,$$アレソンヌ・ソングボウ$$,$$Arc lyrique d'Alesone$$,$$Alesones Minnebogen$$,$$dc5b1306af5$$);
INSERT INTO items(base_item_id, hq) VALUES(1940, false);
INSERT INTO base_items VALUES(1941,$$Vintage Bow$$,$$ヴィンテージボウ$$,$$Arc de collection$$,$$Restaurierter Bogen$$,$$00b4563ff27$$);
INSERT INTO items(base_item_id, hq) VALUES(1941, false),(1941, true);
INSERT INTO base_items VALUES(1942,$$Crab Bow$$,$$クラブボウ$$,$$Arc crabe$$,$$Krabbenbogen$$,$$0e1da192f9f$$);
INSERT INTO items(base_item_id, hq) VALUES(1942, false),(1942, true);
INSERT INTO base_items VALUES(1945,$$Giantsgall Longbow$$,$$ギガントガルロングボウ$$,$$Arc long fiel-de-géant$$,$$Gallenerz-Langbogen$$,$$894f012bcc1$$);
INSERT INTO items(base_item_id, hq) VALUES(1945, false),(1945, true);
INSERT INTO base_items VALUES(1949,$$Longarm's Composite Bow$$,$$ロングアーム・コンポジットボウ$$,$$Arc composite double-allonge$$,$$Langarm-Kompositbogen$$,$$f30a42fc885$$);
INSERT INTO items(base_item_id, hq) VALUES(1949, false),(1949, true);
INSERT INTO base_items VALUES(1953,$$Sarnga$$,$$サルンガ$$,$$Sarnga$$,$$Sarnga$$,$$77aae6e08d2$$);
INSERT INTO items(base_item_id, hq) VALUES(1953, false),(1953, true);
INSERT INTO base_items VALUES(1958,$$Maple Wand$$,$$ワンド$$,$$Baguette$$,$$Ahornzweig$$,$$d3caa881f08$$);
INSERT INTO items(base_item_id, hq) VALUES(1958, false),(1958, true);
INSERT INTO base_items VALUES(1959,$$Whispering Maple Wand$$,$$ワンドDX$$,$$Baguette ornée$$,$$Flüsternder Ahornzweig$$,$$a911535239f$$);
INSERT INTO items(base_item_id, hq) VALUES(1959, false),(1959, true);
INSERT INTO base_items VALUES(1960,$$Budding Maple Wand$$,$$バッデッドワンド$$,$$Baguette bourgeonnante$$,$$Fünfblättriger Ahornzweig$$,$$f2e8c35f26e$$);
INSERT INTO items(base_item_id, hq) VALUES(1960, false),(1960, true);
INSERT INTO base_items VALUES(1961,$$Ash Wand$$,$$アッシュワンド$$,$$Baguette en frêne$$,$$Eschenzweig$$,$$eadbea80388$$);
INSERT INTO items(base_item_id, hq) VALUES(1961, false),(1961, true);
INSERT INTO base_items VALUES(1963,$$Budding Ash Wand$$,$$バッデッドアッシュワンド$$,$$Baguette en frêne bourgeonnant$$,$$Fünfblättriger Eschenzweig$$,$$370318df042$$);
INSERT INTO items(base_item_id, hq) VALUES(1963, false),(1963, true);
INSERT INTO base_items VALUES(1965,$$Whispering Ash Wand$$,$$アッシュワンドDX$$,$$Baguette en frêne ornée$$,$$Flüsternder Eschenzweig$$,$$100c7fe3448$$);
INSERT INTO items(base_item_id, hq) VALUES(1965, false),(1965, true);
INSERT INTO base_items VALUES(1967,$$Yew Wand$$,$$ユーワンド$$,$$Baguette en if$$,$$Eibenzweig$$,$$183c293ce9a$$);
INSERT INTO items(base_item_id, hq) VALUES(1967, false),(1967, true);
INSERT INTO base_items VALUES(1969,$$Budding Yew Wand$$,$$バッデッドユーワンド$$,$$Baguette en if bourgeonnant$$,$$Fünfblättriger Eibenzweig$$,$$51f9b754390$$);
INSERT INTO items(base_item_id, hq) VALUES(1969, false),(1969, true);
INSERT INTO base_items VALUES(1971,$$Budding Oak Wand$$,$$バッデッドオークワンド$$,$$Baguette en chêne bourgeonnant$$,$$Fünfblättriger Eichenzweig$$,$$991ac21d0cf$$);
INSERT INTO items(base_item_id, hq) VALUES(1971, false),(1971, true);
INSERT INTO base_items VALUES(1974,$$Wand of Frost$$,$$アイスワンド$$,$$Baguette de la glace$$,$$Frostzweig$$,$$7c534aa2442$$);
INSERT INTO items(base_item_id, hq) VALUES(1974, false),(1974, true);
INSERT INTO base_items VALUES(1976,$$Wand of Tremors$$,$$アースワンド$$,$$Baguette de la terre$$,$$Bebenzweig$$,$$b910f07cf89$$);
INSERT INTO items(base_item_id, hq) VALUES(1976, false),(1976, true);
INSERT INTO base_items VALUES(1978,$$Wand of Tides$$,$$ウォーターワンド$$,$$Baguette de l'eau$$,$$Wellenzweig$$,$$f85e8d92ab6$$);
INSERT INTO items(base_item_id, hq) VALUES(1978, false),(1978, true);
INSERT INTO base_items VALUES(1981,$$Wand of Flames$$,$$ファイアワンド$$,$$Baguette du feu$$,$$Flammenzweig$$,$$9bd71b28f3c$$);
INSERT INTO items(base_item_id, hq) VALUES(1981, false),(1981, true);
INSERT INTO base_items VALUES(1983,$$Wand of Gales$$,$$ウィンドワンド$$,$$Baguette du vent$$,$$Orkanzweig$$,$$81f9a6619df$$);
INSERT INTO items(base_item_id, hq) VALUES(1983, false),(1983, true);
INSERT INTO base_items VALUES(1985,$$Wand of Storms$$,$$サンダーワンド$$,$$Baguette de la foudre$$,$$Gewitterzweig$$,$$f124794f588$$);
INSERT INTO items(base_item_id, hq) VALUES(1985, false),(1985, true);
INSERT INTO base_items VALUES(1987,$$Budding Rosewood Wand$$,$$バッデッドローズワンド$$,$$Baguette en palissandre bourgeonnant$$,$$Fünfblättriger Palisanderzweig$$,$$9174815c776$$);
INSERT INTO items(base_item_id, hq) VALUES(1987, false),(1987, true);
INSERT INTO base_items VALUES(1995,$$Weathered Cane$$,$$ウェザードケーン$$,$$Canne usée$$,$$Verschlissener Stock$$,$$1f1af1de88f$$);
INSERT INTO items(base_item_id, hq) VALUES(1995, false);
INSERT INTO base_items VALUES(1996,$$Maple Cane$$,$$ケーン$$,$$Canne$$,$$Ahornstock$$,$$0c4840f267a$$);
INSERT INTO items(base_item_id, hq) VALUES(1996, false),(1996, true);
INSERT INTO base_items VALUES(1997,$$Maple Crook$$,$$クルーク$$,$$Crosse$$,$$Ahornhirtenstock$$,$$8f4128a3d64$$);
INSERT INTO items(base_item_id, hq) VALUES(1997, false),(1997, true);
INSERT INTO base_items VALUES(1998,$$Ash Radical$$,$$ラディカル$$,$$Radicelle$$,$$Eschen-Stenz$$,$$30654ce2f28$$);
INSERT INTO items(base_item_id, hq) VALUES(1998, false),(1998, true);
INSERT INTO base_items VALUES(2000,$$Elm Cane$$,$$エルムケーン$$,$$Canne en orme$$,$$Ulmenstock$$,$$9eb2ebe7b55$$);
INSERT INTO items(base_item_id, hq) VALUES(2000, false),(2000, true);
INSERT INTO base_items VALUES(2002,$$Elm Crook$$,$$エルムクルーク$$,$$Crosse en orme$$,$$Ulmenhirtenstock$$,$$b0b475dc01d$$);
INSERT INTO items(base_item_id, hq) VALUES(2002, false),(2002, true);
INSERT INTO base_items VALUES(2004,$$Yew Radical$$,$$ユーラディカル$$,$$Radicelle en if$$,$$Eiben-Stenz$$,$$aaa0433f0b9$$);
INSERT INTO items(base_item_id, hq) VALUES(2004, false),(2004, true);
INSERT INTO base_items VALUES(2010,$$Pastoral Yew Cane$$,$$パストラルユーケーン$$,$$Canne pastorale en if$$,$$Pastoral-Eibenstock$$,$$5a010318fa5$$);
INSERT INTO items(base_item_id, hq) VALUES(2010, false),(2010, true);
INSERT INTO base_items VALUES(2011,$$Yew Crook$$,$$ユークルーク$$,$$Crosse en if$$,$$Eibenhirtenstock$$,$$06c68550284$$);
INSERT INTO items(base_item_id, hq) VALUES(2011, false),(2011, true);
INSERT INTO base_items VALUES(2014,$$Splintered Cane$$,$$オールドケーン$$,$$Canne endommagée$$,$$Zerbrochener Stock$$,$$a27111f6b96$$);
INSERT INTO items(base_item_id, hq) VALUES(2014, false);
INSERT INTO base_items VALUES(2015,$$Walnut Cane$$,$$ウォルナットケーン$$,$$Canne en noyer$$,$$Walnuss-Stock$$,$$968d06f134c$$);
INSERT INTO items(base_item_id, hq) VALUES(2015, false),(2015, true);
INSERT INTO base_items VALUES(2021,$$Plumed Yew Crook$$,$$クロウクルーク$$,$$Crosse corbeau$$,$$Gefiederter Eibenhirtenstock$$,$$3468548002a$$);
INSERT INTO items(base_item_id, hq) VALUES(2021, false),(2021, true);
INSERT INTO base_items VALUES(2023,$$Oak Radical$$,$$オークラディカル$$,$$Radicelle en chêne$$,$$Eichen-Stenz$$,$$5879e26400a$$);
INSERT INTO items(base_item_id, hq) VALUES(2023, false),(2023, true);
INSERT INTO base_items VALUES(2026,$$Pastoral Oak Cane$$,$$パストラルオークケーン$$,$$Canne pastorale en chêne$$,$$Pastoral-Eichenstock$$,$$cf1d7c745de$$);
INSERT INTO items(base_item_id, hq) VALUES(2026, false),(2026, true);
INSERT INTO base_items VALUES(2030,$$Sprouting Rosewood Radical$$,$$リーヴドローズラディカル$$,$$Radicelle feuillue en palissandre$$,$$Belaubter Palisander-Stenz$$,$$ed93d76953f$$);
INSERT INTO items(base_item_id, hq) VALUES(2030, false),(2030, true);
INSERT INTO base_items VALUES(2039,$$Jade Crook$$,$$ジェイドクルーク$$,$$Crosse en jade$$,$$Jade-Hirtenstock$$,$$b9ba903dda2$$);
INSERT INTO items(base_item_id, hq) VALUES(2039, false),(2039, true);
INSERT INTO base_items VALUES(2041,$$Vintage Cane$$,$$ヴィンテージケーン$$,$$Canne de collection$$,$$Restaurierter Stock$$,$$19d3c8d7d63$$);
INSERT INTO items(base_item_id, hq) VALUES(2041, false),(2041, true);
INSERT INTO base_items VALUES(2043,$$Chiran Zabran's Tempest$$,$$ザプラン・テンペスト$$,$$Tempête de Chiran Zabran$$,$$Zabrans Gewitter$$,$$243abb0677c$$);
INSERT INTO items(base_item_id, hq) VALUES(2043, false);
INSERT INTO base_items VALUES(2044,$$Pastoral Mahogany Cane$$,$$パストラルマホガニーケーン$$,$$Canne pastorale en acajou$$,$$Pastoral-Mahagonistock$$,$$59d0b8218b5$$);
INSERT INTO items(base_item_id, hq) VALUES(2044, false),(2044, true);
INSERT INTO base_items VALUES(2047,$$Tane Mahuta$$,$$タネ・マフタ$$,$$Tane Mahuta$$,$$Tane Mahuta$$,$$05776d3681c$$);
INSERT INTO items(base_item_id, hq) VALUES(2047, false),(2047, true);
INSERT INTO base_items VALUES(2048,$$Giantsgall Cane$$,$$ギガントガルケーン$$,$$Canne fiel-de-géant$$,$$Gallenerz-Stock$$,$$f3e2102c9cf$$);
INSERT INTO items(base_item_id, hq) VALUES(2048, false),(2048, true);
INSERT INTO base_items VALUES(2049,$$Madman's Whispering Rod$$,$$マッドマンリビングロッド$$,$$Bâton vivant du dément$$,$$Flüsternder Stab des Verrückten$$,$$0fc30fd4aa9$$);
INSERT INTO items(base_item_id, hq) VALUES(2049, false),(2049, true);
INSERT INTO base_items VALUES(2051,$$Alkalurops$$,$$アルカルロプス$$,$$Alkalurops$$,$$Alkalurops$$,$$5b3fd0eecfd$$);
INSERT INTO items(base_item_id, hq) VALUES(2051, false),(2051, true);
INSERT INTO base_items VALUES(2055,$$Weathered Scepter$$,$$ウェザードセプター$$,$$Sceptre usé$$,$$Verschlissenes Zepter$$,$$bd4b0a5b333$$);
INSERT INTO items(base_item_id, hq) VALUES(2055, false);
INSERT INTO base_items VALUES(2056,$$Bone Brand$$,$$ブランド$$,$$Ramille$$,$$Knochendrachenzahn$$,$$5f61cf45ef4$$);
INSERT INTO items(base_item_id, hq) VALUES(2056, false),(2056, true);
INSERT INTO base_items VALUES(2057,$$Copper Scepter$$,$$セプター$$,$$Sceptre$$,$$Kupferzepter$$,$$b2d2432086e$$);
INSERT INTO items(base_item_id, hq) VALUES(2057, false),(2057, true);
INSERT INTO base_items VALUES(2058,$$Bronze Scepter$$,$$ブロンズセプター$$,$$Sceptre en bronze$$,$$Bronzezepter$$,$$048f14243e8$$);
INSERT INTO items(base_item_id, hq) VALUES(2058, false),(2058, true);
INSERT INTO base_items VALUES(2059,$$Brass Cudgel$$,$$カジェル$$,$$Gourdin$$,$$Bronze-Schlägel$$,$$6cd7c13feeb$$);
INSERT INTO items(base_item_id, hq) VALUES(2059, false),(2059, true);
INSERT INTO base_items VALUES(2061,$$Decorated Copper Scepter$$,$$セプターDX$$,$$Sceptre orné$$,$$Prunk-Kupferzepter$$,$$f98c88f6887$$);
INSERT INTO items(base_item_id, hq) VALUES(2061, false),(2061, true);
INSERT INTO base_items VALUES(2063,$$Wind Brand$$,$$ウィンドブランド$$,$$Ramille du vent$$,$$Winddrachenzahn$$,$$7479c85d6a0$$);
INSERT INTO items(base_item_id, hq) VALUES(2063, false),(2063, true);
INSERT INTO base_items VALUES(2066,$$Ice Brand$$,$$アイスブランド$$,$$Ramille de la glace$$,$$Eisdrachenzahn$$,$$1ffb7c28437$$);
INSERT INTO items(base_item_id, hq) VALUES(2066, false),(2066, true);
INSERT INTO base_items VALUES(2068,$$Damaged Cudgel$$,$$オールドカジェル$$,$$Gourdin endommagé$$,$$Rostiger Schlägel$$,$$056813c5aaa$$);
INSERT INTO items(base_item_id, hq) VALUES(2068, false);
INSERT INTO base_items VALUES(2069,$$Silver Scepter$$,$$シルバーセプター$$,$$Sceptre en argent$$,$$Silberzepter$$,$$a3ed58c6012$$);
INSERT INTO items(base_item_id, hq) VALUES(2069, false),(2069, true);
INSERT INTO base_items VALUES(2071,$$Earth Brand$$,$$アースブランド$$,$$Ramille de la terre$$,$$Erddrachenzahn$$,$$684f4ce048e$$);
INSERT INTO items(base_item_id, hq) VALUES(2071, false),(2071, true);
INSERT INTO base_items VALUES(2076,$$Decorated Silver Scepter$$,$$シルバーセプターDX$$,$$Sceptre en argent orné$$,$$Prunk-Silberzepter$$,$$433708074a7$$);
INSERT INTO items(base_item_id, hq) VALUES(2076, false),(2076, true);
INSERT INTO base_items VALUES(2078,$$Fire Brand$$,$$ファイアブランド$$,$$Ramille du feu$$,$$Feuerdrachenzahn$$,$$8911ca5a790$$);
INSERT INTO items(base_item_id, hq) VALUES(2078, false),(2078, true);
INSERT INTO base_items VALUES(2083,$$Lightning Brand$$,$$ライトニングブランド$$,$$Ramille de la foudre$$,$$Blitzdrachenzahn$$,$$18ed009fa61$$);
INSERT INTO items(base_item_id, hq) VALUES(2083, false),(2083, true);
INSERT INTO base_items VALUES(2088,$$Electrum Scepter$$,$$エレクトラムセプター$$,$$Sceptre en électrum$$,$$Elektrum-Zepter$$,$$6cdbc005a4f$$);
INSERT INTO items(base_item_id, hq) VALUES(2088, false),(2088, true);
INSERT INTO base_items VALUES(2093,$$Vintage Cudgel$$,$$ヴィンテージカジェル$$,$$Gourdin de collection$$,$$Restaurierter Schlägel$$,$$a48a6899022$$);
INSERT INTO items(base_item_id, hq) VALUES(2093, false),(2093, true);
INSERT INTO base_items VALUES(2094,$$Water Brand$$,$$ウォーターブランド$$,$$Ramille de l'eau$$,$$Wasserdrachenzahn$$,$$92eeda5c4ad$$);
INSERT INTO items(base_item_id, hq) VALUES(2094, false),(2094, true);
INSERT INTO base_items VALUES(2097,$$Jade Scepter$$,$$ジェイドセプター$$,$$Sceptre en jade$$,$$Jade-Zepter$$,$$ca6ebb0a187$$);
INSERT INTO items(base_item_id, hq) VALUES(2097, false),(2097, true);
INSERT INTO base_items VALUES(2102,$$Sanguine Scepter$$,$$ブラッディセプター$$,$$Sceptre sanglant$$,$$Blut-Zepter$$,$$1e8e5519e83$$);
INSERT INTO items(base_item_id, hq) VALUES(2102, false),(2102, true);
INSERT INTO base_items VALUES(2106,$$Bone Staff$$,$$スタッフ$$,$$Bâton$$,$$Knochenstab$$,$$bb9cb3dd0a3$$);
INSERT INTO items(base_item_id, hq) VALUES(2106, false),(2106, true);
INSERT INTO base_items VALUES(2107,$$Ramhorn Staff$$,$$ラムホーンスタッフ$$,$$Bâton en corne de bélier$$,$$Schafshornstab$$,$$4c799141c15$$);
INSERT INTO items(base_item_id, hq) VALUES(2107, false),(2107, true);
INSERT INTO base_items VALUES(2108,$$Decorated Bone Staff$$,$$スタッフDX$$,$$Bâton orné$$,$$Prunk-Knochenstab$$,$$189ddee6466$$);
INSERT INTO items(base_item_id, hq) VALUES(2108, false),(2108, true);
INSERT INTO base_items VALUES(2109,$$Toothed Ramhorn Staff$$,$$ラムホーンスタッフDX$$,$$Bâton en corne de bélier orné$$,$$Prunk-Schafshornstab$$,$$ac8d02f87c5$$);
INSERT INTO items(base_item_id, hq) VALUES(2109, false),(2109, true);
INSERT INTO base_items VALUES(2111,$$Staghorn Staff$$,$$スタッグホーンスタッフ$$,$$Bâton en bois de cerf$$,$$Antilopenhornstab$$,$$d94c64d0a5b$$);
INSERT INTO items(base_item_id, hq) VALUES(2111, false),(2111, true);
INSERT INTO base_items VALUES(2116,$$Sanguine Horn Staff$$,$$ブラッディホーンスタッフ$$,$$Bâton en corne sanglant$$,$$Blut-Hörnerstab$$,$$e47d2e49c5c$$);
INSERT INTO items(base_item_id, hq) VALUES(2116, false),(2116, true);
INSERT INTO base_items VALUES(2118,$$Toothed Staghorn Staff$$,$$スタッグホーンスタッフDX$$,$$Bâton en bois de cerf orné$$,$$Prunk-Antilopenhornstab$$,$$390de86b1dd$$);
INSERT INTO items(base_item_id, hq) VALUES(2118, false),(2118, true);
INSERT INTO base_items VALUES(2121,$$Goathorn Staff$$,$$ゴートホーンスタッフ$$,$$Bâton en corne de bouquetin$$,$$Ziegenhornstab$$,$$1a5eed0b709$$);
INSERT INTO items(base_item_id, hq) VALUES(2121, false),(2121, true);
INSERT INTO base_items VALUES(2123,$$Toothed Goathorn Staff$$,$$ゴートホーンスタッフDX$$,$$Bâton en corne de bouquetin orné$$,$$Prunk-Ziegenhornstab$$,$$bace38b0678$$);
INSERT INTO items(base_item_id, hq) VALUES(2123, false),(2123, true);
INSERT INTO base_items VALUES(2125,$$Horn Staff$$,$$ホーンスタッフ$$,$$Bâton en corne$$,$$Hörnerstab$$,$$7ec5ac2574d$$);
INSERT INTO items(base_item_id, hq) VALUES(2125, false),(2125, true);
INSERT INTO base_items VALUES(2130,$$Black Horn Staff$$,$$ブラックホーンスタッフ$$,$$Bâton en corne noire$$,$$Schwarzer Hörnerstab$$,$$a4d7bdb2125$$);
INSERT INTO items(base_item_id, hq) VALUES(2130, false),(2130, true);
INSERT INTO base_items VALUES(2132,$$Aubriest's Whisper$$,$$オブリエ・ウィスパー$$,$$Murmure d'Aubriest$$,$$Aubriests Säuseln$$,$$677878a4f3a$$);
INSERT INTO items(base_item_id, hq) VALUES(2132, false);
INSERT INTO base_items VALUES(2133,$$Ivory Staff$$,$$アイボリースタッフ$$,$$Bâton en ivoire$$,$$Elfenbeinstab$$,$$29462b22dd6$$);
INSERT INTO items(base_item_id, hq) VALUES(2133, false),(2133, true);
INSERT INTO base_items VALUES(2136,$$Giantsgall Longstaff$$,$$ギガントガルロングスタッフ$$,$$Bâton fiel-de-géant$$,$$Gallenerz-Langstab$$,$$4c68279f686$$);
INSERT INTO items(base_item_id, hq) VALUES(2136, false),(2136, true);
INSERT INTO base_items VALUES(2139,$$Astrolabe$$,$$アストロラーベ$$,$$Astrolabe$$,$$Astrolabium$$,$$f9616b4ff68$$);
INSERT INTO items(base_item_id, hq) VALUES(2139, false),(2139, true);
INSERT INTO base_items VALUES(2142,$$Weathered Grimoire$$,$$ウェザードグリモア$$,$$Grimoire usé$$,$$Verschlissenes Grimoire$$,$$189057f4905$$);
INSERT INTO items(base_item_id, hq) VALUES(2142, false);
INSERT INTO base_items VALUES(2143,$$Leather Grimoire$$,$$グリモア$$,$$Grimoire$$,$$Leder-Grimoire$$,$$a2abfbc4586$$);
INSERT INTO items(base_item_id, hq) VALUES(2143, false),(2143, true);
INSERT INTO base_items VALUES(2144,$$Maple Picatrix$$,$$ピカトリクス$$,$$Picatrix$$,$$Ahorn-Picatrix$$,$$332ea61bf42$$);
INSERT INTO items(base_item_id, hq) VALUES(2144, false),(2144, true);
INSERT INTO base_items VALUES(2145,$$Engraved Leather Grimoire$$,$$グリモアDX$$,$$Grimoire renforcé$$,$$Verziertes Leder-Grimoire$$,$$70359df22c0$$);
INSERT INTO items(base_item_id, hq) VALUES(2145, false),(2145, true);
INSERT INTO base_items VALUES(2146,$$Ash Picatrix$$,$$アッシュピカトリクス$$,$$Picatrix en frêne$$,$$Eschen-Picatrix$$,$$2f8b30a4898$$);
INSERT INTO items(base_item_id, hq) VALUES(2146, false),(2146, true);
INSERT INTO base_items VALUES(2147,$$Hard Leather Grimoire$$,$$ハードレザーグリモア$$,$$Grimoire en cuir rigide$$,$$Juchleder-Grimoire$$,$$34f9322875e$$);
INSERT INTO items(base_item_id, hq) VALUES(2147, false),(2147, true);
INSERT INTO base_items VALUES(2149,$$Engraved Hard Leather Grimoire$$,$$ハードレザーグリモアDX$$,$$Grimoire en cuir rigide renforcé$$,$$Verziertes Juchleder-Grimoire$$,$$f3feed6403c$$);
INSERT INTO items(base_item_id, hq) VALUES(2149, false),(2149, true);
INSERT INTO base_items VALUES(2151,$$Yew Picatrix$$,$$ユーピカトリクス$$,$$Picatrix en if$$,$$Eiben-Picatrix$$,$$cd79e0f8bfe$$);
INSERT INTO items(base_item_id, hq) VALUES(2151, false),(2151, true);
INSERT INTO base_items VALUES(2156,$$Goatskin Grimoire$$,$$アルドゴートグリモア$$,$$Grimoire en cuir de bouquetin$$,$$Steinbockleder-Grimoire$$,$$437845dd7da$$);
INSERT INTO items(base_item_id, hq) VALUES(2156, false),(2156, true);
INSERT INTO base_items VALUES(2158,$$Brittle Picatrix$$,$$オールドピカトリクス$$,$$Picatrix endommagé$$,$$Sprödes Picatrix$$,$$a5e33db2ef0$$);
INSERT INTO items(base_item_id, hq) VALUES(2158, false);
INSERT INTO base_items VALUES(2160,$$Engraved Goatskin Grimoire$$,$$アルドゴートグリモアDX$$,$$Grimoire en cuir de bouquetin renforcé$$,$$Verziertes Steinbockleder-Grimoire$$,$$08765e03bcb$$);
INSERT INTO items(base_item_id, hq) VALUES(2160, false),(2160, true);
INSERT INTO base_items VALUES(2166,$$Book of Silver$$,$$ブック・オブ・シルバー$$,$$Livre en argent$$,$$Buch des Silbers$$,$$5078c959f61$$);
INSERT INTO items(base_item_id, hq) VALUES(2166, false),(2166, true);
INSERT INTO base_items VALUES(2169,$$Embossed Book of Silver$$,$$ブック・オブ・シルバーDX$$,$$Livre en argent renforcé$$,$$Geprägtes Buch des Silbers$$,$$8e6af5b71cf$$);
INSERT INTO items(base_item_id, hq) VALUES(2169, false),(2169, true);
INSERT INTO base_items VALUES(2174,$$Book of Mythril$$,$$ブック・オブ・ミスリル$$,$$Livre en mithril$$,$$Mithrilbuch$$,$$c303f855a4a$$);
INSERT INTO items(base_item_id, hq) VALUES(2174, false),(2174, true);
INSERT INTO base_items VALUES(2184,$$Vintage Picatrix$$,$$ヴィンテージピカトリクス$$,$$Picatrix de collection$$,$$Restauriertes Picatrix$$,$$f4c904f5431$$);
INSERT INTO items(base_item_id, hq) VALUES(2184, false),(2184, true);
INSERT INTO base_items VALUES(2185,$$Book of Electrum$$,$$ブック・オブ・エレクトラム$$,$$Livre en électrum$$,$$Buch des Elektrums$$,$$68c696f88e6$$);
INSERT INTO items(base_item_id, hq) VALUES(2185, false),(2185, true);
INSERT INTO base_items VALUES(2189,$$Embossed Book of Electrum$$,$$ブック・オブ・エレクトラムDX$$,$$Livre en électrum renforcé$$,$$Geprägtes Buch des Elektrums$$,$$bea80ba1efc$$);
INSERT INTO items(base_item_id, hq) VALUES(2189, false),(2189, true);
INSERT INTO base_items VALUES(2193,$$Cantamina Thavnaria$$,$$マジカ・サベネア$$,$$Cantamina Thavnaria$$,$$Magica Thavnaria$$,$$68a9938b030$$);
INSERT INTO items(base_item_id, hq) VALUES(2193, false),(2193, true);
INSERT INTO base_items VALUES(2194,$$Medica Thavnaria$$,$$メディカ・サベネア$$,$$Medica Thavnaria$$,$$Medica Thavnaria$$,$$a582c11c084$$);
INSERT INTO items(base_item_id, hq) VALUES(2194, false),(2194, true);
INSERT INTO base_items VALUES(2201,$$Erudite's Picatrix of Healing$$,$$エルダイトヒーラーピカトリクス$$,$$Picatrix de soigneur de lettré$$,$$Gelehrten-Grimoire der Heilung$$,$$a0b0672719a$$);
INSERT INTO items(base_item_id, hq) VALUES(2201, false),(2201, true);
INSERT INTO base_items VALUES(2202,$$Erudite's Picatrix of Casting$$,$$エルダイトキャスターピカトリクス$$,$$Picatrix d'incantateur de lettré$$,$$Gelehrten-Grimoire der Magie$$,$$941cb2e8b53$$);
INSERT INTO items(base_item_id, hq) VALUES(2202, false),(2202, true);
INSERT INTO base_items VALUES(2211,$$Deus Ex Verbis$$,$$デウス・エクス・バービス$$,$$Deus ex verbis$$,$$Deus Ex Verbis$$,$$619154ee3f2$$);
INSERT INTO items(base_item_id, hq) VALUES(2211, false),(2211, true);
INSERT INTO base_items VALUES(2212,$$Deus Ex Gratia$$,$$デウス・エクス・グラティア$$,$$Deus ex gratia$$,$$Deus Ex Gratia$$,$$5bbf6ecee48$$);
INSERT INTO items(base_item_id, hq) VALUES(2212, false),(2212, true);
INSERT INTO base_items VALUES(2219,$$Square Maple Shield$$,$$エキュ$$,$$Bouclier carré$$,$$Ahorn-Plankenschild$$,$$af04edbaf84$$);
INSERT INTO items(base_item_id, hq) VALUES(2219, false),(2219, true);
INSERT INTO base_items VALUES(2224,$$Worm-eaten Square Shield$$,$$オールドエキュ$$,$$Bouclier carré vermoulu$$,$$Wurmzerfressener Plankenschild$$,$$fda94d14dbe$$);
INSERT INTO items(base_item_id, hq) VALUES(2224, false);
INSERT INTO base_items VALUES(2225,$$Tarnished Hoplon$$,$$オールドホプロン$$,$$Hoplon rouillé$$,$$Angelaufener Aspis$$,$$380ef5289eb$$);
INSERT INTO items(base_item_id, hq) VALUES(2225, false);
INSERT INTO base_items VALUES(2226,$$Bronze Hoplon$$,$$ホプロン$$,$$Hoplon$$,$$Bronze-Aspis$$,$$9a40666c149$$);
INSERT INTO items(base_item_id, hq) VALUES(2226, false),(2226, true);
INSERT INTO base_items VALUES(2227,$$Notched Buckler$$,$$オールドバックラー$$,$$Rondache vermoulue$$,$$Alter Faustschild$$,$$ae3fd305d83$$);
INSERT INTO items(base_item_id, hq) VALUES(2227, false);
INSERT INTO base_items VALUES(2228,$$Round Shield$$,$$ラウンドシールド$$,$$Bouclier rond$$,$$Rundschild$$,$$9721427477b$$);
INSERT INTO items(base_item_id, hq) VALUES(2228, false),(2228, true);
INSERT INTO base_items VALUES(2229,$$Leather Targe$$,$$タージェ$$,$$Targe$$,$$Ledertartsche$$,$$4cc92e7ff63$$);
INSERT INTO items(base_item_id, hq) VALUES(2229, false),(2229, true);
INSERT INTO base_items VALUES(2230,$$Bronze Scutum$$,$$スクトゥム$$,$$Scutum$$,$$Bronzeturmschild$$,$$3ffe628a2e3$$);
INSERT INTO items(base_item_id, hq) VALUES(2230, false),(2230, true);
INSERT INTO base_items VALUES(2231,$$Bronze Buckler$$,$$バックラー$$,$$Rondache$$,$$Bronzefaustschild$$,$$c01c35db0dd$$);
INSERT INTO items(base_item_id, hq) VALUES(2231, false),(2231, true);
INSERT INTO base_items VALUES(2232,$$Rusting Scutum$$,$$オールドスクトゥム$$,$$Scutum rouillé$$,$$Rostiger Turmschild$$,$$467e4912928$$);
INSERT INTO items(base_item_id, hq) VALUES(2232, false);
INSERT INTO base_items VALUES(2233,$$Square Ash Shield$$,$$アッシュエキュ$$,$$Bouclier carré en frêne$$,$$Eschen-Plankenschild$$,$$a1328f332f3$$);
INSERT INTO items(base_item_id, hq) VALUES(2233, false),(2233, true);
INSERT INTO base_items VALUES(2234,$$Warded Round Shield$$,$$ワーデッドシールド$$,$$Bouclier runique$$,$$Verstärkter Rundschild$$,$$eeebd64d711$$);
INSERT INTO items(base_item_id, hq) VALUES(2234, false);
INSERT INTO base_items VALUES(2235,$$Nightprowler's Targe$$,$$ナイトプラウラータージェ$$,$$Targe de ribleur$$,$$Nachtwandler-Ledertartsche$$,$$e62814f133f$$);
INSERT INTO items(base_item_id, hq) VALUES(2235, false);
INSERT INTO base_items VALUES(2236,$$Iron Hoplon$$,$$アイアンホプロン$$,$$Hoplon en fer$$,$$Eisen-Aspis$$,$$47c928b0ccb$$);
INSERT INTO items(base_item_id, hq) VALUES(2236, false),(2236, true);
INSERT INTO base_items VALUES(2237,$$Rotting Round Shield$$,$$オールドラウンドシールド$$,$$Bouclier rond vermoulu$$,$$Verrotteter Rundschild$$,$$a5b986ae0e4$$);
INSERT INTO items(base_item_id, hq) VALUES(2237, false);
INSERT INTO base_items VALUES(2238,$$Vintage Square Shield$$,$$ヴィンテージエキュ$$,$$Bouclier carré de collection$$,$$Restaurierter Plankenschild$$,$$e98dd7cb874$$);
INSERT INTO items(base_item_id, hq) VALUES(2238, false),(2238, true);
INSERT INTO base_items VALUES(2239,$$Ironclad Bronze Buckler$$,$$アイアンクラッドバックラー$$,$$Rondache revêtue de fer$$,$$Verstärkter Bronzefaustschild$$,$$e3034164328$$);
INSERT INTO items(base_item_id, hq) VALUES(2239, false),(2239, true);
INSERT INTO base_items VALUES(2241,$$Iron Lantern Shield$$,$$ランタンシールド$$,$$Bouclier lanterne$$,$$Laternenschild$$,$$95275db45ac$$);
INSERT INTO items(base_item_id, hq) VALUES(2241, false),(2241, true);
INSERT INTO base_items VALUES(2242,$$Iron Scutum$$,$$アイアンスクトゥム$$,$$Scutum en fer$$,$$Eisenturmschild$$,$$22633f83228$$);
INSERT INTO items(base_item_id, hq) VALUES(2242, false),(2242, true);
INSERT INTO base_items VALUES(2244,$$Vintage Hoplon$$,$$ヴィンテージホプロン$$,$$Hoplon de collection$$,$$Restaurierter Aspis$$,$$1c2883618de$$);
INSERT INTO items(base_item_id, hq) VALUES(2244, false),(2244, true);
INSERT INTO base_items VALUES(2246,$$Viper-crested Round Shield$$,$$バイパーシールド$$,$$Bouclier rond aux vipères croisées$$,$$Viper-Rundschild$$,$$2f5fa598878$$);
INSERT INTO items(base_item_id, hq) VALUES(2246, false),(2246, true);
INSERT INTO base_items VALUES(2248,$$Iron Kite Shield$$,$$アイアンカイトシールド$$,$$Écu mandorle en fer$$,$$Eisen-Drachenschild$$,$$3317c17c1b7$$);
INSERT INTO items(base_item_id, hq) VALUES(2248, false),(2248, true);
INSERT INTO base_items VALUES(2250,$$Goatskin Targe$$,$$アルドゴートタージェ$$,$$Targe en cuir de bouquetin$$,$$Steinbockleder-Tartsche$$,$$bbec7d6f802$$);
INSERT INTO items(base_item_id, hq) VALUES(2250, false),(2250, true);
INSERT INTO base_items VALUES(2257,$$Bull Hoplon$$,$$ブルホプロン$$,$$Hoplon taureau$$,$$Bullen-Aspis$$,$$5a17c4bd7c6$$);
INSERT INTO items(base_item_id, hq) VALUES(2257, false),(2257, true);
INSERT INTO base_items VALUES(2259,$$Scarred Kite Shield$$,$$オールドカイトシールド$$,$$Écu mandorle vermoulu$$,$$Ausgedienter Drachenschild$$,$$01a9a7ebd2c$$);
INSERT INTO items(base_item_id, hq) VALUES(2259, false);
INSERT INTO base_items VALUES(2260,$$Decorated Buckler$$,$$デコレーテッドバックラー$$,$$Rondache ornée$$,$$Prunkfaustschild$$,$$428798cb86d$$);
INSERT INTO items(base_item_id, hq) VALUES(2260, false),(2260, true);
INSERT INTO base_items VALUES(2262,$$Decorated Iron Scutum$$,$$アイアンスクトゥムDX$$,$$Scutum en fer orné$$,$$Prunk-Eisenturmschild$$,$$9111ad7e65b$$);
INSERT INTO items(base_item_id, hq) VALUES(2262, false),(2262, true);
INSERT INTO base_items VALUES(2264,$$Vintage Buckler$$,$$ヴィンテージバックラー$$,$$Rondache de collection$$,$$Restaurierter Faustschild$$,$$9519d822989$$);
INSERT INTO items(base_item_id, hq) VALUES(2264, false),(2264, true);
INSERT INTO base_items VALUES(2268,$$Bladed Lantern Shield$$,$$ダブルブレードシールド$$,$$Bouclier lanterne à lames$$,$$Klingenbewehrter Laternenschild$$,$$805b51af8a4$$);
INSERT INTO items(base_item_id, hq) VALUES(2268, false),(2268, true);
INSERT INTO base_items VALUES(2270,$$Raptorskin Targe$$,$$ラプトルタージェ$$,$$Targe en cuir de raptor$$,$$Raptorleder-Tartsche$$,$$eb3f1e5d095$$);
INSERT INTO items(base_item_id, hq) VALUES(2270, false),(2270, true);
INSERT INTO base_items VALUES(2271,$$Thormoen's Purpose$$,$$トールムーン・パーポス$$,$$Dessein de Thormoen$$,$$Thormoens Bestimmung$$,$$bf8587fb0ef$$);
INSERT INTO items(base_item_id, hq) VALUES(2271, false);
INSERT INTO base_items VALUES(2278,$$Vintage Scutum$$,$$ヴィンテージスクトゥム$$,$$Scutum de collection$$,$$Restaurierter Turmschild$$,$$436ab68c122$$);
INSERT INTO items(base_item_id, hq) VALUES(2278, false),(2278, true);
INSERT INTO base_items VALUES(2279,$$Cobalt Scutum$$,$$コバルトスクトゥム$$,$$Scutum en cobalt$$,$$Stahl-Turmschild$$,$$2c1852dcc97$$);
INSERT INTO items(base_item_id, hq) VALUES(2279, false),(2279, true);
INSERT INTO base_items VALUES(2287,$$Eagle-crested Round Shield$$,$$イーグルシールド$$,$$Bouclier rond d'azur à l'aigle d'or$$,$$Adler-Rundschild$$,$$3468945eeed$$);
INSERT INTO items(base_item_id, hq) VALUES(2287, false),(2287, true);
INSERT INTO base_items VALUES(2289,$$Vintage Round Shield$$,$$ヴィンテージラウンドシールド$$,$$Bouclier rond de collection$$,$$Restaurierter Rundschild$$,$$5c13327bed5$$);
INSERT INTO items(base_item_id, hq) VALUES(2289, false),(2289, true);
INSERT INTO base_items VALUES(2290,$$Aubriest's Allegory$$,$$オブリエ・アレゴリー$$,$$Allégorie d'Aubriest$$,$$Aubriests Allegorie$$,$$44c2160751b$$);
INSERT INTO items(base_item_id, hq) VALUES(2290, false);
INSERT INTO base_items VALUES(2291,$$Scorpion Shield$$,$$スコーピオンシールド$$,$$Bouclier scorpion$$,$$Skorpionenschild$$,$$0e3cba28521$$);
INSERT INTO items(base_item_id, hq) VALUES(2291, false);
INSERT INTO base_items VALUES(2294,$$Kite Shield$$,$$カイトシールド$$,$$Écu mandorle$$,$$Drachenschild$$,$$340f1c82015$$);
INSERT INTO items(base_item_id, hq) VALUES(2294, false),(2294, true);
INSERT INTO base_items VALUES(2296,$$Cobalt Bladed Lantern Shield$$,$$コバルト・ダブルブレードシールド$$,$$Bouclier lanterne à lames en cobalt$$,$$Koboldeisen-Laternenschild$$,$$a4b49e2a208$$);
INSERT INTO items(base_item_id, hq) VALUES(2296, false),(2296, true);
INSERT INTO base_items VALUES(2298,$$Oxblood Targe$$,$$オックスブラッドタージェ$$,$$Targe rouge sang$$,$$Ochsenblut-Tartsche$$,$$b439b1eff50$$);
INSERT INTO items(base_item_id, hq) VALUES(2298, false),(2298, true);
INSERT INTO base_items VALUES(2300,$$Vintage Kite Shield$$,$$ヴィンテージカイトシールド$$,$$Écu mandorle de collection$$,$$Restaurierter Drachenschild$$,$$4a45b785975$$);
INSERT INTO items(base_item_id, hq) VALUES(2300, false),(2300, true);
INSERT INTO base_items VALUES(2302,$$Darksteel Scutum$$,$$ダークスチールスクトゥム$$,$$Scutum en sombracier$$,$$Dunkelstahl-Turmschild$$,$$56190c0b9a5$$);
INSERT INTO items(base_item_id, hq) VALUES(2302, false),(2302, true);
INSERT INTO base_items VALUES(2303,$$Darksteel Buckler$$,$$ダークスチールバックラー$$,$$Rondache en sombracier$$,$$Dunkelstahl-Faustschild$$,$$77c83379f18$$);
INSERT INTO items(base_item_id, hq) VALUES(2303, false),(2303, true);
INSERT INTO base_items VALUES(2304,$$Spruce Round Shield$$,$$スプルースシールド$$,$$Bouclier rond en épicéa$$,$$Fichten-Rundschild$$,$$6b65127b61d$$);
INSERT INTO items(base_item_id, hq) VALUES(2304, false),(2304, true);
INSERT INTO base_items VALUES(2314,$$Weathered Saw$$,$$ウェザードソー$$,$$Scie usée$$,$$Verschlissener Fuchsschwanz$$,$$528a7e60fd2$$);
INSERT INTO items(base_item_id, hq) VALUES(2314, false);
INSERT INTO base_items VALUES(2315,$$Bronze Saw$$,$$ソー$$,$$Scie$$,$$Bronzefuchsschwanz$$,$$b3c0f8200cc$$);
INSERT INTO items(base_item_id, hq) VALUES(2315, false),(2315, true);
INSERT INTO base_items VALUES(2316,$$Amateur's Saw$$,$$アマチュアソー$$,$$Scie d'amateur$$,$$Laien-Fuchsschwanz$$,$$41dcf40f88a$$);
INSERT INTO items(base_item_id, hq) VALUES(2316, false),(2316, true);
INSERT INTO base_items VALUES(2317,$$Chocobotail Saw$$,$$チョコボテイルソー$$,$$Scie queue de chocobo$$,$$Bronze-Chocoboschwanz$$,$$f5b78db3585$$);
INSERT INTO items(base_item_id, hq) VALUES(2317, false),(2317, true);
INSERT INTO base_items VALUES(2318,$$Initiate's Saw$$,$$イニシエートソー$$,$$Scie d'initié$$,$$Anfänger-Fuchsschwanz$$,$$7f5e15562e9$$);
INSERT INTO items(base_item_id, hq) VALUES(2318, false),(2318, true);
INSERT INTO base_items VALUES(2319,$$Bas-relief Iron Saw$$,$$レリーフアイアンソー$$,$$Scie en fer gravée$$,$$Kupferstich-Eisenfuchsschwanz$$,$$9530019759a$$);
INSERT INTO items(base_item_id, hq) VALUES(2319, false),(2319, true);
INSERT INTO base_items VALUES(2320,$$Iron Chocobotail Saw$$,$$アイアン・チョコボテイルソー$$,$$Scie queue de chocobo en fer$$,$$Eisen-Chocoboschwanz$$,$$502f27829b2$$);
INSERT INTO items(base_item_id, hq) VALUES(2320, false),(2320, true);
INSERT INTO base_items VALUES(2321,$$Bas-relief Steel Saw$$,$$レリーフスチールソー$$,$$Scie en acier gravée$$,$$Kupferstich-Stahlfuchsschwanz$$,$$7a31f63bd05$$);
INSERT INTO items(base_item_id, hq) VALUES(2321, false),(2321, true);
INSERT INTO base_items VALUES(2322,$$Crosscut Saw$$,$$クロスカットソー$$,$$Scie égoïne$$,$$Ziehsäge$$,$$a8cd957f048$$);
INSERT INTO items(base_item_id, hq) VALUES(2322, false),(2322, true);
INSERT INTO base_items VALUES(2323,$$Mythril Saw$$,$$ミスリルソー$$,$$Scie en mithril$$,$$Mithrilfuchsschwanz$$,$$9af847c91f9$$);
INSERT INTO items(base_item_id, hq) VALUES(2323, false),(2323, true);
INSERT INTO base_items VALUES(2324,$$Mythril Chocobotail Saw$$,$$ミスリル・チョコボテイルソー$$,$$Scie queue de chocobo en mithril$$,$$Mithril-Chocoboschwanz$$,$$69e5fce3377$$);
INSERT INTO items(base_item_id, hq) VALUES(2324, false),(2324, true);
INSERT INTO base_items VALUES(2325,$$Bas-relief Cobalt Saw$$,$$レリーフコバルトソー$$,$$Scie en cobalt gravée$$,$$Kupferstich-Koboldeisen-Fuchsschwanz$$,$$e84f6bc2f47$$);
INSERT INTO items(base_item_id, hq) VALUES(2325, false),(2325, true);
INSERT INTO base_items VALUES(2328,$$Amateur's Claw Hammer$$,$$アマチュアクローハンマー$$,$$Marteau arrache-clou d'amateur$$,$$Laien-Klauenhammer$$,$$20aad2c68e4$$);
INSERT INTO items(base_item_id, hq) VALUES(2328, false),(2328, true);
INSERT INTO base_items VALUES(2329,$$Bronze Claw Hammer$$,$$クローハンマー$$,$$Marteau arrache-clou$$,$$Bronze-Klauenhammer$$,$$c546cf66f59$$);
INSERT INTO items(base_item_id, hq) VALUES(2329, false),(2329, true);
INSERT INTO base_items VALUES(2330,$$Recruit's Claw Hammer$$,$$リクルートクローハンマー$$,$$Marteau arrache-clou de recrue$$,$$Rekruten-Klauenhammer$$,$$275adf93c57$$);
INSERT INTO items(base_item_id, hq) VALUES(2330, false);
INSERT INTO base_items VALUES(2331,$$Iron Claw Hammer$$,$$アイアンクローハンマー$$,$$Marteau arrache-clou en fer$$,$$Eisen-Klauenhammer$$,$$39e0ca5a212$$);
INSERT INTO items(base_item_id, hq) VALUES(2331, false),(2331, true);
INSERT INTO base_items VALUES(2332,$$Initiate's Claw Hammer$$,$$イニシエートクローハンマー$$,$$Marteau arrache-clou d'initié$$,$$Anfänger-Klauenhammer$$,$$c6c1575c047$$);
INSERT INTO items(base_item_id, hq) VALUES(2332, false),(2332, true);
INSERT INTO base_items VALUES(2333,$$Novice's Claw Hammer$$,$$ノービスクローハンマー$$,$$Marteau arrache-clou de novice$$,$$Neulings-Klauenhammer$$,$$77b102b25fc$$);
INSERT INTO items(base_item_id, hq) VALUES(2333, false);
INSERT INTO base_items VALUES(2334,$$Steel Claw Hammer$$,$$スチールクローハンマー$$,$$Marteau arrache-clou en acier$$,$$Stahl-Klauenhammer$$,$$2695673df6e$$);
INSERT INTO items(base_item_id, hq) VALUES(2334, false),(2334, true);
INSERT INTO base_items VALUES(2335,$$Wrapped Steel Claw Hammer$$,$$ラップド・スチールクローハンマー$$,$$Marteau arrache-clou en acier gainé$$,$$Umwickelter Stahl-Klauenhammer$$,$$1a9042f5cb7$$);
INSERT INTO items(base_item_id, hq) VALUES(2335, false),(2335, true);
INSERT INTO base_items VALUES(2336,$$Apprentice's Claw Hammer$$,$$アプレンティスクローハンマー$$,$$Marteau arrache-clou d'apprenti$$,$$Lehrlings-Klauenhammer$$,$$5049c5cefc7$$);
INSERT INTO items(base_item_id, hq) VALUES(2336, false);
INSERT INTO base_items VALUES(2337,$$Mythril Claw Hammer$$,$$ミスリルクローハンマー$$,$$Marteau arrache-clou en mithril$$,$$Mithril-Klauenhammer$$,$$d27ab18ed9d$$);
INSERT INTO items(base_item_id, hq) VALUES(2337, false),(2337, true);
INSERT INTO base_items VALUES(2338,$$Cobalt Claw Hammer$$,$$コバルトクローハンマー$$,$$Marteau arrache-clou en cobalt$$,$$Koboldeisen-Klauenhammer$$,$$deb78426d5b$$);
INSERT INTO items(base_item_id, hq) VALUES(2338, false),(2338, true);
INSERT INTO base_items VALUES(2339,$$Militia Claw Hammer$$,$$ミリシアクローハンマー$$,$$Marteau arrache-clou de milicien$$,$$Miliz-Klauenhammer$$,$$dae642b3e2d$$);
INSERT INTO items(base_item_id, hq) VALUES(2339, false),(2339, true);
INSERT INTO base_items VALUES(2340,$$Weathered Cross-pein Hammer$$,$$ウェザード・クロスペインハンマー$$,$$Marteau à panne croisée usé$$,$$Verschlissener Kreuzschlaghammer$$,$$fb7126622ec$$);
INSERT INTO items(base_item_id, hq) VALUES(2340, false);
INSERT INTO base_items VALUES(2341,$$Bronze Cross-pein Hammer$$,$$クロスペインハンマー$$,$$Marteau à panne croisée$$,$$Bronze-Kreuzschlaghammer$$,$$5f40c208084$$);
INSERT INTO items(base_item_id, hq) VALUES(2341, false),(2341, true);
INSERT INTO base_items VALUES(2342,$$Amateur's Cross-pein Hammer$$,$$アマチュア・クロスペインハンマー$$,$$Marteau à panne croisée d'amateur$$,$$Laien-Kreuzschlaghammer$$,$$f5b2e1a86ba$$);
INSERT INTO items(base_item_id, hq) VALUES(2342, false),(2342, true);
INSERT INTO base_items VALUES(2343,$$Birdsbeak Hammer$$,$$バードビークハンマー$$,$$Marteau à bec$$,$$Schnabelhammer$$,$$eaeebdeaed1$$);
INSERT INTO items(base_item_id, hq) VALUES(2343, false),(2343, true);
INSERT INTO base_items VALUES(2344,$$Iron Cross-pein Hammer$$,$$アイアン・クロスペインハンマー$$,$$Marteau à panne croisée en fer$$,$$Eisen-Kreuzschlaghammer$$,$$4a113ba5bc5$$);
INSERT INTO items(base_item_id, hq) VALUES(2344, false),(2344, true);
INSERT INTO base_items VALUES(2345,$$Initiate's Cross-pein Hammer$$,$$イニシエート・クロスペインハンマー$$,$$Marteau à panne croisée d'initié$$,$$Anfänger-Kreuzschlaghammer$$,$$7f949141e84$$);
INSERT INTO items(base_item_id, hq) VALUES(2345, false),(2345, true);
INSERT INTO base_items VALUES(2346,$$Crowsbeak Hammer$$,$$クロウビークハンマー$$,$$Marteau corbeau$$,$$Krähenschnabelhammer$$,$$f2e1f3ffaf3$$);
INSERT INTO items(base_item_id, hq) VALUES(2346, false),(2346, true);
INSERT INTO base_items VALUES(2347,$$Heavy Crowsbeak Hammer$$,$$ヘヴィ・クロウビークハンマー$$,$$Marteau corbeau lourd$$,$$Schwerer Krähenschnabelhammer$$,$$a4d69368199$$);
INSERT INTO items(base_item_id, hq) VALUES(2347, false),(2347, true);
INSERT INTO base_items VALUES(2348,$$Steel Cross-pein Hammer$$,$$スチール・クロスペインハンマー$$,$$Marteau à panne croisée en acier$$,$$Stahl-Kreuzschlaghammer$$,$$5aac47c3e74$$);
INSERT INTO items(base_item_id, hq) VALUES(2348, false),(2348, true);
INSERT INTO base_items VALUES(2349,$$Steel Crowsbeak Hammer$$,$$スチールビークハンマー$$,$$Marteau corbeau en acier$$,$$Stahl-Krähenschnabelhammer$$,$$4e82a66d4be$$);
INSERT INTO items(base_item_id, hq) VALUES(2349, false),(2349, true);
INSERT INTO base_items VALUES(2350,$$Wrapped Crowsbeak Hammer$$,$$ラップド・スチールビークハンマー$$,$$Marteau corbeau gainé$$,$$Umwickelter Schnabelhammer$$,$$793b0d26866$$);
INSERT INTO items(base_item_id, hq) VALUES(2350, false),(2350, true);
INSERT INTO base_items VALUES(2351,$$Cobalt Cross-pein Hammer$$,$$コバルト・クロスペインハンマー$$,$$Marteau à panne croisée en cobalt$$,$$Koboldeisen-Kreuzschlaghammer$$,$$b333beb4c41$$);
INSERT INTO items(base_item_id, hq) VALUES(2351, false),(2351, true);
INSERT INTO base_items VALUES(2352,$$Wrapped Hawksbeak Hammer$$,$$ラップド・ホークビークハンマー$$,$$Marteau faucon gainé$$,$$Umwickelter Falkenschnabelhammer$$,$$2852f927a0f$$);
INSERT INTO items(base_item_id, hq) VALUES(2352, false),(2352, true);
INSERT INTO base_items VALUES(2355,$$Amateur's File$$,$$アマチュアファイル$$,$$Lime d'amateur$$,$$Laienfeile$$,$$214e2bc5767$$);
INSERT INTO items(base_item_id, hq) VALUES(2355, false),(2355, true);
INSERT INTO base_items VALUES(2356,$$Bronze File$$,$$ファイル$$,$$Lime$$,$$Bronzefeile$$,$$acc71c56fbb$$);
INSERT INTO items(base_item_id, hq) VALUES(2356, false),(2356, true);
INSERT INTO base_items VALUES(2357,$$Recruit's File$$,$$リクルートファイル$$,$$Lime de recrue$$,$$Rekrutenfeile$$,$$5dff9168ab6$$);
INSERT INTO items(base_item_id, hq) VALUES(2357, false);
INSERT INTO base_items VALUES(2358,$$Iron File$$,$$アイアンファイル$$,$$Lime en fer$$,$$Eisenfeile$$,$$03653300ec3$$);
INSERT INTO items(base_item_id, hq) VALUES(2358, false),(2358, true);
INSERT INTO base_items VALUES(2359,$$Initiate's File$$,$$イニシエートファイル$$,$$Lime d'initié$$,$$Anfängerfeile$$,$$fa07ed016d5$$);
INSERT INTO items(base_item_id, hq) VALUES(2359, false),(2359, true);
INSERT INTO base_items VALUES(2360,$$Novice's File$$,$$ノービスファイル$$,$$Lime de novice$$,$$Neulingsfeile$$,$$db0a170351b$$);
INSERT INTO items(base_item_id, hq) VALUES(2360, false);
INSERT INTO base_items VALUES(2361,$$Steel File$$,$$スチールファイル$$,$$Lime en acier$$,$$Stahlfeile$$,$$4d175822a5f$$);
INSERT INTO items(base_item_id, hq) VALUES(2361, false),(2361, true);
INSERT INTO base_items VALUES(2362,$$Apprentice's File$$,$$アプレンティスファイル$$,$$Lime d'apprenti$$,$$Lehrlingsfeile$$,$$45b7d651ab0$$);
INSERT INTO items(base_item_id, hq) VALUES(2362, false);
INSERT INTO base_items VALUES(2363,$$Mythril File$$,$$ミスリルファイル$$,$$Lime en mithril$$,$$Mithrilfeile$$,$$52f18622dd5$$);
INSERT INTO items(base_item_id, hq) VALUES(2363, false),(2363, true);
INSERT INTO base_items VALUES(2364,$$Cobalt File$$,$$コバルトファイル$$,$$Lime en cobalt$$,$$Koboldeisenfeile$$,$$bda06754c8f$$);
INSERT INTO items(base_item_id, hq) VALUES(2364, false),(2364, true);
INSERT INTO base_items VALUES(2365,$$Militia File$$,$$ミリシアファイル$$,$$Lime de milicien$$,$$Miliz-Feile$$,$$a84aec67366$$);
INSERT INTO items(base_item_id, hq) VALUES(2365, false),(2365, true);
INSERT INTO base_items VALUES(2366,$$Weathered Doming Hammer$$,$$ウェザードドーミングハンマー$$,$$Marteau à emboutir usé$$,$$Verschlissener Flachhammer$$,$$8534f09f605$$);
INSERT INTO items(base_item_id, hq) VALUES(2366, false);
INSERT INTO base_items VALUES(2367,$$Bronze Doming Hammer$$,$$ドーミングハンマー$$,$$Marteau à emboutir$$,$$Bronze-Flachhammer$$,$$1955acf3253$$);
INSERT INTO items(base_item_id, hq) VALUES(2367, false),(2367, true);
INSERT INTO base_items VALUES(2368,$$Amateur's Doming Hammer$$,$$アマチュアドーミングハンマー$$,$$Marteau à emboutir d'amateur$$,$$Laien-Flachhammer$$,$$ca4f22ac066$$);
INSERT INTO items(base_item_id, hq) VALUES(2368, false),(2368, true);
INSERT INTO base_items VALUES(2369,$$Bronze Raising Hammer$$,$$レイジングハンマー$$,$$Marteau de batteur$$,$$Bronze-Schlichthammer$$,$$72ca6a6f6ff$$);
INSERT INTO items(base_item_id, hq) VALUES(2369, false),(2369, true);
INSERT INTO base_items VALUES(2370,$$Iron Doming Hammer$$,$$アイアンドーミングハンマー$$,$$Marteau à emboutir en fer$$,$$Eisen-Flachhammer$$,$$1fb92ee887c$$);
INSERT INTO items(base_item_id, hq) VALUES(2370, false),(2370, true);
INSERT INTO base_items VALUES(2371,$$Initiate's Doming Hammer$$,$$イニシエートドーミングハンマー$$,$$Marteau à emboutir d'initié$$,$$Anfänger-Flachhammer$$,$$c0b246debb9$$);
INSERT INTO items(base_item_id, hq) VALUES(2371, false),(2371, true);
INSERT INTO base_items VALUES(2372,$$Iron Raising Hammer$$,$$アイアンレイジングハンマー$$,$$Marteau de batteur en fer$$,$$Eisen-Schlichthammer$$,$$ef572bd407a$$);
INSERT INTO items(base_item_id, hq) VALUES(2372, false),(2372, true);
INSERT INTO base_items VALUES(2373,$$Wrapped Iron Raising Hammer$$,$$ラップドレイジングハンマー$$,$$Marteau de batteur en fer gainé$$,$$Umwickelter Eisen-Schlichthammer$$,$$0bebb07dcc1$$);
INSERT INTO items(base_item_id, hq) VALUES(2373, false),(2373, true);
INSERT INTO base_items VALUES(2374,$$Steel Doming Hammer$$,$$スチールドーミングハンマー$$,$$Marteau à emboutir en acier$$,$$Stahl-Flachhammer$$,$$7004029acba$$);
INSERT INTO items(base_item_id, hq) VALUES(2374, false),(2374, true);
INSERT INTO base_items VALUES(2375,$$Steel Raising Hammer$$,$$スチールレイジングハンマー$$,$$Marteau de batteur en acier$$,$$Stahl-Schlichthammer$$,$$f1e132e3b9a$$);
INSERT INTO items(base_item_id, hq) VALUES(2375, false),(2375, true);
INSERT INTO base_items VALUES(2376,$$Cobalt Doming Hammer$$,$$コバルトドーミングハンマー$$,$$Marteau à emboutir en cobalt$$,$$Koboldeisen-Flachhammer$$,$$ff0a7fcae9e$$);
INSERT INTO items(base_item_id, hq) VALUES(2376, false),(2376, true);
INSERT INTO base_items VALUES(2377,$$Cobalt Raising Hammer$$,$$コバルトレイジングハンマー$$,$$Marteau de batteur en cobalt$$,$$Koboldeisen-Schlichthammer$$,$$4b948a6809a$$);
INSERT INTO items(base_item_id, hq) VALUES(2377, false),(2377, true);
INSERT INTO base_items VALUES(2380,$$Amateur's Pliers$$,$$アマチュアプライヤー$$,$$Tenailles d'amateur$$,$$Laienzange$$,$$023059dadde$$);
INSERT INTO items(base_item_id, hq) VALUES(2380, false),(2380, true);
INSERT INTO base_items VALUES(2381,$$Bronze Pliers$$,$$プライヤー$$,$$Tenailles$$,$$Bronzezange$$,$$1f5dd4c1717$$);
INSERT INTO items(base_item_id, hq) VALUES(2381, false),(2381, true);
INSERT INTO base_items VALUES(2382,$$Recruit's Pliers$$,$$リクルートプライヤー$$,$$Tenailles de recrue$$,$$Rekrutenzange$$,$$1c82f3f95f1$$);
INSERT INTO items(base_item_id, hq) VALUES(2382, false);
INSERT INTO base_items VALUES(2383,$$Iron Pliers$$,$$アイアンプライヤー$$,$$Tenailles en fer$$,$$Eisenzange$$,$$c1da9fa6da5$$);
INSERT INTO items(base_item_id, hq) VALUES(2383, false),(2383, true);
INSERT INTO base_items VALUES(2384,$$Initiate's Pliers$$,$$イニシエートプライヤー$$,$$Tenailles d'initié$$,$$Anfängerzange$$,$$88baa283907$$);
INSERT INTO items(base_item_id, hq) VALUES(2384, false),(2384, true);
INSERT INTO base_items VALUES(2385,$$Novice's Pliers$$,$$ノービスプライヤー$$,$$Tenailles de novice$$,$$Neulingszange$$,$$ac77f940ecc$$);
INSERT INTO items(base_item_id, hq) VALUES(2385, false);
INSERT INTO base_items VALUES(2386,$$Steel Pliers$$,$$スチールプライヤー$$,$$Tenailles en acier$$,$$Stahlzange$$,$$543c84c3c44$$);
INSERT INTO items(base_item_id, hq) VALUES(2386, false),(2386, true);
INSERT INTO base_items VALUES(2387,$$Apprentice's Pliers$$,$$アプレンティスプライヤー$$,$$Tenailles d'apprenti$$,$$Lehrlingszange$$,$$1b36e4b5095$$);
INSERT INTO items(base_item_id, hq) VALUES(2387, false);
INSERT INTO base_items VALUES(2388,$$Mythril Pliers$$,$$ミスリルプライヤー$$,$$Tenailles en mithril$$,$$Mithrilzange$$,$$0571dc06db1$$);
INSERT INTO items(base_item_id, hq) VALUES(2388, false),(2388, true);
INSERT INTO base_items VALUES(2389,$$Cobalt Pliers$$,$$コバルトプライヤー$$,$$Tenailles en cobalt$$,$$Koboldeisenzange$$,$$193ffe98a9a$$);
INSERT INTO items(base_item_id, hq) VALUES(2389, false),(2389, true);
INSERT INTO base_items VALUES(2390,$$Militia Pliers$$,$$ミリシアプライヤー$$,$$Tenailles de milicien$$,$$Miliz-Zange$$,$$428d4a8ba44$$);
INSERT INTO items(base_item_id, hq) VALUES(2390, false),(2390, true);
INSERT INTO base_items VALUES(2391,$$Weathered Chaser Hammer$$,$$ウェザードチェーサーハンマー$$,$$Marteau de ciseleur usé$$,$$Verschlissener Ziselierhammer$$,$$4deafe1149c$$);
INSERT INTO items(base_item_id, hq) VALUES(2391, false);
INSERT INTO base_items VALUES(2392,$$Bronze Chaser Hammer$$,$$チェーサーハンマー$$,$$Marteau de ciseleur$$,$$Bronze-Ziselierhammer$$,$$51a142563fc$$);
INSERT INTO items(base_item_id, hq) VALUES(2392, false),(2392, true);
INSERT INTO base_items VALUES(2393,$$Amateur's Chaser Hammer$$,$$アマチュアチェーサーハンマー$$,$$Marteau de ciseleur d'amateur$$,$$Laien-Ziselierhammer$$,$$0252c274fd5$$);
INSERT INTO items(base_item_id, hq) VALUES(2393, false),(2393, true);
INSERT INTO base_items VALUES(2394,$$Bronze Ornamental Hammer$$,$$オーナメンタルハンマー$$,$$Marteau ornementé$$,$$Bronze-Ornamenthammer$$,$$e5681389c01$$);
INSERT INTO items(base_item_id, hq) VALUES(2394, false),(2394, true);
INSERT INTO base_items VALUES(2395,$$Iron Chaser Hammer$$,$$アイアンチェーサーハンマー$$,$$Marteau de ciseleur en fer$$,$$Eisen-Ziselierhammer$$,$$511d4248e3d$$);
INSERT INTO items(base_item_id, hq) VALUES(2395, false),(2395, true);
INSERT INTO base_items VALUES(2396,$$Initiate's Chaser Hammer$$,$$イニシエートチェーサーハンマー$$,$$Marteau de ciseleur d'initié$$,$$Anfänger-Ziselierhammer$$,$$1bc90d2caef$$);
INSERT INTO items(base_item_id, hq) VALUES(2396, false),(2396, true);
INSERT INTO base_items VALUES(2397,$$Iron Ornamental Hammer$$,$$アイアンオーナメンタルハンマー$$,$$Marteau ornementé en fer$$,$$Eisen-Ornamenthammer$$,$$5c219bc9ee7$$);
INSERT INTO items(base_item_id, hq) VALUES(2397, false),(2397, true);
INSERT INTO base_items VALUES(2398,$$Steel Chaser Hammer$$,$$スチールチェーサーハンマー$$,$$Marteau de ciseleur en acier$$,$$Stahl-Ziselierhammer$$,$$a1979d67ba0$$);
INSERT INTO items(base_item_id, hq) VALUES(2398, false),(2398, true);
INSERT INTO base_items VALUES(2399,$$Steel Ornamental Hammer$$,$$スチールオーナメンタルハンマー$$,$$Marteau ornementé en acier$$,$$Stahl-Ornamenthammer$$,$$f8a6108833b$$);
INSERT INTO items(base_item_id, hq) VALUES(2399, false),(2399, true);
INSERT INTO base_items VALUES(2400,$$Mythril Ornamental Hammer$$,$$ミスリルオーナメンタルハンマー$$,$$Marteau ornementé en mithril$$,$$Mithril-Ornamenthammer$$,$$70df8fb9272$$);
INSERT INTO items(base_item_id, hq) VALUES(2400, false),(2400, true);
INSERT INTO base_items VALUES(2401,$$Mythril Lapidary Hammer$$,$$ミスリルラピダリーハンマー$$,$$Marteau de lapidaire en mithril$$,$$Mithril-Juwelierhammer$$,$$8d5f15b0468$$);
INSERT INTO items(base_item_id, hq) VALUES(2401, false),(2401, true);
INSERT INTO base_items VALUES(2402,$$Electrum Lapidary Hammer$$,$$エレクトラムラピダリーハンマー$$,$$Marteau de lapidaire en électrum$$,$$Elektrum-Juwelierhammer$$,$$37ee6f6c510$$);
INSERT INTO items(base_item_id, hq) VALUES(2402, false),(2402, true);
INSERT INTO base_items VALUES(2405,$$Amateur's Grinding Wheel$$,$$アマチュアグラインディングホイール$$,$$Meule d'amateur$$,$$Laien-Schleifrad$$,$$43441f44727$$);
INSERT INTO items(base_item_id, hq) VALUES(2405, false),(2405, true);
INSERT INTO base_items VALUES(2406,$$Ragstone Grinding Wheel$$,$$ラググラインディングホイール$$,$$Meule en grès$$,$$Sandstein-Schleifrad$$,$$767f5be7c2d$$);
INSERT INTO items(base_item_id, hq) VALUES(2406, false),(2406, true);
INSERT INTO base_items VALUES(2407,$$Recruit's Grinding Wheel$$,$$リクルートグラインディングホイール$$,$$Meule de recrue$$,$$Rekruten-Schleifrad$$,$$3da6835dd17$$);
INSERT INTO items(base_item_id, hq) VALUES(2407, false);
INSERT INTO base_items VALUES(2408,$$Mudstone Grinding Wheel$$,$$グラインディングホイール$$,$$Meule en mudstone$$,$$Tonstein-Schleifrad$$,$$385fb7caee4$$);
INSERT INTO items(base_item_id, hq) VALUES(2408, false),(2408, true);
INSERT INTO base_items VALUES(2409,$$Initiate's Grinding Wheel$$,$$イニシエートグラインディングホイール$$,$$Meule d'initié$$,$$Anfänger-Schleifrad$$,$$a05716972ee$$);
INSERT INTO items(base_item_id, hq) VALUES(2409, false),(2409, true);
INSERT INTO base_items VALUES(2410,$$Novice's Grinding Wheel$$,$$ノービスグラインディングホイール$$,$$Meule de novice$$,$$Neulings-Schleifrad$$,$$0a4c2cf4902$$);
INSERT INTO items(base_item_id, hq) VALUES(2410, false);
INSERT INTO base_items VALUES(2411,$$Siltstone Grinding Wheel$$,$$シルトグラインディングホイール$$,$$Meule en siltstone$$,$$Schluffstein-Schleifrad$$,$$0765d177780$$);
INSERT INTO items(base_item_id, hq) VALUES(2411, false),(2411, true);
INSERT INTO base_items VALUES(2412,$$Apprentice's Grinding Wheel$$,$$アプレンティスグラインディングホイール$$,$$Meule d'apprenti$$,$$Lehrlings-Schleifrad$$,$$973a34c4d98$$);
INSERT INTO items(base_item_id, hq) VALUES(2412, false);
INSERT INTO base_items VALUES(2413,$$Garnet Grinding Wheel$$,$$ガーネットグラインディングホイール$$,$$Meule en grenat$$,$$Granat-Schleifrad$$,$$03785da9f3d$$);
INSERT INTO items(base_item_id, hq) VALUES(2413, false),(2413, true);
INSERT INTO base_items VALUES(2414,$$Basilisk Grinding Wheel$$,$$バジリスクグラインディングホイール$$,$$Meule basilic$$,$$Basilisk-Schleifrad$$,$$304ef215bae$$);
INSERT INTO items(base_item_id, hq) VALUES(2414, false),(2414, true);
INSERT INTO base_items VALUES(2415,$$Militia Grinding Wheel$$,$$ミリシアグラインディングホイール$$,$$Meule de milicien$$,$$Miliz-Schleifrad$$,$$ad95cce3e36$$);
INSERT INTO items(base_item_id, hq) VALUES(2415, false),(2415, true);
INSERT INTO base_items VALUES(2416,$$Weathered Head Knife$$,$$ウェザードヘッドナイフ$$,$$Couteau à pied usé$$,$$Verschlissenes Sattlermesser$$,$$7df73dd51c6$$);
INSERT INTO items(base_item_id, hq) VALUES(2416, false);
INSERT INTO base_items VALUES(2417,$$Bronze Head Knife$$,$$ヘッドナイフ$$,$$Couteau à pied$$,$$Bronze-Sattlermesser$$,$$353ab7a9be2$$);
INSERT INTO items(base_item_id, hq) VALUES(2417, false),(2417, true);
INSERT INTO base_items VALUES(2418,$$Amateur's Head Knife$$,$$アマチュアヘッドナイフ$$,$$Couteau à pied d'amateur$$,$$Laien-Sattlermesser$$,$$b35b76cd4bb$$);
INSERT INTO items(base_item_id, hq) VALUES(2418, false),(2418, true);
INSERT INTO base_items VALUES(2419,$$Brass Head Knife$$,$$ブラスヘッドナイフ$$,$$Couteau à pied en laiton$$,$$Messing-Sattlermesser$$,$$40e4533b9dc$$);
INSERT INTO items(base_item_id, hq) VALUES(2419, false),(2419, true);
INSERT INTO base_items VALUES(2420,$$Initiate's Head Knife$$,$$イニシエートヘッドナイフ$$,$$Couteau à pied d'initié$$,$$Initiaten-Sattlermesser$$,$$ad84d4cfc04$$);
INSERT INTO items(base_item_id, hq) VALUES(2420, false),(2420, true);
INSERT INTO base_items VALUES(2421,$$Iron Round Knife$$,$$ラウンドナイフ$$,$$Couteau arrondi$$,$$Eisenrundmesser$$,$$4f523fd672f$$);
INSERT INTO items(base_item_id, hq) VALUES(2421, false),(2421, true);
INSERT INTO base_items VALUES(2422,$$Iron Head Knife$$,$$アイアンヘッドナイフ$$,$$Couteau à pied en fer$$,$$Eisen-Sattlermesser$$,$$0c343870618$$);
INSERT INTO items(base_item_id, hq) VALUES(2422, false),(2422, true);
INSERT INTO base_items VALUES(2423,$$Silver Head Knife$$,$$シルバーヘッドナイフ$$,$$Couteau à pied en argent$$,$$Silber-Sattlermesser$$,$$4ca5dd91628$$);
INSERT INTO items(base_item_id, hq) VALUES(2423, false),(2423, true);
INSERT INTO base_items VALUES(2424,$$Steel Round Knife$$,$$スチールラウンドナイフ$$,$$Couteau arrondi en acier$$,$$Stahlrundmesser$$,$$82d2a3b28e3$$);
INSERT INTO items(base_item_id, hq) VALUES(2424, false),(2424, true);
INSERT INTO base_items VALUES(2425,$$Mythril Head Knife$$,$$ミスリルヘッドナイフ$$,$$Couteau à pied en mithril$$,$$Mithril-Sattlermesser$$,$$04ea8a677c4$$);
INSERT INTO items(base_item_id, hq) VALUES(2425, false),(2425, true);
INSERT INTO base_items VALUES(2426,$$Mythril Round Knife$$,$$ミスリルラウンドナイフ$$,$$Couteau arrondi en mithril$$,$$Mithril-Rundmesser$$,$$47d6ff98d88$$);
INSERT INTO items(base_item_id, hq) VALUES(2426, false),(2426, true);
INSERT INTO base_items VALUES(2427,$$Electrum Head Knife$$,$$エレクトラムヘッドナイフ$$,$$Couteau à pied en électrum$$,$$Elektrum-Sattlermesser$$,$$145ef41c0a1$$);
INSERT INTO items(base_item_id, hq) VALUES(2427, false),(2427, true);
INSERT INTO base_items VALUES(2430,$$Amateur's Awl$$,$$アマチュアアウル$$,$$Alêne d'amateur$$,$$Laien-Ahle$$,$$0a43be278c9$$);
INSERT INTO items(base_item_id, hq) VALUES(2430, false),(2430, true);
INSERT INTO base_items VALUES(2431,$$Bronze Awl$$,$$アウル$$,$$Alêne$$,$$Bronze-Ahle$$,$$135d4b8f9f0$$);
INSERT INTO items(base_item_id, hq) VALUES(2431, false),(2431, true);
INSERT INTO base_items VALUES(2432,$$Recruit's Awl$$,$$リクルートアウル$$,$$Alêne de recrue$$,$$Rekruten-Ahle$$,$$6dfc913a47f$$);
INSERT INTO items(base_item_id, hq) VALUES(2432, false);
INSERT INTO base_items VALUES(2433,$$Iron Awl$$,$$アイアンアウル$$,$$Alêne en fer$$,$$Eisen-Ahle$$,$$ccca4a31e2c$$);
INSERT INTO items(base_item_id, hq) VALUES(2433, false),(2433, true);
INSERT INTO base_items VALUES(2434,$$Initiate's Awl$$,$$イニシエートアウル$$,$$Alêne d'initié$$,$$Anfänger-Ahle$$,$$d436e3c9332$$);
INSERT INTO items(base_item_id, hq) VALUES(2434, false),(2434, true);
INSERT INTO base_items VALUES(2435,$$Novice's Awl$$,$$ノービスアウル$$,$$Alêne de novice$$,$$Neulings-Ahle$$,$$5c5e1f286fe$$);
INSERT INTO items(base_item_id, hq) VALUES(2435, false);
INSERT INTO base_items VALUES(2436,$$Steel Awl$$,$$スチールアウル$$,$$Alêne en acier$$,$$Stahl-Ahle$$,$$295ae205363$$);
INSERT INTO items(base_item_id, hq) VALUES(2436, false),(2436, true);
INSERT INTO base_items VALUES(2437,$$Wrapped Steel Awl$$,$$ラップドスチールアウル$$,$$Alêne en acier gainée$$,$$Umwickelte Stahl-Ahle$$,$$713f03d54da$$);
INSERT INTO items(base_item_id, hq) VALUES(2437, false),(2437, true);
INSERT INTO base_items VALUES(2438,$$Apprentice's Awl$$,$$アプレンティスアウル$$,$$Alêne d'apprenti$$,$$Lehrlings-Ahle$$,$$dbba6536d0d$$);
INSERT INTO items(base_item_id, hq) VALUES(2438, false);
INSERT INTO base_items VALUES(2439,$$Mythril Awl$$,$$ミスリルアウル$$,$$Alêne en mithril$$,$$Mithril-Ahle$$,$$5d7e2d7c36b$$);
INSERT INTO items(base_item_id, hq) VALUES(2439, false),(2439, true);
INSERT INTO base_items VALUES(2440,$$Cobalt Awl$$,$$コバルトアウル$$,$$Alêne en cobalt$$,$$Koboldeisen-Ahle$$,$$72866678d8d$$);
INSERT INTO items(base_item_id, hq) VALUES(2440, false),(2440, true);
INSERT INTO base_items VALUES(2441,$$Militia Awl$$,$$ミリシアアウル$$,$$Alêne de milicien$$,$$Miliz-Ahle$$,$$e291a28244e$$);
INSERT INTO items(base_item_id, hq) VALUES(2441, false),(2441, true);
INSERT INTO base_items VALUES(2442,$$Rusty Needle$$,$$ウェザードニードル$$,$$Aiguille usée$$,$$Angelaufene Nadel$$,$$6df5c57bfde$$);
INSERT INTO items(base_item_id, hq) VALUES(2442, false);
INSERT INTO base_items VALUES(2443,$$Copper Needle$$,$$ニードル$$,$$Aiguille$$,$$Kupfernadel$$,$$cded6d93343$$);
INSERT INTO items(base_item_id, hq) VALUES(2443, false),(2443, true);
INSERT INTO base_items VALUES(2444,$$Bat Fang Needle$$,$$バットニードル$$,$$Aiguille en croc de chauve-souris$$,$$Fledermauszahn-Nadel$$,$$6ad2390f095$$);
INSERT INTO items(base_item_id, hq) VALUES(2444, false),(2444, true);
INSERT INTO base_items VALUES(2445,$$Amateur's Needle$$,$$アマチュアニードル$$,$$Aiguille d'amateur$$,$$Laiennadel$$,$$b184ab167dc$$);
INSERT INTO items(base_item_id, hq) VALUES(2445, false),(2445, true);
INSERT INTO base_items VALUES(2446,$$Brass Needle$$,$$ブラスニードル$$,$$Aiguille en laiton$$,$$Messingnadel$$,$$e4aea92de87$$);
INSERT INTO items(base_item_id, hq) VALUES(2446, false),(2446, true);
INSERT INTO base_items VALUES(2447,$$Initiate's Needle$$,$$イニシエートニードル$$,$$Aiguille d'initié$$,$$Anfängernadel$$,$$049bec7cacc$$);
INSERT INTO items(base_item_id, hq) VALUES(2447, false),(2447, true);
INSERT INTO base_items VALUES(2448,$$Silver Needle$$,$$シルバーニードル$$,$$Aiguille en argent$$,$$Silbernadel$$,$$3432b625a03$$);
INSERT INTO items(base_item_id, hq) VALUES(2448, false),(2448, true);
INSERT INTO base_items VALUES(2449,$$Worm Fang Needle$$,$$ウォームファングニードル$$,$$Aiguille en croc de ver$$,$$Wurmfangzahn-Nadel$$,$$4765f0eaf75$$);
INSERT INTO items(base_item_id, hq) VALUES(2449, false),(2449, true);
INSERT INTO base_items VALUES(2450,$$Mythril Needle$$,$$ミスリルニードル$$,$$Aiguille en mithril$$,$$Mithrilnadel$$,$$2962381ef63$$);
INSERT INTO items(base_item_id, hq) VALUES(2450, false),(2450, true);
INSERT INTO base_items VALUES(2451,$$Wolf Fang Needle$$,$$ウルフファングニードル$$,$$Aiguille en croc de loup$$,$$Wolfsfangzahn-Nadel$$,$$1da3b97a8d8$$);
INSERT INTO items(base_item_id, hq) VALUES(2451, false),(2451, true);
INSERT INTO base_items VALUES(2452,$$Thousand Needle$$,$$サウザンドニードル$$,$$Aiguille mille$$,$$Tausendnadel$$,$$0ab32c2d7f8$$);
INSERT INTO items(base_item_id, hq) VALUES(2452, false),(2452, true);
INSERT INTO base_items VALUES(2453,$$Electrum Needle$$,$$エレクトラムニードル$$,$$Aiguille en électrum$$,$$Elektrumnadel$$,$$4260cd45955$$);
INSERT INTO items(base_item_id, hq) VALUES(2453, false),(2453, true);
INSERT INTO base_items VALUES(2456,$$Amateur's Spinning Wheel$$,$$アマチュアスピニングホイール$$,$$Rouet d'amateur$$,$$Laien-Spinnrad$$,$$34970b9474b$$);
INSERT INTO items(base_item_id, hq) VALUES(2456, false),(2456, true);
INSERT INTO base_items VALUES(2457,$$Ash Spinning Wheel$$,$$スピニングホイール$$,$$Rouet$$,$$Eschen-Spinnrad$$,$$be3c74021f1$$);
INSERT INTO items(base_item_id, hq) VALUES(2457, false),(2457, true);
INSERT INTO base_items VALUES(2458,$$Recruit's Spinning Wheel$$,$$リクルートスピニングホイール$$,$$Rouet de recrue$$,$$Rekruten-Spinnrad$$,$$f9d5bd1a083$$);
INSERT INTO items(base_item_id, hq) VALUES(2458, false);
INSERT INTO base_items VALUES(2459,$$Initiate's Spinning Wheel$$,$$イニシエートスピニングホイール$$,$$Rouet d'initié$$,$$Anfänger-Spinnrad$$,$$51973092d26$$);
INSERT INTO items(base_item_id, hq) VALUES(2459, false),(2459, true);
INSERT INTO base_items VALUES(2460,$$Elm Spinning Wheel$$,$$エルムスピニングホイール$$,$$Rouet en orme$$,$$Ulmen-Spinnrad$$,$$9d86cfbe5c0$$);
INSERT INTO items(base_item_id, hq) VALUES(2460, false),(2460, true);
INSERT INTO base_items VALUES(2461,$$Novice's Spinning Wheel$$,$$ノービススピニングホイール$$,$$Rouet de novice$$,$$Neulings-Spinnrad$$,$$f8b1c1ff4c3$$);
INSERT INTO items(base_item_id, hq) VALUES(2461, false);
INSERT INTO base_items VALUES(2462,$$Walnut Spinning Wheel$$,$$ウォルナットスピニングホイール$$,$$Rouet en noyer$$,$$Walnuss-Spinnrad$$,$$1d87bd44b7e$$);
INSERT INTO items(base_item_id, hq) VALUES(2462, false),(2462, true);
INSERT INTO base_items VALUES(2463,$$Apprentice's Spinning Wheel$$,$$アプレンティススピニングホイール$$,$$Rouet d'apprenti$$,$$Lehrlings-Spinnrad$$,$$ffd6c3ad3ab$$);
INSERT INTO items(base_item_id, hq) VALUES(2463, false);
INSERT INTO base_items VALUES(2464,$$Mahogany Spinning Wheel$$,$$マホガニースピニングホイール$$,$$Rouet en acajou$$,$$Mahagoni-Spinnrad$$,$$3aca559499a$$);
INSERT INTO items(base_item_id, hq) VALUES(2464, false),(2464, true);
INSERT INTO base_items VALUES(2465,$$Rosewood Spinning Wheel$$,$$ローズウッド・スピニングホイール$$,$$Rouet en palissandre$$,$$Palisander-Spinnrad$$,$$2217feafdfe$$);
INSERT INTO items(base_item_id, hq) VALUES(2465, false),(2465, true);
INSERT INTO base_items VALUES(2466,$$Militia Spinning Wheel$$,$$ミリシアスピニングホイール$$,$$Rouet de milicien$$,$$Miliz-Spinnrad$$,$$a1ff706275e$$);
INSERT INTO items(base_item_id, hq) VALUES(2466, false),(2466, true);
INSERT INTO base_items VALUES(2467,$$Weathered Alembic$$,$$ウェザードアレンビック$$,$$Alambic usé$$,$$Verschlissener Destillierkolben$$,$$7dcd60507f6$$);
INSERT INTO items(base_item_id, hq) VALUES(2467, false);
INSERT INTO base_items VALUES(2468,$$Bronze Alembic$$,$$アレンビック$$,$$Alambic$$,$$Kupfer-Destillierkolben$$,$$acd3a39d045$$);
INSERT INTO items(base_item_id, hq) VALUES(2468, false),(2468, true);
INSERT INTO base_items VALUES(2469,$$Amateur's Alembic$$,$$アマチュアアレンビック$$,$$Alambic d'amateur$$,$$Laien-Destillierkolben$$,$$a842e4d0783$$);
INSERT INTO items(base_item_id, hq) VALUES(2469, false),(2469, true);
INSERT INTO base_items VALUES(2470,$$Brass Alembic$$,$$ブラスアレンビック$$,$$Alambic en laiton$$,$$Messing-Destillierkolben$$,$$b704b54fcac$$);
INSERT INTO items(base_item_id, hq) VALUES(2470, false),(2470, true);
INSERT INTO base_items VALUES(2471,$$Initiate's Alembic$$,$$イニシエートアレンビック$$,$$Alambic d'initié$$,$$Anfänger-Destillierkolben$$,$$af2fe28fe72$$);
INSERT INTO items(base_item_id, hq) VALUES(2471, false),(2471, true);
INSERT INTO base_items VALUES(2472,$$Iron Alembic$$,$$アイアンアレンビック$$,$$Alambic en fer$$,$$Eisen-Destillierkolben$$,$$da8fb8bfa0a$$);
INSERT INTO items(base_item_id, hq) VALUES(2472, false),(2472, true);
INSERT INTO base_items VALUES(2473,$$Conical Alembic$$,$$コニカルアレンビック$$,$$Alambic conique$$,$$Konischer Destillierkolben$$,$$6575a360d51$$);
INSERT INTO items(base_item_id, hq) VALUES(2473, false),(2473, true);
INSERT INTO base_items VALUES(2474,$$Steel Alembic$$,$$スチールアレンビック$$,$$Alambic en acier$$,$$Stahl-Destillierkolben$$,$$904ee16c464$$);
INSERT INTO items(base_item_id, hq) VALUES(2474, false),(2474, true);
INSERT INTO base_items VALUES(2475,$$Silver Alembic$$,$$シルバーアレンビック$$,$$Alambic en argent$$,$$Silber-Destillierkolben$$,$$933313bda43$$);
INSERT INTO items(base_item_id, hq) VALUES(2475, false),(2475, true);
INSERT INTO base_items VALUES(2476,$$Mythril Alembic$$,$$ミスリルアレンビック$$,$$Alambic en mithril$$,$$Mithril-Destillierkolben$$,$$85face0295e$$);
INSERT INTO items(base_item_id, hq) VALUES(2476, false),(2476, true);
INSERT INTO base_items VALUES(2477,$$Electrum Alembic$$,$$エレクトラムアレンビック$$,$$Alambic en électrum$$,$$Elektrum-Destillierkolben$$,$$16224b94cfa$$);
INSERT INTO items(base_item_id, hq) VALUES(2477, false),(2477, true);
INSERT INTO base_items VALUES(2478,$$Thermal Alembic$$,$$サーマルアレンビック$$,$$Alambic thermique$$,$$Thermo-Destillierkolben$$,$$36cb076eef3$$);
INSERT INTO items(base_item_id, hq) VALUES(2478, false),(2478, true);
INSERT INTO base_items VALUES(2481,$$Amateur's Mortar$$,$$アマチュアモーター$$,$$Mortier d'amateur$$,$$Laienmörser$$,$$4493efe4993$$);
INSERT INTO items(base_item_id, hq) VALUES(2481, false),(2481, true);
INSERT INTO base_items VALUES(2482,$$Bronze Mortar$$,$$モーター$$,$$Mortier$$,$$Bronzemörser$$,$$6fbf4be272d$$);
INSERT INTO items(base_item_id, hq) VALUES(2482, false),(2482, true);
INSERT INTO base_items VALUES(2483,$$Recruit's Mortar$$,$$リクルートモーター$$,$$Mortier de recrue$$,$$Rekrutenmörser$$,$$d635baa6db3$$);
INSERT INTO items(base_item_id, hq) VALUES(2483, false);
INSERT INTO base_items VALUES(2484,$$Iron Mortar$$,$$アイアンモーター$$,$$Mortier en fer$$,$$Eisenmörser$$,$$d1bfa112155$$);
INSERT INTO items(base_item_id, hq) VALUES(2484, false),(2484, true);
INSERT INTO base_items VALUES(2485,$$Initiate's Mortar$$,$$イニシエートモーター$$,$$Mortier d'initié$$,$$Anfängermörser$$,$$8f4e32d32f1$$);
INSERT INTO items(base_item_id, hq) VALUES(2485, false),(2485, true);
INSERT INTO base_items VALUES(2486,$$Novice's Mortar$$,$$ノービスモーター$$,$$Mortier de novice$$,$$Neulingsmörser$$,$$0e379d17a49$$);
INSERT INTO items(base_item_id, hq) VALUES(2486, false);
INSERT INTO base_items VALUES(2487,$$Steel Mortar$$,$$スチールモーター$$,$$Mortier en acier$$,$$Stahlmörser$$,$$22ac1a4ddeb$$);
INSERT INTO items(base_item_id, hq) VALUES(2487, false),(2487, true);
INSERT INTO base_items VALUES(2488,$$Heavy Steel Mortar$$,$$スチールモーターDX$$,$$Mortier en acier renforcé$$,$$Schwerer Stahlmörser$$,$$e749b94fe53$$);
INSERT INTO items(base_item_id, hq) VALUES(2488, false),(2488, true);
INSERT INTO base_items VALUES(2489,$$Apprentice's Mortar$$,$$アプレンティスモーター$$,$$Mortier d'apprenti$$,$$Lehrlingsmörser$$,$$040e69ff828$$);
INSERT INTO items(base_item_id, hq) VALUES(2489, false);
INSERT INTO base_items VALUES(2490,$$Mythril Mortar$$,$$ミスリルモーター$$,$$Mortier en mithril$$,$$Mithrilmörser$$,$$63377259865$$);
INSERT INTO items(base_item_id, hq) VALUES(2490, false),(2490, true);
INSERT INTO base_items VALUES(2491,$$Cobalt Mortar$$,$$コバルトモーター$$,$$Mortier en cobalt$$,$$Koboldeisenmörser$$,$$a3009eb5e23$$);
INSERT INTO items(base_item_id, hq) VALUES(2491, false),(2491, true);
INSERT INTO base_items VALUES(2492,$$Militia Mortar$$,$$ミリシアモーター$$,$$Mortier de milicien$$,$$Miliz-Mörser$$,$$9e68e645916$$);
INSERT INTO items(base_item_id, hq) VALUES(2492, false),(2492, true);
INSERT INTO base_items VALUES(2493,$$Weathered Skillet$$,$$ウェザードスキレット$$,$$Poêle usée$$,$$Verschlissene Kasserolle$$,$$1f49c0c673c$$);
INSERT INTO items(base_item_id, hq) VALUES(2493, false);
INSERT INTO base_items VALUES(2494,$$Bronze Skillet$$,$$スキレット$$,$$Poêle$$,$$Bronze-Kasserolle$$,$$928a9b10d1d$$);
INSERT INTO items(base_item_id, hq) VALUES(2494, false),(2494, true);
INSERT INTO base_items VALUES(2495,$$Amateur's Skillet$$,$$アマチュアスキレット$$,$$Poêle d'amateur$$,$$Laien-Kasserolle$$,$$a66cc00a3a6$$);
INSERT INTO items(base_item_id, hq) VALUES(2495, false),(2495, true);
INSERT INTO base_items VALUES(2496,$$Iron Skillet$$,$$アイアンスキレット$$,$$Poêle en fer$$,$$Eisen-Kasserolle$$,$$a83cf15573c$$);
INSERT INTO items(base_item_id, hq) VALUES(2496, false),(2496, true);
INSERT INTO base_items VALUES(2497,$$Initiate's Skillet$$,$$イニシエートスキレット$$,$$Poêle d'initié$$,$$Anfänger-Kasserolle$$,$$a3f7b4db49c$$);
INSERT INTO items(base_item_id, hq) VALUES(2497, false),(2497, true);
INSERT INTO base_items VALUES(2498,$$Iron Frypan$$,$$フライパン$$,$$Poêle à frire$$,$$Eisenbratpfanne$$,$$82f32b5d059$$);
INSERT INTO items(base_item_id, hq) VALUES(2498, false),(2498, true);
INSERT INTO base_items VALUES(2499,$$Bomb Frypan$$,$$ボムフライパン$$,$$Poêle à frire bombo$$,$$Bomber-Bratpfanne$$,$$b86a6779a67$$);
INSERT INTO items(base_item_id, hq) VALUES(2499, false),(2499, true);
INSERT INTO base_items VALUES(2500,$$Steel Skillet$$,$$スチールスキレット$$,$$Poêle en acier$$,$$Stahl-Kasserolle$$,$$636bc98ec04$$);
INSERT INTO items(base_item_id, hq) VALUES(2500, false),(2500, true);
INSERT INTO base_items VALUES(2501,$$White Skillet$$,$$ホワイトスキレット$$,$$Poêle blanche$$,$$Weiße Kasserolle$$,$$712cbdcb6cc$$);
INSERT INTO items(base_item_id, hq) VALUES(2501, false),(2501, true);
INSERT INTO base_items VALUES(2502,$$Steel Frypan$$,$$スチールフライパン$$,$$Poêle à frire en acier$$,$$Stahlbratpfanne$$,$$f81e862f2ab$$);
INSERT INTO items(base_item_id, hq) VALUES(2502, false),(2502, true);
INSERT INTO base_items VALUES(2503,$$Cobalt Skillet$$,$$コバルトスキレット$$,$$Poêle en cobalt$$,$$Koboldeisen-Kasserolle$$,$$ba5997e0608$$);
INSERT INTO items(base_item_id, hq) VALUES(2503, false),(2503, true);
INSERT INTO base_items VALUES(2504,$$Hells' Kitchen$$,$$イフリートフライパン$$,$$Chaudron d'Ifrit$$,$$Teufels Küche$$,$$7269bfca9d3$$);
INSERT INTO items(base_item_id, hq) VALUES(2504, false),(2504, true);
INSERT INTO base_items VALUES(2507,$$Amateur's Culinary Knife$$,$$アマチュアクリナリーナイフ$$,$$Couteau de cuisine d'amateur$$,$$Laien-Küchenmesser$$,$$adb718e9cb7$$);
INSERT INTO items(base_item_id, hq) VALUES(2507, false),(2507, true);
INSERT INTO base_items VALUES(2508,$$Bronze Culinary Knife$$,$$クリナリーナイフ$$,$$Couteau de cuisine$$,$$Bronze-Küchenmesser$$,$$e7f8784e464$$);
INSERT INTO items(base_item_id, hq) VALUES(2508, false),(2508, true);
INSERT INTO base_items VALUES(2509,$$Recruit's Culinary Knife$$,$$リクルートクリナリーナイフ$$,$$Couteau de cuisine de recrue$$,$$Rekruten-Küchenmesser$$,$$534e8439790$$);
INSERT INTO items(base_item_id, hq) VALUES(2509, false);
INSERT INTO base_items VALUES(2510,$$Iron Culinary Knife$$,$$アイアンクリナリーナイフ$$,$$Couteau de cuisine en fer$$,$$Eisen-Küchenmesser$$,$$e29ff0579ac$$);
INSERT INTO items(base_item_id, hq) VALUES(2510, false),(2510, true);
INSERT INTO base_items VALUES(2511,$$Initiate's Culinary Knife$$,$$イニシエートクリナリーナイフ$$,$$Couteau de cuisine d'initié$$,$$Anfänger-Küchenmesser$$,$$5ba9de3733d$$);
INSERT INTO items(base_item_id, hq) VALUES(2511, false),(2511, true);
INSERT INTO base_items VALUES(2512,$$Novice's Culinary Knife$$,$$ノービスクリナリーナイフ$$,$$Couteau de cuisine de novice$$,$$Neulings-Küchenmesser$$,$$e93047c8cf6$$);
INSERT INTO items(base_item_id, hq) VALUES(2512, false);
INSERT INTO base_items VALUES(2513,$$Steel Culinary Knife$$,$$スチールクリナリーナイフ$$,$$Couteau de cuisine en acier$$,$$Stahl-Küchenmesser$$,$$3c1019e0dde$$);
INSERT INTO items(base_item_id, hq) VALUES(2513, false),(2513, true);
INSERT INTO base_items VALUES(2514,$$Wrapped Steel Culinary Knife$$,$$スチールクリナリーナイフDX$$,$$Couteau de cuisine en acier renforcé$$,$$Umwickeltes Stahl-Küchenmesser$$,$$57ef0e9b572$$);
INSERT INTO items(base_item_id, hq) VALUES(2514, false),(2514, true);
INSERT INTO base_items VALUES(2515,$$Apprentice's Culinary Knife$$,$$アプレンティスクリナリーナイフ$$,$$Couteau de cuisine d'apprenti$$,$$Lehrlings-Küchenmesser$$,$$df7850983a1$$);
INSERT INTO items(base_item_id, hq) VALUES(2515, false);
INSERT INTO base_items VALUES(2516,$$Mythril Culinary Knife$$,$$ミスリルクリナリーナイフ$$,$$Couteau de cuisine en mithril$$,$$Mithril-Küchenmesser$$,$$be77f27e6c5$$);
INSERT INTO items(base_item_id, hq) VALUES(2516, false),(2516, true);
INSERT INTO base_items VALUES(2517,$$Cobalt Culinary Knife$$,$$コバルトクリナリーナイフ$$,$$Couteau de cuisine en cobalt$$,$$Koboldeisen-Küchenmesser$$,$$d3f0147b864$$);
INSERT INTO items(base_item_id, hq) VALUES(2517, false),(2517, true);
INSERT INTO base_items VALUES(2518,$$Militia Culinary Knife$$,$$ミリシアクリナリーナイフ$$,$$Couteau de cuisine de milicien$$,$$Miliz-Küchenmesser$$,$$f4251ba81ed$$);
INSERT INTO items(base_item_id, hq) VALUES(2518, false),(2518, true);
INSERT INTO base_items VALUES(2519,$$Weathered Pickaxe$$,$$ウェザードピック$$,$$Pioche usée$$,$$Verschlissene Spitzhacke$$,$$510c1617a24$$);
INSERT INTO items(base_item_id, hq) VALUES(2519, false);
INSERT INTO base_items VALUES(2520,$$Bronze Pickaxe$$,$$ピック$$,$$Pioche$$,$$Bronzespitzhacke$$,$$0800ea23eb9$$);
INSERT INTO items(base_item_id, hq) VALUES(2520, false),(2520, true);
INSERT INTO base_items VALUES(2521,$$Amateur's Pickaxe$$,$$アマチュアピック$$,$$Pioche d'amateur$$,$$Laien-Spitzhacke$$,$$853c3715507$$);
INSERT INTO items(base_item_id, hq) VALUES(2521, false),(2521, true);
INSERT INTO base_items VALUES(2522,$$Plumed Bronze Pickaxe$$,$$プルームドピック$$,$$Pioche à plumet$$,$$Gefiederte Bronzespitzhacke$$,$$2b851537080$$);
INSERT INTO items(base_item_id, hq) VALUES(2522, false),(2522, true);
INSERT INTO base_items VALUES(2523,$$Iron Pickaxe$$,$$アイアンピック$$,$$Pioche en fer$$,$$Eisenspitzhacke$$,$$78613f6529c$$);
INSERT INTO items(base_item_id, hq) VALUES(2523, false),(2523, true);
INSERT INTO base_items VALUES(2524,$$Initiate's Pickaxe$$,$$イニシエートピック$$,$$Pioche d'initié$$,$$Anfänger-Spitzhacke$$,$$a6fb0f1a351$$);
INSERT INTO items(base_item_id, hq) VALUES(2524, false),(2524, true);
INSERT INTO base_items VALUES(2525,$$Iron Dolabra$$,$$ドラブラ$$,$$Dolabre$$,$$Eisen-Dolabra$$,$$57095f36c34$$);
INSERT INTO items(base_item_id, hq) VALUES(2525, false),(2525, true);
INSERT INTO base_items VALUES(2526,$$Steel Pickaxe$$,$$スチールピック$$,$$Pioche en acier$$,$$Stahl-Spitzhacke$$,$$6f3ac282912$$);
INSERT INTO items(base_item_id, hq) VALUES(2526, false),(2526, true);
INSERT INTO base_items VALUES(2527,$$Steel Dolabra$$,$$スチールドラブラ$$,$$Dolabre en acier$$,$$Stahl-Dolabra$$,$$964cfa97979$$);
INSERT INTO items(base_item_id, hq) VALUES(2527, false),(2527, true);
INSERT INTO base_items VALUES(2528,$$Plumed Mythril Pickaxe$$,$$プルームドミスリルピック$$,$$Pioche en mithril à plumet$$,$$Gefiederte Mithrilspitzhacke$$,$$988d57cbf17$$);
INSERT INTO items(base_item_id, hq) VALUES(2528, false),(2528, true);
INSERT INTO base_items VALUES(2529,$$Cobalt Dolabra$$,$$コバルトドラブラ$$,$$Dolabre en cobalt$$,$$Koboldeisen-Dolabra$$,$$e01f4e350eb$$);
INSERT INTO items(base_item_id, hq) VALUES(2529, false),(2529, true);
INSERT INTO base_items VALUES(2530,$$Egret Dolabra$$,$$イーグレットドラブラ$$,$$Dolabre à aigrette$$,$$Gefiederte Dolabra$$,$$3c06ef0e978$$);
INSERT INTO items(base_item_id, hq) VALUES(2530, false),(2530, true);
INSERT INTO base_items VALUES(2533,$$Weathered Sledgehammer$$,$$ウェザードモール$$,$$Maillet usé$$,$$Verschlissener Vorschlaghammer$$,$$420a18573d4$$);
INSERT INTO items(base_item_id, hq) VALUES(2533, false);
INSERT INTO base_items VALUES(2534,$$Bronze Sledgehammer$$,$$モール$$,$$Maillet$$,$$Bronze-Vorschlaghammer$$,$$1adea21685a$$);
INSERT INTO items(base_item_id, hq) VALUES(2534, false),(2534, true);
INSERT INTO base_items VALUES(2535,$$Recruit's Sledgehammer$$,$$リクルートモール$$,$$Maillet de recrue$$,$$Rekruten-Vorschlaghammer$$,$$a702feb99ff$$);
INSERT INTO items(base_item_id, hq) VALUES(2535, false);
INSERT INTO base_items VALUES(2536,$$Initiate's Sledgehammer$$,$$イニシエートモール$$,$$Maillet d'initié$$,$$Anfänger-Vorschlaghammer$$,$$58fb2a0f5b4$$);
INSERT INTO items(base_item_id, hq) VALUES(2536, false),(2536, true);
INSERT INTO base_items VALUES(2537,$$Iron Sledgehammer$$,$$アイアンモール$$,$$Maillet en fer$$,$$Eisen-Vorschlaghammer$$,$$afbebc06a4f$$);
INSERT INTO items(base_item_id, hq) VALUES(2537, false),(2537, true);
INSERT INTO base_items VALUES(2538,$$Novice's Sledgehammer$$,$$ノービスモール$$,$$Maillet de novice$$,$$Neulings-Vorschlaghammer$$,$$1804c25743c$$);
INSERT INTO items(base_item_id, hq) VALUES(2538, false);
INSERT INTO base_items VALUES(2539,$$Steel Sledgehammer$$,$$スチールモール$$,$$Maillet en acier$$,$$Stahl-Vorschlaghammer$$,$$2e7ea3e8e66$$);
INSERT INTO items(base_item_id, hq) VALUES(2539, false),(2539, true);
INSERT INTO base_items VALUES(2540,$$Wrapped Steel Sledgehammer$$,$$ラップドスチールモール$$,$$Maillet en acier gainé$$,$$Umwickelter Stahl-Vorschlaghammer$$,$$eae0b983e2c$$);
INSERT INTO items(base_item_id, hq) VALUES(2540, false),(2540, true);
INSERT INTO base_items VALUES(2541,$$Apprentice's Sledgehammer$$,$$アプレンティスモール$$,$$Maillet d'apprenti$$,$$Lehrlings-Vorschlaghammer$$,$$a07ab49504b$$);
INSERT INTO items(base_item_id, hq) VALUES(2541, false);
INSERT INTO base_items VALUES(2542,$$Mythril Sledgehammer$$,$$ミスリルモール$$,$$Maillet en mithril$$,$$Mithril-Vorschlaghammer$$,$$6231c484ebd$$);
INSERT INTO items(base_item_id, hq) VALUES(2542, false),(2542, true);
INSERT INTO base_items VALUES(2543,$$Cobalt Sledgehammer$$,$$コバルトモール$$,$$Maillet en cobalt$$,$$Koboldeisen-Vorschlaghammer$$,$$37886368faa$$);
INSERT INTO items(base_item_id, hq) VALUES(2543, false),(2543, true);
INSERT INTO base_items VALUES(2544,$$Militia Sledgehammer$$,$$ミリシアモール$$,$$Maillet de milicien$$,$$Miliz-Vorschlaghammer$$,$$57cf9ba0f24$$);
INSERT INTO items(base_item_id, hq) VALUES(2544, false),(2544, true);
INSERT INTO base_items VALUES(2545,$$Weathered Hatchet$$,$$ウェザードハチェット$$,$$Hachette usée$$,$$Verschlissenes Handbeil$$,$$672142462a3$$);
INSERT INTO items(base_item_id, hq) VALUES(2545, false);
INSERT INTO base_items VALUES(2546,$$Bronze Hatchet$$,$$ハチェット$$,$$Hachette$$,$$Bronzehandbeil$$,$$78ced078d0c$$);
INSERT INTO items(base_item_id, hq) VALUES(2546, false),(2546, true);
INSERT INTO base_items VALUES(2547,$$Amateur's Hatchet$$,$$アマチュアハチェット$$,$$Hachette d'amateur$$,$$Laien-Handbeil$$,$$6c000c07284$$);
INSERT INTO items(base_item_id, hq) VALUES(2547, false),(2547, true);
INSERT INTO base_items VALUES(2548,$$Iron Hatchet$$,$$アイアンハチェット$$,$$Hachette en fer$$,$$Eisenhandbeil$$,$$b95fc9659a9$$);
INSERT INTO items(base_item_id, hq) VALUES(2548, false),(2548, true);
INSERT INTO base_items VALUES(2549,$$Initiate's Hatchet$$,$$イニシエートハチェット$$,$$Hachette d'initié$$,$$Anfänger-Handbeil$$,$$6da07de5bdf$$);
INSERT INTO items(base_item_id, hq) VALUES(2549, false),(2549, true);
INSERT INTO base_items VALUES(2550,$$Brass Hatchet$$,$$ブラスハチェット$$,$$Hachette en laiton$$,$$Messinghandbeil$$,$$861e3365b97$$);
INSERT INTO items(base_item_id, hq) VALUES(2550, false),(2550, true);
INSERT INTO base_items VALUES(2551,$$Plumed Iron Hatchet$$,$$チョコボハチェット$$,$$Hachette à plumet$$,$$Gefiedertes Eisenhandbeil$$,$$6aec6387f0f$$);
INSERT INTO items(base_item_id, hq) VALUES(2551, false),(2551, true);
INSERT INTO base_items VALUES(2552,$$Steel Hatchet$$,$$スチールハチェット$$,$$Hachette en acier$$,$$Stahlhandbeil$$,$$2a74615c089$$);
INSERT INTO items(base_item_id, hq) VALUES(2552, false),(2552, true);
INSERT INTO base_items VALUES(2553,$$Plumed Steel Hatchet$$,$$スチールチョコボハチェット$$,$$Hachette à plumet en acier$$,$$Gefiedertes Stahlhandbeil$$,$$a063ea76c60$$);
INSERT INTO items(base_item_id, hq) VALUES(2553, false),(2553, true);
INSERT INTO base_items VALUES(2554,$$Mythril Hatchet$$,$$ミスリルハチェット$$,$$Hachette en mithril$$,$$Mithrilhandbeil$$,$$98ed570f299$$);
INSERT INTO items(base_item_id, hq) VALUES(2554, false),(2554, true);
INSERT INTO base_items VALUES(2555,$$Cobalt Hatchet$$,$$コバルトハチェット$$,$$Hachette en cobalt$$,$$Koboldeisenhandbeil$$,$$4e271906a01$$);
INSERT INTO items(base_item_id, hq) VALUES(2555, false),(2555, true);
INSERT INTO base_items VALUES(2556,$$Horned Hatchet$$,$$ホーンドハチェット$$,$$Hachette cornue$$,$$Gehörntes Handbeil$$,$$3179235bed0$$);
INSERT INTO items(base_item_id, hq) VALUES(2556, false),(2556, true);
INSERT INTO base_items VALUES(2559,$$Weathered Scythe$$,$$ウェザードサイズ$$,$$Faux usée$$,$$Verschlissene Sense$$,$$f13a4818876$$);
INSERT INTO items(base_item_id, hq) VALUES(2559, false);
INSERT INTO base_items VALUES(2560,$$Bronze Scythe$$,$$サイズ$$,$$Faux$$,$$Bronzesense$$,$$34a5cc14a66$$);
INSERT INTO items(base_item_id, hq) VALUES(2560, false),(2560, true);
INSERT INTO base_items VALUES(2561,$$Recruit's Scythe$$,$$リクルートサイズ$$,$$Faux de recrue$$,$$Rekrutensense$$,$$6b1cd464262$$);
INSERT INTO items(base_item_id, hq) VALUES(2561, false);
INSERT INTO base_items VALUES(2562,$$Iron Scythe$$,$$アイアンサイズ$$,$$Faux en fer$$,$$Eisensense$$,$$0b17d5d8624$$);
INSERT INTO items(base_item_id, hq) VALUES(2562, false),(2562, true);
INSERT INTO base_items VALUES(2563,$$Initiate's Scythe$$,$$イニシエートサイズ$$,$$Faux d'initié$$,$$Anfängersense$$,$$b0b62979a83$$);
INSERT INTO items(base_item_id, hq) VALUES(2563, false),(2563, true);
INSERT INTO base_items VALUES(2564,$$Novice's Scythe$$,$$ノービスサイズ$$,$$Faux de novice$$,$$Neulingsssense$$,$$6c123c25f10$$);
INSERT INTO items(base_item_id, hq) VALUES(2564, false);
INSERT INTO base_items VALUES(2565,$$Steel Scythe$$,$$スチールサイズ$$,$$Faux en acier$$,$$Stahlsense$$,$$66ed70f6ecf$$);
INSERT INTO items(base_item_id, hq) VALUES(2565, false),(2565, true);
INSERT INTO base_items VALUES(2566,$$Wrapped Steel Scythe$$,$$ラップドスチールサイズ$$,$$Faux en acier gainée$$,$$Umwickelte Stahlsense$$,$$e1fc1306e7b$$);
INSERT INTO items(base_item_id, hq) VALUES(2566, false),(2566, true);
INSERT INTO base_items VALUES(2567,$$Apprentice's Scythe$$,$$アプレンティスサイズ$$,$$Faux d'apprenti$$,$$Lehrlingsssense$$,$$1049314bf12$$);
INSERT INTO items(base_item_id, hq) VALUES(2567, false);
INSERT INTO base_items VALUES(2568,$$Mythril Scythe$$,$$ミスリルサイズ$$,$$Faux en mithril$$,$$Mithrilsense$$,$$9b277c5e475$$);
INSERT INTO items(base_item_id, hq) VALUES(2568, false),(2568, true);
INSERT INTO base_items VALUES(2569,$$Cobalt Scythe$$,$$コバルトサイズ$$,$$Faux en cobalt$$,$$Koboldeisensense$$,$$61df0cc3fed$$);
INSERT INTO items(base_item_id, hq) VALUES(2569, false),(2569, true);
INSERT INTO base_items VALUES(2570,$$Militia Scythe$$,$$ミリシアサイズ$$,$$Faux de milicien$$,$$Miliz-Sense$$,$$3ee9070a682$$);
INSERT INTO items(base_item_id, hq) VALUES(2570, false),(2570, true);
INSERT INTO base_items VALUES(2571,$$Weathered Fishing Rod$$,$$ウェザードフィッシングロッド$$,$$Canne à pêche usée$$,$$Verschlissene Angelrute$$,$$eb9a213c2e2$$);
INSERT INTO items(base_item_id, hq) VALUES(2571, false);
INSERT INTO base_items VALUES(2572,$$Maple Fishing Rod$$,$$フィッシングロッド$$,$$Canne à pêche$$,$$Weidenangelrute$$,$$3874957d974$$);
INSERT INTO items(base_item_id, hq) VALUES(2572, false),(2572, true);
INSERT INTO base_items VALUES(2573,$$Amateur's Fishing Rod$$,$$アマチュアフィッシングロッド$$,$$Canne à pêche d'amateur$$,$$Laien-Angelrute$$,$$9551e50d63e$$);
INSERT INTO items(base_item_id, hq) VALUES(2573, false),(2573, true);
INSERT INTO base_items VALUES(2574,$$Elm Fishing Rod$$,$$エルムフィッシングロッド$$,$$Canne à pêche en orme$$,$$Ulmenangelrute$$,$$0c0006e745c$$);
INSERT INTO items(base_item_id, hq) VALUES(2574, false),(2574, true);
INSERT INTO base_items VALUES(2575,$$Initiate's Fishing Rod$$,$$イニシエートフィッシングロッド$$,$$Canne à pêche d'initié$$,$$Anfänger-Angelrute$$,$$0fc68d9c1d8$$);
INSERT INTO items(base_item_id, hq) VALUES(2575, false),(2575, true);
INSERT INTO base_items VALUES(2576,$$Yew Fishing Rod$$,$$ユーフィッシングロッド$$,$$Canne à pêche en if$$,$$Eibenangelrute$$,$$1138331f3f8$$);
INSERT INTO items(base_item_id, hq) VALUES(2576, false),(2576, true);
INSERT INTO base_items VALUES(2577,$$Staghorn Fishing Rod$$,$$スタッグホーン・フィッシングロッド$$,$$Canne à pêche en bois de cerf$$,$$Antilopenhorn-Angelrute$$,$$91d0e3a883d$$);
INSERT INTO items(base_item_id, hq) VALUES(2577, false),(2577, true);
INSERT INTO base_items VALUES(2578,$$Walnut Fishing Rod$$,$$ウォルナットフィッシングロッド$$,$$Canne à pêche en noyer$$,$$Walnussangelrute$$,$$5c7e2e0377a$$);
INSERT INTO items(base_item_id, hq) VALUES(2578, false),(2578, true);
INSERT INTO base_items VALUES(2579,$$Horn Fishing Rod$$,$$ホーンフィッシングロッド$$,$$Canne à pêche en corne$$,$$Hornangelrute$$,$$db8f778807f$$);
INSERT INTO items(base_item_id, hq) VALUES(2579, false),(2579, true);
INSERT INTO base_items VALUES(2580,$$Mahogany Fishing Rod$$,$$マホガニーフィッシングロッド$$,$$Canne à pêche en acajou$$,$$Mahagoni-Angelrute$$,$$19f82826893$$);
INSERT INTO items(base_item_id, hq) VALUES(2580, false),(2580, true);
INSERT INTO base_items VALUES(2581,$$Rosewood Fishing Rod$$,$$ローズフィッシングロッド$$,$$Canne à pêche en palissandre$$,$$Palisanderangelrute$$,$$2f8081733de$$);
INSERT INTO items(base_item_id, hq) VALUES(2581, false),(2581, true);
INSERT INTO base_items VALUES(2582,$$Gilded Rosewood Fishing Rod$$,$$ローズフィッシングロッドDX$$,$$Canne à pêche en palissandre renforcée$$,$$Prunk-Palisanderangelrute$$,$$4f2aaa1d9e8$$);
INSERT INTO items(base_item_id, hq) VALUES(2582, false),(2582, true);
INSERT INTO base_items VALUES(2587,$$Pill Bug$$,$$ピルバグ$$,$$Cloporte$$,$$Pillendreher$$,$$2ef99ae31ce$$);
INSERT INTO items(base_item_id, hq) VALUES(2587, false);
INSERT INTO base_items VALUES(2588,$$Crayfish Ball$$,$$ザリガニボール$$,$$Boulette d'écrevisse$$,$$Krebsfleischball$$,$$316abbce58a$$);
INSERT INTO items(base_item_id, hq) VALUES(2588, false);
INSERT INTO base_items VALUES(2589,$$Goby Ball$$,$$ゴビーボール$$,$$Boulette de gobie$$,$$Grundelball$$,$$8c1c8a0d370$$);
INSERT INTO items(base_item_id, hq) VALUES(2589, false);
INSERT INTO base_items VALUES(2590,$$Bloodworm$$,$$ブラッドワーム$$,$$Ver de sang$$,$$Blutwurm$$,$$8c710c92524$$);
INSERT INTO items(base_item_id, hq) VALUES(2590, false);
INSERT INTO base_items VALUES(2591,$$Rat Tail$$,$$ラットの尾$$,$$Queue de rat$$,$$Rattenschwanz$$,$$72690dd403f$$);
INSERT INTO items(base_item_id, hq) VALUES(2591, false);
INSERT INTO base_items VALUES(2592,$$Midge Basket$$,$$ユスリカ$$,$$Panier de moucherons$$,$$Dungmückenkorb$$,$$bd257411dfc$$);
INSERT INTO items(base_item_id, hq) VALUES(2592, false);
INSERT INTO base_items VALUES(2593,$$Crab Ball$$,$$クラブボール$$,$$Boulette de crabe$$,$$Krabbenfleischball$$,$$44563ec3eec$$);
INSERT INTO items(base_item_id, hq) VALUES(2593, false);
INSERT INTO base_items VALUES(2594,$$Butterworm$$,$$バターワーム$$,$$Ver de beurre$$,$$Butterwurm$$,$$60f4d0c133d$$);
INSERT INTO items(base_item_id, hq) VALUES(2594, false);
INSERT INTO base_items VALUES(2595,$$Bass Ball$$,$$バスボール$$,$$Boulette de bar$$,$$Barschball$$,$$740b0650243$$);
INSERT INTO items(base_item_id, hq) VALUES(2595, false);
INSERT INTO base_items VALUES(2596,$$Spoon Worm$$,$$スプーンワーム$$,$$Ver cuiller$$,$$Löffelwurm$$,$$48378a18867$$);
INSERT INTO items(base_item_id, hq) VALUES(2596, false);
INSERT INTO base_items VALUES(2597,$$Syrphid Basket$$,$$ハナアブ$$,$$Panier de syrphes$$,$$Mistbienenkorb$$,$$a049462cb08$$);
INSERT INTO items(base_item_id, hq) VALUES(2597, false);
INSERT INTO base_items VALUES(2598,$$Herring Ball$$,$$ヘリングボール$$,$$Boulette de hareng$$,$$Heringball$$,$$79e41cef633$$);
INSERT INTO items(base_item_id, hq) VALUES(2598, false);
INSERT INTO base_items VALUES(2599,$$Honey Worm$$,$$ハニーワーム$$,$$Ver de ruche$$,$$Honigwurm$$,$$e4dd97f9650$$);
INSERT INTO items(base_item_id, hq) VALUES(2599, false);
INSERT INTO base_items VALUES(2600,$$Sand Leech$$,$$サンドリーチ$$,$$Sangsue des sables$$,$$Sandegel$$,$$64cf535cf45$$);
INSERT INTO items(base_item_id, hq) VALUES(2600, false);
INSERT INTO base_items VALUES(2601,$$Stem Borer$$,$$テッポウムシ$$,$$Ver huhu$$,$$Stammwurm$$,$$bb781c0160d$$);
INSERT INTO items(base_item_id, hq) VALUES(2601, false);
INSERT INTO base_items VALUES(2602,$$Sand Gecko$$,$$サンドゲッコー$$,$$Gecko des sables$$,$$Sandgecko$$,$$ff685e53937$$);
INSERT INTO items(base_item_id, hq) VALUES(2602, false);
INSERT INTO base_items VALUES(2603,$$Glowworm$$,$$グロウワーム$$,$$Ver luisant$$,$$Glühwürmchen$$,$$7aa4de1cfb0$$);
INSERT INTO items(base_item_id, hq) VALUES(2603, false);
INSERT INTO base_items VALUES(2604,$$Rolling Stone$$,$$ローリングストーン$$,$$Roule-boule$$,$$Kieselwurm$$,$$ced44e7e729$$);
INSERT INTO items(base_item_id, hq) VALUES(2604, false);
INSERT INTO base_items VALUES(2605,$$Hoverworm$$,$$ホバーワーム$$,$$Aérover$$,$$Schwebwurm$$,$$858f09032eb$$);
INSERT INTO items(base_item_id, hq) VALUES(2605, false);
INSERT INTO base_items VALUES(2606,$$Northern Krill$$,$$ポーラークリル$$,$$Krill polaire$$,$$Nordkrill$$,$$65a3af65358$$);
INSERT INTO items(base_item_id, hq) VALUES(2606, false);
INSERT INTO base_items VALUES(2607,$$Caddisfly Larva$$,$$カディスラーヴァ$$,$$Larve de phrygane$$,$$Köcherlarve$$,$$7d6ba962c36$$);
INSERT INTO items(base_item_id, hq) VALUES(2607, false);
INSERT INTO base_items VALUES(2608,$$Soil Creeper$$,$$ソイルクリーパー$$,$$Chenille foreuse$$,$$Erdkriecher$$,$$f73a58bc7eb$$);
INSERT INTO items(base_item_id, hq) VALUES(2608, false);
INSERT INTO base_items VALUES(2609,$$Balloon Bug$$,$$バルーンバグ$$,$$Scaraballon$$,$$Ballonkäfer$$,$$a1c92ca7c95$$);
INSERT INTO items(base_item_id, hq) VALUES(2609, false);
INSERT INTO base_items VALUES(2610,$$Chocobo Fly$$,$$チョコボフライ$$,$$Mouche chocobo$$,$$Chocobofliege$$,$$93c02475ad9$$);
INSERT INTO items(base_item_id, hq) VALUES(2610, false);
INSERT INTO base_items VALUES(2611,$$Floating Minnow$$,$$フローティングミノー$$,$$Vairon sec$$,$$Schwebwobbler$$,$$d03b99fd1a9$$);
INSERT INTO items(base_item_id, hq) VALUES(2611, false);
INSERT INTO base_items VALUES(2612,$$Brass Spoon Lure$$,$$ブラススプーン$$,$$Cuiller en laiton$$,$$Messinglöffel-Köder$$,$$f30603a5b15$$);
INSERT INTO items(base_item_id, hq) VALUES(2612, false);
INSERT INTO base_items VALUES(2613,$$Shrimp Cage Feeder$$,$$シュリンプフィーダー$$,$$Amorçoir à crevette$$,$$Garnelenkäfig-Köder$$,$$2b8d118a8de$$);
INSERT INTO items(base_item_id, hq) VALUES(2613, false);
INSERT INTO base_items VALUES(2614,$$Crow Fly$$,$$クロウフライ$$,$$Mouche corbeau$$,$$Krähenfliege$$,$$537c103525e$$);
INSERT INTO items(base_item_id, hq) VALUES(2614, false);
INSERT INTO base_items VALUES(2615,$$Silver Spoon Lure$$,$$シルバースプーン$$,$$Cuiller en argent$$,$$Silberlöffel-Köder$$,$$81270000bd7$$);
INSERT INTO items(base_item_id, hq) VALUES(2615, false);
INSERT INTO base_items VALUES(2616,$$Steel Jig$$,$$メタルジグ$$,$$Devon en métal$$,$$Eisenköder$$,$$ef63a5ba615$$);
INSERT INTO items(base_item_id, hq) VALUES(2616, false);
INSERT INTO base_items VALUES(2617,$$Sinking Minnow$$,$$シンキングミノー$$,$$Vairon noyé$$,$$Sinkwobbler$$,$$94ccef34657$$);
INSERT INTO items(base_item_id, hq) VALUES(2617, false);
INSERT INTO base_items VALUES(2618,$$Snurble Fly$$,$$スナーブルフライ$$,$$Mouche lainuche$$,$$Flockenfliege$$,$$8f2ed8aa99c$$);
INSERT INTO items(base_item_id, hq) VALUES(2618, false);
INSERT INTO base_items VALUES(2619,$$Heavy Steel Jig$$,$$ヘヴィメタルジグ$$,$$Devon lesté$$,$$Schwerer Eisenköder$$,$$687e1dc5662$$);
INSERT INTO items(base_item_id, hq) VALUES(2619, false);
INSERT INTO base_items VALUES(2620,$$Spinner$$,$$スピナー$$,$$Cuiller tournante$$,$$Spinner$$,$$532f6228183$$);
INSERT INTO items(base_item_id, hq) VALUES(2620, false);
INSERT INTO base_items VALUES(2621,$$Krill Cage Feeder$$,$$クリルフィーダー$$,$$Amorçoir à krill$$,$$Krillkäfig-Köder$$,$$7741529b7ab$$);
INSERT INTO items(base_item_id, hq) VALUES(2621, false);
INSERT INTO base_items VALUES(2622,$$Mythril Spoon Lure$$,$$ミスリルスプーン$$,$$Cuiller en mithril$$,$$Mithrillöffel-Köder$$,$$0144e8df81b$$);
INSERT INTO items(base_item_id, hq) VALUES(2622, false);
INSERT INTO base_items VALUES(2623,$$Wildfowl Fly$$,$$フェザントフライ$$,$$Mouche tetrax$$,$$Fasanfliege$$,$$e19d5e28e2e$$);
INSERT INTO items(base_item_id, hq) VALUES(2623, false);
INSERT INTO base_items VALUES(2624,$$Topwater Frog$$,$$トップウォーターフロッグ$$,$$Grenouille sèche$$,$$Schwimmfrosch$$,$$eb709402b53$$);
INSERT INTO items(base_item_id, hq) VALUES(2624, false);
INSERT INTO base_items VALUES(2625,$$Rainbow Spoon Lure$$,$$レインボースプーン$$,$$Cuiller arc-en-ciel$$,$$Blinker$$,$$2585f3445d8$$);
INSERT INTO items(base_item_id, hq) VALUES(2625, false);
INSERT INTO base_items VALUES(2626,$$Spinnerbait$$,$$スピナーベイト$$,$$Leurre hélice$$,$$Spinnerköder$$,$$2e88d1508bc$$);
INSERT INTO items(base_item_id, hq) VALUES(2626, false);
INSERT INTO base_items VALUES(2627,$$Streamer$$,$$ストリーマー$$,$$Mouche vautour$$,$$Geierfliege$$,$$566e28a099a$$);
INSERT INTO items(base_item_id, hq) VALUES(2627, false);
INSERT INTO base_items VALUES(2628,$$Yumizuno$$,$$弓角$$,$$Yumizuno$$,$$Yumizuno$$,$$9b0ea84cf32$$);
INSERT INTO items(base_item_id, hq) VALUES(2628, false);
INSERT INTO base_items VALUES(2629,$$Hempen Coif$$,$$コイフ$$,$$Coiffe$$,$$Hanfbundhaube$$,$$3af10465537$$);
INSERT INTO items(base_item_id, hq) VALUES(2629, false),(2629, true);
INSERT INTO base_items VALUES(2630,$$Hempen Coif of Gathering$$,$$ギャザラーコイフ$$,$$Coiffe des ressources$$,$$Hanfbundhaube des Eifers$$,$$55bba4946e6$$);
INSERT INTO items(base_item_id, hq) VALUES(2630, false),(2630, true);
INSERT INTO base_items VALUES(2631,$$Leather Calot$$,$$カロ$$,$$Calotte$$,$$Leder-Käppi$$,$$245592f05c1$$);
INSERT INTO items(base_item_id, hq) VALUES(2631, false),(2631, true);
INSERT INTO base_items VALUES(2642,$$Dream Hat$$,$$ドリームキャップ$$,$$Bonnet onirique$$,$$Wünschelkappe$$,$$1ad8950ff87$$);
INSERT INTO items(base_item_id, hq) VALUES(2642, false),(2642, true);
INSERT INTO base_items VALUES(2652,$$Hempen Bandana$$,$$バンダナ$$,$$Bandana$$,$$Hanfbandana$$,$$681df61d0c9$$);
INSERT INTO items(base_item_id, hq) VALUES(2652, false),(2652, true);
INSERT INTO base_items VALUES(2653,$$Leather Eyepatch$$,$$アイパッチ$$,$$Cache-œil$$,$$Leder-Augenklappe$$,$$42ae515945e$$);
INSERT INTO items(base_item_id, hq) VALUES(2653, false),(2653, true);
INSERT INTO base_items VALUES(2654,$$Hard Leather Pot Helm$$,$$ポットヘルム$$,$$Heaume$$,$$Juchleder-Kaskett$$,$$a3f23f52e19$$);
INSERT INTO items(base_item_id, hq) VALUES(2654, false),(2654, true);
INSERT INTO base_items VALUES(2655,$$Hempen Hat$$,$$ハット$$,$$Chapeau$$,$$Hanfhut$$,$$27fc1a1f28c$$);
INSERT INTO items(base_item_id, hq) VALUES(2655, false),(2655, true);
INSERT INTO base_items VALUES(2656,$$Bronze Chain Coif$$,$$チェーンコイフ$$,$$Coiffe en mailles$$,$$Bronzekettenhaube$$,$$9bdbfc7085c$$);
INSERT INTO items(base_item_id, hq) VALUES(2656, false),(2656, true);
INSERT INTO base_items VALUES(2657,$$Ripped Chef's Hat$$,$$オールドシェフズハット$$,$$Chapeau de chef déchiré$$,$$Vergilbte Kochmütze$$,$$6575dc53802$$);
INSERT INTO items(base_item_id, hq) VALUES(2657, false);
INSERT INTO base_items VALUES(2658,$$Straw Hat$$,$$ストローハット$$,$$Chapeau de paille$$,$$Strohhut$$,$$085726c6aa2$$);
INSERT INTO items(base_item_id, hq) VALUES(2658, false),(2658, true);
INSERT INTO base_items VALUES(2660,$$Amateur's Headgear$$,$$アマチュアヘッドギア$$,$$Protège-tête d'amateur$$,$$Laien-Kopfbedeckung$$,$$b76b5e6482e$$);
INSERT INTO items(base_item_id, hq) VALUES(2660, false),(2660, true);
INSERT INTO base_items VALUES(2661,$$Amateur's Hempen Coif$$,$$アマチュアコイフ$$,$$Coiffe d'amateur$$,$$Laien-Hanfbundhaube$$,$$b7de935079f$$);
INSERT INTO items(base_item_id, hq) VALUES(2661, false),(2661, true);
INSERT INTO base_items VALUES(2662,$$Bronze Sallet$$,$$サレット$$,$$Sallet$$,$$Bronzeschaller$$,$$5cfeba85a67$$);
INSERT INTO items(base_item_id, hq) VALUES(2662, false),(2662, true);
INSERT INTO base_items VALUES(2663,$$Stablemaid's Hat$$,$$ステーブルメイドハット$$,$$Chapeau de fille d'étable$$,$$Hofmagd-Hut$$,$$025216fe9ea$$);
INSERT INTO items(base_item_id, hq) VALUES(2663, false),(2663, true);
INSERT INTO base_items VALUES(2664,$$Bronze Barbut$$,$$バルビュート$$,$$Barbute$$,$$Kupfer-Barbuta$$,$$2e4cc836f50$$);
INSERT INTO items(base_item_id, hq) VALUES(2664, false),(2664, true);
INSERT INTO base_items VALUES(2665,$$Cotton Turban$$,$$コットンターバン$$,$$Turban en coton$$,$$Baumwollturban$$,$$76f91d1f4f6$$);
INSERT INTO items(base_item_id, hq) VALUES(2665, false),(2665, true);
INSERT INTO base_items VALUES(2666,$$Stablehand's Hat$$,$$ステーブルハンドハット$$,$$Chapeau de garçon d'étable$$,$$Stallburschen-Hut$$,$$5ff6e1d53fe$$);
INSERT INTO items(base_item_id, hq) VALUES(2666, false),(2666, true);
INSERT INTO base_items VALUES(2667,$$Dented Celata$$,$$オールドチェラータ$$,$$Celata rouillée$$,$$Verbeulte Sturmhaube$$,$$d3f86773e03$$);
INSERT INTO items(base_item_id, hq) VALUES(2667, false);
INSERT INTO base_items VALUES(2668,$$Brass Spectacles$$,$$ブラススペクタクルズ$$,$$Lunettes en laiton$$,$$Messingbrille$$,$$79498363037$$);
INSERT INTO items(base_item_id, hq) VALUES(2668, false),(2668, true);
INSERT INTO base_items VALUES(2669,$$Hard Leather Eyepatch$$,$$ハードレザー・アイパッチ$$,$$Cache-œil en cuir rigide$$,$$Juchleder-Augenklappe$$,$$a62d61b5490$$);
INSERT INTO items(base_item_id, hq) VALUES(2669, false),(2669, true);
INSERT INTO base_items VALUES(2670,$$Cotton Scarf$$,$$コットンスカーフ$$,$$Foulard en coton$$,$$Baumwollschal$$,$$3b9782acfe9$$);
INSERT INTO items(base_item_id, hq) VALUES(2670, false),(2670, true);
INSERT INTO base_items VALUES(2672,$$Hard Leather Skullcap$$,$$スカルキャップ$$,$$Chape$$,$$Juchleder-Schädelkappe$$,$$a1a6219087e$$);
INSERT INTO items(base_item_id, hq) VALUES(2672, false),(2672, true);
INSERT INTO base_items VALUES(2673,$$Bronze Celata$$,$$チェラータ$$,$$Celata$$,$$Sturmhaube$$,$$f85827070a1$$);
INSERT INTO items(base_item_id, hq) VALUES(2673, false),(2673, true);
INSERT INTO base_items VALUES(2675,$$Ash Mask$$,$$アッシュマスク$$,$$Masque en frêne$$,$$Eschenmaske$$,$$6d3f21381e1$$);
INSERT INTO items(base_item_id, hq) VALUES(2675, false),(2675, true);
INSERT INTO base_items VALUES(2677,$$Hunting Hat$$,$$ハンティングハット$$,$$Chapeau de chasse$$,$$Jägerhut$$,$$9a1feb0e8c8$$);
INSERT INTO items(base_item_id, hq) VALUES(2677, false),(2677, true);
INSERT INTO base_items VALUES(2679,$$Plundered Cavalier's Hat$$,$$プランダードキャバリエハット$$,$$Chapeau pillé$$,$$Geplünderter Hut$$,$$afc40bf910c$$);
INSERT INTO items(base_item_id, hq) VALUES(2679, false);
INSERT INTO base_items VALUES(2680,$$Decorated Bronze Barbut$$,$$バルビュートDX$$,$$Barbute ornée$$,$$Prunkvolle Kupfer-Barbuta$$,$$414e89ae5f9$$);
INSERT INTO items(base_item_id, hq) VALUES(2680, false),(2680, true);
INSERT INTO base_items VALUES(2682,$$Pirate's Bandana$$,$$パイレーツバンダナ$$,$$Bandana de pirate$$,$$Geplündertes Bandana$$,$$a24dd6b186c$$);
INSERT INTO items(base_item_id, hq) VALUES(2682, false);
INSERT INTO base_items VALUES(2683,$$Plundered Goggles$$,$$プランダードゴーグル$$,$$Lunettes pillées$$,$$Geplünderte Schutzbrille$$,$$2fa633c20f4$$);
INSERT INTO items(base_item_id, hq) VALUES(2683, false);
INSERT INTO base_items VALUES(2684,$$Plundered Celata$$,$$プランダードチェラータ$$,$$Celata pillée$$,$$Geplünderte Sturmhaube$$,$$b72ed2c9d5f$$);
INSERT INTO items(base_item_id, hq) VALUES(2684, false);
INSERT INTO base_items VALUES(2685,$$Brass Circlet (Sunstone)$$,$$ブラスサークレット(サンストーン)$$,$$Diadème en laiton (pierre de soleil)$$,$$Sonnenstein-Messingstirnreif$$,$$96d803cbab5$$);
INSERT INTO items(base_item_id, hq) VALUES(2685, false),(2685, true);
INSERT INTO base_items VALUES(2687,$$Brass Circlet (Danburite)$$,$$ブラスサークレット(ダンビュライト)$$,$$Diadème en laiton (danburite)$$,$$Danburit-Messingstirnreif$$,$$06a874f2eee$$);
INSERT INTO items(base_item_id, hq) VALUES(2687, false),(2687, true);
INSERT INTO base_items VALUES(2689,$$Brass Circlet (Malachite)$$,$$ブラスサークレット(マラカイト)$$,$$Diadème en laiton (malachite)$$,$$Malachit-Messingstirnreif$$,$$34e20dec258$$);
INSERT INTO items(base_item_id, hq) VALUES(2689, false),(2689, true);
INSERT INTO base_items VALUES(2691,$$Brass Circlet (Sphene)$$,$$ブラスサークレット(スフェーン)$$,$$Diadème en laiton (sphène)$$,$$Titanit-Messingstirnreif$$,$$ade7782f303$$);
INSERT INTO items(base_item_id, hq) VALUES(2691, false),(2691, true);
INSERT INTO base_items VALUES(2693,$$Brass Circlet (Fluorite)$$,$$ブラスサークレット(フローライト)$$,$$Diadème en laiton (fluorine)$$,$$Fluorit-Messingstirnreif$$,$$88475399e42$$);
INSERT INTO items(base_item_id, hq) VALUES(2693, false),(2693, true);
INSERT INTO base_items VALUES(2695,$$Brass Circlet (Lapis Lazuli)$$,$$ブラスサークレット(ラピスラズリ)$$,$$Diadème en laiton (lapis-lazuli)$$,$$Lapislazuli-Messingstirnreif$$,$$537c382fee9$$);
INSERT INTO items(base_item_id, hq) VALUES(2695, false),(2695, true);
INSERT INTO base_items VALUES(2697,$$Goatskin Pot Helm$$,$$アルドゴートポットヘルム$$,$$Heaume en cuir de bouquetin$$,$$Steinbockleder-Kaskett$$,$$a56bcad2d8b$$);
INSERT INTO items(base_item_id, hq) VALUES(2697, false),(2697, true);
INSERT INTO base_items VALUES(2699,$$Cotton Coif$$,$$コットンコイフ$$,$$Coiffe en coton$$,$$Baumwollbundhaube$$,$$184dc2285c1$$);
INSERT INTO items(base_item_id, hq) VALUES(2699, false),(2699, true);
INSERT INTO base_items VALUES(2700,$$Cotton Coif of Gathering$$,$$コットンギャザラーコイフ$$,$$Coiffe des ressources en coton$$,$$Baumwollbundhaube des Eifers$$,$$72d45da405a$$);
INSERT INTO items(base_item_id, hq) VALUES(2700, false),(2700, true);
INSERT INTO base_items VALUES(2702,$$Moldering Jester's Cap$$,$$オールドジェスターキャップ$$,$$Chapeau de bouffon effiloché$$,$$Modrige Narrenkappe$$,$$9bf9ad37eee$$);
INSERT INTO items(base_item_id, hq) VALUES(2702, false);
INSERT INTO base_items VALUES(2703,$$Ash Mask (Lapis Lazuli)$$,$$アッシュマスク(ラピスラズリ)$$,$$Masque en frêne (lapis-lazuli)$$,$$Lapislazuli-Eschenmaske$$,$$2fee071d2ba$$);
INSERT INTO items(base_item_id, hq) VALUES(2703, false),(2703, true);
INSERT INTO base_items VALUES(2705,$$Black Usagi Kabuto$$,$$黒漆塗兎形兜$$,$$Kabuto usagi noir$$,$$Schwarzlack-Hasen-Kabuto$$,$$ac945a19f33$$);
INSERT INTO items(base_item_id, hq) VALUES(2705, false),(2705, true);
INSERT INTO base_items VALUES(2706,$$Silver Usagi Kabuto$$,$$銀箔押兎形兜$$,$$Kabuto usagi en argent$$,$$Blattsilber-Hasen-Kabuto$$,$$944bc956ac6$$);
INSERT INTO items(base_item_id, hq) VALUES(2706, false),(2706, true);
INSERT INTO base_items VALUES(2708,$$Iron Sallet$$,$$アイアンサレット$$,$$Sallet en fer$$,$$Eisenschaller$$,$$ecc3225ca16$$);
INSERT INTO items(base_item_id, hq) VALUES(2708, false),(2708, true);
INSERT INTO base_items VALUES(2710,$$Goatskin Eyepatch$$,$$アルドゴートアイパッチ$$,$$Cache-œil en cuir de bouquetin$$,$$Steinbockleder-Augenklappe$$,$$1f5ffe0f50a$$);
INSERT INTO items(base_item_id, hq) VALUES(2710, false),(2710, true);
INSERT INTO base_items VALUES(2712,$$Iron Celata$$,$$アイアンチェラータ$$,$$Celata en fer$$,$$Eisensturmhaube$$,$$d60cfad87a6$$);
INSERT INTO items(base_item_id, hq) VALUES(2712, false),(2712, true);
INSERT INTO base_items VALUES(2714,$$Initiate's Headgear$$,$$イニシエートヘッドギア$$,$$Protège-tête d'initié$$,$$Initiaten-Kopfbedeckung$$,$$126b4ead2bb$$);
INSERT INTO items(base_item_id, hq) VALUES(2714, false),(2714, true);
INSERT INTO base_items VALUES(2719,$$Cotton Sugarloaf Hat$$,$$コットンシュガーローフ$$,$$Casque pain de sucre en coton$$,$$Baumwollspitzhut$$,$$acc5f06d64e$$);
INSERT INTO items(base_item_id, hq) VALUES(2719, false),(2719, true);
INSERT INTO base_items VALUES(2721,$$Doctore's Chain Coif$$,$$ドクトルチェーンコイフ$$,$$Coiffe en mailles de laniste$$,$$Doctoren-Kettenbundhaube$$,$$b8cd1800585$$);
INSERT INTO items(base_item_id, hq) VALUES(2721, false);
INSERT INTO base_items VALUES(2722,$$Doctore's Hat$$,$$ドクトルウィザードハット$$,$$Chapeau de laniste$$,$$Doctorenhut$$,$$d6269aecab5$$);
INSERT INTO items(base_item_id, hq) VALUES(2722, false);
INSERT INTO base_items VALUES(2723,$$Iron Elmo$$,$$アイアンエルモ$$,$$Elmo en fer$$,$$Elmo-Eisenhelm$$,$$3a4af897188$$);
INSERT INTO items(base_item_id, hq) VALUES(2723, false),(2723, true);
INSERT INTO base_items VALUES(2725,$$Reinforced Iron Sallet$$,$$アイアンサレットDX$$,$$Sallet en fer renforcé$$,$$Verstärkter Eisenschaller$$,$$d8c3fe6371d$$);
INSERT INTO items(base_item_id, hq) VALUES(2725, false),(2725, true);
INSERT INTO base_items VALUES(2727,$$Velveteen Bandana$$,$$ベルベティーンバンダナ$$,$$Bandana en veloutine$$,$$Samtbandana$$,$$7b8e51703f7$$);
INSERT INTO items(base_item_id, hq) VALUES(2727, false),(2727, true);
INSERT INTO base_items VALUES(2728,$$Silver Spectacles$$,$$シルバースペクタクルズ$$,$$Lunettes en argent$$,$$Silberbrille$$,$$cee1b0ae6d4$$);
INSERT INTO items(base_item_id, hq) VALUES(2728, false),(2728, true);
INSERT INTO base_items VALUES(2729,$$Velveteen Turban$$,$$ベルベティーンターバン$$,$$Turban en veloutine$$,$$Samtturban$$,$$d8e4fe7808a$$);
INSERT INTO items(base_item_id, hq) VALUES(2729, false),(2729, true);
INSERT INTO base_items VALUES(2731,$$Silver Magnifiers$$,$$シルバーマグニファイアーズ$$,$$Lunettes grossissantes en argent$$,$$Silber-Lupenbrille$$,$$352805b0158$$);
INSERT INTO items(base_item_id, hq) VALUES(2731, false),(2731, true);
INSERT INTO base_items VALUES(2733,$$Velveteen Wedge Cap of Crafting$$,$$ベルベティーン・クラフターウェッジキャップ$$,$$Calot des créations en veloutine$$,$$Samt-Schiffchen des Handwerks$$,$$4aeb9ec38cf$$);
INSERT INTO items(base_item_id, hq) VALUES(2733, false),(2733, true);
INSERT INTO base_items VALUES(2734,$$Velveteen Wedge Cap of Gathering$$,$$ベルベティーン・ギャザラーウェッジキャップ$$,$$Calot des ressources en veloutine$$,$$Samt-Schiffchen der Ernte$$,$$e480dc2ea3e$$);
INSERT INTO items(base_item_id, hq) VALUES(2734, false),(2734, true);
INSERT INTO base_items VALUES(2735,$$Silver Circlet (Garnet)$$,$$シルバーサークレット(ガーネット)$$,$$Diadème en argent (grenat)$$,$$Granat-Silberstirnreif$$,$$57131dabe53$$);
INSERT INTO items(base_item_id, hq) VALUES(2735, false),(2735, true);
INSERT INTO base_items VALUES(2737,$$Silver Circlet (Goshenite)$$,$$シルバーサークレット(ゴシェナイト)$$,$$Diadème en argent (goshénite)$$,$$Goshenit-Silberstirnreif$$,$$cf0acd9e2ae$$);
INSERT INTO items(base_item_id, hq) VALUES(2737, false),(2737, true);
INSERT INTO base_items VALUES(2739,$$Silver Circlet (Peridot)$$,$$シルバーサークレット(ペリドット)$$,$$Diadème en argent (péridot)$$,$$Peridot-Silberstirnreif$$,$$dc756fae354$$);
INSERT INTO items(base_item_id, hq) VALUES(2739, false),(2739, true);
INSERT INTO base_items VALUES(2741,$$Silver Circlet (Heliodor)$$,$$シルバーサークレット(ヘリオドール)$$,$$Diadème en argent (héliodore)$$,$$Goldberyll-Silberstirnreif$$,$$77f4f9ae999$$);
INSERT INTO items(base_item_id, hq) VALUES(2741, false),(2741, true);
INSERT INTO base_items VALUES(2743,$$Silver Circlet (Amethyst)$$,$$シルバーサークレット(アメジスト)$$,$$Diadème en argent (améthyste)$$,$$Amethyst-Silberstirnreif$$,$$9e6b974caa4$$);
INSERT INTO items(base_item_id, hq) VALUES(2743, false),(2743, true);
INSERT INTO base_items VALUES(2745,$$Silver Circlet (Aquamarine)$$,$$シルバーサークレット(アクアマリン)$$,$$Diadème en argent (aigue-marine)$$,$$Aquamarin-Silberstirnreif$$,$$cfbbafd9bac$$);
INSERT INTO items(base_item_id, hq) VALUES(2745, false),(2745, true);
INSERT INTO base_items VALUES(2750,$$Velveteen Beret$$,$$ベルベティーンベレー$$,$$Béret en veloutine$$,$$Samtbarett$$,$$622c9b06297$$);
INSERT INTO items(base_item_id, hq) VALUES(2750, false),(2750, true);
INSERT INTO base_items VALUES(2753,$$Steel Sallet$$,$$スチールサレット$$,$$Sallet en acier$$,$$Stahlschaller$$,$$580a3f4a77f$$);
INSERT INTO items(base_item_id, hq) VALUES(2753, false),(2753, true);
INSERT INTO base_items VALUES(2755,$$Steel Celata$$,$$スチールチェラータ$$,$$Celata en acier$$,$$Stahl-Sturmhaube$$,$$f8638b07396$$);
INSERT INTO items(base_item_id, hq) VALUES(2755, false),(2755, true);
INSERT INTO base_items VALUES(2757,$$Vintage Celata$$,$$ヴィンテージチェラータ$$,$$Celata de collection$$,$$Restaurierte Sturmhaube$$,$$94dd34004e6$$);
INSERT INTO items(base_item_id, hq) VALUES(2757, false),(2757, true);
INSERT INTO base_items VALUES(2758,$$Steel Goggles$$,$$スチールゴーグル$$,$$Lunettes en acier$$,$$Stahl-Schutzbrille$$,$$4a66a36ef24$$);
INSERT INTO items(base_item_id, hq) VALUES(2758, false),(2758, true);
INSERT INTO base_items VALUES(2759,$$Torn Coif$$,$$オールドコイフ$$,$$Coiffe déchirée$$,$$Alte Bundhaube$$,$$d388828cb8d$$);
INSERT INTO items(base_item_id, hq) VALUES(2759, false);
INSERT INTO base_items VALUES(2763,$$Velveteen Sugarloaf Hat$$,$$ベルベティーンシュガーローフ$$,$$Casque pain de sucre en veloutine$$,$$Samtspitzhut$$,$$26453112298$$);
INSERT INTO items(base_item_id, hq) VALUES(2763, false),(2763, true);
INSERT INTO base_items VALUES(2765,$$Steel Elmo$$,$$スチールエルモ$$,$$Elmo en acier$$,$$Elmo-Stahlhelm$$,$$e107021c576$$);
INSERT INTO items(base_item_id, hq) VALUES(2765, false),(2765, true);
INSERT INTO base_items VALUES(2767,$$Skull Eyepatch$$,$$スカルアイパッチ$$,$$Cache-œil tête de mort$$,$$Totenkopf-Augenklappe$$,$$59e4f373ebd$$);
INSERT INTO items(base_item_id, hq) VALUES(2767, false),(2767, true);
INSERT INTO base_items VALUES(2769,$$Mythril Magnifiers$$,$$ミスリルマグニファイアーズ$$,$$Lunettes grossissantes en mithril$$,$$Mithril-Lupenbrille$$,$$70e6bd853ae$$);
INSERT INTO items(base_item_id, hq) VALUES(2769, false),(2769, true);
INSERT INTO base_items VALUES(2774,$$Mythril Spectacles$$,$$ミスリルスペクタクルズ$$,$$Lunettes en mithril$$,$$Mithrilbrille$$,$$dac4f7e6476$$);
INSERT INTO items(base_item_id, hq) VALUES(2774, false),(2774, true);
INSERT INTO base_items VALUES(2776,$$Linen Turban$$,$$リネンターバン$$,$$Turban en lin$$,$$Leinenturban$$,$$d1146089002$$);
INSERT INTO items(base_item_id, hq) VALUES(2776, false),(2776, true);
INSERT INTO base_items VALUES(2778,$$Angler's Hat$$,$$アングラーハット$$,$$Chapeau de pêcheur$$,$$Fischerhut$$,$$9a0ecab4682$$);
INSERT INTO items(base_item_id, hq) VALUES(2778, false),(2778, true);
INSERT INTO base_items VALUES(2779,$$Linen Hat$$,$$リネンハット$$,$$Chapeau en lin$$,$$Leinenhut$$,$$d6da2dc2e15$$);
INSERT INTO items(base_item_id, hq) VALUES(2779, false),(2779, true);
INSERT INTO base_items VALUES(2785,$$Vintage Chef's Hat$$,$$ヴィンテージシェフズハット$$,$$Chapeau de chef de collection$$,$$Restaurierte Kochmütze$$,$$36c773ff5a3$$);
INSERT INTO items(base_item_id, hq) VALUES(2785, false),(2785, true);
INSERT INTO base_items VALUES(2786,$$Steel Barbut$$,$$スチールバルビュート$$,$$Barbute en acier$$,$$Stahl-Barbuta$$,$$2d86e09eb16$$);
INSERT INTO items(base_item_id, hq) VALUES(2786, false),(2786, true);
INSERT INTO base_items VALUES(2788,$$Boarskin Pot Helm$$,$$ボアポットヘルム$$,$$Heaume en cuir de sanglier$$,$$Keilerleder-Kaskett$$,$$237f85c030a$$);
INSERT INTO items(base_item_id, hq) VALUES(2788, false),(2788, true);
INSERT INTO base_items VALUES(2790,$$Mythril Circlet (Rubellite)$$,$$ミスリルサークレット(ルベライト)$$,$$Diadème en mithril (rubellite)$$,$$Rubellit-Mithrilstirnreif$$,$$780809390c5$$);
INSERT INTO items(base_item_id, hq) VALUES(2790, false),(2790, true);
INSERT INTO base_items VALUES(2792,$$Mythril Circlet (Zircon)$$,$$ミスリルサークレット(ジルコン)$$,$$Diadème en mithril (zircon)$$,$$Zirkon-Mithrilstirnreif$$,$$9d68f44257b$$);
INSERT INTO items(base_item_id, hq) VALUES(2792, false),(2792, true);
INSERT INTO base_items VALUES(2794,$$Mythril Circlet (Tourmaline)$$,$$ミスリルサークレット(トルマリン)$$,$$Diadème en mithril (tourmaline)$$,$$Turmalin-Mithrilstirnreif$$,$$b0901bbc63b$$);
INSERT INTO items(base_item_id, hq) VALUES(2794, false),(2794, true);
INSERT INTO base_items VALUES(2796,$$Mythril Circlet (Amber)$$,$$ミスリルサークレット(アンバー)$$,$$Diadème en mithril (ambre)$$,$$Bernstein-Mithrilstirnreif$$,$$a9a0a712341$$);
INSERT INTO items(base_item_id, hq) VALUES(2796, false),(2796, true);
INSERT INTO base_items VALUES(2798,$$Mythril Circlet (Spinel)$$,$$ミスリルサークレット(スピネル)$$,$$Diadème en mithril (spinelle)$$,$$Spinell-Mithrilstirnreif$$,$$6d27d1d4d53$$);
INSERT INTO items(base_item_id, hq) VALUES(2798, false),(2798, true);
INSERT INTO base_items VALUES(2800,$$Mythril Circlet (Turquoise)$$,$$ミスリルサークレット(ターコイズ)$$,$$Diadème en mithril (turquoise)$$,$$Türkis-Mithrilstirnreif$$,$$bdde87bb9c3$$);
INSERT INTO items(base_item_id, hq) VALUES(2800, false),(2800, true);
INSERT INTO base_items VALUES(2802,$$Mythril Elmo$$,$$ミスリルエルモ$$,$$Elmo en mithril$$,$$Elmo-Mithrilhelm$$,$$906e786686b$$);
INSERT INTO items(base_item_id, hq) VALUES(2802, false),(2802, true);
INSERT INTO base_items VALUES(2804,$$Linen Wedge Cap of Crafting$$,$$リネン・クラフターウェッジキャップ$$,$$Calot des créations en lin$$,$$Leinen-Schiffchen des Handwerks$$,$$0ded2727b86$$);
INSERT INTO items(base_item_id, hq) VALUES(2804, false),(2804, true);
INSERT INTO base_items VALUES(2805,$$Linen Wedge Cap of Gathering$$,$$リネン・ギャザラーウェッジキャップ$$,$$Calot des ressources en lin$$,$$Leinen-Schiffchen der Ernte$$,$$f2c6b6c5a5d$$);
INSERT INTO items(base_item_id, hq) VALUES(2805, false),(2805, true);
INSERT INTO base_items VALUES(2806,$$Woolen Coif$$,$$ウールコイフ$$,$$Coiffe en laine$$,$$Wollbundhaube$$,$$5a3672fef22$$);
INSERT INTO items(base_item_id, hq) VALUES(2806, false),(2806, true);
INSERT INTO base_items VALUES(2808,$$Woolen Coif of Gathering$$,$$ウールギャザラーコイフ$$,$$Coiffe des ressources en laine$$,$$Wollbundhaube des Eifers$$,$$e13980a48a1$$);
INSERT INTO items(base_item_id, hq) VALUES(2808, false),(2808, true);
INSERT INTO base_items VALUES(2810,$$Woolen Turban$$,$$ウールターバン$$,$$Turban en laine$$,$$Wollturban$$,$$140ed8d2512$$);
INSERT INTO items(base_item_id, hq) VALUES(2810, false),(2810, true);
INSERT INTO base_items VALUES(2812,$$Mythril Celata$$,$$ミスリルチェラータ$$,$$Celata en mithril$$,$$Mithril-Sturmhaube$$,$$ef4c081d896$$);
INSERT INTO items(base_item_id, hq) VALUES(2812, false),(2812, true);
INSERT INTO base_items VALUES(2814,$$Woolen Hat$$,$$ウールハット$$,$$Chapeau en laine$$,$$Wollhut$$,$$e07894d8f7f$$);
INSERT INTO items(base_item_id, hq) VALUES(2814, false),(2814, true);
INSERT INTO base_items VALUES(2816,$$Linen Deerstalker$$,$$ディアストーカーハット$$,$$Toque$$,$$Leinen-Gesellenhut$$,$$20fc3ac11c3$$);
INSERT INTO items(base_item_id, hq) VALUES(2816, false),(2816, true);
INSERT INTO base_items VALUES(2817,$$Mythril Barbut$$,$$ミスリルバルビュート$$,$$Barbute en mithril$$,$$Mithril-Barbuta$$,$$349c146cc69$$);
INSERT INTO items(base_item_id, hq) VALUES(2817, false),(2817, true);
INSERT INTO base_items VALUES(2819,$$Mythril Mesail$$,$$メセイル$$,$$Mésail$$,$$Mithril-Mesailvisier$$,$$1e5280a054a$$);
INSERT INTO items(base_item_id, hq) VALUES(2819, false),(2819, true);
INSERT INTO base_items VALUES(2820,$$Red Onion Helm$$,$$レッドオニオンヘルム$$,$$Casque oignon rouge$$,$$Roter Zwiebelhelm$$,$$291864630fa$$);
INSERT INTO items(base_item_id, hq) VALUES(2820, false);
INSERT INTO base_items VALUES(2821,$$Explorer's Calot$$,$$エクスプローラーカロ$$,$$Calotte d'explorateur$$,$$Entdecker-Käppi$$,$$eacbd3404f5$$);
INSERT INTO items(base_item_id, hq) VALUES(2821, false);
INSERT INTO base_items VALUES(2822,$$Explorer's Bandana$$,$$エクスプローラーバンダナ$$,$$Bandana d'explorateur$$,$$Entdecker-Bandana$$,$$d1c92f2f262$$);
INSERT INTO items(base_item_id, hq) VALUES(2822, false);
INSERT INTO base_items VALUES(2823,$$Veteran's Pot Helm$$,$$ベテランポットヘルム$$,$$Heaume de vétéran$$,$$Veteranen-Kaskett$$,$$330ba946df1$$);
INSERT INTO items(base_item_id, hq) VALUES(2823, false);
INSERT INTO base_items VALUES(2825,$$Ranger's Hat$$,$$レンジャーハット$$,$$Chapeau de chasseur$$,$$Försterhut$$,$$50068030cd9$$);
INSERT INTO items(base_item_id, hq) VALUES(2825, false),(2825, true);
INSERT INTO base_items VALUES(2827,$$Mythril Chain Coif$$,$$ミスリルチェーンコイフ$$,$$Coiffe en mailles de mithril$$,$$Mithrilkettenhaube$$,$$8928b474567$$);
INSERT INTO items(base_item_id, hq) VALUES(2827, false),(2827, true);
INSERT INTO base_items VALUES(2829,$$Woolen Beret$$,$$ウールベレー$$,$$Béret en laine$$,$$Wollbarett$$,$$5818d33f753$$);
INSERT INTO items(base_item_id, hq) VALUES(2829, false),(2829, true);
INSERT INTO base_items VALUES(2830,$$Reinforced Mythril Elmo$$,$$ミスリルエルモDX$$,$$Elmo en mithril renforcé$$,$$Verstärkter Elmo-Mithrilhelm$$,$$3c4018c9c25$$);
INSERT INTO items(base_item_id, hq) VALUES(2830, false),(2830, true);
INSERT INTO base_items VALUES(2832,$$Woolen Cavalier's Hat$$,$$キャバリエハット$$,$$Chapeau de cavalier$$,$$Woll-Kavaliershut$$,$$1593f69a4f2$$);
INSERT INTO items(base_item_id, hq) VALUES(2832, false),(2832, true);
INSERT INTO base_items VALUES(2834,$$Cobalt Preserves$$,$$コバルトプリザーヴ$$,$$Conserves en cobalt$$,$$Kobalt-Sonnenbrille$$,$$b0dafc0f6a7$$);
INSERT INTO items(base_item_id, hq) VALUES(2834, false),(2834, true);
INSERT INTO base_items VALUES(2835,$$Felt Coif$$,$$フェルトコイフ$$,$$Coiffe en feutre$$,$$Filzbundhaube$$,$$c906ae33bc6$$);
INSERT INTO items(base_item_id, hq) VALUES(2835, false),(2835, true);
INSERT INTO base_items VALUES(2837,$$Felt Coif of Gathering$$,$$フェルトギャザラーコイフ$$,$$Coiffe des ressources en feutre$$,$$Filzbundhaube des Eifers$$,$$d003e57a7ec$$);
INSERT INTO items(base_item_id, hq) VALUES(2837, false),(2837, true);
INSERT INTO base_items VALUES(2850,$$Cobalt Elmo$$,$$コバルトエルモ$$,$$Elmo en cobalt$$,$$Elmo-Koboldeisenhelm$$,$$df543b33f46$$);
INSERT INTO items(base_item_id, hq) VALUES(2850, false),(2850, true);
INSERT INTO base_items VALUES(2852,$$Felt Hat$$,$$フェルトハット$$,$$Chapeau en feutre$$,$$Filzhut$$,$$1c0f32aee12$$);
INSERT INTO items(base_item_id, hq) VALUES(2852, false),(2852, true);
INSERT INTO base_items VALUES(2854,$$Woolen Deerstalker$$,$$ウールディアストーカーハット$$,$$Toque en laine$$,$$Woll-Gesellenhut$$,$$f9d4a1e9d5a$$);
INSERT INTO items(base_item_id, hq) VALUES(2854, false),(2854, true);
INSERT INTO base_items VALUES(2855,$$Vintage Jester's Cap$$,$$ヴィンテージジェスターキャップ$$,$$Chapeau de bouffon de collection$$,$$Restaurierte Narrenkappe$$,$$8f2909bf4e6$$);
INSERT INTO items(base_item_id, hq) VALUES(2855, false),(2855, true);
INSERT INTO base_items VALUES(2856,$$Pince-nez$$,$$パンスネ$$,$$Pince-nez$$,$$Zwicker$$,$$5cf8b7963ab$$);
INSERT INTO items(base_item_id, hq) VALUES(2856, false);
INSERT INTO base_items VALUES(2857,$$Electrum Monocle$$,$$モノクル$$,$$Monocle$$,$$Elektrum-Monokel$$,$$2f3f1b24e69$$);
INSERT INTO items(base_item_id, hq) VALUES(2857, false),(2857, true);
INSERT INTO base_items VALUES(2859,$$Cobalt Barbut$$,$$コバルトバルビュート$$,$$Barbute en cobalt$$,$$Koboldeisen-Barbuta$$,$$7c947ba5302$$);
INSERT INTO items(base_item_id, hq) VALUES(2859, false),(2859, true);
INSERT INTO base_items VALUES(2861,$$Cobalt Mesail$$,$$コバルトメセイル$$,$$Mésail en cobalt$$,$$Koboldeisen-Mesailvisier$$,$$855fee3998a$$);
INSERT INTO items(base_item_id, hq) VALUES(2861, false),(2861, true);
INSERT INTO base_items VALUES(2862,$$Raptorskin Pot Helm$$,$$ラプトルポットヘルム$$,$$Heaume en cuir de raptor$$,$$Raptorleder-Kaskett$$,$$a9ef723a26e$$);
INSERT INTO items(base_item_id, hq) VALUES(2862, false),(2862, true);
INSERT INTO base_items VALUES(2870,$$Electrum Circlet (Rubellite)$$,$$エレクトラムサークレット(ルベライト)$$,$$Diadème en électrum (rubellite)$$,$$Rubellit-Elektrumstirnreif$$,$$64e8b27be48$$);
INSERT INTO items(base_item_id, hq) VALUES(2870, false),(2870, true);
INSERT INTO base_items VALUES(2872,$$Electrum Circlet (Zircon)$$,$$エレクトラムサークレット(ジルコン)$$,$$Diadème en électrum (zircon)$$,$$Zirkon-Elektrumstirnreif$$,$$9004875c71c$$);
INSERT INTO items(base_item_id, hq) VALUES(2872, false),(2872, true);
INSERT INTO base_items VALUES(2874,$$Electrum Circlet (Tourmaline)$$,$$エレクトラムサークレット(トルマリン)$$,$$Diadème en électrum (tourmaline)$$,$$Turmalin-Elektrumstirnreif$$,$$587509bec8f$$);
INSERT INTO items(base_item_id, hq) VALUES(2874, false),(2874, true);
INSERT INTO base_items VALUES(2876,$$Electrum Circlet (Amber)$$,$$エレクトラムサークレット(アンバー)$$,$$Diadème en électrum (ambre)$$,$$Bernstein-Elektrumstirnreif$$,$$1bff59ad5f3$$);
INSERT INTO items(base_item_id, hq) VALUES(2876, false),(2876, true);
INSERT INTO base_items VALUES(2878,$$Electrum Circlet (Spinel)$$,$$エレクトラムサークレット(スピネル)$$,$$Diadème en électrum (spinelle)$$,$$Spinell-Elektrumstirnreif$$,$$016f2997635$$);
INSERT INTO items(base_item_id, hq) VALUES(2878, false),(2878, true);
INSERT INTO base_items VALUES(2880,$$Electrum Circlet (Turquoise)$$,$$エレクトラムサークレット(ターコイズ)$$,$$Diadème en électrum (turquoise)$$,$$Türkis-Elektrumstirnreif$$,$$91d79a93aed$$);
INSERT INTO items(base_item_id, hq) VALUES(2880, false),(2880, true);
INSERT INTO base_items VALUES(2882,$$Rainmaker's Hat$$,$$レインメイカーハット$$,$$Chapeau de faiseur de pluie$$,$$Regenmacherhut$$,$$803c8b5a1f6$$);
INSERT INTO items(base_item_id, hq) VALUES(2882, false),(2882, true);
INSERT INTO base_items VALUES(2884,$$Cobalt Chain Coif$$,$$コバルトチェーンコイフ$$,$$Coiffe en mailles de cobalt$$,$$Koboldeisen-Kettenhaube$$,$$971f0616f39$$);
INSERT INTO items(base_item_id, hq) VALUES(2884, false),(2884, true);
INSERT INTO base_items VALUES(2886,$$Felt Beret$$,$$フェルトベレー$$,$$Béret en feutre$$,$$Filzbarett$$,$$0fad82711a3$$);
INSERT INTO items(base_item_id, hq) VALUES(2886, false),(2886, true);
INSERT INTO base_items VALUES(2887,$$Buccaneer's Tricorne$$,$$バッカニアトライコーン$$,$$Tricorne de boucanier$$,$$Korsaren-Dreispitz$$,$$e344b7760b1$$);
INSERT INTO items(base_item_id, hq) VALUES(2887, false);
INSERT INTO base_items VALUES(2888,$$Vintage Coif$$,$$ヴィンテージコイフ$$,$$Coiffe de collection$$,$$Restaurierte Bundhaube$$,$$a8ce4f28941$$);
INSERT INTO items(base_item_id, hq) VALUES(2888, false),(2888, true);
INSERT INTO base_items VALUES(2889,$$Cobalt Celata$$,$$コバルトチェラータ$$,$$Celata en cobalt$$,$$Koboldeisen-Sturmhaube$$,$$89a48bff8e9$$);
INSERT INTO items(base_item_id, hq) VALUES(2889, false),(2889, true);
INSERT INTO base_items VALUES(2891,$$Felt Cavalier's Hat$$,$$フェルトキャバリエハット$$,$$Chapeau de cavalier en feutre$$,$$Filz-Kavaliershut$$,$$a5f543614d9$$);
INSERT INTO items(base_item_id, hq) VALUES(2891, false),(2891, true);
INSERT INTO base_items VALUES(2893,$$Cobalt Sallet$$,$$コバルトサレット$$,$$Sallet en cobalt$$,$$Koboldeisen-Schaller$$,$$d727e8dae01$$);
INSERT INTO items(base_item_id, hq) VALUES(2893, false),(2893, true);
INSERT INTO base_items VALUES(2895,$$Patrician's Wedge Cap$$,$$パトリシアンウェッジキャップ$$,$$Calot de patricien$$,$$Patrizier-Schiffchen$$,$$66dba5ecfa2$$);
INSERT INTO items(base_item_id, hq) VALUES(2895, false),(2895, true);
INSERT INTO base_items VALUES(2896,$$Templar's Chain Coif$$,$$テンプラーチェーンコイフ$$,$$Coiffe en mailles de templier$$,$$Templerkettenhaube$$,$$dba582c8bed$$);
INSERT INTO items(base_item_id, hq) VALUES(2896, false);
INSERT INTO base_items VALUES(2906,$$Harlequin's Cap$$,$$ハーレクインキャップ$$,$$Chapeau d'arlequin$$,$$Mummenschanz-Kappe$$,$$28f4825b0af$$);
INSERT INTO items(base_item_id, hq) VALUES(2906, false);
INSERT INTO base_items VALUES(2911,$$Militia Barbut$$,$$ミリシアバルビュート$$,$$Barbute de milicien$$,$$Miliz-Barbuta$$,$$38f3c3781a1$$);
INSERT INTO items(base_item_id, hq) VALUES(2911, false),(2911, true);
INSERT INTO base_items VALUES(2912,$$Militia Armet$$,$$ミリシアアーメット$$,$$Casque de milicien$$,$$Miliz-Armet$$,$$1a0af874304$$);
INSERT INTO items(base_item_id, hq) VALUES(2912, false),(2912, true);
INSERT INTO base_items VALUES(2913,$$Militia Hat$$,$$ミリシアハット$$,$$Chapeau de milicien$$,$$Miliz-Hut$$,$$a775c6a2985$$);
INSERT INTO items(base_item_id, hq) VALUES(2913, false),(2913, true);
INSERT INTO base_items VALUES(2915,$$Silver Tricorne$$,$$シルバートライコーン$$,$$Tricorne en argent$$,$$Silber-Dreispitz$$,$$ea50dad3e99$$);
INSERT INTO items(base_item_id, hq) VALUES(2915, false),(2915, true);
INSERT INTO base_items VALUES(2919,$$Sentinel's Celata$$,$$センチネルチェラータ$$,$$Celata de sentinelle$$,$$Wächter-Sturmhaube$$,$$70cf8856259$$);
INSERT INTO items(base_item_id, hq) VALUES(2919, false);
INSERT INTO base_items VALUES(2920,$$Carpenter's Hood$$,$$カーペンターフード$$,$$Faluche de menuisier$$,$$Zimmerer-Hut$$,$$a391c564467$$);
INSERT INTO items(base_item_id, hq) VALUES(2920, false),(2920, true);
INSERT INTO base_items VALUES(2921,$$Blacksmith's Goggles$$,$$ブラックスミスゴーグル$$,$$Lunettes de forgeron$$,$$Grobschmied-Schutzbrille$$,$$7981a20d1ca$$);
INSERT INTO items(base_item_id, hq) VALUES(2921, false),(2921, true);
INSERT INTO base_items VALUES(2922,$$Armorer's Visor$$,$$アーモラーバイザー$$,$$Visière d'armurier$$,$$Plattner-Visier$$,$$da16732f2d2$$);
INSERT INTO items(base_item_id, hq) VALUES(2922, false),(2922, true);
INSERT INTO base_items VALUES(2923,$$Goldsmith's Turban$$,$$ゴールドスミスターバン$$,$$Turban d'orfèvre$$,$$Goldschmied-Turban$$,$$592d3963b83$$);
INSERT INTO items(base_item_id, hq) VALUES(2923, false),(2923, true);
INSERT INTO base_items VALUES(2924,$$Leatherworker's Hat$$,$$レザーワーカーハット$$,$$Chapeau de tanneur$$,$$Gerber-Hut$$,$$af8a0197bc0$$);
INSERT INTO items(base_item_id, hq) VALUES(2924, false),(2924, true);
INSERT INTO base_items VALUES(2925,$$Weaver's Gibus$$,$$ウィーバーギブス$$,$$Haut-de-forme de couturier$$,$$Weber-Zylinder$$,$$6cbd22cbff3$$);
INSERT INTO items(base_item_id, hq) VALUES(2925, false),(2925, true);
INSERT INTO base_items VALUES(2926,$$Alchemist's Monocle$$,$$アルケミストモノクル$$,$$Monocle d'alchimiste$$,$$Alchemisten-Monokel$$,$$6d9c611b561$$);
INSERT INTO items(base_item_id, hq) VALUES(2926, false),(2926, true);
INSERT INTO base_items VALUES(2927,$$Culinarian's Hat$$,$$クリナリアンハット$$,$$Chapeau de cuisinier$$,$$Gourmet-Hut$$,$$10d0a77c9dc$$);
INSERT INTO items(base_item_id, hq) VALUES(2927, false),(2927, true);
INSERT INTO base_items VALUES(2928,$$Hamlet Digger's Helmet$$,$$ディガーヘルメット$$,$$Casque de mineur des hameaux$$,$$Weiler-Minenarbeiterhut$$,$$8d4b29f1927$$);
INSERT INTO items(base_item_id, hq) VALUES(2928, false),(2928, true);
INSERT INTO base_items VALUES(2929,$$Hamlet Cutter's Hat$$,$$カッターハット$$,$$Chapeau d'horticulteur des hameaux$$,$$Weiler-Gärtnerhut$$,$$c7a1cfd1061$$);
INSERT INTO items(base_item_id, hq) VALUES(2929, false),(2929, true);
INSERT INTO base_items VALUES(2930,$$Hamlet Puller's Hat$$,$$フィッシャーハット$$,$$Chapeau de pêcheur des hameaux$$,$$Weiler-Fischerhut$$,$$a6a4689c451$$);
INSERT INTO items(base_item_id, hq) VALUES(2930, false),(2930, true);
INSERT INTO base_items VALUES(2931,$$Legionary Visor$$,$$レギオンバイザー$$,$$Visière de légion$$,$$Legions-Visier$$,$$d3559d1b51c$$);
INSERT INTO items(base_item_id, hq) VALUES(2931, false);
INSERT INTO base_items VALUES(2932,$$Rose Gold Circlet$$,$$ローズゴールドサークレット$$,$$Diadème en or rose$$,$$Rosengold-Stirnreif$$,$$e7df358ff87$$);
INSERT INTO items(base_item_id, hq) VALUES(2932, false),(2932, true);
INSERT INTO base_items VALUES(2933,$$Imperial Operative Tricorne$$,$$オペレーティブトライコーン$$,$$Tricorne d'agent impérial$$,$$Agenten-Dreispitz$$,$$09543d07b67$$);
INSERT INTO items(base_item_id, hq) VALUES(2933, false),(2933, true);
INSERT INTO base_items VALUES(2934,$$Imperial Operative Hat$$,$$オペレーティブキャップ$$,$$Chapeau d'agent impérial$$,$$Agenten-Hut$$,$$6c79cfcbb0b$$);
INSERT INTO items(base_item_id, hq) VALUES(2934, false),(2934, true);
INSERT INTO base_items VALUES(2938,$$Gryphonskin Bandana$$,$$ヒッポグリフバンダナ$$,$$Bandana en cuir d'hippogriffe$$,$$Gryphenleder-Bandana$$,$$cbf7415de22$$);
INSERT INTO items(base_item_id, hq) VALUES(2938, false),(2938, true);
INSERT INTO base_items VALUES(2939,$$Gryphonskin Hat$$,$$ヒッポグリフハット$$,$$Chapeau en cuir d'hippogriffe$$,$$Gryphenleder-Hut$$,$$eebc8596c79$$);
INSERT INTO items(base_item_id, hq) VALUES(2939, false),(2939, true);
INSERT INTO base_items VALUES(2940,$$Darksteel Chain Coif$$,$$ダークスチール・チェーンコイフ$$,$$Coiffe en mailles de sombracier$$,$$Dunkelstahl-Kettenhaube$$,$$f3a7d0b6d41$$);
INSERT INTO items(base_item_id, hq) VALUES(2940, false),(2940, true);
INSERT INTO base_items VALUES(2941,$$Vanya Hat of Casting$$,$$ヴァンヤキャスターハット$$,$$Chapeau d'incantateur en soie vanya$$,$$Vanya-Hut der Magie$$,$$93beab75010$$);
INSERT INTO items(base_item_id, hq) VALUES(2941, false),(2941, true);
INSERT INTO base_items VALUES(2942,$$Vanya Hat of Healing$$,$$ヴァンヤヒーラーハット$$,$$Chapeau de soigneur en soie vanya$$,$$Vanya-Hut der Heilung$$,$$7742375f82a$$);
INSERT INTO items(base_item_id, hq) VALUES(2942, false),(2942, true);
INSERT INTO base_items VALUES(2958,$$Hempen Dalmatica$$,$$ダルマティカ$$,$$Dalmatique$$,$$Hanf-Dalmatika$$,$$442a3431e64$$);
INSERT INTO items(base_item_id, hq) VALUES(2958, false),(2958, true);
INSERT INTO base_items VALUES(2959,$$Hempen Dalmatica of Gathering$$,$$ギャザラーダルマティカ$$,$$Dalmatique des ressources$$,$$Hanf-Dalmatika des Eifers$$,$$915977d9a51$$);
INSERT INTO items(base_item_id, hq) VALUES(2959, false),(2959, true);
INSERT INTO base_items VALUES(2960,$$Hempen Tunic$$,$$チュニック$$,$$Tunique$$,$$Hanftunika$$,$$d65e0dd3621$$);
INSERT INTO items(base_item_id, hq) VALUES(2960, false),(2960, true);
INSERT INTO base_items VALUES(2961,$$Hempen Kurta$$,$$クルタ$$,$$Gonelle$$,$$Hanf-Kurta$$,$$d1bdb98785b$$);
INSERT INTO items(base_item_id, hq) VALUES(2961, false),(2961, true);
INSERT INTO base_items VALUES(2965,$$Dream Tunic$$,$$ドリームチュニック$$,$$Tunique onirique$$,$$Wünscheltunika$$,$$ebd6c235e11$$);
INSERT INTO items(base_item_id, hq) VALUES(2965, false),(2965, true);
INSERT INTO base_items VALUES(2983,$$Hyuran Tunic$$,$$ヒューランチュニック$$,$$Tunique hyure$$,$$Hyuran-Tunika$$,$$4d33e2eee4a$$);
INSERT INTO items(base_item_id, hq) VALUES(2983, false);
INSERT INTO base_items VALUES(2984,$$Hyuran Chemisette$$,$$ヒューランシュミゼット$$,$$Chemisette hyure$$,$$Hyuran-Chemisette$$,$$1eada31c28b$$);
INSERT INTO items(base_item_id, hq) VALUES(2984, false);
INSERT INTO base_items VALUES(2985,$$Elezen Surcoat$$,$$エレゼンサーコート$$,$$Surcot élézen$$,$$Elezen-Waffenrock$$,$$c7c3e8ec95e$$);
INSERT INTO items(base_item_id, hq) VALUES(2985, false);
INSERT INTO base_items VALUES(2986,$$Elezen Gown$$,$$エレゼンガウン$$,$$Robe élézenne$$,$$Elezen-Talar$$,$$8624df30028$$);
INSERT INTO items(base_item_id, hq) VALUES(2986, false);
INSERT INTO base_items VALUES(2987,$$Lalafellin Tunic$$,$$ララフェルチュニック$$,$$Tunique lalafelle$$,$$Lalafell-Tunika$$,$$41ee1551407$$);
INSERT INTO items(base_item_id, hq) VALUES(2987, false);
INSERT INTO base_items VALUES(2988,$$Lalafellin Kaftan$$,$$ララフェルカフタン$$,$$Caftan lalafell$$,$$Lalafell-Kaftan$$,$$53b2d7504a1$$);
INSERT INTO items(base_item_id, hq) VALUES(2988, false);
INSERT INTO base_items VALUES(2989,$$Miqo'te Vest$$,$$ミコッテベスト$$,$$Paletot miqo'te$$,$$Miqo'te-Weste$$,$$6c179ff4fec$$);
INSERT INTO items(base_item_id, hq) VALUES(2989, false);
INSERT INTO base_items VALUES(2990,$$Miqo'te Separates$$,$$ミコッテセパレーツ$$,$$Vêture miqo'te$$,$$Miqo'te-Zweiteiler$$,$$f27b0477a2a$$);
INSERT INTO items(base_item_id, hq) VALUES(2990, false);
INSERT INTO base_items VALUES(2991,$$Roegadyn Harness$$,$$ルガディンハーネス$$,$$Harnais roegadyn$$,$$Roegadyn-Gurtzeug$$,$$bae1152cd95$$);
INSERT INTO items(base_item_id, hq) VALUES(2991, false);
INSERT INTO base_items VALUES(2992,$$Roegadyn Bodice$$,$$ルガディンボディス$$,$$Corselet roegadyn$$,$$Roegadyn-Mieder$$,$$0936dd73d5d$$);
INSERT INTO items(base_item_id, hq) VALUES(2992, false);
INSERT INTO base_items VALUES(2996,$$Hempen Undershirt$$,$$アンダーシャツ$$,$$Maillot$$,$$Hanfmuskelshirt$$,$$bd9a9c0e3a5$$);
INSERT INTO items(base_item_id, hq) VALUES(2996, false),(2996, true);
INSERT INTO base_items VALUES(2997,$$Hempen Camise$$,$$カミーズ$$,$$Dos-nu$$,$$Hanfunterhemd$$,$$e1bea4d7705$$);
INSERT INTO items(base_item_id, hq) VALUES(2997, false),(2997, true);
INSERT INTO base_items VALUES(2998,$$Frayed Cotton Doublet Vest$$,$$オールドダブレットベスト$$,$$Gilet doublet effiloché$$,$$Ausgefranste Baumwollweste$$,$$2546898d752$$);
INSERT INTO items(base_item_id, hq) VALUES(2998, false);
INSERT INTO base_items VALUES(2999,$$Hempen Tabard$$,$$タバード$$,$$Tabard$$,$$Hanfwappenrock$$,$$f014c4b7e3c$$);
INSERT INTO items(base_item_id, hq) VALUES(2999, false),(2999, true);
INSERT INTO base_items VALUES(3000,$$Hempen Cowl$$,$$カウル$$,$$Coule$$,$$Hanfkukulle$$,$$122cb291cc1$$);
INSERT INTO items(base_item_id, hq) VALUES(3000, false),(3000, true);
INSERT INTO base_items VALUES(3001,$$Hempen Shepherd's Tunic$$,$$シェパードチュニック$$,$$Tunique de berger$$,$$Hanf-Schäfertunika$$,$$4f2a74452b6$$);
INSERT INTO items(base_item_id, hq) VALUES(3001, false),(3001, true);
INSERT INTO base_items VALUES(3008,$$Hempen Acton$$,$$アクトン$$,$$Doublet armant$$,$$Hanf-Gambeson$$,$$8f59548241c$$);
INSERT INTO items(base_item_id, hq) VALUES(3008, false),(3008, true);
INSERT INTO base_items VALUES(3009,$$Moth-eaten Coatee$$,$$オールドコーティー$$,$$Boléro déchiré$$,$$Mottenzerfressener Spenzer$$,$$607d9166b38$$);
INSERT INTO items(base_item_id, hq) VALUES(3009, false);
INSERT INTO base_items VALUES(3010,$$Hempen Halfrobe$$,$$ハーフローブ$$,$$Robe courte$$,$$Hanfhalbrobe$$,$$8005d56adb5$$);
INSERT INTO items(base_item_id, hq) VALUES(3010, false),(3010, true);
INSERT INTO base_items VALUES(3011,$$Bronze Haubergeon$$,$$ホーバージョン$$,$$Haubergeon$$,$$Bronze-Hauberk$$,$$bb7235c9775$$);
INSERT INTO items(base_item_id, hq) VALUES(3011, false),(3011, true);
INSERT INTO base_items VALUES(3012,$$Stained Chef's Apron$$,$$オールドシェフズエプロン$$,$$Tablier de chef taché$$,$$Verschlissene Kochtunika$$,$$c4ed8ea9b72$$);
INSERT INTO items(base_item_id, hq) VALUES(3012, false);
INSERT INTO base_items VALUES(3013,$$Amateur's Doublet Vest$$,$$アマチュアダブレットベスト$$,$$Gilet doublet d'amateur$$,$$Laienweste$$,$$83f54d7a48d$$);
INSERT INTO items(base_item_id, hq) VALUES(3013, false),(3013, true);
INSERT INTO base_items VALUES(3014,$$Amateur's Kurta$$,$$アマチュアクルタ$$,$$Gonelle d'amateur$$,$$Laien-Kurta$$,$$1fcc8ab750f$$);
INSERT INTO items(base_item_id, hq) VALUES(3014, false),(3014, true);
INSERT INTO base_items VALUES(3015,$$Amateur's Dalmatica$$,$$アマチュアダルマティカ$$,$$Dalmatique d'amateur$$,$$Laien-Dalmatika$$,$$019305b4ff1$$);
INSERT INTO items(base_item_id, hq) VALUES(3015, false),(3015, true);
INSERT INTO base_items VALUES(3016,$$Leather Jacket$$,$$ジャケット$$,$$Jaque$$,$$Lederrüstung$$,$$fb58954937c$$);
INSERT INTO items(base_item_id, hq) VALUES(3016, false),(3016, true);
INSERT INTO base_items VALUES(3017,$$Hard Leather Harness$$,$$ハーネス$$,$$Harnais$$,$$Juchleder-Gurtzeug$$,$$a7614bed344$$);
INSERT INTO items(base_item_id, hq) VALUES(3017, false),(3017, true);
INSERT INTO base_items VALUES(3018,$$Hempen Robe$$,$$ローブ$$,$$Robe$$,$$Hanf-Robe$$,$$a784b0f914e$$);
INSERT INTO items(base_item_id, hq) VALUES(3018, false),(3018, true);
INSERT INTO base_items VALUES(3019,$$Hempen Doublet Vest of Crafting$$,$$クラフターダブレットベスト$$,$$Gilet doublet des créations$$,$$Hanfweste des Handwerks$$,$$6960329d7e8$$);
INSERT INTO items(base_item_id, hq) VALUES(3019, false),(3019, true);
INSERT INTO base_items VALUES(3020,$$Hempen Doublet Vest of Gathering$$,$$ギャザラーダブレットベスト$$,$$Gilet doublet des ressources$$,$$Hanfweste der Ernte$$,$$3c81d536525$$);
INSERT INTO items(base_item_id, hq) VALUES(3020, false),(3020, true);
INSERT INTO base_items VALUES(3021,$$Blackened Scale Mail$$,$$オールドスケイルメイル$$,$$Armure d'écailles rouillée$$,$$Angelaufener Schuppenpanzer$$,$$a1b7b8bb937$$);
INSERT INTO items(base_item_id, hq) VALUES(3021, false);
INSERT INTO base_items VALUES(3022,$$Cotton Shirt$$,$$コットンシャツ$$,$$Chemise en coton$$,$$Baumwollhemd$$,$$4b309b30dbb$$);
INSERT INTO items(base_item_id, hq) VALUES(3022, false),(3022, true);
INSERT INTO base_items VALUES(3023,$$Cotton Shepherd's Tunic$$,$$コットンシェパードチュニック$$,$$Tunique de berger en coton$$,$$Baumwoll-Schäfertunika$$,$$6e2ae9d5ea5$$);
INSERT INTO items(base_item_id, hq) VALUES(3023, false),(3023, true);
INSERT INTO base_items VALUES(3024,$$Cotton Cowl$$,$$コットンカウル$$,$$Coule en coton$$,$$Baumwollkukulle$$,$$36d014c8772$$);
INSERT INTO items(base_item_id, hq) VALUES(3024, false),(3024, true);
INSERT INTO base_items VALUES(3026,$$Bronze Cuirass$$,$$キュイラス$$,$$Cuirasse$$,$$Bronzekürass$$,$$4b48276bdfb$$);
INSERT INTO items(base_item_id, hq) VALUES(3026, false),(3026, true);
INSERT INTO base_items VALUES(3028,$$Cotton Tabard$$,$$コットンタバード$$,$$Tabard en coton$$,$$Baumwoll-Wappenrock$$,$$c7947fcc032$$);
INSERT INTO items(base_item_id, hq) VALUES(3028, false),(3028, true);
INSERT INTO base_items VALUES(3030,$$Plundered Jacket$$,$$プランダードジャケット$$,$$Jaque pillée$$,$$Geplünderte Jacke$$,$$520777fd11b$$);
INSERT INTO items(base_item_id, hq) VALUES(3030, false);
INSERT INTO base_items VALUES(3031,$$Plundered Haubergeon$$,$$プランダードホーバージョン$$,$$Haubergeon pillé$$,$$Geplündertes Hauberk$$,$$cb6d55d7a80$$);
INSERT INTO items(base_item_id, hq) VALUES(3031, false);
INSERT INTO base_items VALUES(3032,$$Plundered Bliaud$$,$$プランダードブリオー$$,$$Bliaud pillé$$,$$Geplündertes Bliaud$$,$$a4501933d0d$$);
INSERT INTO items(base_item_id, hq) VALUES(3032, false);
INSERT INTO base_items VALUES(3033,$$Plundered Cuirass$$,$$プランダードキュイラス$$,$$Cuirasse pillée$$,$$Geplünderter Bronzekürass$$,$$c932b84cd4d$$);
INSERT INTO items(base_item_id, hq) VALUES(3033, false);
INSERT INTO base_items VALUES(3036,$$Cotton Dalmatica$$,$$コットンダルマティカ$$,$$Dalmatique en coton$$,$$Baumwoll-Dalmatika$$,$$523459e4e7c$$);
INSERT INTO items(base_item_id, hq) VALUES(3036, false),(3036, true);
INSERT INTO base_items VALUES(3038,$$Cotton Dalmatica of Gathering$$,$$コットンギャザラーダルマティカ$$,$$Dalmatique des ressources en coton$$,$$Baumwoll-Dalmatika des Eifers$$,$$b0ff98cc419$$);
INSERT INTO items(base_item_id, hq) VALUES(3038, false),(3038, true);
INSERT INTO base_items VALUES(3039,$$Cotton Acton$$,$$コットンアクトン$$,$$Doublet armant en coton$$,$$Baumwoll-Gambeson$$,$$9e4fe942bf8$$);
INSERT INTO items(base_item_id, hq) VALUES(3039, false),(3039, true);
INSERT INTO base_items VALUES(3041,$$Cotton Kurta$$,$$コットンクルタ$$,$$Gonelle en coton$$,$$Baumwoll-Kurta$$,$$3e207014002$$);
INSERT INTO items(base_item_id, hq) VALUES(3041, false),(3041, true);
INSERT INTO base_items VALUES(3043,$$Goatskin Jacket$$,$$アルドゴートジャケット$$,$$Jaque en cuir de bouquetin$$,$$Steinbockleder-Rüstung$$,$$bdc6254c2cc$$);
INSERT INTO items(base_item_id, hq) VALUES(3043, false),(3043, true);
INSERT INTO base_items VALUES(3045,$$Iron Cuirass$$,$$アイアンキュイラス$$,$$Cuirasse en fer$$,$$Eisenkürass$$,$$e0809678a9b$$);
INSERT INTO items(base_item_id, hq) VALUES(3045, false),(3045, true);
INSERT INTO base_items VALUES(3050,$$Cotton Halfrobe$$,$$コットンハーフローブ$$,$$Robe courte en coton$$,$$Baumwollhalbrobe$$,$$481569f6b36$$);
INSERT INTO items(base_item_id, hq) VALUES(3050, false),(3050, true);
INSERT INTO base_items VALUES(3052,$$Cotton Doublet Vest of Crafting$$,$$コットン・クラフターダブレットベスト$$,$$Gilet doublet des créations en coton$$,$$Baumwollweste des Handwerks$$,$$893bee486df$$);
INSERT INTO items(base_item_id, hq) VALUES(3052, false),(3052, true);
INSERT INTO base_items VALUES(3053,$$Cotton Doublet Vest of Gathering$$,$$コットン・ギャザラーダブレットベスト$$,$$Gilet doublet des ressources en coton$$,$$Baumwollweste der Ernte$$,$$7c76c2e3f45$$);
INSERT INTO items(base_item_id, hq) VALUES(3053, false),(3053, true);
INSERT INTO base_items VALUES(3054,$$Doctore's Chainmail$$,$$ドクトルチェーンメイル$$,$$Cotte de mailles de laniste$$,$$Doctoren-Kettenrüstung$$,$$c976c270750$$);
INSERT INTO items(base_item_id, hq) VALUES(3054, false);
INSERT INTO base_items VALUES(3055,$$Doctore's Harness$$,$$ドクトルハーネス$$,$$Harnais de laniste$$,$$Doctoren-Gurtzeug$$,$$5edeecd373e$$);
INSERT INTO items(base_item_id, hq) VALUES(3055, false);
INSERT INTO base_items VALUES(3056,$$Doctore's Robe$$,$$ドクトルローブ$$,$$Robe de laniste$$,$$Doctoren-Robe$$,$$c3a56da90b8$$);
INSERT INTO items(base_item_id, hq) VALUES(3056, false);
INSERT INTO base_items VALUES(3057,$$Iron Scale Mail$$,$$アイアンスケイルメイル$$,$$Armure d'écailles en fer$$,$$Eisen-Schuppenpanzer$$,$$de97fbef8e9$$);
INSERT INTO items(base_item_id, hq) VALUES(3057, false),(3057, true);
INSERT INTO base_items VALUES(3059,$$Ripped Haubergeon$$,$$オールドホーバージョン$$,$$Haubergeon rouillé$$,$$Rostiges Eisen-Hauberk$$,$$bc43d05009a$$);
INSERT INTO items(base_item_id, hq) VALUES(3059, false);
INSERT INTO base_items VALUES(3060,$$Cotton Trapper's Tunic$$,$$コットントラッパーチュニック$$,$$Tunique de tir en coton$$,$$Baumwoll-Schützentunika$$,$$6b5ffad4878$$);
INSERT INTO items(base_item_id, hq) VALUES(3060, false),(3060, true);
INSERT INTO base_items VALUES(3062,$$Cotton Robe$$,$$コットンローブ$$,$$Robe en coton$$,$$Baumwoll-Robe$$,$$682a8f52bfa$$);
INSERT INTO items(base_item_id, hq) VALUES(3062, false),(3062, true);
INSERT INTO base_items VALUES(3064,$$Initiate's Doublet Vest$$,$$イニシエートダブレットベスト$$,$$Gilet doublet d'initié$$,$$Anfängerweste$$,$$8fdc548a554$$);
INSERT INTO items(base_item_id, hq) VALUES(3064, false),(3064, true);
INSERT INTO base_items VALUES(3065,$$Initiate's Gown$$,$$イニシエートガウン$$,$$Peignoir d'initié$$,$$Anfängertalar$$,$$1023e2cafd2$$);
INSERT INTO items(base_item_id, hq) VALUES(3065, false),(3065, true);
INSERT INTO base_items VALUES(3066,$$Velveteen Shirt$$,$$ベルベティーンシャツ$$,$$Chemise en veloutine$$,$$Samthemd$$,$$6effea1bca4$$);
INSERT INTO items(base_item_id, hq) VALUES(3066, false),(3066, true);
INSERT INTO base_items VALUES(3068,$$Heavy Iron Armor$$,$$ヘヴィアイアンアーマー$$,$$Armure lourde en fer$$,$$Schwere Eisenrüstung$$,$$14767085060$$);
INSERT INTO items(base_item_id, hq) VALUES(3068, false),(3068, true);
INSERT INTO base_items VALUES(3076,$$Vintage Coatee$$,$$ヴィンテージコーティー$$,$$Boléro de collection$$,$$Restaurierter Spenzer$$,$$34709240f69$$);
INSERT INTO items(base_item_id, hq) VALUES(3076, false),(3076, true);
INSERT INTO base_items VALUES(3077,$$Velveteen Coatee of Crafting$$,$$ベルベティーンクラフターコーティー$$,$$Boléro des créations en veloutine$$,$$Samt-Spenzer des Handwerks$$,$$ce1674993bf$$);
INSERT INTO items(base_item_id, hq) VALUES(3077, false),(3077, true);
INSERT INTO base_items VALUES(3090,$$Velveteen Cowl$$,$$ベルベティーンカウル$$,$$Coule en veloutine$$,$$Samtkukulle$$,$$c533cac0365$$);
INSERT INTO items(base_item_id, hq) VALUES(3090, false),(3090, true);
INSERT INTO base_items VALUES(3092,$$Velveteen Coatee of Gathering$$,$$ベルベティーンギャザラーコーティー$$,$$Boléro des ressources en veloutine$$,$$Samt-Spenzer der Ernte$$,$$74e2409e96c$$);
INSERT INTO items(base_item_id, hq) VALUES(3092, false),(3092, true);
INSERT INTO base_items VALUES(3096,$$Steel Chainmail$$,$$スチールチェーンメイル$$,$$Cotte de mailles en acier$$,$$Stahlkettenrüstung$$,$$c4aec3a06fd$$);
INSERT INTO items(base_item_id, hq) VALUES(3096, false),(3096, true);
INSERT INTO base_items VALUES(3098,$$Moth-eaten Seneschal Coatee$$,$$オールドセネシャルコーティー$$,$$Boléro de sénéchal déchiré$$,$$Mottenzerfressener Seneschall-Spenzer$$,$$165b69a15f3$$);
INSERT INTO items(base_item_id, hq) VALUES(3098, false);
INSERT INTO base_items VALUES(3099,$$Toadskin Jerkin$$,$$トードジャーキン$$,$$Pourpoint en cuir de crapaud$$,$$Krötenleder-Jerkin$$,$$6f59cef39ee$$);
INSERT INTO items(base_item_id, hq) VALUES(3099, false),(3099, true);
INSERT INTO base_items VALUES(3100,$$Toadskin Jacket$$,$$トードジャケット$$,$$Jaque en cuir de crapaud$$,$$Krötenlederrüstung$$,$$e30fd16688b$$);
INSERT INTO items(base_item_id, hq) VALUES(3100, false),(3100, true);
INSERT INTO base_items VALUES(3102,$$Steel Cuirass$$,$$スチールキュイラス$$,$$Cuirasse en acier$$,$$Stahlkürass$$,$$68f05060fa1$$);
INSERT INTO items(base_item_id, hq) VALUES(3102, false),(3102, true);
INSERT INTO base_items VALUES(3104,$$Velveteen Gown$$,$$ベルベティーンガウン$$,$$Peignoir en veloutine$$,$$Samttalar$$,$$790bb133e86$$);
INSERT INTO items(base_item_id, hq) VALUES(3104, false),(3104, true);
INSERT INTO base_items VALUES(3105,$$Vintage Doublet Vest$$,$$ヴィンテージダブレットベスト$$,$$Gilet doublet de collection$$,$$Restaurierte Baumwollweste$$,$$b50ecca6a5e$$);
INSERT INTO items(base_item_id, hq) VALUES(3105, false),(3105, true);
INSERT INTO base_items VALUES(3106,$$Velveteen Robe$$,$$ベルベティーンハーフローブ$$,$$Robe en veloutine$$,$$Samthalbrobe$$,$$8b77d22ed17$$);
INSERT INTO items(base_item_id, hq) VALUES(3106, false),(3106, true);
INSERT INTO base_items VALUES(3108,$$Tattered Robe$$,$$オールドローブ$$,$$Robe déchirée$$,$$Zerlumpte Robe$$,$$cf5320b503a$$);
INSERT INTO items(base_item_id, hq) VALUES(3108, false);
INSERT INTO base_items VALUES(3118,$$Steel Scale Mail$$,$$スチールスケイルメイル$$,$$Armure d'écailles en acier$$,$$Stahl-Schuppenpanzer$$,$$eece0cea2bf$$);
INSERT INTO items(base_item_id, hq) VALUES(3118, false),(3118, true);
INSERT INTO base_items VALUES(3120,$$Velveteen Doublet Vest of Crafting$$,$$ベルベティーン・クラフターダブレットベスト$$,$$Gilet doublet des créations en veloutine$$,$$Samtweste des Handwerks$$,$$db68cf7f068$$);
INSERT INTO items(base_item_id, hq) VALUES(3120, false),(3120, true);
INSERT INTO base_items VALUES(3121,$$Velveteen Doublet Vest of Gathering$$,$$ベルベティーン・ギャザラーダブレットベスト$$,$$Gilet doublet des ressources en veloutine$$,$$Samtweste der Ernte$$,$$a2346f998ef$$);
INSERT INTO items(base_item_id, hq) VALUES(3121, false),(3121, true);
INSERT INTO base_items VALUES(3125,$$Linen Shirt$$,$$リネンシャツ$$,$$Chemise en lin$$,$$Leinenhemd$$,$$826d99bc335$$);
INSERT INTO items(base_item_id, hq) VALUES(3125, false),(3125, true);
INSERT INTO base_items VALUES(3127,$$Heavy Steel Armor$$,$$ヘヴィスチールアーマー$$,$$Armure lourde en acier$$,$$Schwere Stahlrüstung$$,$$7edcfa06e8e$$);
INSERT INTO items(base_item_id, hq) VALUES(3127, false),(3127, true);
INSERT INTO base_items VALUES(3129,$$Apprentice's Doublet$$,$$アプレンティスダブレット$$,$$Doublet d'apprenti$$,$$Lehrlings-Samtweste$$,$$48d43e47fb6$$);
INSERT INTO items(base_item_id, hq) VALUES(3129, false);
INSERT INTO base_items VALUES(3130,$$Apprentice's Smock$$,$$アプレンティススモック$$,$$Sarrau d'apprenti$$,$$Lehrlingskittel$$,$$f5b15f5684f$$);
INSERT INTO items(base_item_id, hq) VALUES(3130, false);
INSERT INTO base_items VALUES(3131,$$Linen Robe$$,$$リネンローブ$$,$$Robe en lin$$,$$Leinenrobe$$,$$b0bbabec6f5$$);
INSERT INTO items(base_item_id, hq) VALUES(3131, false),(3131, true);
INSERT INTO base_items VALUES(3137,$$Vintage Chef's Apron$$,$$ヴィンテージシェフズエプロン$$,$$Tablier de chef de collection$$,$$Restaurierte Kochtunika$$,$$af44770338a$$);
INSERT INTO items(base_item_id, hq) VALUES(3137, false),(3137, true);
INSERT INTO base_items VALUES(3138,$$Boarskin Harness$$,$$ボアハーネス$$,$$Harnais en cuir de sanglier$$,$$Keilerleder-Gurtzeug$$,$$95dd9c7e580$$);
INSERT INTO items(base_item_id, hq) VALUES(3138, false),(3138, true);
INSERT INTO base_items VALUES(3140,$$Linen Cowl$$,$$リネンカウル$$,$$Coule en lin$$,$$Leinenkukulle$$,$$6a4a88352ac$$);
INSERT INTO items(base_item_id, hq) VALUES(3140, false),(3140, true);
INSERT INTO base_items VALUES(3142,$$Horn Scale Mail$$,$$ホーンスケイルメイル$$,$$Armure d'écailles en corne$$,$$Knochen-Schuppenpanzer$$,$$32656b374c8$$);
INSERT INTO items(base_item_id, hq) VALUES(3142, false),(3142, true);
INSERT INTO base_items VALUES(3144,$$Linen Coatee of Crafting$$,$$リネンクラフターコーティー$$,$$Boléro des créations en lin$$,$$Leinen-Spenzer des Handwerks$$,$$643da9d8dc7$$);
INSERT INTO items(base_item_id, hq) VALUES(3144, false),(3144, true);
INSERT INTO base_items VALUES(3145,$$Linen Coatee of Gathering$$,$$リネンギャザラーコーティー$$,$$Boléro des ressources en lin$$,$$Leinen-Spenzer der Ernte$$,$$bb4784107b7$$);
INSERT INTO items(base_item_id, hq) VALUES(3145, false),(3145, true);
INSERT INTO base_items VALUES(3146,$$Linen Bliaud$$,$$リネンブリオー$$,$$Bliaud en lin$$,$$Leinen-Bliaud$$,$$c61f2fda09d$$);
INSERT INTO items(base_item_id, hq) VALUES(3146, false),(3146, true);
INSERT INTO base_items VALUES(3147,$$Woolen Shirt$$,$$ウールシャツ$$,$$Chemise en laine$$,$$Wollhemd$$,$$0d0cdadb56a$$);
INSERT INTO items(base_item_id, hq) VALUES(3147, false),(3147, true);
INSERT INTO base_items VALUES(3149,$$Mythril Cuirass$$,$$ミスリルキュイラス$$,$$Cuirasse en mithril$$,$$Mithrilkürass$$,$$299daf1dc25$$);
INSERT INTO items(base_item_id, hq) VALUES(3149, false),(3149, true);
INSERT INTO base_items VALUES(3160,$$Woolen Robe$$,$$ウールローブ$$,$$Robe en laine$$,$$Wollrobe$$,$$e13b530de06$$);
INSERT INTO items(base_item_id, hq) VALUES(3160, false),(3160, true);
INSERT INTO base_items VALUES(3162,$$Linen Smock$$,$$スモック$$,$$Sarrau$$,$$Leinenkittel$$,$$7acbde32e80$$);
INSERT INTO items(base_item_id, hq) VALUES(3162, false),(3162, true);
INSERT INTO base_items VALUES(3163,$$Linen Doublet$$,$$リネンダブレット$$,$$Doublet en lin$$,$$Leinenwams$$,$$0c74ea69c41$$);
INSERT INTO items(base_item_id, hq) VALUES(3163, false),(3163, true);
INSERT INTO base_items VALUES(3164,$$Vintage Scale Mail$$,$$ヴィンテージスケイルメイル$$,$$Armure d'écailles de collection$$,$$Restaurierter Schuppenpanzer$$,$$43220e340a4$$);
INSERT INTO items(base_item_id, hq) VALUES(3164, false),(3164, true);
INSERT INTO base_items VALUES(3165,$$Peisteskin Harness$$,$$ペイストハーネス$$,$$Harnais en cuir de peiste$$,$$Basiliskenleder-Gurtzeug$$,$$bbf1597fb25$$);
INSERT INTO items(base_item_id, hq) VALUES(3165, false),(3165, true);
INSERT INTO base_items VALUES(3167,$$Explorer's Tunic$$,$$エクスプローラーチュニック$$,$$Tunique d'explorateur$$,$$Entdecker-Tunika$$,$$948daedaa15$$);
INSERT INTO items(base_item_id, hq) VALUES(3167, false);
INSERT INTO base_items VALUES(3168,$$Veteran's Acton$$,$$ベテランアクトン$$,$$Doublet armant de vétéran$$,$$Veteranen-Gambeson$$,$$150ad957cd4$$);
INSERT INTO items(base_item_id, hq) VALUES(3168, false);
INSERT INTO base_items VALUES(3170,$$Explorer's Tabard$$,$$エクスプローラータバード$$,$$Tabard d'explorateur$$,$$Entdecker-Wappenrock$$,$$35d1997bb02$$);
INSERT INTO items(base_item_id, hq) VALUES(3170, false);
INSERT INTO base_items VALUES(3171,$$Mage's Halfrobe$$,$$メイジハーフローブ$$,$$Robe courte de magisme$$,$$Magier-Halbrobe$$,$$d2c013e060d$$);
INSERT INTO items(base_item_id, hq) VALUES(3171, false);
INSERT INTO base_items VALUES(3172,$$Ranger's Tunic$$,$$レンジャーチュニック$$,$$Tunique de chasseur$$,$$Förstertunika$$,$$ecf0a67f936$$);
INSERT INTO items(base_item_id, hq) VALUES(3172, false),(3172, true);
INSERT INTO base_items VALUES(3174,$$Mythril Haubergeon$$,$$ミスリルホーバージョン$$,$$Haubergeon en mithril$$,$$Mithril-Hauberk$$,$$602e2c14976$$);
INSERT INTO items(base_item_id, hq) VALUES(3174, false),(3174, true);
INSERT INTO base_items VALUES(3176,$$Woolen Gown$$,$$ウールガウン$$,$$Peignoir en laine$$,$$Wolltalar$$,$$c881ca92201$$);
INSERT INTO items(base_item_id, hq) VALUES(3176, false),(3176, true);
INSERT INTO base_items VALUES(3177,$$Boarskin Jerkin$$,$$ボアジャーキン$$,$$Pourpoint en cuir de sanglier$$,$$Keilerleder-Jerkin$$,$$1d32d738057$$);
INSERT INTO items(base_item_id, hq) VALUES(3177, false),(3177, true);
INSERT INTO base_items VALUES(3178,$$Woolen Bliaud$$,$$ブリオー$$,$$Bliaud$$,$$Woll-Bliaud$$,$$3e3d494a1a5$$);
INSERT INTO items(base_item_id, hq) VALUES(3178, false),(3178, true);
INSERT INTO base_items VALUES(3180,$$High Mythril Armor$$,$$ヘヴィミスリルアーマー$$,$$Armure lourde en mithril$$,$$Mithril-Körperpanzer$$,$$4b09820432f$$);
INSERT INTO items(base_item_id, hq) VALUES(3180, false),(3180, true);
INSERT INTO base_items VALUES(3182,$$Vintage Seneschal Coatee$$,$$ヴィンテージセネシャルコーティー$$,$$Boléro de sénéchal de collection$$,$$Restaurierter Seneschall-Spenzer$$,$$2253f2d6b35$$);
INSERT INTO items(base_item_id, hq) VALUES(3182, false),(3182, true);
INSERT INTO base_items VALUES(3183,$$Tortoiseshell Scale Mail$$,$$トータススケイルメイル$$,$$Armure d'écailles de tortue$$,$$Schildpatt-Schuppenpanzer$$,$$b919c3659c7$$);
INSERT INTO items(base_item_id, hq) VALUES(3183, false),(3183, true);
INSERT INTO base_items VALUES(3185,$$Felt Robe$$,$$フェルトローブ$$,$$Robe en feutre$$,$$Filzrobe$$,$$f3cac383e06$$);
INSERT INTO items(base_item_id, hq) VALUES(3185, false),(3185, true);
INSERT INTO base_items VALUES(3187,$$Woolen Smock$$,$$ウールスモック$$,$$Sarrau en laine$$,$$Wollkittel$$,$$3570d193074$$);
INSERT INTO items(base_item_id, hq) VALUES(3187, false),(3187, true);
INSERT INTO base_items VALUES(3188,$$Woolen Doublet$$,$$ウールダブレット$$,$$Doublet en laine$$,$$Wollwams$$,$$07d16132417$$);
INSERT INTO items(base_item_id, hq) VALUES(3188, false),(3188, true);
INSERT INTO base_items VALUES(3189,$$Coliseum Galerus$$,$$コロセウムガレルース$$,$$Épaulière du Colisée$$,$$Kolosseum-Galerus$$,$$3ead997bd5c$$);
INSERT INTO items(base_item_id, hq) VALUES(3189, false);
INSERT INTO base_items VALUES(3190,$$Coliseum Shawl$$,$$コロセウムショール$$,$$Pelisse du Colisée$$,$$Kolosseum-Stola$$,$$ff556b25722$$);
INSERT INTO items(base_item_id, hq) VALUES(3190, false);
INSERT INTO base_items VALUES(3191,$$Raptorskin Harness$$,$$ラプトルハーネス$$,$$Harnais en cuir de raptor$$,$$Raptorleder-Gurtzeug$$,$$0ac1d1023a8$$);
INSERT INTO items(base_item_id, hq) VALUES(3191, false),(3191, true);
INSERT INTO base_items VALUES(3193,$$Woolen Cowl$$,$$ウールカウル$$,$$Coule en laine$$,$$Wollkukulle$$,$$7d0a0491467$$);
INSERT INTO items(base_item_id, hq) VALUES(3193, false),(3193, true);
INSERT INTO base_items VALUES(3201,$$Rainmaker's Tunic$$,$$レインメイカーチュニック$$,$$Tunique de faiseur de pluie$$,$$Regenmachertunika$$,$$b6812ed1ba5$$);
INSERT INTO items(base_item_id, hq) VALUES(3201, false),(3201, true);
INSERT INTO base_items VALUES(3203,$$Cobalt Haubergeon$$,$$コバルトホーバージョン$$,$$Haubergeon en cobalt$$,$$Koboldeisen-Hauberk$$,$$c345a1363e3$$);
INSERT INTO items(base_item_id, hq) VALUES(3203, false),(3203, true);
INSERT INTO base_items VALUES(3205,$$Felt Gown$$,$$フェルトガウン$$,$$Peignoir en feutre$$,$$Filztalar$$,$$8b413b7fa58$$);
INSERT INTO items(base_item_id, hq) VALUES(3205, false),(3205, true);
INSERT INTO base_items VALUES(3206,$$Raptorskin Jerkin$$,$$ラプトルジャーキン$$,$$Pourpoint en cuir de raptor$$,$$Raptorleder-Jerkin$$,$$40ff1ff015e$$);
INSERT INTO items(base_item_id, hq) VALUES(3206, false),(3206, true);
INSERT INTO base_items VALUES(3207,$$Buccaneer's Shirt$$,$$バッカニアシャツ$$,$$Chemise de boucanier$$,$$Korsarenhemd$$,$$dbeab4bdfb2$$);
INSERT INTO items(base_item_id, hq) VALUES(3207, false);
INSERT INTO base_items VALUES(3208,$$Vintage Robe$$,$$ヴィンテージローブ$$,$$Robe de collection$$,$$Restaurierte Robe$$,$$cd22d9cf881$$);
INSERT INTO items(base_item_id, hq) VALUES(3208, false),(3208, true);
INSERT INTO base_items VALUES(3209,$$Cobalt Cuirass$$,$$コバルトキュイラス$$,$$Cuirasse en cobalt$$,$$Koboldeisenkürass$$,$$19c6efe2b96$$);
INSERT INTO items(base_item_id, hq) VALUES(3209, false),(3209, true);
INSERT INTO base_items VALUES(3211,$$Felt Bliaud$$,$$フェルトブリオー$$,$$Bliaud en feutre$$,$$Filz-Bliaud$$,$$aab0519f203$$);
INSERT INTO items(base_item_id, hq) VALUES(3211, false),(3211, true);
INSERT INTO base_items VALUES(3213,$$Raptorskin Jacket$$,$$ラプトルジャケット$$,$$Jaque en cuir de raptor$$,$$Raptorleder-Jacke$$,$$083a5ac0fa4$$);
INSERT INTO items(base_item_id, hq) VALUES(3213, false),(3213, true);
INSERT INTO base_items VALUES(3215,$$Patrician's Coatee$$,$$パトリシアンコーティー$$,$$Boléro de patricien$$,$$Patrizier-Spenzer$$,$$ec88712f6e8$$);
INSERT INTO items(base_item_id, hq) VALUES(3215, false),(3215, true);
INSERT INTO base_items VALUES(3217,$$Templar's Haubergeon$$,$$テンプラーホーバージョン$$,$$Haubergeon de templier$$,$$Templer-Hauberk$$,$$c3acc12266b$$);
INSERT INTO items(base_item_id, hq) VALUES(3217, false);
INSERT INTO base_items VALUES(3218,$$Vintage Haubergeon$$,$$ヴィンテージホーバージョン$$,$$Haubergeon de collection$$,$$Restauriertes Eisen-Hauberk$$,$$e9abdd6332c$$);
INSERT INTO items(base_item_id, hq) VALUES(3218, false),(3218, true);
INSERT INTO base_items VALUES(3219,$$Harlequin's Acton$$,$$ハーレクインアクトン$$,$$Doublet armant d'arlequin$$,$$Mummenschanz-Gambeson$$,$$30a6798e3de$$);
INSERT INTO items(base_item_id, hq) VALUES(3219, false);
INSERT INTO base_items VALUES(3229,$$Carpenter's Gown$$,$$カーペンターガウン$$,$$Doublet de menuisier$$,$$Zimmerer-Talar$$,$$1549019b943$$);
INSERT INTO items(base_item_id, hq) VALUES(3229, false),(3229, true);
INSERT INTO base_items VALUES(3230,$$Blacksmith's Apron$$,$$ブラックスミスエプロン$$,$$Tablier de forgeron$$,$$Grobschmied-Schürze$$,$$afac382f51b$$);
INSERT INTO items(base_item_id, hq) VALUES(3230, false),(3230, true);
INSERT INTO base_items VALUES(3231,$$Armorer's Gown$$,$$アーモラーガウン$$,$$Robe d'armurier$$,$$Plattner-Talar$$,$$395ba0f2f61$$);
INSERT INTO items(base_item_id, hq) VALUES(3231, false),(3231, true);
INSERT INTO base_items VALUES(3232,$$Goldsmith's Doublet$$,$$ゴールドスミスダブレット$$,$$Doublet d'orfèvre$$,$$Goldschmied-Wams$$,$$ef22ca48033$$);
INSERT INTO items(base_item_id, hq) VALUES(3232, false),(3232, true);
INSERT INTO base_items VALUES(3233,$$Leatherworker's Shirt$$,$$レザーワーカーシャツ$$,$$Chemise de tanneur$$,$$Gerber-Hemd$$,$$bf71885f6fb$$);
INSERT INTO items(base_item_id, hq) VALUES(3233, false),(3233, true);
INSERT INTO base_items VALUES(3234,$$Weaver's Swallowtail$$,$$ウィーバースワローテイル$$,$$Queue-de-pie de couturier$$,$$Weber-Frack$$,$$228b116f29e$$);
INSERT INTO items(base_item_id, hq) VALUES(3234, false),(3234, true);
INSERT INTO base_items VALUES(3235,$$Alchemist's Coat$$,$$アルケミストコート$$,$$Manteau d'alchimiste$$,$$Alchemisten-Mantel$$,$$ade6d9215dc$$);
INSERT INTO items(base_item_id, hq) VALUES(3235, false),(3235, true);
INSERT INTO base_items VALUES(3236,$$Culinarian's Apron$$,$$クリナリアンエプロン$$,$$Tablier de cuisinier$$,$$Gourmet-Schürze$$,$$2fdd3815931$$);
INSERT INTO items(base_item_id, hq) VALUES(3236, false),(3236, true);
INSERT INTO base_items VALUES(3237,$$Miner's Shirt$$,$$ディガーシャツ$$,$$Chemise de mineur$$,$$Minenarbeiter-Hemd$$,$$bf1372cd4f7$$);
INSERT INTO items(base_item_id, hq) VALUES(3237, false),(3237, true);
INSERT INTO base_items VALUES(3238,$$Botanist's Doublet$$,$$カッターダブレット$$,$$Doublet de botaniste$$,$$Gärtner-Wams$$,$$4c871b6c2c4$$);
INSERT INTO items(base_item_id, hq) VALUES(3238, false),(3238, true);
INSERT INTO base_items VALUES(3239,$$Fisher's Shirt$$,$$フィッシャーシャツ$$,$$Chemise de pêcheur$$,$$Fischer-Hemd$$,$$2c0b8c641f0$$);
INSERT INTO items(base_item_id, hq) VALUES(3239, false),(3239, true);
INSERT INTO base_items VALUES(3240,$$Militia Robe$$,$$ミリシアローブ$$,$$Robe de milicien$$,$$Milizrobe$$,$$30e813db24a$$);
INSERT INTO items(base_item_id, hq) VALUES(3240, false),(3240, true);
INSERT INTO base_items VALUES(3241,$$Militia Cuirass$$,$$ミリシアキュイラス$$,$$Cuirasse de milicien$$,$$Miliz-Kürass$$,$$caad6aaa625$$);
INSERT INTO items(base_item_id, hq) VALUES(3241, false),(3241, true);
INSERT INTO base_items VALUES(3242,$$Militia Harness$$,$$ミリシアハーネス$$,$$Harnais de milicien$$,$$Miliz-Gurtzeug$$,$$9ad401284d3$$);
INSERT INTO items(base_item_id, hq) VALUES(3242, false),(3242, true);
INSERT INTO base_items VALUES(3243,$$Mosshorn Scale Mail$$,$$モスホーンスケイルメイル$$,$$Armure d'écailles de cornemousse$$,$$Mooshorn-Schuppenpanzer$$,$$d22a6e960e8$$);
INSERT INTO items(base_item_id, hq) VALUES(3243, false),(3243, true);
INSERT INTO base_items VALUES(3244,$$Dodore Doublet$$,$$ドドレダブレット$$,$$Doublet de Dodore$$,$$Dodore-Wams$$,$$b302b2bdd03$$);
INSERT INTO items(base_item_id, hq) VALUES(3244, false),(3244, true);
INSERT INTO base_items VALUES(3248,$$Sentinel's Cuirass$$,$$センチネルキュイラス$$,$$Cuirasse de sentinelle$$,$$Wächterkürass$$,$$19f6416b858$$);
INSERT INTO items(base_item_id, hq) VALUES(3248, false);
INSERT INTO base_items VALUES(3249,$$Imperial Operative Dalmatica$$,$$オペレーティブダルマティカ$$,$$Dalmatique d'agent impérial$$,$$Agenten-Dalmatika$$,$$cc9ef275496$$);
INSERT INTO items(base_item_id, hq) VALUES(3249, false),(3249, true);
INSERT INTO base_items VALUES(3256,$$Heavy Darksteel Armor$$,$$ヘヴィ・ダークスチールアーマー$$,$$Armure lourde en sombracier$$,$$Schwere Dunkelstahlrüstung$$,$$78d170c4130$$);
INSERT INTO items(base_item_id, hq) VALUES(3256, false),(3256, true);
INSERT INTO base_items VALUES(3257,$$Darksteel Haubergeon$$,$$ダークスチールホーバージョン$$,$$Haubergeon en sombracier$$,$$Dunkelstahl-Hauberk$$,$$860026945cc$$);
INSERT INTO items(base_item_id, hq) VALUES(3257, false),(3257, true);
INSERT INTO base_items VALUES(3258,$$Gryphonskin Jerkin$$,$$ヒッポグリフジャーキン$$,$$Pourpoint en cuir d'hippogriffe$$,$$Gryphenleder-Jerkin$$,$$38f0f4b1b21$$);
INSERT INTO items(base_item_id, hq) VALUES(3258, false),(3258, true);
INSERT INTO base_items VALUES(3259,$$Gryphonskin Tunic$$,$$ヒッポグリフチュニック$$,$$Tunique en cuir d'hippogriffe$$,$$Gryphenleder-Tunika$$,$$0dab65a8965$$);
INSERT INTO items(base_item_id, hq) VALUES(3259, false),(3259, true);
INSERT INTO base_items VALUES(3260,$$Vanya Robe of Casting$$,$$ヴァンヤキャスターローブ$$,$$Robe d'incantateur en soie vanya$$,$$Vanya-Robe der Magie$$,$$ed26058e008$$);
INSERT INTO items(base_item_id, hq) VALUES(3260, false),(3260, true);
INSERT INTO base_items VALUES(3261,$$Vanya Robe of Healing$$,$$ヴァンヤヒーラーローブ$$,$$Robe de soigneur en soie vanya$$,$$Vanya-Robe der Heilung$$,$$423837fb0db$$);
INSERT INTO items(base_item_id, hq) VALUES(3261, false),(3261, true);
INSERT INTO base_items VALUES(3274,$$Hempen Breeches$$,$$ブリーチ$$,$$Braies$$,$$Hanfreiterhose$$,$$d77b057af7b$$);
INSERT INTO items(base_item_id, hq) VALUES(3274, false),(3274, true);
INSERT INTO base_items VALUES(3275,$$Hempen Breeches of Crafting$$,$$クラフターブリーチ$$,$$Braies des créations$$,$$Hanfreiterhose des Handwerks$$,$$ae1513a1c07$$);
INSERT INTO items(base_item_id, hq) VALUES(3275, false),(3275, true);
INSERT INTO base_items VALUES(3276,$$Hempen Shepherd's Slops$$,$$シェパードスロップ$$,$$Trousses de berger$$,$$Hanf-Schäferbeinlinge$$,$$8dd84275e5a$$);
INSERT INTO items(base_item_id, hq) VALUES(3276, false),(3276, true);
INSERT INTO base_items VALUES(3296,$$Hyuran Breeches$$,$$ヒューランブリーチ$$,$$Braies hyures$$,$$Hyuran-Reiterhose$$,$$574f9fe20d2$$);
INSERT INTO items(base_item_id, hq) VALUES(3296, false);
INSERT INTO base_items VALUES(3297,$$Hyuran Skirt$$,$$ヒューランスカート$$,$$Jupette hyure$$,$$Hyuran-Rock$$,$$9b3cd00559f$$);
INSERT INTO items(base_item_id, hq) VALUES(3297, false);
INSERT INTO base_items VALUES(3298,$$Elezen Braccae$$,$$エレゼンブラッカエ$$,$$Braccae élézennes$$,$$Elezen-Bracae$$,$$d7add4b1e0b$$);
INSERT INTO items(base_item_id, hq) VALUES(3298, false);
INSERT INTO base_items VALUES(3299,$$Elezen Tights$$,$$エレゼンタイツ$$,$$Collants élézens$$,$$Elezen-Strumpfhose$$,$$d7151f90601$$);
INSERT INTO items(base_item_id, hq) VALUES(3299, false);
INSERT INTO base_items VALUES(3300,$$Lalafellin Gaskins$$,$$ララフェルガスキン$$,$$Grègues lalafelles$$,$$Lalafell-Gaskin$$,$$127cac61aee$$);
INSERT INTO items(base_item_id, hq) VALUES(3300, false);
INSERT INTO base_items VALUES(3301,$$Lalafellin Bloomers$$,$$ララフェルブルマ$$,$$Culotte lalafelle$$,$$Lalafell-Pumphose$$,$$0f3b01743cb$$);
INSERT INTO items(base_item_id, hq) VALUES(3301, false);
INSERT INTO base_items VALUES(3302,$$Miqo'te Zouaves$$,$$ミコッテズワーブ$$,$$Sarouel miqo'te$$,$$Miqo'te-Zouavenhose$$,$$a4cca4e0e89$$);
INSERT INTO items(base_item_id, hq) VALUES(3302, false);
INSERT INTO base_items VALUES(3303,$$Miqo'te Loincloth$$,$$ミコッテロインクロス$$,$$Pagne miqo'te$$,$$Miqo'te-Schürzchen$$,$$058ae13fabb$$);
INSERT INTO items(base_item_id, hq) VALUES(3303, false);
INSERT INTO base_items VALUES(3304,$$Roegadyn Breeches$$,$$ルガディンブリーチ$$,$$Braies roegadynes$$,$$Roegadyn-Reiterhose$$,$$5dbbc457d5e$$);
INSERT INTO items(base_item_id, hq) VALUES(3304, false);
INSERT INTO base_items VALUES(3305,$$Roegadyn Legstraps$$,$$ルガディンレッグストラップ$$,$$Lanières de pied roegadynes$$,$$Roegadyn-Strumpfbänder$$,$$d8645f83886$$);
INSERT INTO items(base_item_id, hq) VALUES(3305, false);
INSERT INTO base_items VALUES(3307,$$Hempen Underpants$$,$$アンダーパンツ$$,$$Haut-de-chausses$$,$$Hanfhalbstrumpfhose$$,$$ca9a8ab1541$$);
INSERT INTO items(base_item_id, hq) VALUES(3307, false),(3307, true);
INSERT INTO base_items VALUES(3308,$$Hempen Pantalettes$$,$$パンタレット$$,$$Pantalettes$$,$$Hanfschlupfhose$$,$$cd96f782e02$$);
INSERT INTO items(base_item_id, hq) VALUES(3308, false),(3308, true);
INSERT INTO base_items VALUES(3309,$$Hempen Chausses$$,$$ショース$$,$$Chausses$$,$$Hanf-Chausses$$,$$7c2b93c1613$$);
INSERT INTO items(base_item_id, hq) VALUES(3309, false),(3309, true);
INSERT INTO base_items VALUES(3310,$$Leather Culottes$$,$$キュロット$$,$$Culotte en cuir$$,$$Lederkniebundhose$$,$$6f78b2ff679$$);
INSERT INTO items(base_item_id, hq) VALUES(3310, false),(3310, true);
INSERT INTO base_items VALUES(3311,$$Hempen Sarouel$$,$$サルエル$$,$$Saroual$$,$$Hanf-Sarouel$$,$$6467fe278a8$$);
INSERT INTO items(base_item_id, hq) VALUES(3311, false),(3311, true);
INSERT INTO base_items VALUES(3312,$$Hempen Tights$$,$$タイツ$$,$$Collants$$,$$Hanf-Strumpfhose$$,$$3e0bf4614bc$$);
INSERT INTO items(base_item_id, hq) VALUES(3312, false),(3312, true);
INSERT INTO base_items VALUES(3313,$$Hempen Kecks$$,$$ケクス$$,$$Bénard$$,$$Hanf-Kecks$$,$$147c46dc636$$);
INSERT INTO items(base_item_id, hq) VALUES(3313, false),(3313, true);
INSERT INTO base_items VALUES(3314,$$Hempen Gaskins$$,$$ガスキン$$,$$Grègues$$,$$Hanf-Gaskin$$,$$c5602ca7e00$$);
INSERT INTO items(base_item_id, hq) VALUES(3314, false),(3314, true);
INSERT INTO base_items VALUES(3315,$$Amateur's Slops$$,$$アマチュアスロップ$$,$$Trousses d'amateur$$,$$Laienbeinlinge$$,$$dd38d35becb$$);
INSERT INTO items(base_item_id, hq) VALUES(3315, false),(3315, true);
INSERT INTO base_items VALUES(3316,$$Amateur's Breeches$$,$$アマチュアブリーチ$$,$$Braies d'amateur$$,$$Laienreiterhose$$,$$97c959e8b01$$);
INSERT INTO items(base_item_id, hq) VALUES(3316, false),(3316, true);
INSERT INTO base_items VALUES(3317,$$Hempen Bottoms$$,$$ボトム$$,$$Bas-de-corps$$,$$Jute-Miederhose$$,$$a15797a8f99$$);
INSERT INTO items(base_item_id, hq) VALUES(3317, false),(3317, true);
INSERT INTO base_items VALUES(3318,$$Hempen Trousers$$,$$トラウザー$$,$$Pantalon$$,$$Hanfhose$$,$$634a06520af$$);
INSERT INTO items(base_item_id, hq) VALUES(3318, false),(3318, true);
INSERT INTO base_items VALUES(3319,$$Hard Leather Subligar$$,$$サブリガ$$,$$Subligar$$,$$Juchleder-Lendenschurz$$,$$c9311adaf72$$);
INSERT INTO items(base_item_id, hq) VALUES(3319, false),(3319, true);
INSERT INTO base_items VALUES(3320,$$Striped Cotton Slops$$,$$コットンストライプスロップ$$,$$Trousses en coton rayées$$,$$Gestreifte Baumwoll-Beinlinge$$,$$2bf65cd6dc7$$);
INSERT INTO items(base_item_id, hq) VALUES(3320, false),(3320, true);
INSERT INTO base_items VALUES(3321,$$Cotton Sarouel$$,$$コットンサルエル$$,$$Saroual en coton$$,$$Baumwoll-Sarouel$$,$$4b30ff970b1$$);
INSERT INTO items(base_item_id, hq) VALUES(3321, false),(3321, true);
INSERT INTO base_items VALUES(3322,$$Cotton Shepherd's Slops$$,$$コットンシェパードスロップ$$,$$Trousses de berger en coton$$,$$Baumwoll-Schäferbeinlinge$$,$$8de60095a3e$$);
INSERT INTO items(base_item_id, hq) VALUES(3322, false),(3322, true);
INSERT INTO base_items VALUES(3324,$$Cotton Chausses$$,$$コットンショース$$,$$Chausses en coton$$,$$Baumwoll-Chausses$$,$$1b2efd25677$$);
INSERT INTO items(base_item_id, hq) VALUES(3324, false),(3324, true);
INSERT INTO base_items VALUES(3325,$$Padded Hempen Trousers$$,$$トラウザーDX$$,$$Pantalon renforcé$$,$$Gefütterte Hanfhose$$,$$6225acd25ff$$);
INSERT INTO items(base_item_id, hq) VALUES(3325, false),(3325, true);
INSERT INTO base_items VALUES(3327,$$Cotton Tights$$,$$コットンタイツ$$,$$Collants en coton$$,$$Baumwollstrumpfhose$$,$$7b5a01b81df$$);
INSERT INTO items(base_item_id, hq) VALUES(3327, false),(3327, true);
INSERT INTO base_items VALUES(3331,$$Plundered Trousers$$,$$プランダードトラウザー$$,$$Pantalon pillé$$,$$Geplünderte Hanfhose$$,$$08c45427747$$);
INSERT INTO items(base_item_id, hq) VALUES(3331, false);
INSERT INTO base_items VALUES(3332,$$Cotton Trousers$$,$$コットントラウザー$$,$$Pantalon en coton$$,$$Baumwollhose$$,$$c82c2bff4f9$$);
INSERT INTO items(base_item_id, hq) VALUES(3332, false),(3332, true);
INSERT INTO base_items VALUES(3334,$$Cotton Breeches$$,$$コットンブリーチ$$,$$Braies en coton$$,$$Baumwoll-Reiterhose$$,$$4caffa6aebc$$);
INSERT INTO items(base_item_id, hq) VALUES(3334, false),(3334, true);
INSERT INTO base_items VALUES(3336,$$Cotton Breeches of Crafting$$,$$コットンクラフターブリーチ$$,$$Braies des créations en coton$$,$$Baumwoll-Reiterhose des Handwerks$$,$$829b5df3e37$$);
INSERT INTO items(base_item_id, hq) VALUES(3336, false),(3336, true);
INSERT INTO base_items VALUES(3337,$$Goatskin Brais$$,$$アルドゴートブレー$$,$$Brailles en cuir de bouquetin$$,$$Steinbockleder-Braies$$,$$8541cc84bb0$$);
INSERT INTO items(base_item_id, hq) VALUES(3337, false),(3337, true);
INSERT INTO base_items VALUES(3339,$$Padded Cotton Trousers$$,$$コットントラウザーDX$$,$$Pantalon en coton renforcé$$,$$Gefütterte Baumwollhose$$,$$5755fc8e420$$);
INSERT INTO items(base_item_id, hq) VALUES(3339, false),(3339, true);
INSERT INTO base_items VALUES(3341,$$Initiate's Slops$$,$$イニシエートスロップ$$,$$Trousses d'initié$$,$$Initiaten-Beinlinge$$,$$1992fe72f44$$);
INSERT INTO items(base_item_id, hq) VALUES(3341, false),(3341, true);
INSERT INTO base_items VALUES(3342,$$Ripped Hose$$,$$オールドホーズ$$,$$Fuseau déchiré$$,$$Zerrissenes Beinkleid$$,$$fca07dbe918$$);
INSERT INTO items(base_item_id, hq) VALUES(3342, false);
INSERT INTO base_items VALUES(3343,$$Cotton Gaskins$$,$$コットンガスキン$$,$$Grègues en coton$$,$$Baumwoll-Gaskin$$,$$d64c8ec5845$$);
INSERT INTO items(base_item_id, hq) VALUES(3343, false),(3343, true);
INSERT INTO base_items VALUES(3345,$$Cotton Kecks$$,$$コットンケクス$$,$$Bénard en coton$$,$$Baumwoll-Kecks$$,$$f2b77145ab5$$);
INSERT INTO items(base_item_id, hq) VALUES(3345, false),(3345, true);
INSERT INTO base_items VALUES(3347,$$Goatskin Breeches$$,$$アルドゴートブリーチ$$,$$Braies en cuir de bouquetin$$,$$Steinbockleder-Reiterhose$$,$$6daee0bc5c3$$);
INSERT INTO items(base_item_id, hq) VALUES(3347, false),(3347, true);
INSERT INTO base_items VALUES(3348,$$Velveteen Chausses$$,$$ベルベティーンショース$$,$$Chausses en veloutine$$,$$Samt-Chausses$$,$$2b9a3b1338a$$);
INSERT INTO items(base_item_id, hq) VALUES(3348, false),(3348, true);
INSERT INTO base_items VALUES(3349,$$Velveteen Sarouel$$,$$ベルベティーンサルエル$$,$$Saroual en veloutine$$,$$Samt-Sarouel$$,$$4e150e6c9fd$$);
INSERT INTO items(base_item_id, hq) VALUES(3349, false),(3349, true);
INSERT INTO base_items VALUES(3351,$$Velveteen Sarouel of Gathering$$,$$ベルベティーンギャザラーサルエル$$,$$Saroual des ressources en veloutine$$,$$Samt-Sarouel des Eifers$$,$$0bcbd5140fc$$);
INSERT INTO items(base_item_id, hq) VALUES(3351, false),(3351, true);
INSERT INTO base_items VALUES(3352,$$Heavy Iron Flanchard$$,$$ヘヴィアイアンフランチャード$$,$$Cuissières lourdes en fer$$,$$Schwerer Eisen-Flankenschützer$$,$$e8e728c0a2a$$);
INSERT INTO items(base_item_id, hq) VALUES(3352, false),(3352, true);
INSERT INTO base_items VALUES(3354,$$Striped Velveteen Slops$$,$$ベルベティーンストライプスロップ$$,$$Trousses en veloutine rayées$$,$$Gestreifte Samt-Beinlinge$$,$$59a8c28c046$$);
INSERT INTO items(base_item_id, hq) VALUES(3354, false),(3354, true);
INSERT INTO base_items VALUES(3355,$$Velveteen Tights$$,$$ベルベティーンタイツ$$,$$Collants en veloutine$$,$$Samtstrumpfhose$$,$$37970f5fe8b$$);
INSERT INTO items(base_item_id, hq) VALUES(3355, false),(3355, true);
INSERT INTO base_items VALUES(3363,$$Velveteen Bottom$$,$$ベルベティーンボトム$$,$$Bas-de-corps en veloutine$$,$$Samt-Miederhose$$,$$39bc387b8b8$$);
INSERT INTO items(base_item_id, hq) VALUES(3363, false),(3363, true);
INSERT INTO base_items VALUES(3365,$$Velveteen Trousers$$,$$ベルベティーントラウザー$$,$$Pantalon en veloutine$$,$$Samthose$$,$$0baf5f06eb0$$);
INSERT INTO items(base_item_id, hq) VALUES(3365, false),(3365, true);
INSERT INTO base_items VALUES(3367,$$Toadskin Brais$$,$$トードブレー$$,$$Brailles en cuir de crapaud$$,$$Krötenleder-Braies$$,$$c163fd3f97c$$);
INSERT INTO items(base_item_id, hq) VALUES(3367, false),(3367, true);
INSERT INTO base_items VALUES(3369,$$Toadskin Culottes$$,$$トードキュロット$$,$$Culotte en cuir de crapaud$$,$$Krötenleder-Kniebundhose$$,$$6ce109f506f$$);
INSERT INTO items(base_item_id, hq) VALUES(3369, false),(3369, true);
INSERT INTO base_items VALUES(3370,$$Padded Velveteen Trousers$$,$$ベルベティーントラウザーDX$$,$$Pantalon en veloutine renforcé$$,$$Gefütterte Samthose$$,$$9ff50d0b6e5$$);
INSERT INTO items(base_item_id, hq) VALUES(3370, false),(3370, true);
INSERT INTO base_items VALUES(3372,$$Velveteen Gaskins$$,$$ベルベティーンガスキン$$,$$Grègues en veloutine$$,$$Samt-Gaskin$$,$$0b38dd738e1$$);
INSERT INTO items(base_item_id, hq) VALUES(3372, false),(3372, true);
INSERT INTO base_items VALUES(3377,$$Toadskin Breeches$$,$$トードブリーチ$$,$$Braies en cuir de crapaud$$,$$Krötenleder-Reiterhose$$,$$194f7520e41$$);
INSERT INTO items(base_item_id, hq) VALUES(3377, false),(3377, true);
INSERT INTO base_items VALUES(3379,$$Linen Chausses$$,$$リネンショース$$,$$Chausses en lin$$,$$Leinen-Chausses$$,$$c6ff4de5509$$);
INSERT INTO items(base_item_id, hq) VALUES(3379, false),(3379, true);
INSERT INTO base_items VALUES(3383,$$Linen Sarouel$$,$$リネンサルエル$$,$$Saroual en lin$$,$$Leinen-Sarouel$$,$$748affd59f8$$);
INSERT INTO items(base_item_id, hq) VALUES(3383, false),(3383, true);
INSERT INTO base_items VALUES(3385,$$Linen Sarouel of Gathering$$,$$リネンギャザラーサルエル$$,$$Saroual des ressources en lin$$,$$Leinen-Sarouel des Eifers$$,$$d23c34a82e2$$);
INSERT INTO items(base_item_id, hq) VALUES(3385, false),(3385, true);
INSERT INTO base_items VALUES(3386,$$Heavy Steel Flanchard$$,$$ヘヴィスチールフランチャード$$,$$Cuissières lourdes en acier$$,$$Schwerer Stahl-Flankenschützer$$,$$2093bc312af$$);
INSERT INTO items(base_item_id, hq) VALUES(3386, false),(3386, true);
INSERT INTO base_items VALUES(3397,$$Linen Tights$$,$$リネンタイツ$$,$$Collants en lin$$,$$Leinenstrumpfhose$$,$$899c12992d0$$);
INSERT INTO items(base_item_id, hq) VALUES(3397, false),(3397, true);
INSERT INTO base_items VALUES(3399,$$Linen Trousers$$,$$リネントラウザー$$,$$Pantalon en lin$$,$$Leinenhose$$,$$bc97746cd7b$$);
INSERT INTO items(base_item_id, hq) VALUES(3399, false),(3399, true);
INSERT INTO base_items VALUES(3402,$$Boarskin Subligar$$,$$ボアサブリガ$$,$$Subligar en cuir de sanglier$$,$$Keilerleder-Lendenschurz$$,$$96c42a7849a$$);
INSERT INTO items(base_item_id, hq) VALUES(3402, false),(3402, true);
INSERT INTO base_items VALUES(3404,$$Linen Bottom$$,$$リネンボトム$$,$$Bas-de-corps en lin$$,$$Leinen-Miederhose$$,$$8d8f4dfb550$$);
INSERT INTO items(base_item_id, hq) VALUES(3404, false),(3404, true);
INSERT INTO base_items VALUES(3405,$$Boarskin Breeches$$,$$ボアブリーチ$$,$$Braies en cuir de sanglier$$,$$Keilerleder-Reiterhose$$,$$053694f2eea$$);
INSERT INTO items(base_item_id, hq) VALUES(3405, false),(3405, true);
INSERT INTO base_items VALUES(3406,$$Vintage Hose$$,$$ヴィンテージホーズ$$,$$Fuseau de collection$$,$$Restauriertes Beinkleid$$,$$6cde46c3b9c$$);
INSERT INTO items(base_item_id, hq) VALUES(3406, false),(3406, true);
INSERT INTO base_items VALUES(3407,$$Linen Gaskins$$,$$リネンガスキン$$,$$Grègues en lin$$,$$Leinen-Gaskin$$,$$04cf9257b08$$);
INSERT INTO items(base_item_id, hq) VALUES(3407, false),(3407, true);
INSERT INTO base_items VALUES(3408,$$Woolen Sarouel$$,$$ウールサルエル$$,$$Saroual en laine$$,$$Woll-Sarouel$$,$$349fa729cb0$$);
INSERT INTO items(base_item_id, hq) VALUES(3408, false),(3408, true);
INSERT INTO base_items VALUES(3410,$$Woolen Sarouel of Gathering$$,$$ウールギャザラーサルエル$$,$$Saroual des ressources en laine$$,$$Woll-Sarouel des Eifers$$,$$31724991ae6$$);
INSERT INTO items(base_item_id, hq) VALUES(3410, false),(3410, true);
INSERT INTO base_items VALUES(3411,$$Padded Linen Trousers$$,$$リネントラウザーDX$$,$$Pantalon en lin renforcé$$,$$Gefütterte Leinenhose$$,$$5a9c3fa2155$$);
INSERT INTO items(base_item_id, hq) VALUES(3411, false),(3411, true);
INSERT INTO base_items VALUES(3413,$$Woolen Tights$$,$$ウールタイツ$$,$$Collants en laine$$,$$Wollstrumpfhose$$,$$0a010796b6a$$);
INSERT INTO items(base_item_id, hq) VALUES(3413, false),(3413, true);
INSERT INTO base_items VALUES(3415,$$Linen Slops$$,$$リネンスロップ$$,$$Trousses en lin$$,$$Leinenbeinlinge$$,$$68a34d16a37$$);
INSERT INTO items(base_item_id, hq) VALUES(3415, false),(3415, true);
INSERT INTO base_items VALUES(3416,$$Peisteskin Subligar$$,$$ペイストサブリガ$$,$$Subligar en cuir de peiste$$,$$Basiliskenleder-Lendenschurz$$,$$c592a2512de$$);
INSERT INTO items(base_item_id, hq) VALUES(3416, false),(3416, true);
INSERT INTO base_items VALUES(3418,$$Thormoen's Subligar$$,$$トールムーンサブリガ$$,$$Subligar de Thormoen$$,$$Thormoens Lendenschurz$$,$$e0bd3f267ca$$);
INSERT INTO items(base_item_id, hq) VALUES(3418, false);
INSERT INTO base_items VALUES(3419,$$Mage's Chausses$$,$$メイジショース$$,$$Chausses de magisme$$,$$Magier-Chausses$$,$$9a58acfa6a3$$);
INSERT INTO items(base_item_id, hq) VALUES(3419, false);
INSERT INTO base_items VALUES(3420,$$Explorer's Breeches$$,$$エクスプローラーブリーチ$$,$$Braies d'explorateur$$,$$Entdecker-Reiterhose$$,$$0c9334ee510$$);
INSERT INTO items(base_item_id, hq) VALUES(3420, false);
INSERT INTO base_items VALUES(3421,$$Woolen Kecks$$,$$ウールケクス$$,$$Bénard en laine$$,$$Woll-Kecks$$,$$08af4086348$$);
INSERT INTO items(base_item_id, hq) VALUES(3421, false),(3421, true);
INSERT INTO base_items VALUES(3423,$$Boarskin Skirt$$,$$ボアスカート$$,$$Jupe en cuir de sanglier$$,$$Keilerlederrock$$,$$ba2c736932e$$);
INSERT INTO items(base_item_id, hq) VALUES(3423, false),(3423, true);
INSERT INTO base_items VALUES(3425,$$Woolen Chausses$$,$$ウールショース$$,$$Chausses en laine$$,$$Woll-Chausses$$,$$8f0d039549f$$);
INSERT INTO items(base_item_id, hq) VALUES(3425, false),(3425, true);
INSERT INTO base_items VALUES(3426,$$Boarskin Culottes$$,$$ボアキュロット$$,$$Culotte en cuir de sanglier$$,$$Keilerleder-Kniebundhose$$,$$3f3777952f7$$);
INSERT INTO items(base_item_id, hq) VALUES(3426, false),(3426, true);
INSERT INTO base_items VALUES(3427,$$Woolen Trousers$$,$$ウールトラウザー$$,$$Pantalon en laine$$,$$Wollhose$$,$$3555467e2ea$$);
INSERT INTO items(base_item_id, hq) VALUES(3427, false),(3427, true);
INSERT INTO base_items VALUES(3429,$$Woolen Gaskins$$,$$ウールガスキン$$,$$Grègues en laine$$,$$Woll-Gaskin$$,$$a057a474d73$$);
INSERT INTO items(base_item_id, hq) VALUES(3429, false),(3429, true);
INSERT INTO base_items VALUES(3431,$$High Mythril Flanchard$$,$$ヘヴィミスリルフランチャード$$,$$Cuissières lourdes en mithril$$,$$Mithril-Flankenschützer$$,$$d7589c74ad2$$);
INSERT INTO items(base_item_id, hq) VALUES(3431, false),(3431, true);
INSERT INTO base_items VALUES(3442,$$Woolen Slops$$,$$ウールスロップ$$,$$Trousses en laine$$,$$Wollbeinlinge$$,$$fc94f7dcd63$$);
INSERT INTO items(base_item_id, hq) VALUES(3442, false),(3442, true);
INSERT INTO base_items VALUES(3443,$$Raptorskin Breeches$$,$$ラプトルブリーチ$$,$$Braies en cuir de raptor$$,$$Raptorleder-Reiterhose$$,$$997a701bbf6$$);
INSERT INTO items(base_item_id, hq) VALUES(3443, false),(3443, true);
INSERT INTO base_items VALUES(3445,$$Coliseum Subligar$$,$$コロセウムサブリガ$$,$$Subligar du Colisée$$,$$Kolosseum-Lendenschurz$$,$$24913182361$$);
INSERT INTO items(base_item_id, hq) VALUES(3445, false);
INSERT INTO base_items VALUES(3446,$$Coliseum Loincloth$$,$$コロセウムロインクロス$$,$$Pagne du Colisée$$,$$Kolosseum-Schurz$$,$$1f19340345e$$);
INSERT INTO items(base_item_id, hq) VALUES(3446, false);
INSERT INTO base_items VALUES(3447,$$Raptorskin Subligar$$,$$ラプトルサブリガ$$,$$Subligar en cuir de raptor$$,$$Raptorleder-Lendenschurz$$,$$e4476816b69$$);
INSERT INTO items(base_item_id, hq) VALUES(3447, false),(3447, true);
INSERT INTO base_items VALUES(3454,$$Felt Kecks$$,$$フェルトケクス$$,$$Bénard en feutre$$,$$Filz-Kecks$$,$$7a6ecf5135f$$);
INSERT INTO items(base_item_id, hq) VALUES(3454, false),(3454, true);
INSERT INTO base_items VALUES(3456,$$Felt Chausses$$,$$フェルトショース$$,$$Chausses en feutre$$,$$Filz-Chausses$$,$$90535aaca74$$);
INSERT INTO items(base_item_id, hq) VALUES(3456, false),(3456, true);
INSERT INTO base_items VALUES(3457,$$Raptorskin Culottes$$,$$ラプトルキュロット$$,$$Culotte en cuir de raptor$$,$$Raptorleder-Kniebundhose$$,$$24ee7ccebe9$$);
INSERT INTO items(base_item_id, hq) VALUES(3457, false),(3457, true);
INSERT INTO base_items VALUES(3467,$$Felt Gaskins$$,$$フェルトガスキン$$,$$Grègues en feutre$$,$$Filz-Gaskin$$,$$9147c37d529$$);
INSERT INTO items(base_item_id, hq) VALUES(3467, false),(3467, true);
INSERT INTO base_items VALUES(3469,$$Padded Woolen Trousers$$,$$ウールトラウザーDX$$,$$Pantalon en laine renforcé$$,$$Gefütterte Wollhose$$,$$d37921bb9e2$$);
INSERT INTO items(base_item_id, hq) VALUES(3469, false),(3469, true);
INSERT INTO base_items VALUES(3471,$$Raptorskin Brais$$,$$ラプトルブレー$$,$$Brailles en cuir de raptor$$,$$Raptorleder-Braies$$,$$70bad265cea$$);
INSERT INTO items(base_item_id, hq) VALUES(3471, false),(3471, true);
INSERT INTO base_items VALUES(3473,$$Felt Trousers$$,$$フェルトトラウザー$$,$$Pantalon en feutre$$,$$Filzhose$$,$$053581bd31f$$);
INSERT INTO items(base_item_id, hq) VALUES(3473, false),(3473, true);
INSERT INTO base_items VALUES(3475,$$Patrician's Bottoms$$,$$パトリシアンボトム$$,$$Bas-de-corps de patricien$$,$$Patrizier-Miederhose$$,$$06ef84f4b86$$);
INSERT INTO items(base_item_id, hq) VALUES(3475, false),(3475, true);
INSERT INTO base_items VALUES(3476,$$Harlequin's Tights$$,$$ハーレクインタイツ$$,$$Collants d'arlequin$$,$$Mummenschanz-Strumpfhose$$,$$2d7f05d59c3$$);
INSERT INTO items(base_item_id, hq) VALUES(3476, false);
INSERT INTO base_items VALUES(3477,$$Militia Trousers$$,$$ミリシアトラウザー$$,$$Pantalon de milicien$$,$$Miliz-Strumpfhose$$,$$091a8d93d10$$);
INSERT INTO items(base_item_id, hq) VALUES(3477, false),(3477, true);
INSERT INTO base_items VALUES(3478,$$Militia Tights$$,$$ミリシアタイツ$$,$$Collants de milicien$$,$$Miliz-Hose$$,$$0d87bb80667$$);
INSERT INTO items(base_item_id, hq) VALUES(3478, false),(3478, true);
INSERT INTO base_items VALUES(3479,$$Militia Subligar$$,$$ミリシアサブリガ$$,$$Subligar de milicien$$,$$Miliz-Lendenschurz$$,$$2490c086b95$$);
INSERT INTO items(base_item_id, hq) VALUES(3479, false),(3479, true);
INSERT INTO base_items VALUES(3480,$$Sentinel's Trousers$$,$$センチネルトラウザー$$,$$Pantalon de sentinelle$$,$$Wächterhose$$,$$a099d6ff369$$);
INSERT INTO items(base_item_id, hq) VALUES(3480, false);
INSERT INTO base_items VALUES(3481,$$Carpenter's Slops$$,$$カーペンタースロップ$$,$$Trousses de menuisier$$,$$Zimmerer-Beinlinge$$,$$bfa22c5fff3$$);
INSERT INTO items(base_item_id, hq) VALUES(3481, false),(3481, true);
INSERT INTO base_items VALUES(3482,$$Blacksmith's Slops$$,$$ブラックスミススロップ$$,$$Trousses de forgeron$$,$$Grobschmied-Beinlinge$$,$$e82d07c8734$$);
INSERT INTO items(base_item_id, hq) VALUES(3482, false),(3482, true);
INSERT INTO base_items VALUES(3483,$$Armorer's Slops$$,$$アーモラースロップ$$,$$Trousses d'armurier$$,$$Plattner-Beinlinge$$,$$3be04bfc34b$$);
INSERT INTO items(base_item_id, hq) VALUES(3483, false),(3483, true);
INSERT INTO base_items VALUES(3484,$$Goldsmith's Trousers$$,$$ゴールドスミストラウザー$$,$$Pantalon d'orfèvre$$,$$Goldschmied-Strumpfhose$$,$$cb7b04f754f$$);
INSERT INTO items(base_item_id, hq) VALUES(3484, false),(3484, true);
INSERT INTO base_items VALUES(3485,$$Leatherworker's Trousers$$,$$レザーワーカートラウザー$$,$$Pantalon de tanneur$$,$$Gerber-Strumpfhose$$,$$fec51da7dbb$$);
INSERT INTO items(base_item_id, hq) VALUES(3485, false),(3485, true);
INSERT INTO base_items VALUES(3486,$$Weaver's Trousers$$,$$ウィーバートラウザー$$,$$Pantalon de couturier$$,$$Weber-Strumpfhose$$,$$a9418a0fb4a$$);
INSERT INTO items(base_item_id, hq) VALUES(3486, false),(3486, true);
INSERT INTO base_items VALUES(3487,$$Alchemist's Trousers$$,$$アルケミストトラウザー$$,$$Pantalon d'alchimiste$$,$$Alchemisten-Strumpfhose$$,$$07d8034e7c5$$);
INSERT INTO items(base_item_id, hq) VALUES(3487, false),(3487, true);
INSERT INTO base_items VALUES(3488,$$Culinarian's Trousers$$,$$クリナリアントラウザー$$,$$Pantalon de cuisinier$$,$$Gourmet-Strumpfhose$$,$$106cf2f3e29$$);
INSERT INTO items(base_item_id, hq) VALUES(3488, false),(3488, true);
INSERT INTO base_items VALUES(3489,$$Miner's Slops$$,$$ディガースロップ$$,$$Trousses de mineur$$,$$Minenarbeiter-Beinlinge$$,$$b6c347c123f$$);
INSERT INTO items(base_item_id, hq) VALUES(3489, false),(3489, true);
INSERT INTO base_items VALUES(3490,$$Botanist's Slops$$,$$カッタースロップ$$,$$Trousses de botaniste$$,$$Gärtner-Beinlinge$$,$$2aa36ea1c35$$);
INSERT INTO items(base_item_id, hq) VALUES(3490, false),(3490, true);
INSERT INTO base_items VALUES(3491,$$Fisher's Gaskins$$,$$フィッシャーガスキン$$,$$Grègues de pêcheur$$,$$Fischer-Gaskin$$,$$ab0764c0cd4$$);
INSERT INTO items(base_item_id, hq) VALUES(3491, false),(3491, true);
INSERT INTO base_items VALUES(3498,$$Heavy Darksteel Flanchard$$,$$ヘヴィ・ダークスチールフランチャード$$,$$Cuissières lourdes en sombracier$$,$$Schwerer Dunkelstahl-Flankenschützer$$,$$fabe73a91df$$);
INSERT INTO items(base_item_id, hq) VALUES(3498, false),(3498, true);
INSERT INTO base_items VALUES(3499,$$Gryphonskin Trousers$$,$$ヒッポグリフトラウザー$$,$$Pantalon en cuir d'hippogriffe$$,$$Gryphenlederhose$$,$$e86c03e9043$$);
INSERT INTO items(base_item_id, hq) VALUES(3499, false),(3499, true);
INSERT INTO base_items VALUES(3500,$$Gryphonskin Kecks$$,$$ヒッポグリフケクス$$,$$Bénard en cuir d'hippogriffe$$,$$Gryphenleder-Kecks$$,$$1b7b280c8e3$$);
INSERT INTO items(base_item_id, hq) VALUES(3500, false),(3500, true);
INSERT INTO base_items VALUES(3501,$$Vanya Trousers$$,$$ヴァンヤトラウザー$$,$$Pantalon en soie vanya$$,$$Vanya-Strumpfhose$$,$$0d4d4deb8a7$$);
INSERT INTO items(base_item_id, hq) VALUES(3501, false),(3501, true);
INSERT INTO base_items VALUES(3502,$$Vanya Breeches of Casting$$,$$ヴァンヤキャスターブリーチ$$,$$Braies d'incantateur en soie vanya$$,$$Vanya-Reiterhose der Magie$$,$$326f490ff03$$);
INSERT INTO items(base_item_id, hq) VALUES(3502, false),(3502, true);
INSERT INTO base_items VALUES(3503,$$Vanya Breeches of Healing$$,$$ヴァンヤヒーラーブリーチ$$,$$Braies de soigneur en soie vanya$$,$$Vanya-Reiterhose der Heilung$$,$$df9b039381d$$);
INSERT INTO items(base_item_id, hq) VALUES(3503, false),(3503, true);
INSERT INTO base_items VALUES(3515,$$Hempen Halfgloves$$,$$ハーフグローブ$$,$$Mitaines$$,$$Hanf-Kurzfingerhandschuhe$$,$$f6225873adc$$);
INSERT INTO items(base_item_id, hq) VALUES(3515, false),(3515, true);
INSERT INTO base_items VALUES(3516,$$Leather Wristguards$$,$$リストガード$$,$$Garde-poignets$$,$$Leder-Handgelenkschützer$$,$$9c6b7abdb32$$);
INSERT INTO items(base_item_id, hq) VALUES(3516, false),(3516, true);
INSERT INTO base_items VALUES(3520,$$Hyuran Gloves$$,$$ヒューラングローブ$$,$$Gants hyurs$$,$$Hyuran-Handschuhe$$,$$3769a8a0ba7$$);
INSERT INTO items(base_item_id, hq) VALUES(3520, false);
INSERT INTO base_items VALUES(3521,$$Hyuran Halfgloves$$,$$ヒューランハーフグローブ$$,$$Mitaines hyures$$,$$Hyuran-Kurzfingerhandschuhe$$,$$d4f71fe74a0$$);
INSERT INTO items(base_item_id, hq) VALUES(3521, false);
INSERT INTO base_items VALUES(3522,$$Elezen Gloves$$,$$エレゼングローブ$$,$$Gants élézens$$,$$Elezen-Handschuhe$$,$$513e6c23447$$);
INSERT INTO items(base_item_id, hq) VALUES(3522, false);
INSERT INTO base_items VALUES(3523,$$Elezen Halfgloves$$,$$エレゼンハーフグローブ$$,$$Mitaines élézennes$$,$$Elezen-Kurzfingerhandschuhe$$,$$61a03e7ad05$$);
INSERT INTO items(base_item_id, hq) VALUES(3523, false);
INSERT INTO base_items VALUES(3524,$$Lalafellin Wristguards$$,$$ララフェルリストガード$$,$$Garde-poignets lalafells$$,$$Lalafell-Handgelenkschützer$$,$$190a0f9bfae$$);
INSERT INTO items(base_item_id, hq) VALUES(3524, false);
INSERT INTO base_items VALUES(3525,$$Lalafellin Wristbands$$,$$ララフェルリストバンド$$,$$Poignets lalafells$$,$$Lalafell-Armbänder$$,$$bc757947073$$);
INSERT INTO items(base_item_id, hq) VALUES(3525, false);
INSERT INTO base_items VALUES(3526,$$Miqo'te Gauntlets$$,$$ミコッテガントレット$$,$$Gantelets miqo'tes$$,$$Miqo'te-Panzerhandschuhe$$,$$a16b4331704$$);
INSERT INTO items(base_item_id, hq) VALUES(3526, false);
INSERT INTO base_items VALUES(3527,$$Miqo'te Gloves$$,$$ミコッテグローブ$$,$$Gants miqo'tes$$,$$Miqo'te-Handschuhe$$,$$21c67337415$$);
INSERT INTO items(base_item_id, hq) VALUES(3527, false);
INSERT INTO base_items VALUES(3528,$$Roegadyn Bracers$$,$$ルガディンブレーサー$$,$$Brassières roegadynes$$,$$Roegadyn-Armschienen$$,$$8faaac7627b$$);
INSERT INTO items(base_item_id, hq) VALUES(3528, false);
INSERT INTO base_items VALUES(3529,$$Roegadyn Armguards$$,$$ルガディンアームガード$$,$$Garde-bras roegadyns$$,$$Roegadyn-Armschützer$$,$$f3877eb241f$$);
INSERT INTO items(base_item_id, hq) VALUES(3529, false);
INSERT INTO base_items VALUES(3530,$$Fingerless Leather Gloves$$,$$フィンガレスグローブ$$,$$Gants sans doigts$$,$$Lederfingerlinge$$,$$155524c803f$$);
INSERT INTO items(base_item_id, hq) VALUES(3530, false),(3530, true);
INSERT INTO base_items VALUES(3531,$$Leather Lightmitts$$,$$ライトミトン$$,$$Mitons légers$$,$$Leder-Federfäustlinge$$,$$eda89dd6c25$$);
INSERT INTO items(base_item_id, hq) VALUES(3531, false),(3531, true);
INSERT INTO base_items VALUES(3532,$$Hempen Work Gloves$$,$$ワークグローブ$$,$$Gants de travail$$,$$Hanf-Arbeitshandschuhe$$,$$e22874aa759$$);
INSERT INTO items(base_item_id, hq) VALUES(3532, false),(3532, true);
INSERT INTO base_items VALUES(3533,$$Hempen Shortgloves$$,$$ショーティ$$,$$Gants courts$$,$$Hanf-Minihandschuhe$$,$$eb257f540e6$$);
INSERT INTO items(base_item_id, hq) VALUES(3533, false),(3533, true);
INSERT INTO base_items VALUES(3534,$$Leather Mitts$$,$$ミトン$$,$$Mitons$$,$$Lederfäustlinge$$,$$2103658a369$$);
INSERT INTO items(base_item_id, hq) VALUES(3534, false),(3534, true);
INSERT INTO base_items VALUES(3535,$$Leather Ringbands$$,$$リングバンド$$,$$Palettes sanglées$$,$$Ringbänder$$,$$2d8d74c7cf0$$);
INSERT INTO items(base_item_id, hq) VALUES(3535, false),(3535, true);
INSERT INTO base_items VALUES(3536,$$Amateur's Smithing Gloves$$,$$アマチュアスミスグローブ$$,$$Gants de forgeron d'amateur$$,$$Laien-Schmiedehandschuhe$$,$$21b34511aba$$);
INSERT INTO items(base_item_id, hq) VALUES(3536, false),(3536, true);
INSERT INTO base_items VALUES(3537,$$Hard Leather Wristguards$$,$$ハードレザー・リストガード$$,$$Garde-poignets en cuir rigide$$,$$Juchleder-Handgelenkschützer$$,$$7df2122ee4b$$);
INSERT INTO items(base_item_id, hq) VALUES(3537, false),(3537, true);
INSERT INTO base_items VALUES(3538,$$Hempen Dress Gloves$$,$$ドレスグローブ$$,$$Gants d'apparat$$,$$Hanf-Galahandschuhe$$,$$9d65800aa15$$);
INSERT INTO items(base_item_id, hq) VALUES(3538, false),(3538, true);
INSERT INTO base_items VALUES(3539,$$Hempen Bracers$$,$$ブレーサー$$,$$Brassières$$,$$Hanf-Armschienen$$,$$d7f8a5add2b$$);
INSERT INTO items(base_item_id, hq) VALUES(3539, false),(3539, true);
INSERT INTO base_items VALUES(3540,$$Bronze Mitt Gauntlets$$,$$ミトンガントレット$$,$$Gantelets-mitons$$,$$Bronze-Panzerfäustlinge$$,$$c0ab91f43fa$$);
INSERT INTO items(base_item_id, hq) VALUES(3540, false),(3540, true);
INSERT INTO base_items VALUES(3541,$$Hard Leather Armguards$$,$$ハードレザー・アームガード$$,$$Garde-bras en cuir rigide$$,$$Juchleder-Armschützer$$,$$b6e6a762f50$$);
INSERT INTO items(base_item_id, hq) VALUES(3541, false),(3541, true);
INSERT INTO base_items VALUES(3542,$$Hard Leather Lightmitts$$,$$ハードレザー・ライトミトン$$,$$Mitons légers en cuir rigide$$,$$Juchleder-Federfäustlinge$$,$$8166ac9d626$$);
INSERT INTO items(base_item_id, hq) VALUES(3542, false),(3542, true);
INSERT INTO base_items VALUES(3543,$$Cotton Halfgloves$$,$$コットンハーフグローブ$$,$$Mitaines en coton$$,$$Baumwoll-Kurzfingerhandschuhe$$,$$43823c803ff$$);
INSERT INTO items(base_item_id, hq) VALUES(3543, false),(3543, true);
INSERT INTO base_items VALUES(3544,$$Bronze Gauntlets$$,$$ガントレット$$,$$Gantelets$$,$$Bronze-Panzerhandschuhe$$,$$ecde8e8c758$$);
INSERT INTO items(base_item_id, hq) VALUES(3544, false),(3544, true);
INSERT INTO base_items VALUES(3546,$$Fingerless Hard Leather Gloves$$,$$ハードレザー・フィンガレスグローブ$$,$$Gants sans doigts en cuir rigide$$,$$Juchleder-Fingerlinge$$,$$b4a3952e5c8$$);
INSERT INTO items(base_item_id, hq) VALUES(3546, false),(3546, true);
INSERT INTO base_items VALUES(3547,$$Hard Leather Ringbands$$,$$ハードレザー・リングバンド$$,$$Palettes sanglées en cuir rigide$$,$$Juchleder-Ringband$$,$$17157ce9447$$);
INSERT INTO items(base_item_id, hq) VALUES(3547, false),(3547, true);
INSERT INTO base_items VALUES(3549,$$Goatskin Wristguards$$,$$アルドゴートリストガード$$,$$Garde-poignets en cuir de bouquetin$$,$$Steinbockleder-Handgelenkschützer$$,$$2ce4377f6f5$$);
INSERT INTO items(base_item_id, hq) VALUES(3549, false),(3549, true);
INSERT INTO base_items VALUES(3550,$$Decorated Bronze Mitt Gauntlets$$,$$ミトンガントレットDX$$,$$Gantelets-mitons renforcés$$,$$Verstärkte Bronze-Panzerfäustlinge$$,$$0a9e4fda5ec$$);
INSERT INTO items(base_item_id, hq) VALUES(3550, false),(3550, true);
INSERT INTO base_items VALUES(3552,$$Goatskin Mitts$$,$$アルドゴートミトン$$,$$Mitons en cuir de bouquetin$$,$$Steinbockleder-Fäustlinge$$,$$429d390f738$$);
INSERT INTO items(base_item_id, hq) VALUES(3552, false),(3552, true);
INSERT INTO base_items VALUES(3556,$$Plundered Gauntlets$$,$$プランダードガントレット$$,$$Gantelets pillés$$,$$Geplünderte Panzerhandschuhe$$,$$725b359a0c6$$);
INSERT INTO items(base_item_id, hq) VALUES(3556, false);
INSERT INTO base_items VALUES(3557,$$Iron Vambraces$$,$$アイアンヴァンブレイス$$,$$Canons d'avant-bras en fer$$,$$Eisen-Unterarmschienen$$,$$29c9fa25677$$);
INSERT INTO items(base_item_id, hq) VALUES(3557, false),(3557, true);
INSERT INTO base_items VALUES(3559,$$Goatskin Armguards$$,$$アルドゴートアームガード$$,$$Garde-bras en cuir de bouquetin$$,$$Steinbockleder-Armschützer$$,$$5588d51be30$$);
INSERT INTO items(base_item_id, hq) VALUES(3559, false),(3559, true);
INSERT INTO base_items VALUES(3561,$$Cotton Work Gloves$$,$$コットンワークグローブ$$,$$Gants de travail en coton$$,$$Baumwoll-Arbeitshandschuhe$$,$$0ac340dfbf3$$);
INSERT INTO items(base_item_id, hq) VALUES(3561, false),(3561, true);
INSERT INTO base_items VALUES(3562,$$Initiate's Gloves$$,$$イニシエートグローブ$$,$$Gants d'initié$$,$$Initiaten-Handschuhe$$,$$cc85407d428$$);
INSERT INTO items(base_item_id, hq) VALUES(3562, false),(3562, true);
INSERT INTO base_items VALUES(3563,$$Iron Gauntlets$$,$$アイアンガントレット$$,$$Gantelets en fer$$,$$Eisen-Panzerhandschuhe$$,$$bd7af99d3d9$$);
INSERT INTO items(base_item_id, hq) VALUES(3563, false),(3563, true);
INSERT INTO base_items VALUES(3568,$$Cotton Dress Gloves$$,$$コットンドレスグローブ$$,$$Gants d'apparat en coton$$,$$Baumwoll-Galahandschuhe$$,$$7a2235916a2$$);
INSERT INTO items(base_item_id, hq) VALUES(3568, false),(3568, true);
INSERT INTO base_items VALUES(3570,$$Cotton Bracers$$,$$コットンブレーサー$$,$$Brassières en coton$$,$$Baumwoll-Armschienen$$,$$78a6ccd0c5f$$);
INSERT INTO items(base_item_id, hq) VALUES(3570, false),(3570, true);
INSERT INTO base_items VALUES(3572,$$Goatskin Lightmitts$$,$$アルドゴートライトミトン$$,$$Mitons légers en cuir de bouquetin$$,$$Steinbockleder-Federfäustlinge$$,$$0d8e098d795$$);
INSERT INTO items(base_item_id, hq) VALUES(3572, false),(3572, true);
INSERT INTO base_items VALUES(3574,$$Iron Scale Fingers$$,$$アイアンスケイルフィンガー$$,$$Garde-doigts d'écailles en fer$$,$$Eisenschuppen-Fingerhandschuhe$$,$$0d6be52d03d$$);
INSERT INTO items(base_item_id, hq) VALUES(3574, false),(3574, true);
INSERT INTO base_items VALUES(3575,$$Velveteen Halfgloves$$,$$ベルベティーンハーフグローブ$$,$$Mitaines en veloutine$$,$$Samt-Kurzfingerhandschuhe$$,$$39d97c14fd9$$);
INSERT INTO items(base_item_id, hq) VALUES(3575, false),(3575, true);
INSERT INTO base_items VALUES(3576,$$Fingerless Goatskin Gloves$$,$$アルドゴートフィンガレスグローブ$$,$$Gants sans doigts en cuir de bouquetin$$,$$Steinbockleder-Fingerlinge$$,$$07375aa202c$$);
INSERT INTO items(base_item_id, hq) VALUES(3576, false),(3576, true);
INSERT INTO base_items VALUES(3578,$$Fingerless Goatskin Gloves of Gathering$$,$$アルドゴート・ギャザラーフィンガレスグローブ$$,$$Gants sans doigts des ressources en cuir de bouquetin$$,$$Steinbockleder-Fingerlinge des Eifers$$,$$b2de7d3fe0e$$);
INSERT INTO items(base_item_id, hq) VALUES(3578, false),(3578, true);
INSERT INTO base_items VALUES(3579,$$Heavy Iron Gauntlets$$,$$ヘヴィアイアンガントレット$$,$$Gantelets lourds en fer$$,$$Schwere Eisen-Panzerhandschuhe$$,$$2a809f209c7$$);
INSERT INTO items(base_item_id, hq) VALUES(3579, false),(3579, true);
INSERT INTO base_items VALUES(3581,$$Goatskin Ringbands$$,$$アルドゴートリングバンド$$,$$Palettes sanglées en cuir de bouquetin$$,$$Steinbockleder-Ringband$$,$$daab61f0e7a$$);
INSERT INTO items(base_item_id, hq) VALUES(3581, false),(3581, true);
INSERT INTO base_items VALUES(3583,$$Velveteen Shortgloves$$,$$ベルベティーンショーティ$$,$$Gants courts en veloutine$$,$$Samt-Minihandschuhe$$,$$593dd441025$$);
INSERT INTO items(base_item_id, hq) VALUES(3583, false),(3583, true);
INSERT INTO base_items VALUES(3586,$$Steel Vambraces$$,$$スチールヴァンブレイス$$,$$Canons d'avant-bras en acier$$,$$Stahl-Unterarmschienen$$,$$d9acba616e0$$);
INSERT INTO items(base_item_id, hq) VALUES(3586, false),(3586, true);
INSERT INTO base_items VALUES(3597,$$Toadskin Armguards$$,$$トードアームガード$$,$$Garde-bras en cuir de crapaud$$,$$Krötenleder-Armschützer$$,$$e1b33191f2f$$);
INSERT INTO items(base_item_id, hq) VALUES(3597, false),(3597, true);
INSERT INTO base_items VALUES(3599,$$Steel Gauntlets$$,$$スチールガントレット$$,$$Gantelets en acier$$,$$Stahl-Panzerhandschuhe$$,$$3491bef65f5$$);
INSERT INTO items(base_item_id, hq) VALUES(3599, false),(3599, true);
INSERT INTO base_items VALUES(3601,$$Velveteen Work Gloves$$,$$ベルベティーンワークグローブ$$,$$Gants de travail en veloutine$$,$$Samt-Arbeitshandschuhe$$,$$c7bb95402ad$$);
INSERT INTO items(base_item_id, hq) VALUES(3601, false),(3601, true);
INSERT INTO base_items VALUES(3602,$$Blackened Smithy's Gloves$$,$$オールドスミスグローブ$$,$$Gants de forgeron noircis$$,$$Verkohlte Schmiedehandschuhe$$,$$fe2cc1c12d5$$);
INSERT INTO items(base_item_id, hq) VALUES(3602, false);
INSERT INTO base_items VALUES(3603,$$Velveteen Dress Gloves$$,$$ベルベティーンドレスグローブ$$,$$Gants d'apparat en veloutine$$,$$Samt-Galahandschuhe$$,$$b5f10f97c94$$);
INSERT INTO items(base_item_id, hq) VALUES(3603, false),(3603, true);
INSERT INTO base_items VALUES(3605,$$Steel Scale Fingers$$,$$スチールスケイルフィンガー$$,$$Garde-doigts d'écailles en acier$$,$$Stahlschuppen-Fingerhandschuhe$$,$$8cc1bd7abd2$$);
INSERT INTO items(base_item_id, hq) VALUES(3605, false),(3605, true);
INSERT INTO base_items VALUES(3607,$$Linen Halfgloves$$,$$リネンハーフグローブ$$,$$Mitaines en lin$$,$$Leinen-Kurzfingerhandschuhe$$,$$35962dea921$$);
INSERT INTO items(base_item_id, hq) VALUES(3607, false),(3607, true);
INSERT INTO base_items VALUES(3611,$$Fingerless Boarskin Gloves$$,$$ボアフィンガレスグローブ$$,$$Gants sans doigts en cuir de sanglier$$,$$Keilerleder-Fingerlinge$$,$$b37a937b1b8$$);
INSERT INTO items(base_item_id, hq) VALUES(3611, false),(3611, true);
INSERT INTO base_items VALUES(3613,$$Fingerless Boarskin Gloves of Gathering$$,$$ボア・ギャザラーフィンガレスグローブ$$,$$Gants sans doigts des ressources en cuir de sanglier$$,$$Keilerleder-Fingerlinge des Eifers$$,$$515863959ae$$);
INSERT INTO items(base_item_id, hq) VALUES(3613, false),(3613, true);
INSERT INTO base_items VALUES(3614,$$Heavy Steel Gauntlets$$,$$ヘヴィスチールガントレット$$,$$Gantelets lourds en acier$$,$$Schwere Stahl-Panzerhandschuhe$$,$$12fcd237d7e$$);
INSERT INTO items(base_item_id, hq) VALUES(3614, false),(3614, true);
INSERT INTO base_items VALUES(3616,$$Boarskin Ringbands$$,$$ボアリングバンド$$,$$Palettes sanglées en cuir de sanglier$$,$$Keilerleder-Ringband$$,$$6e7baf7fadb$$);
INSERT INTO items(base_item_id, hq) VALUES(3616, false),(3616, true);
INSERT INTO base_items VALUES(3619,$$Steel Mitt Gauntlets$$,$$スチールミトンガントレット$$,$$Gantelets-mitons en acier$$,$$Stahl-Panzerfäustlinge$$,$$d7a773c6663$$);
INSERT INTO items(base_item_id, hq) VALUES(3619, false),(3619, true);
INSERT INTO base_items VALUES(3621,$$Linen Shortgloves$$,$$リネンショーティ$$,$$Gants courts en lin$$,$$Leinen-Minihandschuhe$$,$$3850eb7b31d$$);
INSERT INTO items(base_item_id, hq) VALUES(3621, false),(3621, true);
INSERT INTO base_items VALUES(3622,$$Horn Scale Fingers$$,$$ホーンスケイルフィンガー$$,$$Garde-doigts d'écailles en os$$,$$Knochen-Schuppen-Fingerhandschuhe$$,$$cafbda7a0a3$$);
INSERT INTO items(base_item_id, hq) VALUES(3622, false),(3622, true);
INSERT INTO base_items VALUES(3623,$$Mythril Vambraces$$,$$ミスリルヴァンブレイス$$,$$Canons d'avant-bras en mithril$$,$$Mithril-Unterarmschienen$$,$$c162c7e6610$$);
INSERT INTO items(base_item_id, hq) VALUES(3623, false),(3623, true);
INSERT INTO base_items VALUES(3625,$$Fingerless Peisteskin Gloves$$,$$ペイストフィンガレスグローブ$$,$$Gants sans doigts en cuir de peiste$$,$$Basiliskenleder-Fingerlinge$$,$$0bc204817a5$$);
INSERT INTO items(base_item_id, hq) VALUES(3625, false),(3625, true);
INSERT INTO base_items VALUES(3627,$$Fingerless Peisteskin Gloves of Gathering$$,$$ペイスト・ギャザラーフィンガレスグローブ$$,$$Gants sans doigts des ressources en cuir de peiste$$,$$Basiliskenleder-Fingerlinge des Eifers$$,$$2823f0ec8a6$$);
INSERT INTO items(base_item_id, hq) VALUES(3627, false),(3627, true);
INSERT INTO base_items VALUES(3628,$$Mythril Gauntlets$$,$$ミスリルガントレット$$,$$Gantelets en mithril$$,$$Mithril-Panzerhandschuhe$$,$$d35d47d6ffb$$);
INSERT INTO items(base_item_id, hq) VALUES(3628, false),(3628, true);
INSERT INTO base_items VALUES(3639,$$Boarskin Smithy's Gloves$$,$$ボアスミスグローブ$$,$$Gants de forgeron en cuir de sanglier$$,$$Keilerleder-Schmiedehandschuhe$$,$$032fb02f8c9$$);
INSERT INTO items(base_item_id, hq) VALUES(3639, false),(3639, true);
INSERT INTO base_items VALUES(3640,$$Woolen Dress Gloves$$,$$ウールドレスグローブ$$,$$Gants d'apparat en laine$$,$$Woll-Galahandschuhe$$,$$93b66e14977$$);
INSERT INTO items(base_item_id, hq) VALUES(3640, false),(3640, true);
INSERT INTO base_items VALUES(3642,$$Mythril Mitt Gauntlets$$,$$ミスリルミトンガントレット$$,$$Gantelets-mitons en mithril$$,$$Mithril-Panzerfäustlinge$$,$$0776d2fb752$$);
INSERT INTO items(base_item_id, hq) VALUES(3642, false),(3642, true);
INSERT INTO base_items VALUES(3644,$$Mage's Halfgloves$$,$$メイジハーフグローブ$$,$$Mitaines de magisme$$,$$Magier-Kurzfingerhandschuhe$$,$$b606903e336$$);
INSERT INTO items(base_item_id, hq) VALUES(3644, false);
INSERT INTO base_items VALUES(3645,$$Woolen Bracers$$,$$ウールブレーサー$$,$$Brassières en laine$$,$$Wollarmschienen$$,$$deff143cb21$$);
INSERT INTO items(base_item_id, hq) VALUES(3645, false),(3645, true);
INSERT INTO base_items VALUES(3647,$$Woolen Halfgloves$$,$$ウールハーフグローブ$$,$$Mitaines en laine$$,$$Woll-Kurzfingerhandschuhe$$,$$c40cc606bee$$);
INSERT INTO items(base_item_id, hq) VALUES(3647, false),(3647, true);
INSERT INTO base_items VALUES(3648,$$Woolen Work Gloves$$,$$ウールワークグローブ$$,$$Gants de travail en laine$$,$$Woll-Arbeitshandschuhe$$,$$6335d07e63c$$);
INSERT INTO items(base_item_id, hq) VALUES(3648, false),(3648, true);
INSERT INTO base_items VALUES(3649,$$High Mythril Gauntlets$$,$$ヘヴィミスリルガントレット$$,$$Gantelets lourds en mithril$$,$$Edelmithril-Panzerhandschuhe$$,$$ab6b02b37e8$$);
INSERT INTO items(base_item_id, hq) VALUES(3649, false),(3649, true);
INSERT INTO base_items VALUES(3651,$$Fingerless Raptorskin Gloves$$,$$ラプトルフィンガレスグローブ$$,$$Gants sans doigts en cuir de raptor$$,$$Raptorleder-Fingerlinge$$,$$5c69036aa10$$);
INSERT INTO items(base_item_id, hq) VALUES(3651, false),(3651, true);
INSERT INTO base_items VALUES(3653,$$Fingerless Raptorskin Gloves of Gathering$$,$$ラプトル・ギャザラーフィンガレスグローブ$$,$$Gants sans doigts des ressources en cuir de raptor$$,$$Raptorleder-Fingerlinge des Eifers$$,$$162ad35982c$$);
INSERT INTO items(base_item_id, hq) VALUES(3653, false),(3653, true);
INSERT INTO base_items VALUES(3654,$$Cobalt Vambraces$$,$$コバルトヴァンブレイス$$,$$Canons d'avant-bras en cobalt$$,$$Koboldeisen-Unterarmschienen$$,$$6cbc9f5bee5$$);
INSERT INTO items(base_item_id, hq) VALUES(3654, false),(3654, true);
INSERT INTO base_items VALUES(3656,$$Boarskin Ringbands of Flames$$,$$ボアリングバンド(ファイア)$$,$$Palettes sanglées du feu en cuir de sanglier$$,$$Keilerleder-Ringband der Flammen$$,$$53d38d3abb2$$);
INSERT INTO items(base_item_id, hq) VALUES(3656, false),(3656, true);
INSERT INTO base_items VALUES(3658,$$Boarskin Ringbands of Frost$$,$$ボアリングバンド(アイス)$$,$$Palettes sanglées de la glace en cuir de sanglier$$,$$Keilerleder-Ringband des Frosts$$,$$1c7800495fd$$);
INSERT INTO items(base_item_id, hq) VALUES(3658, false),(3658, true);
INSERT INTO base_items VALUES(3660,$$Boarskin Ringbands of Gales$$,$$ボアリングバンド(ウィンド)$$,$$Palettes sanglées du vent en cuir de sanglier$$,$$Keilerleder-Ringband des Orkans$$,$$30c54db515c$$);
INSERT INTO items(base_item_id, hq) VALUES(3660, false),(3660, true);
INSERT INTO base_items VALUES(3662,$$Boarskin Ringbands of Tremors$$,$$ボアリングバンド(アース)$$,$$Palettes sanglées de la terre en cuir de sanglier$$,$$Keilerleder-Ringband der Beben$$,$$ce7351ec8eb$$);
INSERT INTO items(base_item_id, hq) VALUES(3662, false),(3662, true);
INSERT INTO base_items VALUES(3664,$$Boarskin Ringbands of Storms$$,$$ボアリングバンド(ライトニング)$$,$$Palettes sanglées de la foudre en cuir de sanglier$$,$$Keilerleder-Ringband der Gewitter$$,$$a57b33040c0$$);
INSERT INTO items(base_item_id, hq) VALUES(3664, false),(3664, true);
INSERT INTO base_items VALUES(3666,$$Boarskin Ringbands of Tides$$,$$ボアリングバンド(ウォーター)$$,$$Palettes sanglées de l'eau en cuir de sanglier$$,$$Keilerleder-Ringband der Wellen$$,$$634321834e2$$);
INSERT INTO items(base_item_id, hq) VALUES(3666, false),(3666, true);
INSERT INTO base_items VALUES(3668,$$Raptorskin Smithy's Gloves$$,$$ラプトルスミスグローブ$$,$$Gants de forgeron en cuir de raptor$$,$$Raptorleder-Schmiedehandschuhe$$,$$d3ef9270b9a$$);
INSERT INTO items(base_item_id, hq) VALUES(3668, false),(3668, true);
INSERT INTO base_items VALUES(3669,$$Tortoiseshell Scale Fingers$$,$$トータススケイルフィンガー$$,$$Garde-doigts d'écailles de tortue$$,$$Schildpatt-Schuppen-Fingerhandschuhe$$,$$c1b23af5b86$$);
INSERT INTO items(base_item_id, hq) VALUES(3669, false),(3669, true);
INSERT INTO base_items VALUES(3670,$$Cobalt Mitt Gauntlets$$,$$コバルトミトンガントレット$$,$$Gantelets-mitons en cobalt$$,$$Koboldeisen-Panzerfäustlinge$$,$$6d3930b586d$$);
INSERT INTO items(base_item_id, hq) VALUES(3670, false),(3670, true);
INSERT INTO base_items VALUES(3676,$$Spiked Armguards$$,$$スパイクドアームガード$$,$$Garde-bras à pointes$$,$$Stachel-Armschützer$$,$$21301936dca$$);
INSERT INTO items(base_item_id, hq) VALUES(3676, false);
INSERT INTO base_items VALUES(3678,$$Felt Bracers$$,$$フェルトブレーサー$$,$$Brassières en feutre$$,$$Filzarmschienen$$,$$4fe7241d526$$);
INSERT INTO items(base_item_id, hq) VALUES(3678, false),(3678, true);
INSERT INTO base_items VALUES(3680,$$Felt Halfgloves$$,$$フェルトハーフグローブ$$,$$Mitaines en feutre$$,$$Filz-Kurzfingerhandschuhe$$,$$c4541ab3d03$$);
INSERT INTO items(base_item_id, hq) VALUES(3680, false),(3680, true);
INSERT INTO base_items VALUES(3681,$$Felt Work Gloves$$,$$フェルトワークグローブ$$,$$Gants de travail en feutre$$,$$Filz-Arbeitshandschuhe$$,$$ae3278966bf$$);
INSERT INTO items(base_item_id, hq) VALUES(3681, false),(3681, true);
INSERT INTO base_items VALUES(3691,$$Vintage Smithy's Gloves$$,$$ヴィンテージスミスグローブ$$,$$Gants de forgeron de collection$$,$$Restaurierte Schmiedehandschuhe$$,$$789d5d71021$$);
INSERT INTO items(base_item_id, hq) VALUES(3691, false),(3691, true);
INSERT INTO base_items VALUES(3692,$$Cobalt Gauntlets$$,$$コバルトガントレット$$,$$Gantelets en cobalt$$,$$Koboldeisen-Panzerhandschuhe$$,$$9fb880e465e$$);
INSERT INTO items(base_item_id, hq) VALUES(3692, false),(3692, true);
INSERT INTO base_items VALUES(3694,$$Raptorskin Armguards$$,$$ラプトルアームガード$$,$$Garde-bras en cuir de raptor$$,$$Raptorleder-Armschützer$$,$$27c42334752$$);
INSERT INTO items(base_item_id, hq) VALUES(3694, false),(3694, true);
INSERT INTO base_items VALUES(3696,$$Felt Dress Gloves$$,$$フェルトドレスグローブ$$,$$Gants d'apparat en feutre$$,$$Filz-Galahandschuhe$$,$$350cfccc583$$);
INSERT INTO items(base_item_id, hq) VALUES(3696, false),(3696, true);
INSERT INTO base_items VALUES(3698,$$Patrician's Gloves$$,$$パトリシアングローブ$$,$$Gants de patricien$$,$$Patrizier-Handschuhe$$,$$10d0e31d1b3$$);
INSERT INTO items(base_item_id, hq) VALUES(3698, false),(3698, true);
INSERT INTO base_items VALUES(3699,$$Militia Ringbands$$,$$ミリシアリングバンド$$,$$Palettes sanglées de milicien$$,$$Miliz-Ringbänder$$,$$f2758952a66$$);
INSERT INTO items(base_item_id, hq) VALUES(3699, false),(3699, true);
INSERT INTO base_items VALUES(3700,$$Militia Gauntlets$$,$$ミリシアガントレット$$,$$Gantelets de milicien$$,$$Miliz-Panzerhandschuhe$$,$$921b1fda48f$$);
INSERT INTO items(base_item_id, hq) VALUES(3700, false),(3700, true);
INSERT INTO base_items VALUES(3701,$$Militia Mitt Gauntlets$$,$$ミリシアミトンガントレット$$,$$Gantelets-mitons de milicien$$,$$Miliz-Panzerfäustlinge$$,$$fdeddb05e30$$);
INSERT INTO items(base_item_id, hq) VALUES(3701, false),(3701, true);
INSERT INTO base_items VALUES(3705,$$Sentinel's Gauntlets$$,$$センチネルガントレット$$,$$Gantelets de sentinelle$$,$$Wächter-Panzerhandschuhe$$,$$5c905dbdb57$$);
INSERT INTO items(base_item_id, hq) VALUES(3705, false);
INSERT INTO base_items VALUES(3706,$$Carpenter's Gloves$$,$$カーペンターグローブ$$,$$Gants de menuisier$$,$$Zimmerer-Handschuhe$$,$$e04b778c2c1$$);
INSERT INTO items(base_item_id, hq) VALUES(3706, false),(3706, true);
INSERT INTO base_items VALUES(3707,$$Blacksmith's Gloves$$,$$ブラックスミスグローブ$$,$$Gants de forgeron$$,$$Grobschmied-Handschuhe$$,$$5508dde018f$$);
INSERT INTO items(base_item_id, hq) VALUES(3707, false),(3707, true);
INSERT INTO base_items VALUES(3708,$$Armorer's Gloves$$,$$アーモラーグローブ$$,$$Gants d'armurier$$,$$Plattner-Handschuhe$$,$$d104372352a$$);
INSERT INTO items(base_item_id, hq) VALUES(3708, false),(3708, true);
INSERT INTO base_items VALUES(3709,$$Goldsmith's Gloves$$,$$ゴールドスミスグローブ$$,$$Gants d'orfèvre$$,$$Goldschmied-Handschuhe$$,$$9a5c3cce6dd$$);
INSERT INTO items(base_item_id, hq) VALUES(3709, false),(3709, true);
INSERT INTO base_items VALUES(3710,$$Leatherworker's Gloves$$,$$レザーワーカーアームガード$$,$$Garde-bras de tanneur$$,$$Gerber-Handschuhe$$,$$7537f424f6b$$);
INSERT INTO items(base_item_id, hq) VALUES(3710, false),(3710, true);
INSERT INTO base_items VALUES(3711,$$Weaver's Gloves$$,$$ウィーバーグローブ$$,$$Gants de couturier$$,$$Weber-Handschuhe$$,$$6f7ff79c7bc$$);
INSERT INTO items(base_item_id, hq) VALUES(3711, false),(3711, true);
INSERT INTO base_items VALUES(3712,$$Alchemist's Gloves$$,$$アルケミストグローブ$$,$$Gants d'alchimiste$$,$$Alchemisten-Handschuhe$$,$$f8f99a0aa83$$);
INSERT INTO items(base_item_id, hq) VALUES(3712, false),(3712, true);
INSERT INTO base_items VALUES(3713,$$Culinarian's Mitts$$,$$クリナリアンミトン$$,$$Mitons de cuisinier$$,$$Gourmet-Fäustlinge$$,$$abefe3ba426$$);
INSERT INTO items(base_item_id, hq) VALUES(3713, false),(3713, true);
INSERT INTO base_items VALUES(3714,$$Miner's Gloves$$,$$ディガーグローブ$$,$$Gants de mineur$$,$$Minenarbeiter-Handschuhe$$,$$96d6ba1a131$$);
INSERT INTO items(base_item_id, hq) VALUES(3714, false),(3714, true);
INSERT INTO base_items VALUES(3715,$$Botanist's Gloves$$,$$カッターグローブ$$,$$Gants de botaniste$$,$$Gärtner-Handschuhe$$,$$7cfb958dbc7$$);
INSERT INTO items(base_item_id, hq) VALUES(3715, false),(3715, true);
INSERT INTO base_items VALUES(3716,$$Fisher's Gloves$$,$$フィッシャーグローブ$$,$$Gants de pêcheur$$,$$Fischer-Handschuhe$$,$$51d0565e792$$);
INSERT INTO items(base_item_id, hq) VALUES(3716, false),(3716, true);
INSERT INTO base_items VALUES(3723,$$Heavy Darksteel Gauntlets$$,$$ヘヴィ・ダークスチールガントレット$$,$$Gantelets lourds en sombracier$$,$$Schwere Dunkelstahl-Panzerhandschuhe$$,$$940fcf42a0a$$);
INSERT INTO items(base_item_id, hq) VALUES(3723, false),(3723, true);
INSERT INTO base_items VALUES(3724,$$Darksteel Mitt Gauntlets$$,$$ダークスチール・ミトンガントレット$$,$$Gantelets-mitons en sombracier$$,$$Dunkelstahl-Panzerfäustlinge$$,$$b491a61b331$$);
INSERT INTO items(base_item_id, hq) VALUES(3724, false),(3724, true);
INSERT INTO base_items VALUES(3725,$$Gryphonskin Bracers$$,$$ヒッポグリフブレーサー$$,$$Brassières en cuir d'hippogriffe$$,$$Gryphenleder-Armschienen$$,$$bacede5a904$$);
INSERT INTO items(base_item_id, hq) VALUES(3725, false),(3725, true);
INSERT INTO base_items VALUES(3726,$$Gryphonskin Gloves$$,$$ヒッポグリフグローブ$$,$$Gants en cuir d'hippogriffe$$,$$Gryphenleder-Handschuhe$$,$$fa3b9968e2a$$);
INSERT INTO items(base_item_id, hq) VALUES(3726, false),(3726, true);
INSERT INTO base_items VALUES(3727,$$Vanya Gloves of Casting$$,$$ヴァンヤキャスターグローブ$$,$$Gants d'incantateur en soie vanya$$,$$Vanya-Handschuhe der Magie$$,$$3d845e49e65$$);
INSERT INTO items(base_item_id, hq) VALUES(3727, false),(3727, true);
INSERT INTO base_items VALUES(3728,$$Vanya Gloves of Healing$$,$$ヴァンヤヒーラーグローブ$$,$$Gants de soigneur en soie vanya$$,$$Vanya-Handschuhe der Heilung$$,$$dcbb61e6a3c$$);
INSERT INTO items(base_item_id, hq) VALUES(3728, false),(3728, true);
INSERT INTO base_items VALUES(3740,$$Leather Duckbills$$,$$ダックビル$$,$$Sandales bec d'oie$$,$$Leder-Schnabelschuhe$$,$$791b438d0fe$$);
INSERT INTO items(base_item_id, hq) VALUES(3740, false),(3740, true);
INSERT INTO base_items VALUES(3741,$$Leather Duckbills of Gathering$$,$$ギャザラーダックビル$$,$$Sandales bec d'oie des ressources$$,$$Leder-Schnabelschuhe des Eifers$$,$$a671fa7f3f3$$);
INSERT INTO items(base_item_id, hq) VALUES(3741, false),(3741, true);
INSERT INTO base_items VALUES(3742,$$Maple Clogs$$,$$クロッグ$$,$$Galoches$$,$$Ahornholzklumpen$$,$$65cf0b16ac6$$);
INSERT INTO items(base_item_id, hq) VALUES(3742, false),(3742, true);
INSERT INTO base_items VALUES(3747,$$Dream Boots$$,$$ドリームブーツ$$,$$Bottes oniriques$$,$$Wünschelschuhe$$,$$c3c7a37f9a3$$);
INSERT INTO items(base_item_id, hq) VALUES(3747, false),(3747, true);
INSERT INTO base_items VALUES(3750,$$Hyuran Thighboots$$,$$ヒューランサイブーツ$$,$$Cuissardes hyures$$,$$Hyuran-Kniestiefel$$,$$19c29dcb2f0$$);
INSERT INTO items(base_item_id, hq) VALUES(3750, false);
INSERT INTO base_items VALUES(3751,$$Hyuran Longboots$$,$$ヒューランロングブーツ$$,$$Bottes cavalières hyures$$,$$Hyuran-Stiefel$$,$$39f285bf92d$$);
INSERT INTO items(base_item_id, hq) VALUES(3751, false);
INSERT INTO base_items VALUES(3752,$$Elezen Jackboots$$,$$エレゼンジャックブーツ$$,$$Bottes militaires élézennes$$,$$Elezen-Kampfstiefel$$,$$efd7cbf2b29$$);
INSERT INTO items(base_item_id, hq) VALUES(3752, false);
INSERT INTO base_items VALUES(3753,$$Elezen Shoes$$,$$エレゼンシューズ$$,$$Chaussures élézennes$$,$$Elezen-Schuhe$$,$$c5085babde2$$);
INSERT INTO items(base_item_id, hq) VALUES(3753, false);
INSERT INTO base_items VALUES(3754,$$Lalafellin Top Boots$$,$$ララフェルトップブーツ$$,$$Bottines lalafelles$$,$$Lalafell-Stiefel$$,$$7ff7be2624a$$);
INSERT INTO items(base_item_id, hq) VALUES(3754, false);
INSERT INTO base_items VALUES(3755,$$Lalafellin Bootees$$,$$ララフェルブーティ$$,$$Chaussons lalafells$$,$$Lalafell-Stiefeletten$$,$$ea7b480d85c$$);
INSERT INTO items(base_item_id, hq) VALUES(3755, false);
INSERT INTO base_items VALUES(3756,$$Miqo'te Longboots$$,$$ミコッテブーツ$$,$$Bottes miqo'tes$$,$$Miqo'te-Stiefel$$,$$46c51060094$$);
INSERT INTO items(base_item_id, hq) VALUES(3756, false);
INSERT INTO base_items VALUES(3757,$$Miqo'te Shoes$$,$$ミコッテシューズ$$,$$Chaussures miqo'tes$$,$$Miqo'te-Schuhe$$,$$dd8d62d3e37$$);
INSERT INTO items(base_item_id, hq) VALUES(3757, false);
INSERT INTO base_items VALUES(3758,$$Roegadyn Boots$$,$$ルガディンブーツ$$,$$Bottes roegadynes$$,$$Roegadyn-Stiefel$$,$$81e18916d65$$);
INSERT INTO items(base_item_id, hq) VALUES(3758, false);
INSERT INTO base_items VALUES(3759,$$Roegadyn Sandals$$,$$ルガディンサンダル$$,$$Sandales roegadynes$$,$$Roegadyn-Sandalen$$,$$71aededa981$$);
INSERT INTO items(base_item_id, hq) VALUES(3759, false);
INSERT INTO base_items VALUES(3761,$$Leather Shoes$$,$$シューズ$$,$$Chaussures$$,$$Lederbotten$$,$$510347881ea$$);
INSERT INTO items(base_item_id, hq) VALUES(3761, false),(3761, true);
INSERT INTO base_items VALUES(3762,$$Leather Crakows$$,$$クラコー$$,$$Souliers à poulaine$$,$$Leder-Poulaines$$,$$6d7d9edf293$$);
INSERT INTO items(base_item_id, hq) VALUES(3762, false),(3762, true);
INSERT INTO base_items VALUES(3763,$$Maple Pattens$$,$$パッテン$$,$$Patins$$,$$Ahorn-Trippen$$,$$84578d84bfe$$);
INSERT INTO items(base_item_id, hq) VALUES(3763, false),(3763, true);
INSERT INTO base_items VALUES(3764,$$Leather Sandals$$,$$サンダル$$,$$Sandales$$,$$Ledersandalen$$,$$795ed253795$$);
INSERT INTO items(base_item_id, hq) VALUES(3764, false),(3764, true);
INSERT INTO base_items VALUES(3765,$$Leather Leggings$$,$$レギンス$$,$$Jambières$$,$$Lederleggins$$,$$1efc73c2c3e$$);
INSERT INTO items(base_item_id, hq) VALUES(3765, false),(3765, true);
INSERT INTO base_items VALUES(3766,$$Leather Boots$$,$$ブーツ$$,$$Bottes$$,$$Lederstiefel$$,$$ae660d35c20$$);
INSERT INTO items(base_item_id, hq) VALUES(3766, false),(3766, true);
INSERT INTO base_items VALUES(3767,$$Bronze Sollerets$$,$$ソルレット$$,$$Solerets$$,$$Bronze-Sollerets$$,$$1501bd4ac03$$);
INSERT INTO items(base_item_id, hq) VALUES(3767, false),(3767, true);
INSERT INTO base_items VALUES(3768,$$Amateur's Thighboots$$,$$アマチュアサイブーツ$$,$$Cuissardes d'amateur$$,$$Laien-Kniestiefel$$,$$fe6077082e4$$);
INSERT INTO items(base_item_id, hq) VALUES(3768, false),(3768, true);
INSERT INTO base_items VALUES(3769,$$Amateur's Duckbills$$,$$アマチュアダックビル$$,$$Sandales bec d'oie d'amateur$$,$$Laien-Schnabelschuhe$$,$$3cb6f21b282$$);
INSERT INTO items(base_item_id, hq) VALUES(3769, false),(3769, true);
INSERT INTO base_items VALUES(3770,$$Leather Jackboots$$,$$ジャックブーツ$$,$$Bottes militaires$$,$$Leder-Kampfstiefel$$,$$943ad232385$$);
INSERT INTO items(base_item_id, hq) VALUES(3770, false),(3770, true);
INSERT INTO base_items VALUES(3771,$$Hard Leather Shoes$$,$$ハードレザーシューズ$$,$$Chaussures en cuir rigide$$,$$Juchleder-Botten$$,$$e894d16d05a$$);
INSERT INTO items(base_item_id, hq) VALUES(3771, false),(3771, true);
INSERT INTO base_items VALUES(3772,$$Hard Leather Caligae$$,$$カリガ$$,$$Caligae$$,$$Juchleder-Caligae$$,$$96029646ce8$$);
INSERT INTO items(base_item_id, hq) VALUES(3772, false),(3772, true);
INSERT INTO base_items VALUES(3773,$$Hard Leather Sandals$$,$$ハードレザーサンダル$$,$$Sandales en cuir rigide$$,$$Juchleder-Sandalen$$,$$76059262ca9$$);
INSERT INTO items(base_item_id, hq) VALUES(3773, false),(3773, true);
INSERT INTO base_items VALUES(3774,$$Hard Leather Espadrilles$$,$$エスパドリーユ$$,$$Espadrilles$$,$$Juchleder-Espadrilles$$,$$ec4e5f36026$$);
INSERT INTO items(base_item_id, hq) VALUES(3774, false),(3774, true);
INSERT INTO base_items VALUES(3775,$$Bronze Sabatons$$,$$サバトン$$,$$Sabatons$$,$$Bronze-Bärlatschen$$,$$eda9833fcae$$);
INSERT INTO items(base_item_id, hq) VALUES(3775, false),(3775, true);
INSERT INTO base_items VALUES(3777,$$Hard Leather Boots$$,$$ハードレザーブーツ$$,$$Bottes en cuir rigide$$,$$Juchlederstiefel$$,$$7ada831af20$$);
INSERT INTO items(base_item_id, hq) VALUES(3777, false),(3777, true);
INSERT INTO base_items VALUES(3779,$$Ash Pattens$$,$$アッシュパッテン$$,$$Patins en frêne$$,$$Eschen-Trippen$$,$$56a0c89e371$$);
INSERT INTO items(base_item_id, hq) VALUES(3779, false),(3779, true);
INSERT INTO base_items VALUES(3780,$$Hard Leather Crakows$$,$$ハードレザークラコー$$,$$Souliers à poulaine en cuir rigide$$,$$Juchleder-Poulaines$$,$$1a7a8fd056c$$);
INSERT INTO items(base_item_id, hq) VALUES(3780, false),(3780, true);
INSERT INTO base_items VALUES(3781,$$Plundered Sabatons$$,$$プランダードサバトン$$,$$Sabatons pillés$$,$$Geplünderte Bärlatschen$$,$$7050a16a655$$);
INSERT INTO items(base_item_id, hq) VALUES(3781, false);
INSERT INTO base_items VALUES(3782,$$Plundered Duckbills$$,$$プランダードダックビル$$,$$Sandales bec d'oie pillées$$,$$Geplünderte Schnabelschuhe$$,$$9041c48752e$$);
INSERT INTO items(base_item_id, hq) VALUES(3782, false);
INSERT INTO base_items VALUES(3783,$$Plundered Moccasins$$,$$プランダードモカシン$$,$$Mocassins pillés$$,$$Geplünderte Mokassins$$,$$50d6de0e6ee$$);
INSERT INTO items(base_item_id, hq) VALUES(3783, false);
INSERT INTO base_items VALUES(3784,$$Goatskin Leggings$$,$$アルドゴートレギンス$$,$$Jambières en cuir de bouquetin$$,$$Steinbockleder-Leggins$$,$$ada19dd8fdd$$);
INSERT INTO items(base_item_id, hq) VALUES(3784, false),(3784, true);
INSERT INTO base_items VALUES(3788,$$Padded Leather Duckbills$$,$$ダックビルDX$$,$$Sandales bec d'oie renforcées$$,$$Gefütterte Leder-Schnabelschuhe$$,$$13f67e17e61$$);
INSERT INTO items(base_item_id, hq) VALUES(3788, false),(3788, true);
INSERT INTO base_items VALUES(3790,$$Padded Leather Duckbills of Gathering$$,$$ギャザラーダックビルDX$$,$$Sandales bec d'oie renforcées des ressources$$,$$Gefütterte Leder-Schnabelschuhe des Eifers$$,$$193007e837d$$);
INSERT INTO items(base_item_id, hq) VALUES(3790, false),(3790, true);
INSERT INTO base_items VALUES(3791,$$Goatskin Leg Guards$$,$$アルドゴートレッグガード$$,$$Protège-jambes en cuir de bouquetin$$,$$Steinbockleder-Beinschützer$$,$$7b0a7bb79da$$);
INSERT INTO items(base_item_id, hq) VALUES(3791, false),(3791, true);
INSERT INTO base_items VALUES(3793,$$Iron Sabatons$$,$$アイアンサバトン$$,$$Sabatons en fer$$,$$Eisen-Bärlatschen$$,$$c942be99921$$);
INSERT INTO items(base_item_id, hq) VALUES(3793, false),(3793, true);
INSERT INTO base_items VALUES(3795,$$Initiate's Thighboots$$,$$イニシエートサイブーツ$$,$$Cuissardes d'initié$$,$$Initiaten-Kniestiefel$$,$$bd94cd54465$$);
INSERT INTO items(base_item_id, hq) VALUES(3795, false),(3795, true);
INSERT INTO base_items VALUES(3799,$$Goatskin Espadrilles$$,$$アルドゴートエスパドリーユ$$,$$Espadrilles en cuir de bouquetin$$,$$Steinbockleder-Espadrilles$$,$$756dac8f57a$$);
INSERT INTO items(base_item_id, hq) VALUES(3799, false),(3799, true);
INSERT INTO base_items VALUES(3800,$$Cotton Dress Shoes$$,$$コットンドレスシューズ$$,$$Chaussures d'apparat en coton$$,$$Baumwoll-Galaschuhe$$,$$cd59c1eadea$$);
INSERT INTO items(base_item_id, hq) VALUES(3800, false),(3800, true);
INSERT INTO base_items VALUES(3802,$$Iron-plated Jackboots$$,$$アイアンクラッドブーツ$$,$$Bottes militaires revêtues de fer$$,$$Eisenkappen-Kampfstiefel$$,$$2efd3123a7d$$);
INSERT INTO items(base_item_id, hq) VALUES(3802, false),(3802, true);
INSERT INTO base_items VALUES(3804,$$Iron Scale Greaves$$,$$アイアンスケイルグリーヴ$$,$$Jambards d'écailles en fer$$,$$Eisenschuppen-Beinschienen$$,$$c8dc7f93f10$$);
INSERT INTO items(base_item_id, hq) VALUES(3804, false),(3804, true);
INSERT INTO base_items VALUES(3805,$$Elm Pattens$$,$$エルムパッテン$$,$$Patins en orme$$,$$Ulmen-Trippen$$,$$02c96ecf30b$$);
INSERT INTO items(base_item_id, hq) VALUES(3805, false),(3805, true);
INSERT INTO base_items VALUES(3806,$$Goatskin Duckbills$$,$$アルドゴートダックビル$$,$$Sandales bec d'oie en cuir de bouquetin$$,$$Steinbockleder-Schnabelschuhe$$,$$8dff3d47e08$$);
INSERT INTO items(base_item_id, hq) VALUES(3806, false),(3806, true);
INSERT INTO base_items VALUES(3808,$$Goatskin Crakows$$,$$アルドゴートクラコー$$,$$Souliers à poulaine en cuir de bouquetin$$,$$Steinbockleder-Poulaines$$,$$68efef6d1f7$$);
INSERT INTO items(base_item_id, hq) VALUES(3808, false),(3808, true);
INSERT INTO base_items VALUES(3810,$$Goatskin Crakows of Gathering$$,$$アルドゴートギャザラークラコー$$,$$Souliers à poulaine des ressources en cuir de bouquetin$$,$$Steinbockleder-Poulaines des Eifers$$,$$17b85b5c2a8$$);
INSERT INTO items(base_item_id, hq) VALUES(3810, false),(3810, true);
INSERT INTO base_items VALUES(3821,$$Goatskin Boots$$,$$アルドゴートブーツ$$,$$Bottes en cuir de bouquetin$$,$$Steinbockleder-Stiefel$$,$$4514b921b28$$);
INSERT INTO items(base_item_id, hq) VALUES(3821, false),(3821, true);
INSERT INTO base_items VALUES(3823,$$Velveteen Gaiters$$,$$ベルベティーンゲイター$$,$$Guêtres en veloutine$$,$$Samt-Spangenschuhe$$,$$595e0b60beb$$);
INSERT INTO items(base_item_id, hq) VALUES(3823, false),(3823, true);
INSERT INTO base_items VALUES(3825,$$Steel Sabatons$$,$$スチールサバトン$$,$$Sabatons en acier$$,$$Stahl-Bärlatschen$$,$$f9e73c92a39$$);
INSERT INTO items(base_item_id, hq) VALUES(3825, false),(3825, true);
INSERT INTO base_items VALUES(3827,$$Toadskin Leg Guards$$,$$トードレッグガード$$,$$Protège-jambes en cuir de crapaud$$,$$Krötenleder-Beinschützer$$,$$7a9d4e01bed$$);
INSERT INTO items(base_item_id, hq) VALUES(3827, false),(3827, true);
INSERT INTO base_items VALUES(3829,$$Toadskin Workboots$$,$$トードワークブーツ$$,$$Bottes de travail en cuir de crapaud$$,$$Krötenleder-Arbeitsschuhe$$,$$ce529a77754$$);
INSERT INTO items(base_item_id, hq) VALUES(3829, false),(3829, true);
INSERT INTO base_items VALUES(3830,$$Mildewed Thighboots$$,$$オールドサイブーツ$$,$$Cuissardes craquelées$$,$$Modrige Kniestiefel$$,$$565a1133603$$);
INSERT INTO items(base_item_id, hq) VALUES(3830, false);
INSERT INTO base_items VALUES(3831,$$Velveteen Dress Shoes$$,$$ベルベティーンドレスシューズ$$,$$Chaussures d'apparat en veloutine$$,$$Samt-Galaschuhe$$,$$9d5f44c0519$$);
INSERT INTO items(base_item_id, hq) VALUES(3831, false),(3831, true);
INSERT INTO base_items VALUES(3833,$$Steel-plated Jackboots$$,$$スチールクラッドブーツ$$,$$Bottes militaires revêtues d'acier$$,$$Stahlkappen-Kampfstiefel$$,$$63d9edbacc4$$);
INSERT INTO items(base_item_id, hq) VALUES(3833, false),(3833, true);
INSERT INTO base_items VALUES(3835,$$Steel Scale Greaves$$,$$スチールスケイルグリーヴ$$,$$Jambards d'écailles en acier$$,$$Stahlschuppen-Beinschienen$$,$$8e856990aeb$$);
INSERT INTO items(base_item_id, hq) VALUES(3835, false),(3835, true);
INSERT INTO base_items VALUES(3837,$$Walnut Pattens$$,$$ウォルナットパッテン$$,$$Patins en noyer$$,$$Walnuss-Trippen$$,$$1a6eb592605$$);
INSERT INTO items(base_item_id, hq) VALUES(3837, false),(3837, true);
INSERT INTO base_items VALUES(3841,$$Boarskin Crakows$$,$$ボアクラコー$$,$$Souliers à poulaine en cuir de sanglier$$,$$Keilerleder-Poulaines$$,$$cdb49103a3a$$);
INSERT INTO items(base_item_id, hq) VALUES(3841, false),(3841, true);
INSERT INTO base_items VALUES(3843,$$Boarskin Crakows of Gathering$$,$$ボアギャザラークラコー$$,$$Souliers à poulaine des ressources en cuir de sanglier$$,$$Keilerleder-Poulaines des Eifers$$,$$699997823fa$$);
INSERT INTO items(base_item_id, hq) VALUES(3843, false),(3843, true);
INSERT INTO base_items VALUES(3844,$$Toadskin Duckbills$$,$$トードダックビル$$,$$Sandales bec d'oie en cuir de crapaud$$,$$Krötenleder-Schnabelschuhe$$,$$29a971c97bc$$);
INSERT INTO items(base_item_id, hq) VALUES(3844, false),(3844, true);
INSERT INTO base_items VALUES(3847,$$Steel-plated Caligae$$,$$スチールアーマードカリガ$$,$$Caligae revêtues d'acier$$,$$Stahlverstärkte Caligae$$,$$f12b7240fc1$$);
INSERT INTO items(base_item_id, hq) VALUES(3847, false),(3847, true);
INSERT INTO base_items VALUES(3849,$$Linen Gaiters$$,$$リネンゲイター$$,$$Guêtres en lin$$,$$Leinen-Spangenschuhe$$,$$06f8df8517e$$);
INSERT INTO items(base_item_id, hq) VALUES(3849, false),(3849, true);
INSERT INTO base_items VALUES(3850,$$Horn Scale Greaves$$,$$ホーンスケイルグリーヴ$$,$$Jambards d'écailles en corne$$,$$Hornschuppen-Beinschienen$$,$$c41815c5dc0$$);
INSERT INTO items(base_item_id, hq) VALUES(3850, false),(3850, true);
INSERT INTO base_items VALUES(3851,$$Peisteskin Crakows$$,$$ペイストクラコー$$,$$Souliers à poulaine en cuir de peiste$$,$$Basiliskenleder-Poulaines$$,$$4b7c9a46329$$);
INSERT INTO items(base_item_id, hq) VALUES(3851, false),(3851, true);
INSERT INTO base_items VALUES(3853,$$Peisteskin Crakows of Gathering$$,$$ペイストギャザラークラコー$$,$$Souliers à poulaine des ressources en cuir de peiste$$,$$Basiliskenleder-Poulaines des Eifers$$,$$1292d6522b0$$);
INSERT INTO items(base_item_id, hq) VALUES(3853, false),(3853, true);
INSERT INTO base_items VALUES(3854,$$Mythril Sabatons$$,$$ミスリルサバトン$$,$$Sabatons en mithril$$,$$Mithril-Bärlatschen$$,$$0f88257c5c7$$);
INSERT INTO items(base_item_id, hq) VALUES(3854, false),(3854, true);
INSERT INTO base_items VALUES(3856,$$Boarskin Duckbills$$,$$ボアダックビル$$,$$Sandales bec d'oie en cuir de sanglier$$,$$Keilerleder-Schnabelschuhe$$,$$8c748e32a27$$);
INSERT INTO items(base_item_id, hq) VALUES(3856, false),(3856, true);
INSERT INTO base_items VALUES(3858,$$Mythril-plated Jackboots$$,$$ミスリルクラッドブーツ$$,$$Bottes militaires revêtues de mithril$$,$$Mithrilkappen-Kampfstiefel$$,$$8e40194d15c$$);
INSERT INTO items(base_item_id, hq) VALUES(3858, false),(3858, true);
INSERT INTO base_items VALUES(3860,$$Boarskin Thighboots$$,$$ボアサイブーツ$$,$$Cuissardes en cuir de sanglier$$,$$Keilerleder-Kniestiefel$$,$$66d92132674$$);
INSERT INTO items(base_item_id, hq) VALUES(3860, false),(3860, true);
INSERT INTO base_items VALUES(3861,$$Mythril-plated Caligae$$,$$ミスリルアーマードカリガ$$,$$Caligae revêtues de mithril$$,$$Mithrilverstärkte Caligae$$,$$f5b4d7a2fb5$$);
INSERT INTO items(base_item_id, hq) VALUES(3861, false),(3861, true);
INSERT INTO base_items VALUES(3863,$$Mage's Pattens$$,$$メイジパッテン$$,$$Patins de magisme$$,$$Magier-Trippen$$,$$ef79d416551$$);
INSERT INTO items(base_item_id, hq) VALUES(3863, false);
INSERT INTO base_items VALUES(3864,$$Explorer's Sabatons$$,$$エクスプローラーサバトン$$,$$Sabatons d'explorateur$$,$$Entdecker-Bärlatschen$$,$$bc2a162e820$$);
INSERT INTO items(base_item_id, hq) VALUES(3864, false);
INSERT INTO base_items VALUES(3865,$$Explorer's Moccasins$$,$$エクスプローラーモカシン$$,$$Mocassins d'explorateur$$,$$Entdecker-Mokassins$$,$$097c2b9b78f$$);
INSERT INTO items(base_item_id, hq) VALUES(3865, false);
INSERT INTO base_items VALUES(3866,$$Boarskin Moccasins$$,$$ボアモカシン$$,$$Mocassins en cuir de sanglier$$,$$Keilerleder-Mokassins$$,$$f759cfd11e4$$);
INSERT INTO items(base_item_id, hq) VALUES(3866, false),(3866, true);
INSERT INTO base_items VALUES(3868,$$Mythril Sollerets$$,$$ミスリルソルレット$$,$$Solerets en mithril$$,$$Mithril-Sollerets$$,$$23d3c2b9469$$);
INSERT INTO items(base_item_id, hq) VALUES(3868, false),(3868, true);
INSERT INTO base_items VALUES(3870,$$Oak Pattens$$,$$オークパッテン$$,$$Patins en chêne$$,$$Eichen-Trippen$$,$$05508d7abc3$$);
INSERT INTO items(base_item_id, hq) VALUES(3870, false),(3870, true);
INSERT INTO base_items VALUES(3871,$$Boarskin Workboots$$,$$ボアワークブーツ$$,$$Bottes de travail en cuir de sanglier$$,$$Keilerleder-Arbeitsschuhe$$,$$36033e3802d$$);
INSERT INTO items(base_item_id, hq) VALUES(3871, false),(3871, true);
INSERT INTO base_items VALUES(3881,$$Woolen Dress Shoes$$,$$ウールドレスシューズ$$,$$Chaussures d'apparat en laine$$,$$Woll-Galaschuhe$$,$$b8b9dc7c433$$);
INSERT INTO items(base_item_id, hq) VALUES(3881, false),(3881, true);
INSERT INTO base_items VALUES(3883,$$Cobalt-plated Jackboots$$,$$コバルトクラッドブーツ$$,$$Bottes militaires revêtues de cobalt$$,$$Koboldeisenkappen-Kampfstiefel$$,$$e0b8ba113ae$$);
INSERT INTO items(base_item_id, hq) VALUES(3883, false),(3883, true);
INSERT INTO base_items VALUES(3885,$$Raptorskin Thighboots$$,$$ラプトルサイブーツ$$,$$Cuissardes en cuir de raptor$$,$$Raptorleder-Kniestiefel$$,$$59cbd5fde7a$$);
INSERT INTO items(base_item_id, hq) VALUES(3885, false),(3885, true);
INSERT INTO base_items VALUES(3886,$$Tortoiseshell Scale Greaves$$,$$トータススケイルグリーヴ$$,$$Jambards d'écailles de tortue$$,$$Schildpatt-Schuppen-Beinschienen$$,$$706159f0125$$);
INSERT INTO items(base_item_id, hq) VALUES(3886, false),(3886, true);
INSERT INTO base_items VALUES(3887,$$Cobalt-plated Caligae$$,$$コバルトアーマードカリガ$$,$$Caligae revêtues de cobalt$$,$$Koboldeisenverstärkte Caligae$$,$$88fa9cd8371$$);
INSERT INTO items(base_item_id, hq) VALUES(3887, false),(3887, true);
INSERT INTO base_items VALUES(3904,$$Hunting Moccasins$$,$$ハンティングモカシン$$,$$Mocassins de chasse$$,$$Jäger-Mokassins$$,$$f0606a46220$$);
INSERT INTO items(base_item_id, hq) VALUES(3904, false),(3904, true);
INSERT INTO base_items VALUES(3906,$$Cobalt Sollerets$$,$$コバルトソルレット$$,$$Solerets en cobalt$$,$$Koboldeisen-Sollerets$$,$$1c4e4e1be56$$);
INSERT INTO items(base_item_id, hq) VALUES(3906, false),(3906, true);
INSERT INTO base_items VALUES(3908,$$Mahogany Pattens$$,$$マホガニーパッテン$$,$$Patins en acajou$$,$$Mahagoni-Trippen$$,$$c9584bf1fbb$$);
INSERT INTO items(base_item_id, hq) VALUES(3908, false),(3908, true);
INSERT INTO base_items VALUES(3909,$$Raptorskin Workboots$$,$$ラプトルワークブーツ$$,$$Bottes de travail en cuir de raptor$$,$$Raptorleder-Arbeitsschuhe$$,$$f6fc531c524$$);
INSERT INTO items(base_item_id, hq) VALUES(3909, false),(3909, true);
INSERT INTO base_items VALUES(3910,$$Buccaneer's Boots$$,$$バッカニアブーツ$$,$$Bottes de boucanier$$,$$Korsarenstiefel$$,$$d3cd97c5d2c$$);
INSERT INTO items(base_item_id, hq) VALUES(3910, false);
INSERT INTO base_items VALUES(3911,$$Vintage Thighboots$$,$$ヴィンテージサイブーツ$$,$$Cuissardes de collection$$,$$Restaurierte Kniestiefel$$,$$b5be244b606$$);
INSERT INTO items(base_item_id, hq) VALUES(3911, false),(3911, true);
INSERT INTO base_items VALUES(3912,$$Cobalt Sabatons$$,$$コバルトサバトン$$,$$Sabatons en cobalt$$,$$Koboldeisen-Bärlatschen$$,$$7b7a9c2bf21$$);
INSERT INTO items(base_item_id, hq) VALUES(3912, false),(3912, true);
INSERT INTO base_items VALUES(3914,$$Felt Dress Shoes$$,$$フェルトドレスシューズ$$,$$Chaussures d'apparat en feutre$$,$$Filz-Galaschuhe$$,$$1bc96a87148$$);
INSERT INTO items(base_item_id, hq) VALUES(3914, false),(3914, true);
INSERT INTO base_items VALUES(3916,$$Raptorskin Leg Guards$$,$$ラプトルレッグガード$$,$$Protège-jambes en cuir de raptor$$,$$Raptorleder-Beinschützer$$,$$b60df257138$$);
INSERT INTO items(base_item_id, hq) VALUES(3916, false),(3916, true);
INSERT INTO base_items VALUES(3918,$$Patrician's Gaiters$$,$$パトリシアンゲイター$$,$$Guêtres de patricien$$,$$Patrizier-Spangenschuhe$$,$$2dd297183db$$);
INSERT INTO items(base_item_id, hq) VALUES(3918, false),(3918, true);
INSERT INTO base_items VALUES(3919,$$Templar's Sollerets$$,$$テンプラーソルレット$$,$$Solerets de templier$$,$$Templer-Sollerets$$,$$aec77975246$$);
INSERT INTO items(base_item_id, hq) VALUES(3919, false);
INSERT INTO base_items VALUES(3920,$$Militia Duckbills$$,$$ミリシアダックビル$$,$$Sandales bec d'oie de milicien$$,$$Miliz-Schnabelschuhe$$,$$8550740a2e1$$);
INSERT INTO items(base_item_id, hq) VALUES(3920, false),(3920, true);
INSERT INTO base_items VALUES(3921,$$Militia Sabatons$$,$$ミリシアサバトン$$,$$Sabatons de milicien$$,$$Miliz-Bärlatschen$$,$$0e831dfc00d$$);
INSERT INTO items(base_item_id, hq) VALUES(3921, false),(3921, true);
INSERT INTO base_items VALUES(3922,$$Militia Caligae$$,$$ミリシアカリガ$$,$$Caligae de milicien$$,$$Miliz-Caligae$$,$$9b5c711eb36$$);
INSERT INTO items(base_item_id, hq) VALUES(3922, false),(3922, true);
INSERT INTO base_items VALUES(3926,$$Sentinel's Sabatons$$,$$センチネルサバトン$$,$$Sabatons de sentinelle$$,$$Wächter-Bärlatschen$$,$$0c3e67f443e$$);
INSERT INTO items(base_item_id, hq) VALUES(3926, false);
INSERT INTO base_items VALUES(3927,$$Carpenter's Workboots$$,$$カーペンターワークブーツ$$,$$Bottes de travail de menuisier$$,$$Zimmerer-Arbeitsschuhe$$,$$f9e180ec361$$);
INSERT INTO items(base_item_id, hq) VALUES(3927, false),(3927, true);
INSERT INTO base_items VALUES(3928,$$Blacksmith's Workboots$$,$$ブラックスミスワークブーツ$$,$$Bottes de travail de forgeron$$,$$Grobschmied-Arbeitsschuhe$$,$$495d3bfaa03$$);
INSERT INTO items(base_item_id, hq) VALUES(3928, false),(3928, true);
INSERT INTO base_items VALUES(3929,$$Armorer's Workboots$$,$$アーモラーワークブーツ$$,$$Bottes de travail d'armurier$$,$$Plattner-Arbeitsschuhe$$,$$ecf76cb0083$$);
INSERT INTO items(base_item_id, hq) VALUES(3929, false),(3929, true);
INSERT INTO base_items VALUES(3930,$$Goldsmith's Boots$$,$$ゴールドスミスブーツ$$,$$Bottes de travail d'orfèvre$$,$$Goldschmied-Arbeitsschuhe$$,$$700f217892d$$);
INSERT INTO items(base_item_id, hq) VALUES(3930, false),(3930, true);
INSERT INTO base_items VALUES(3931,$$Leatherworker's Workboots$$,$$レザーワーカーブーツ$$,$$Bottes de travail de tanneur$$,$$Gerber-Arbeitsschuhe$$,$$09d742ff2ed$$);
INSERT INTO items(base_item_id, hq) VALUES(3931, false),(3931, true);
INSERT INTO base_items VALUES(3932,$$Weaver's Thighboots$$,$$ウィーバーサイブーツ$$,$$Cuissardes de couturier$$,$$Weber-Kniestiefel$$,$$ad859dbd74c$$);
INSERT INTO items(base_item_id, hq) VALUES(3932, false),(3932, true);
INSERT INTO base_items VALUES(3933,$$Alchemist's Thighboots$$,$$アルケミストサイブーツ$$,$$Cuissardes d'alchimiste$$,$$Alchemisten-Kniestiefel$$,$$395ed23ad94$$);
INSERT INTO items(base_item_id, hq) VALUES(3933, false),(3933, true);
INSERT INTO base_items VALUES(3934,$$Culinarian's Gaiters$$,$$クリナリアンゲイター$$,$$Guêtres de cuisinier$$,$$Gourmet-Spangenschuhe$$,$$9344f2db651$$);
INSERT INTO items(base_item_id, hq) VALUES(3934, false),(3934, true);
INSERT INTO base_items VALUES(3935,$$Miner's Workboots$$,$$ディガーワークブーツ$$,$$Bottes de travail de mineur$$,$$Minenarbeiter-Arbeitsschuhe$$,$$bf36ee7a931$$);
INSERT INTO items(base_item_id, hq) VALUES(3935, false),(3935, true);
INSERT INTO base_items VALUES(3936,$$Botanist's Workboots$$,$$カッターワークブーツ$$,$$Bottes de travail de botaniste$$,$$Gärtner-Arbeitsschuhe$$,$$930982a4760$$);
INSERT INTO items(base_item_id, hq) VALUES(3936, false),(3936, true);
INSERT INTO base_items VALUES(3937,$$Fisher's Wading Boots$$,$$フィッシャーワークブーツ$$,$$Bottes de travail de pêcheur$$,$$Fischer-Arbeitsschuhe$$,$$955016cab1c$$);
INSERT INTO items(base_item_id, hq) VALUES(3937, false),(3937, true);
INSERT INTO base_items VALUES(3943,$$Darksteel Sollerets$$,$$ダークスチールソルレット$$,$$Solerets en sombracier$$,$$Dunkelstahl-Sollerets$$,$$8d867c8e5b8$$);
INSERT INTO items(base_item_id, hq) VALUES(3943, false),(3943, true);
INSERT INTO base_items VALUES(3944,$$Gryphonskin Thighboots$$,$$ヒッポグリフサイブーツ$$,$$Cuissardes en cuir d'hippogriffe$$,$$Gryphenleder-Kniestiefel$$,$$2ae1c434136$$);
INSERT INTO items(base_item_id, hq) VALUES(3944, false),(3944, true);
INSERT INTO base_items VALUES(3945,$$Gryphonskin Moccasins$$,$$ヒッポグリフモカシン$$,$$Mocassins en cuir d'hippogriffe$$,$$Gryphenleder-Mokassins$$,$$4c9b6213b1b$$);
INSERT INTO items(base_item_id, hq) VALUES(3945, false),(3945, true);
INSERT INTO base_items VALUES(3946,$$Vanya Crakows$$,$$ヴァンヤクラコー$$,$$Souliers à poulaine en soie vanya$$,$$Vanya-Poulaines$$,$$95c48a97ba5$$);
INSERT INTO items(base_item_id, hq) VALUES(3946, false),(3946, true);
INSERT INTO base_items VALUES(3947,$$Spruce Pattens$$,$$スプルースパッテン$$,$$Patins en épicéa$$,$$Fichten-Trippen$$,$$55e2a767ce9$$);
INSERT INTO items(base_item_id, hq) VALUES(3947, false),(3947, true);
INSERT INTO base_items VALUES(3959,$$Merchant's Purse$$,$$マーチャントポーチ$$,$$Bourse de marchand$$,$$Händler-Gilbörse$$,$$9ccf755019d$$);
INSERT INTO items(base_item_id, hq) VALUES(3959, false),(3959, true);
INSERT INTO base_items VALUES(3960,$$Leather Shepherd's Belt$$,$$シェパードベルト$$,$$Ceinture de berger$$,$$Leder-Schäfergürtel$$,$$fa4ccf79f85$$);
INSERT INTO items(base_item_id, hq) VALUES(3960, false),(3960, true);
INSERT INTO base_items VALUES(3961,$$Greasy Half Apron$$,$$オールドエプロン$$,$$Demi-tablier taché$$,$$Fleckige Halbschürze$$,$$2d3e52fb8ed$$);
INSERT INTO items(base_item_id, hq) VALUES(3961, false);
INSERT INTO base_items VALUES(3962,$$Leather Belt$$,$$レザーベルト$$,$$Ceinture en cuir$$,$$Ledergürtel$$,$$a5b1c64b4db$$);
INSERT INTO items(base_item_id, hq) VALUES(3962, false),(3962, true);
INSERT INTO base_items VALUES(3963,$$Hempen Sash$$,$$サッシュ$$,$$Écharpe$$,$$Schärpe$$,$$3fe0b3394a6$$);
INSERT INTO items(base_item_id, hq) VALUES(3963, false),(3963, true);
INSERT INTO base_items VALUES(3964,$$Frayed Chef's Belt$$,$$オールドシェフズベルト$$,$$Ceinture de chef craquelée$$,$$Verschlissener Kochgürtel$$,$$3a5cf7ed272$$);
INSERT INTO items(base_item_id, hq) VALUES(3964, false);
INSERT INTO base_items VALUES(3965,$$Leather Survival Belt$$,$$サバイバルベルト$$,$$Ceinture de survie$$,$$Leder-Überlebensgürtel$$,$$91806e521a3$$);
INSERT INTO items(base_item_id, hq) VALUES(3965, false),(3965, true);
INSERT INTO base_items VALUES(3966,$$Hard Leather Merchant's Pouch$$,$$ハードレザー・マーチャントポーチ$$,$$Bourse de marchand en cuir rigide$$,$$Juchleder-Händler-Gilbörse$$,$$76f98d27319$$);
INSERT INTO items(base_item_id, hq) VALUES(3966, false),(3966, true);
INSERT INTO base_items VALUES(3967,$$Hard Leather Hunting Belt$$,$$ハンターベルト$$,$$Ceinture de chasse$$,$$Juchleder-Jägergürtel$$,$$eefb75fd584$$);
INSERT INTO items(base_item_id, hq) VALUES(3967, false),(3967, true);
INSERT INTO base_items VALUES(3968,$$Hard Leather Satchel Belt$$,$$ハードレザー・サッチェルベルト$$,$$Ceinture à sacoche en cuir rigide$$,$$Juchleder-Leibriemen$$,$$58ee0e89d0d$$);
INSERT INTO items(base_item_id, hq) VALUES(3968, false),(3968, true);
INSERT INTO base_items VALUES(3969,$$Cotton Longsash$$,$$コットンロングサッシュ$$,$$Écharpe longue en coton$$,$$Baumwoll-Langschärpe$$,$$a97607a9a2a$$);
INSERT INTO items(base_item_id, hq) VALUES(3969, false),(3969, true);
INSERT INTO base_items VALUES(3970,$$Hard Leather Lightpouch$$,$$ハードレザー・ライトポーチ$$,$$Bourse légère en cuir rigide$$,$$Juchleder-Gilbeutel$$,$$e7dce33a97f$$);
INSERT INTO items(base_item_id, hq) VALUES(3970, false),(3970, true);
INSERT INTO base_items VALUES(3971,$$Cracked Shepherd's Belt$$,$$オールドシェパードベルト$$,$$Ceinture de berger craquelée$$,$$Verschlissener Hirtengurt$$,$$22c6c6c7416$$);
INSERT INTO items(base_item_id, hq) VALUES(3971, false);
INSERT INTO base_items VALUES(3972,$$Bronze Plate Belt$$,$$プレートベルト$$,$$Ceinture de plaques$$,$$Bronze-Plattengürtel$$,$$716a6423600$$);
INSERT INTO items(base_item_id, hq) VALUES(3972, false),(3972, true);
INSERT INTO base_items VALUES(3974,$$Rope Belt$$,$$ロープベルト$$,$$Ceinture en corde$$,$$Bindegürtel$$,$$1c4026a25ec$$);
INSERT INTO items(base_item_id, hq) VALUES(3974, false),(3974, true);
INSERT INTO base_items VALUES(3976,$$Plundered Plate Belt$$,$$プランダードプレートベルト$$,$$Ceinture de plaques pillée$$,$$Geplünderter Plattengürtel$$,$$e2f31b57eb9$$);
INSERT INTO items(base_item_id, hq) VALUES(3976, false);
INSERT INTO base_items VALUES(3977,$$Plundered Rope Belt$$,$$プランダードロープベルト$$,$$Ceinture en corde pillée$$,$$Geplünderter Bindegürtel$$,$$07622751a62$$);
INSERT INTO items(base_item_id, hq) VALUES(3977, false);
INSERT INTO base_items VALUES(3978,$$Plundered Leather Belt$$,$$プランダードレザーベルト$$,$$Ceinture en cuir pillée$$,$$Geplünderter Ledergürtel$$,$$77a7c97d886$$);
INSERT INTO items(base_item_id, hq) VALUES(3978, false);
INSERT INTO base_items VALUES(3979,$$Hard Leather Shepherd's Belt$$,$$ハードレザー・シェパードベルト$$,$$Ceinture de berger en cuir rigide$$,$$Juchleder-Schäfergürtel$$,$$24c8b8adbc6$$);
INSERT INTO items(base_item_id, hq) VALUES(3979, false),(3979, true);
INSERT INTO base_items VALUES(3980,$$Hard Leather Belt$$,$$ハードレザーベルト$$,$$Ceinture en cuir rigide$$,$$Juchledergürtel$$,$$29587605c5b$$);
INSERT INTO items(base_item_id, hq) VALUES(3980, false),(3980, true);
INSERT INTO base_items VALUES(3982,$$Goatskin Tool Belt$$,$$アルドゴートツールベルト$$,$$Ceinture à outils en cuir de bouquetin$$,$$Steinbockleder-Werkzeuggürtel$$,$$c5493125213$$);
INSERT INTO items(base_item_id, hq) VALUES(3982, false),(3982, true);
INSERT INTO base_items VALUES(3983,$$Voyager's Belt$$,$$ボイジャーベルト$$,$$Ceinture de voyageur$$,$$Reisegürtel$$,$$3beeb8d6437$$);
INSERT INTO items(base_item_id, hq) VALUES(3983, false),(3983, true);
INSERT INTO base_items VALUES(3985,$$Iron Plate Belt$$,$$アイアンプレートベルト$$,$$Ceinture de plaques en fer$$,$$Eisen-Plattengürtel$$,$$d16c37b613b$$);
INSERT INTO items(base_item_id, hq) VALUES(3985, false),(3985, true);
INSERT INTO base_items VALUES(3987,$$Cotton Sash$$,$$コットンサッシュ$$,$$Écharpe en coton$$,$$Baumwollschärpe$$,$$f796ae6f278$$);
INSERT INTO items(base_item_id, hq) VALUES(3987, false),(3987, true);
INSERT INTO base_items VALUES(3989,$$Goatskin Belt$$,$$アルドゴートレザーベルト$$,$$Ceinture en cuir de bouquetin$$,$$Steinbockleder-Gürtel$$,$$9448da7159a$$);
INSERT INTO items(base_item_id, hq) VALUES(3989, false),(3989, true);
INSERT INTO base_items VALUES(3991,$$Goatskin Satchel Belt$$,$$アルドゴートサッチェルベルト$$,$$Ceinture à sacoche en cuir de bouquetin$$,$$Steinbockleder-Leibriemen$$,$$ccd37d73737$$);
INSERT INTO items(base_item_id, hq) VALUES(3991, false),(3991, true);
INSERT INTO base_items VALUES(3996,$$Tarred Velveteen Longsash$$,$$ベルベティーンロングサッシュ$$,$$Écharpe longue en veloutine$$,$$Samt-Langschärpe$$,$$7b5ee46470e$$);
INSERT INTO items(base_item_id, hq) VALUES(3996, false),(3996, true);
INSERT INTO base_items VALUES(3998,$$Reinforced Iron Plate Belt$$,$$アイアンプレートベルトDX$$,$$Ceinture de plaques en fer renforcée$$,$$Verstärkter Eisen-Plattengürtel$$,$$5e94df8f1ce$$);
INSERT INTO items(base_item_id, hq) VALUES(3998, false),(3998, true);
INSERT INTO base_items VALUES(4000,$$Vintage Half Apron$$,$$ヴィンテージエプロン$$,$$Demi-tablier de collection$$,$$Restaurierte Halbschürze$$,$$98073a11c59$$);
INSERT INTO items(base_item_id, hq) VALUES(4000, false),(4000, true);
INSERT INTO base_items VALUES(4001,$$Velveteen Rope Belt$$,$$ベルベティーンロープベルト$$,$$Ceinture en corde en veloutine$$,$$Samt-Bindegürtel$$,$$faa5a02f9eb$$);
INSERT INTO items(base_item_id, hq) VALUES(4001, false),(4001, true);
INSERT INTO base_items VALUES(4003,$$Toadskin Hunting Belt$$,$$トードハンターベルト$$,$$Ceinture de chasse en cuir de crapaud$$,$$Krötenleder-Jägergürtel$$,$$29eb768dca1$$);
INSERT INTO items(base_item_id, hq) VALUES(4003, false),(4003, true);
INSERT INTO base_items VALUES(4005,$$Toadskin Survival Belt$$,$$トードサバイバルベルト$$,$$Ceinture de survie en cuir de crapaud$$,$$Krötenleder-Überlebensgürtel$$,$$0982baecb7a$$);
INSERT INTO items(base_item_id, hq) VALUES(4005, false),(4005, true);
INSERT INTO base_items VALUES(4006,$$Velveteen Half Apron$$,$$ベルベティーンエプロン$$,$$Demi-tablier en veloutine$$,$$Samt-Halbschürze$$,$$bd7a6c55461$$);
INSERT INTO items(base_item_id, hq) VALUES(4006, false),(4006, true);
INSERT INTO base_items VALUES(4007,$$Steel Tassets$$,$$スチールタセット$$,$$Tassette en acier$$,$$Stahl-Bauchreifen$$,$$75ee092f7f2$$);
INSERT INTO items(base_item_id, hq) VALUES(4007, false),(4007, true);
INSERT INTO base_items VALUES(4009,$$Steel Plate Belt$$,$$スチールプレートベルト$$,$$Ceinture de plaques en acier$$,$$Stahl-Plattengürtel$$,$$185cca9e164$$);
INSERT INTO items(base_item_id, hq) VALUES(4009, false),(4009, true);
INSERT INTO base_items VALUES(4011,$$Toadskin Voyager's Belt$$,$$トードボイジャーベルト$$,$$Ceinture de voyageur en cuir de crapaud$$,$$Krötenleder-Reisegürtel$$,$$ebf96d98b24$$);
INSERT INTO items(base_item_id, hq) VALUES(4011, false),(4011, true);
INSERT INTO base_items VALUES(4013,$$Velveteen Sash$$,$$ベルベティーンサッシュ$$,$$Écharpe en veloutine$$,$$Samtschärpe$$,$$c095e2c9959$$);
INSERT INTO items(base_item_id, hq) VALUES(4013, false),(4013, true);
INSERT INTO base_items VALUES(4015,$$Vintage Shepherd's Belt$$,$$ヴィンテージシェパードベルト$$,$$Ceinture de berger de collection$$,$$Restaurierter Hirtengurt$$,$$6d00139e7a9$$);
INSERT INTO items(base_item_id, hq) VALUES(4015, false),(4015, true);
INSERT INTO base_items VALUES(4016,$$Toadskin Belt$$,$$トードレザーベルト$$,$$Ceinture en cuir de crapaud$$,$$Krötenledergürtel$$,$$965da22545a$$);
INSERT INTO items(base_item_id, hq) VALUES(4016, false),(4016, true);
INSERT INTO base_items VALUES(4018,$$Vintage Chef's Belt$$,$$ヴィンテージシェフズベルト$$,$$Ceinture de chef de collection$$,$$Restaurierter Kochgürtel$$,$$826144c243d$$);
INSERT INTO items(base_item_id, hq) VALUES(4018, false),(4018, true);
INSERT INTO base_items VALUES(4022,$$Boarskin Satchel Belt$$,$$ボアサッチェルベルト$$,$$Ceinture à sacoche en cuir de sanglier$$,$$Keilerleder-Leibriemen$$,$$96e98cf611b$$);
INSERT INTO items(base_item_id, hq) VALUES(4022, false),(4022, true);
INSERT INTO base_items VALUES(4024,$$Reinforced Steel Plate Belt$$,$$スチールプレートベルトDX$$,$$Ceinture de plaques en acier renforcée$$,$$Verstärkter Stahl-Plattengürtel$$,$$ac608be688e$$);
INSERT INTO items(base_item_id, hq) VALUES(4024, false),(4024, true);
INSERT INTO base_items VALUES(4030,$$Linen Longsash$$,$$リネンロングサッシュ$$,$$Écharpe longue en lin$$,$$Leinen-Langschärpe$$,$$91a5e4bdc99$$);
INSERT INTO items(base_item_id, hq) VALUES(4030, false),(4030, true);
INSERT INTO base_items VALUES(4032,$$Boarskin Shepherd's Belt$$,$$ボアシェパードベルト$$,$$Ceinture de berger en cuir de sanglier$$,$$Keilerleder-Schäfergürtel$$,$$53b22c56eeb$$);
INSERT INTO items(base_item_id, hq) VALUES(4032, false),(4032, true);
INSERT INTO base_items VALUES(4033,$$Linen Half Apron$$,$$リネンエプロン$$,$$Demi-tablier en lin$$,$$Leinen-Halbschürze$$,$$81e7695c72b$$);
INSERT INTO items(base_item_id, hq) VALUES(4033, false),(4033, true);
INSERT INTO base_items VALUES(4034,$$Mythril Plate Belt$$,$$ミスリルプレートベルト$$,$$Ceinture de plaques en mithril$$,$$Mithril-Plattengürtel$$,$$b55d7714c31$$);
INSERT INTO items(base_item_id, hq) VALUES(4034, false),(4034, true);
INSERT INTO base_items VALUES(4036,$$Woolen Sash$$,$$ウールサッシュ$$,$$Écharpe en laine$$,$$Wollschärpe$$,$$a17210ab189$$);
INSERT INTO items(base_item_id, hq) VALUES(4036, false),(4036, true);
INSERT INTO base_items VALUES(4038,$$Boarskin Tool Belt$$,$$ボアツールベルト$$,$$Ceinture à outils en cuir de sanglier$$,$$Keilerleder-Werkzeuggürtel$$,$$4b8605a0ec7$$);
INSERT INTO items(base_item_id, hq) VALUES(4038, false),(4038, true);
INSERT INTO base_items VALUES(4039,$$Peisteskin Hunting Belt$$,$$ペイストハンターベルト$$,$$Ceinture de chasse en cuir de peiste$$,$$Basiliskenleder-Jägergürtel$$,$$45c3f6764f4$$);
INSERT INTO items(base_item_id, hq) VALUES(4039, false),(4039, true);
INSERT INTO base_items VALUES(4041,$$Mage's Rope Belt$$,$$メイジロープベルト$$,$$Ceinture en corde de magisme$$,$$Magier-Bindegürtel$$,$$960c3995e24$$);
INSERT INTO items(base_item_id, hq) VALUES(4041, false);
INSERT INTO base_items VALUES(4042,$$Veteran's Field Belt$$,$$ベテランフィールドベルト$$,$$Ceinture de récolteur de vétéran$$,$$Veteranen-Feldgürtel$$,$$600cd79cd77$$);
INSERT INTO items(base_item_id, hq) VALUES(4042, false);
INSERT INTO base_items VALUES(4043,$$Explorer's Belt$$,$$エクスプローラーベルト$$,$$Ceinture d'explorateur$$,$$Entdeckergürtel$$,$$a18419ee1a0$$);
INSERT INTO items(base_item_id, hq) VALUES(4043, false);
INSERT INTO base_items VALUES(4044,$$Boarskin Survival Belt$$,$$ボアサバイバルベルト$$,$$Ceinture de survie en cuir de sanglier$$,$$Keilerleder-Überlebensgürtel$$,$$0db0d192691$$);
INSERT INTO items(base_item_id, hq) VALUES(4044, false),(4044, true);
INSERT INTO base_items VALUES(4045,$$Boarskin Belt$$,$$ボアレザーベルト$$,$$Ceinture en cuir de sanglier$$,$$Keilerleder-Ledergürtel$$,$$e37476839ab$$);
INSERT INTO items(base_item_id, hq) VALUES(4045, false),(4045, true);
INSERT INTO base_items VALUES(4047,$$High Mythril Plate Belt$$,$$ヘヴィ・ミスリルプレートベルト$$,$$Ceinture de plaques lourde en mithril$$,$$Edelmithril-Plattengürtel$$,$$b7de04fe8ce$$);
INSERT INTO items(base_item_id, hq) VALUES(4047, false),(4047, true);
INSERT INTO base_items VALUES(4049,$$Raptorskin Satchel Belt$$,$$ラプトルサッチェルベルト$$,$$Ceinture à sacoche en cuir de raptor$$,$$Raptorleder-Leibriemen$$,$$26caee30920$$);
INSERT INTO items(base_item_id, hq) VALUES(4049, false),(4049, true);
INSERT INTO base_items VALUES(4051,$$Raptorskin Artisan's Belt$$,$$ラプトルシェフズベルト$$,$$Ceinture d'artisan en cuir de raptor$$,$$Raptorleder-Gesellengürtel$$,$$feae820f663$$);
INSERT INTO items(base_item_id, hq) VALUES(4051, false),(4051, true);
INSERT INTO base_items VALUES(4052,$$Peisteskin Belt$$,$$ペイストレザーベルト$$,$$Ceinture en cuir de peiste$$,$$Basiliskenleder-Gürtel$$,$$fb1ff45db35$$);
INSERT INTO items(base_item_id, hq) VALUES(4052, false),(4052, true);
INSERT INTO base_items VALUES(4054,$$Scarlet Sash$$,$$スカーレットサッシュ$$,$$Écharpe écarlate$$,$$Scharlach-Schärpe$$,$$e7de0d5afb5$$);
INSERT INTO items(base_item_id, hq) VALUES(4054, false);
INSERT INTO base_items VALUES(4056,$$Raptorskin Survival Belt$$,$$ラプトルサバイバルベルト$$,$$Ceinture de survie en cuir de raptor$$,$$Raptorleder-Überlebensgürtel$$,$$7b3d5b30401$$);
INSERT INTO items(base_item_id, hq) VALUES(4056, false),(4056, true);
INSERT INTO base_items VALUES(4057,$$Raptorskin Merchant's Purse$$,$$ラプトルマーチャントポーチ$$,$$Bourse de marchand en cuir de raptor$$,$$Raptorleder-Händler-Gilbörse$$,$$3212df5b125$$);
INSERT INTO items(base_item_id, hq) VALUES(4057, false),(4057, true);
INSERT INTO base_items VALUES(4058,$$Buccaneer's Sash$$,$$バッカニアサッシュ$$,$$Écharpe de boucanier$$,$$Korsarenschärpe$$,$$e85815d938e$$);
INSERT INTO items(base_item_id, hq) VALUES(4058, false);
INSERT INTO base_items VALUES(4059,$$Cobalt Plate Belt$$,$$コバルトプレートベルト$$,$$Ceinture de plaques en cobalt$$,$$Koboldeisen-Plattengürtel$$,$$9a6b70657b2$$);
INSERT INTO items(base_item_id, hq) VALUES(4059, false),(4059, true);
INSERT INTO base_items VALUES(4061,$$Raptorskin Voyager's Belt$$,$$ラプトルボイジャーベルト$$,$$Ceinture de voyageur en cuir de raptor$$,$$Raptorleder-Reisegürtel$$,$$6c2aa613d94$$);
INSERT INTO items(base_item_id, hq) VALUES(4061, false),(4061, true);
INSERT INTO base_items VALUES(4063,$$Felt Sash$$,$$フェルトサッシュ$$,$$Écharpe en feutre$$,$$Filz-Schärpe$$,$$73364efb1a6$$);
INSERT INTO items(base_item_id, hq) VALUES(4063, false),(4063, true);
INSERT INTO base_items VALUES(4065,$$Templar's Tassets$$,$$テンプラータセット$$,$$Tassette de templier$$,$$Templer-Bauchreifen$$,$$a8ac0aaa3ad$$);
INSERT INTO items(base_item_id, hq) VALUES(4065, false);
INSERT INTO base_items VALUES(4066,$$Harlequin's Belt$$,$$ハーレクインベルト$$,$$Ceinture d'arlequin$$,$$Mummenschanzgürtel$$,$$aca202e67ab$$);
INSERT INTO items(base_item_id, hq) VALUES(4066, false);
INSERT INTO base_items VALUES(4067,$$Militia Belt$$,$$ミリシアベルト$$,$$Ceinture de milicien$$,$$Miliz-Gürtel$$,$$b727c48ce47$$);
INSERT INTO items(base_item_id, hq) VALUES(4067, false),(4067, true);
INSERT INTO base_items VALUES(4068,$$Sentinel's Plate Belt$$,$$センチネルプレートベルト$$,$$Ceinture de plaques de sentinelle$$,$$Wächter-Plattengürtel$$,$$a6985263bf2$$);
INSERT INTO items(base_item_id, hq) VALUES(4068, false);
INSERT INTO base_items VALUES(4075,$$Darksteel Tassets$$,$$ダークスチールタセット$$,$$Tassette en sombracier$$,$$Dunkelstahl-Bauchreifen$$,$$3e37f20ef3f$$);
INSERT INTO items(base_item_id, hq) VALUES(4075, false),(4075, true);
INSERT INTO base_items VALUES(4076,$$Gryphonskin Voyager's Belt$$,$$ヒッポグリフボイジャーベルト$$,$$Ceinture de voyageur en cuir d'hippogriffe$$,$$Gryphenleder-Reisegürtel$$,$$3faccd75741$$);
INSERT INTO items(base_item_id, hq) VALUES(4076, false),(4076, true);
INSERT INTO base_items VALUES(4077,$$Gryphonskin Belt$$,$$ヒッポグリフベルト$$,$$Ceinture en cuir d'hippogriffe$$,$$Gryphenledergürtel$$,$$4d20a2d1600$$);
INSERT INTO items(base_item_id, hq) VALUES(4077, false),(4077, true);
INSERT INTO base_items VALUES(4078,$$Vanya Sash of Casting$$,$$ヴァンヤキャスターサッシュ$$,$$Écharpe d'incantateur en soie vanya$$,$$Vanya-Schärpe der Magie$$,$$3532b85509e$$);
INSERT INTO items(base_item_id, hq) VALUES(4078, false),(4078, true);
INSERT INTO base_items VALUES(4079,$$Vanya Sash of Healing$$,$$ヴァンヤヒーラーサッシュ$$,$$Écharpe de soigneur en soie vanya$$,$$Vanya-Schärpe der Heilung$$,$$0720fd7e8c5$$);
INSERT INTO items(base_item_id, hq) VALUES(4079, false),(4079, true);
INSERT INTO base_items VALUES(4091,$$Copper Wristlets$$,$$カッパーリストレット$$,$$Gourmettes en cuivre$$,$$Kupferarmbänder$$,$$712e7211081$$);
INSERT INTO items(base_item_id, hq) VALUES(4091, false),(4091, true);
INSERT INTO base_items VALUES(4092,$$Leather Wristbands$$,$$リストバンド$$,$$Poignets$$,$$Lederarmbänder$$,$$e6b153e444b$$);
INSERT INTO items(base_item_id, hq) VALUES(4092, false),(4092, true);
INSERT INTO base_items VALUES(4093,$$Bone Armillae$$,$$ボーンアルミラ$$,$$Armilles en os$$,$$Knochen-Armillae$$,$$89e85928234$$);
INSERT INTO items(base_item_id, hq) VALUES(4093, false),(4093, true);
INSERT INTO base_items VALUES(4094,$$Brass Wristlets$$,$$ブラスリストレット$$,$$Gourmettes en laiton$$,$$Messingarmbänder$$,$$8f78d8162a8$$);
INSERT INTO items(base_item_id, hq) VALUES(4094, false),(4094, true);
INSERT INTO base_items VALUES(4095,$$Brass Wristlets of Crafting$$,$$ブラスクラフターリストレット$$,$$Gourmettes des créations en laiton$$,$$Messingarmbänder des Handwerks$$,$$f7e9e62f3cf$$);
INSERT INTO items(base_item_id, hq) VALUES(4095, false),(4095, true);
INSERT INTO base_items VALUES(4097,$$Hard Leather Wristbands$$,$$ハードレザー・リストバンド$$,$$Poignets en cuir rigide$$,$$Juchleder-Armbänder$$,$$e165a01177f$$);
INSERT INTO items(base_item_id, hq) VALUES(4097, false),(4097, true);
INSERT INTO base_items VALUES(4099,$$Hard Leather Wristbands of Gathering$$,$$ハードレザー・ギャザラーリストバンド$$,$$Poignets des ressources en cuir rigide$$,$$Juchleder-Armbänder des Sammelns$$,$$a05c4ed9771$$);
INSERT INTO items(base_item_id, hq) VALUES(4099, false),(4099, true);
INSERT INTO base_items VALUES(4100,$$Coral Armillae$$,$$ホワイトコーラルアルミラ$$,$$Armilles en corail blanc$$,$$Weißkorallen-Armillae$$,$$2a85d15396a$$);
INSERT INTO items(base_item_id, hq) VALUES(4100, false),(4100, true);
INSERT INTO base_items VALUES(4103,$$Silver Wristlets$$,$$シルバーリストレット$$,$$Gourmettes en argent$$,$$Silberarmbänder$$,$$c6720c208f2$$);
INSERT INTO items(base_item_id, hq) VALUES(4103, false),(4103, true);
INSERT INTO base_items VALUES(4105,$$Silver Wristlets of Crafting$$,$$シルバークラフターリストレット$$,$$Gourmettes des créations en argent$$,$$Silberarmbänder des Handwerks$$,$$6c7987d0692$$);
INSERT INTO items(base_item_id, hq) VALUES(4105, false),(4105, true);
INSERT INTO base_items VALUES(4106,$$Goatskin Wristbands$$,$$アルドゴートリストバンド$$,$$Poignets en cuir de bouquetin$$,$$Steinbockleder-Armbänder$$,$$78643d85686$$);
INSERT INTO items(base_item_id, hq) VALUES(4106, false),(4106, true);
INSERT INTO base_items VALUES(4108,$$Goatskin Wristbands of Gathering$$,$$アルドゴートギャザラーリストバンド$$,$$Poignets des ressources en cuir de bouquetin$$,$$Steinbockleder-Armbänder des Sammelns$$,$$b4bee449182$$);
INSERT INTO items(base_item_id, hq) VALUES(4108, false),(4108, true);
INSERT INTO base_items VALUES(4109,$$Sunstone Bracelet$$,$$サンブレスレット$$,$$Bracelet de pierres de soleil$$,$$Sonnenstein-Armreif$$,$$e9de0e27ff0$$);
INSERT INTO items(base_item_id, hq) VALUES(4109, false),(4109, true);
INSERT INTO base_items VALUES(4111,$$Danburite Bracelet$$,$$ダンビュライトブレスレット$$,$$Bracelet de danburites$$,$$Danburit-Armreif$$,$$1500fe59aac$$);
INSERT INTO items(base_item_id, hq) VALUES(4111, false),(4111, true);
INSERT INTO base_items VALUES(4113,$$Malachite Bracelet$$,$$マラカイトブレスレット$$,$$Bracelet de malachites$$,$$Malachit-Armreif$$,$$d75d171b630$$);
INSERT INTO items(base_item_id, hq) VALUES(4113, false),(4113, true);
INSERT INTO base_items VALUES(4115,$$Sphene Bracelet$$,$$スフェーンブレスレット$$,$$Bracelet de sphènes$$,$$Titanit-Armreif$$,$$eee2be76d4e$$);
INSERT INTO items(base_item_id, hq) VALUES(4115, false),(4115, true);
INSERT INTO base_items VALUES(4117,$$Fluorite Bracelet$$,$$フローライトブレスレット$$,$$Bracelet de fluorines$$,$$Fluorit-Armreif$$,$$3ca35315448$$);
INSERT INTO items(base_item_id, hq) VALUES(4117, false),(4117, true);
INSERT INTO base_items VALUES(4119,$$Lapis Lazuli Bracelet$$,$$ラピスラズリブレスレット$$,$$Bracelet de lapis-lazuli$$,$$Lapislazuli-Armreif$$,$$f860da28466$$);
INSERT INTO items(base_item_id, hq) VALUES(4119, false),(4119, true);
INSERT INTO base_items VALUES(4121,$$Horn Armillae$$,$$ホーンアルミラ$$,$$Armilles en corne$$,$$Horn-Armillae$$,$$b5a61e3807e$$);
INSERT INTO items(base_item_id, hq) VALUES(4121, false),(4121, true);
INSERT INTO base_items VALUES(4124,$$Mythril Wristlets$$,$$ミスリルリストレット$$,$$Gourmettes en mithril$$,$$Mithril-Armbänder$$,$$d8e746f303c$$);
INSERT INTO items(base_item_id, hq) VALUES(4124, false),(4124, true);
INSERT INTO base_items VALUES(4126,$$Mythril Wristlets of Crafting$$,$$ミスリルクラフターリストレット$$,$$Gourmettes des créations en mithril$$,$$Mithril-Armbänder des Handwerks$$,$$95f088c9fbb$$);
INSERT INTO items(base_item_id, hq) VALUES(4126, false),(4126, true);
INSERT INTO base_items VALUES(4130,$$Boarskin Wristbands$$,$$ボアリストバンド$$,$$Poignets en cuir de sanglier$$,$$Keilerleder-Armbänder$$,$$ad373410e23$$);
INSERT INTO items(base_item_id, hq) VALUES(4130, false),(4130, true);
INSERT INTO base_items VALUES(4132,$$Boarskin Wristbands of Gathering$$,$$ボアギャザラーリストバンド$$,$$Poignets des ressources en cuir de sanglier$$,$$Keilerleder-Armbänder des Eifers$$,$$821e57f5a1d$$);
INSERT INTO items(base_item_id, hq) VALUES(4132, false),(4132, true);
INSERT INTO base_items VALUES(4133,$$Garnet Bracelet$$,$$ガーネットブレスレット$$,$$Bracelet de grenats$$,$$Granat-Armreif$$,$$b1919b69474$$);
INSERT INTO items(base_item_id, hq) VALUES(4133, false),(4133, true);
INSERT INTO base_items VALUES(4135,$$Goshenite Bracelet$$,$$ゴシェナイトブレスレット$$,$$Bracelet de goshénites$$,$$Goshenit-Armreif$$,$$d88ea34f41b$$);
INSERT INTO items(base_item_id, hq) VALUES(4135, false),(4135, true);
INSERT INTO base_items VALUES(4137,$$Peridot Bracelet$$,$$ペリドットブレスレット$$,$$Bracelet de péridots$$,$$Peridot-Armreif$$,$$b27a0f23079$$);
INSERT INTO items(base_item_id, hq) VALUES(4137, false),(4137, true);
INSERT INTO base_items VALUES(4139,$$Heliodor Bracelet$$,$$ヘリオドールブレスレット$$,$$Bracelet d'héliodores$$,$$Goldberyll-Armreif$$,$$9a69932d966$$);
INSERT INTO items(base_item_id, hq) VALUES(4139, false),(4139, true);
INSERT INTO base_items VALUES(4141,$$Amethyst Bracelet$$,$$アメジストブレスレット$$,$$Bracelet d'améthystes$$,$$Amethyst-Armreif$$,$$fb787b23141$$);
INSERT INTO items(base_item_id, hq) VALUES(4141, false),(4141, true);
INSERT INTO base_items VALUES(4143,$$Aquamarine Bracelet$$,$$アクアマリンブレスレット$$,$$Bracelet d'aigues-marines$$,$$Aquamarin-Armreif$$,$$a78f5483342$$);
INSERT INTO items(base_item_id, hq) VALUES(4143, false),(4143, true);
INSERT INTO base_items VALUES(4145,$$Pearl Bracelet$$,$$ホワイトパールブレスレット$$,$$Bracelet de perles$$,$$Weißperlen-Armreif$$,$$5b72be8935d$$);
INSERT INTO items(base_item_id, hq) VALUES(4145, false),(4145, true);
INSERT INTO base_items VALUES(4147,$$Red Coral Armillae$$,$$レッドコーラルアルミラ$$,$$Armilles en corail rouge$$,$$Rotkorallen-Armillae$$,$$101a537a56f$$);
INSERT INTO items(base_item_id, hq) VALUES(4147, false),(4147, true);
INSERT INTO base_items VALUES(4150,$$Electrum Wristlets$$,$$エレクトラムリストレット$$,$$Gourmettes en électrum$$,$$Elektrum-Armbänder$$,$$6f716dd835a$$);
INSERT INTO items(base_item_id, hq) VALUES(4150, false),(4150, true);
INSERT INTO base_items VALUES(4152,$$Electrum Wristlets of Crafting$$,$$エレクトラムクラフターリストレット$$,$$Gourmettes des créations en électrum$$,$$Elektrum-Armbänder des Handwerks$$,$$f843a6d016c$$);
INSERT INTO items(base_item_id, hq) VALUES(4152, false),(4152, true);
INSERT INTO base_items VALUES(4153,$$Raptorskin Wristbands$$,$$ラプトルリストバンド$$,$$Poignets en cuir de raptor$$,$$Raptorleder-Armbänder$$,$$409a7ebbd5c$$);
INSERT INTO items(base_item_id, hq) VALUES(4153, false),(4153, true);
INSERT INTO base_items VALUES(4155,$$Raptorskin Wristbands of Gathering$$,$$ラプトルギャザラーリストバンド$$,$$Poignets des ressources en cuir de raptor$$,$$Raptorleder-Armbänder des Eifers$$,$$0613f70e2c8$$);
INSERT INTO items(base_item_id, hq) VALUES(4155, false),(4155, true);
INSERT INTO base_items VALUES(4156,$$Rubellite Bracelet$$,$$ルベライトブレスレット$$,$$Bracelet de rubellites$$,$$Rubellit-Armreif$$,$$370d174a886$$);
INSERT INTO items(base_item_id, hq) VALUES(4156, false),(4156, true);
INSERT INTO base_items VALUES(4158,$$Zircon Bracelet$$,$$ジルコンブレスレット$$,$$Bracelet de zircons$$,$$Zirkon-Armreif$$,$$bd8c8dbef94$$);
INSERT INTO items(base_item_id, hq) VALUES(4158, false),(4158, true);
INSERT INTO base_items VALUES(4160,$$Tourmaline Bracelet$$,$$トルマリンブレスレット$$,$$Bracelet de tourmalines$$,$$Turmalin-Armreif$$,$$3f2fdba3c18$$);
INSERT INTO items(base_item_id, hq) VALUES(4160, false),(4160, true);
INSERT INTO base_items VALUES(4162,$$Amber Bracelet$$,$$アンバーブレスレット$$,$$Bracelet d'ambres$$,$$Bernstein-Armreif$$,$$f0c576c93c9$$);
INSERT INTO items(base_item_id, hq) VALUES(4162, false),(4162, true);
INSERT INTO base_items VALUES(4164,$$Spinel Bracelet$$,$$スピネルブレスレット$$,$$Bracelet de spinelles$$,$$Spinell-Armreif$$,$$56ac6b6d3ab$$);
INSERT INTO items(base_item_id, hq) VALUES(4164, false),(4164, true);
INSERT INTO base_items VALUES(4166,$$Turquoise Bracelet$$,$$ターコイズブレスレット$$,$$Bracelet de turquoises$$,$$Türkis-Armreif$$,$$17345a3188f$$);
INSERT INTO items(base_item_id, hq) VALUES(4166, false),(4166, true);
INSERT INTO base_items VALUES(4168,$$Black Pearl Bracelet$$,$$ブラックパールブレスレット$$,$$Bracelet de perles noires$$,$$Schwarzperlen-Armreif$$,$$e01a7e844d9$$);
INSERT INTO items(base_item_id, hq) VALUES(4168, false),(4168, true);
INSERT INTO base_items VALUES(4170,$$Tortoiseshell Armillae$$,$$トータスアルミラ$$,$$Armilles tortue$$,$$Schildpatt-Armillae$$,$$0354400908b$$);
INSERT INTO items(base_item_id, hq) VALUES(4170, false),(4170, true);
INSERT INTO base_items VALUES(4172,$$Militia Bracelets$$,$$ミリシアブレスレット$$,$$Armilles de milicien$$,$$Miliz-Armreife$$,$$cb1dc2cc0da$$);
INSERT INTO items(base_item_id, hq) VALUES(4172, false),(4172, true);
INSERT INTO base_items VALUES(4173,$$Militia Wristlets$$,$$ミリシアリストレット$$,$$Gourmettes de milicien$$,$$Miliz-Armbänder$$,$$b782f926609$$);
INSERT INTO items(base_item_id, hq) VALUES(4173, false),(4173, true);
INSERT INTO base_items VALUES(4174,$$Imperial Operative Wristlets$$,$$オペレーティブリストレット$$,$$Gourmettes d'agent impérial$$,$$Agenten-Armbänder$$,$$d3ac9de6fd6$$);
INSERT INTO items(base_item_id, hq) VALUES(4174, false),(4174, true);
INSERT INTO base_items VALUES(4181,$$Gryphonskin Wristbands$$,$$ヒッポグリフリストバンド$$,$$Poignets en cuir d'hippogriffe$$,$$Gryphenleder-Armbänder$$,$$ba44d8d9495$$);
INSERT INTO items(base_item_id, hq) VALUES(4181, false),(4181, true);
INSERT INTO base_items VALUES(4182,$$Astral Bracelet$$,$$アストラルブレスレット$$,$$Bracelet astral$$,$$Astral-Armreif$$,$$a2bde046895$$);
INSERT INTO items(base_item_id, hq) VALUES(4182, false),(4182, true);
INSERT INTO base_items VALUES(4183,$$Rose Gold Bracelets$$,$$ローズゴールドリストレット$$,$$Gourmettes en or rose$$,$$Rosengold-Armreife$$,$$7584f743168$$);
INSERT INTO items(base_item_id, hq) VALUES(4183, false),(4183, true);
INSERT INTO base_items VALUES(4197,$$Copper Earrings$$,$$カッパーイヤリング$$,$$Boucles d'oreilles en cuivre$$,$$Kupferohrringe$$,$$a870683c58d$$);
INSERT INTO items(base_item_id, hq) VALUES(4197, false),(4197, true);
INSERT INTO base_items VALUES(4198,$$Copper Ear Cuffs$$,$$カッパーイヤーカフス$$,$$Bagues d'oreilles en cuivre$$,$$Kupferkreolen$$,$$dc456880f47$$);
INSERT INTO items(base_item_id, hq) VALUES(4198, false),(4198, true);
INSERT INTO base_items VALUES(4204,$$Fang Earrings$$,$$ファングイヤリング$$,$$Boucles d'oreilles en croc$$,$$Fangzahn-Ohrringe$$,$$85eb132454d$$);
INSERT INTO items(base_item_id, hq) VALUES(4204, false),(4204, true);
INSERT INTO base_items VALUES(4205,$$Brass Earrings$$,$$ブラスイヤリング$$,$$Boucles d'oreilles en laiton$$,$$Messingohrringe$$,$$29626f469fc$$);
INSERT INTO items(base_item_id, hq) VALUES(4205, false),(4205, true);
INSERT INTO base_items VALUES(4206,$$Plundered Ear Cuffs$$,$$プランダードイヤーカフス$$,$$Bagues d'oreilles pillées$$,$$Geplünderte Kreolen$$,$$f3464d7869c$$);
INSERT INTO items(base_item_id, hq) VALUES(4206, false);
INSERT INTO base_items VALUES(4207,$$Plundered Earrings$$,$$プランダードイヤリング$$,$$Boucles d'oreilles pillées$$,$$Geplünderte Ohrringe$$,$$29f119e624d$$);
INSERT INTO items(base_item_id, hq) VALUES(4207, false);
INSERT INTO base_items VALUES(4209,$$Brass Ear Cuffs$$,$$ブラスイヤーカフス$$,$$Bagues d'oreilles en laiton$$,$$Messingkreolen$$,$$36ca2a6ca8e$$);
INSERT INTO items(base_item_id, hq) VALUES(4209, false),(4209, true);
INSERT INTO base_items VALUES(4211,$$Horn Earrings$$,$$ホーンイヤリング$$,$$Boucles d'oreilles en corne$$,$$Horn-Ohrringe$$,$$a4a8beedfdb$$);
INSERT INTO items(base_item_id, hq) VALUES(4211, false),(4211, true);
INSERT INTO base_items VALUES(4213,$$Silver Earrings$$,$$シルバーイヤリング$$,$$Boucles d'oreilles en argent$$,$$Silberohrringe$$,$$2e38fe0c0b5$$);
INSERT INTO items(base_item_id, hq) VALUES(4213, false),(4213, true);
INSERT INTO base_items VALUES(4214,$$Sunstone Earrings$$,$$サンイヤリング$$,$$Boucles d'oreilles de pierres de soleil$$,$$Sonnenstein-Ohrringe$$,$$4c1b290c09d$$);
INSERT INTO items(base_item_id, hq) VALUES(4214, false),(4214, true);
INSERT INTO base_items VALUES(4216,$$Danburite Earrings$$,$$ダンビュライトイヤリング$$,$$Boucles d'oreilles de danburites$$,$$Danburit-Ohrringe$$,$$3bb55a76a90$$);
INSERT INTO items(base_item_id, hq) VALUES(4216, false),(4216, true);
INSERT INTO base_items VALUES(4218,$$Malachite Earrings$$,$$マラカイトイヤリング$$,$$Boucles d'oreilles de malachites$$,$$Malachit-Ohrringe$$,$$872ccf489a0$$);
INSERT INTO items(base_item_id, hq) VALUES(4218, false),(4218, true);
INSERT INTO base_items VALUES(4220,$$Sphene Earrings$$,$$スフェーンイヤリング$$,$$Boucles d'oreilles de sphènes$$,$$Titanit-Ohrringe$$,$$cf7807b08e4$$);
INSERT INTO items(base_item_id, hq) VALUES(4220, false),(4220, true);
INSERT INTO base_items VALUES(4222,$$Fluorite Earrings$$,$$フローライトイヤリング$$,$$Boucles d'oreilles de fluorines$$,$$Fluorit-Ohrringe$$,$$9c7ccda98d8$$);
INSERT INTO items(base_item_id, hq) VALUES(4222, false),(4222, true);
INSERT INTO base_items VALUES(4224,$$Lapis Lazuli Earrings$$,$$ラピスラズリイヤリング$$,$$Boucles d'oreilles de lapis-lazuli$$,$$Lapislazuli-Ohrringe$$,$$2c7ec61c874$$);
INSERT INTO items(base_item_id, hq) VALUES(4224, false),(4224, true);
INSERT INTO base_items VALUES(4226,$$Silver Ear Cuffs$$,$$シルバーイヤーカフス$$,$$Bagues d'oreilles en argent$$,$$Silberkreolen$$,$$083900232f2$$);
INSERT INTO items(base_item_id, hq) VALUES(4226, false),(4226, true);
INSERT INTO base_items VALUES(4231,$$Wolf Earrings$$,$$ウルフファングイヤリング$$,$$Boucles d'oreilles en croc de loup$$,$$Wolfs-Ohrringe$$,$$2ee1230dec2$$);
INSERT INTO items(base_item_id, hq) VALUES(4231, false),(4231, true);
INSERT INTO base_items VALUES(4232,$$Mythril Earrings$$,$$ミスリルイヤリング$$,$$Boucles d'oreilles en mithril$$,$$Mithril-Ohrringe$$,$$986d377d364$$);
INSERT INTO items(base_item_id, hq) VALUES(4232, false),(4232, true);
INSERT INTO base_items VALUES(4233,$$Garnet Earrings$$,$$ガーネットイヤリング$$,$$Boucles d'oreilles de grenats$$,$$Granat-Ohrringe$$,$$361ec328624$$);
INSERT INTO items(base_item_id, hq) VALUES(4233, false),(4233, true);
INSERT INTO base_items VALUES(4235,$$Goshenite Earrings$$,$$ゴシェナイトイヤリング$$,$$Boucles d'oreilles de goshénites$$,$$Goshenit-Ohrringe$$,$$35d26777702$$);
INSERT INTO items(base_item_id, hq) VALUES(4235, false),(4235, true);
INSERT INTO base_items VALUES(4237,$$Peridot Earrings$$,$$ペリドットイヤリング$$,$$Boucles d'oreilles de péridots$$,$$Peridot-Ohrringe$$,$$b0aaecf54e3$$);
INSERT INTO items(base_item_id, hq) VALUES(4237, false),(4237, true);
INSERT INTO base_items VALUES(4239,$$Heliodor Earrings$$,$$ヘリオドールイヤリング$$,$$Boucles d'oreilles d'héliodores$$,$$Goldberyll-Ohrringe$$,$$258cfa523e3$$);
INSERT INTO items(base_item_id, hq) VALUES(4239, false),(4239, true);
INSERT INTO base_items VALUES(4241,$$Amethyst Earrings$$,$$アメジストイヤリング$$,$$Boucles d'oreilles d'améthystes$$,$$Amethyst-Ohrringe$$,$$04d7aedbe88$$);
INSERT INTO items(base_item_id, hq) VALUES(4241, false),(4241, true);
INSERT INTO base_items VALUES(4243,$$Aquamarine Earrings$$,$$アクアマリンイヤリング$$,$$Boucles d'oreilles d'aigues-marines$$,$$Aquamarin-Ohrringe$$,$$4a0acb4ae38$$);
INSERT INTO items(base_item_id, hq) VALUES(4243, false),(4243, true);
INSERT INTO base_items VALUES(4245,$$Pearl Earrings$$,$$ホワイトパールイヤリング$$,$$Boucles d'oreilles de perles$$,$$Weißperlen-Ohrringe$$,$$bb2c2f37536$$);
INSERT INTO items(base_item_id, hq) VALUES(4245, false),(4245, true);
INSERT INTO base_items VALUES(4247,$$Mythril Ear Cuffs$$,$$ミスリルイヤーカフス$$,$$Bagues d'oreilles en mithril$$,$$Mithrilkreolen$$,$$3a38b8a3dd2$$);
INSERT INTO items(base_item_id, hq) VALUES(4247, false),(4247, true);
INSERT INTO base_items VALUES(4249,$$Explorer's Earrings$$,$$エクスプローラーイヤリング$$,$$Boucles d'oreilles d'explorateur$$,$$Entdecker-Ohrringe$$,$$463ccff8724$$);
INSERT INTO items(base_item_id, hq) VALUES(4249, false);
INSERT INTO base_items VALUES(4250,$$Mage's Earrings$$,$$メイジイヤリング$$,$$Boucles d'oreilles de magisme$$,$$Magier-Ohrringe$$,$$36fc18ac47c$$);
INSERT INTO items(base_item_id, hq) VALUES(4250, false);
INSERT INTO base_items VALUES(4254,$$Red Coral Earrings$$,$$レッドコーラルイヤリング$$,$$Boucles d'oreilles en corail rouge$$,$$Korallen-Ohrringe$$,$$94877d8cc5f$$);
INSERT INTO items(base_item_id, hq) VALUES(4254, false),(4254, true);
INSERT INTO base_items VALUES(4255,$$Electrum Earrings$$,$$エレクトラムイヤリング$$,$$Boucles d'oreilles en électrum$$,$$Elektrum-Ohrringe$$,$$66a287ed6b8$$);
INSERT INTO items(base_item_id, hq) VALUES(4255, false),(4255, true);
INSERT INTO base_items VALUES(4256,$$Stonewall Earrings$$,$$ストーンウォールイヤリング$$,$$Boucles d'oreilles de garde-fou$$,$$Steinwall-Ohrringe$$,$$89983a3687b$$);
INSERT INTO items(base_item_id, hq) VALUES(4256, false);
INSERT INTO base_items VALUES(4257,$$Blessed Earrings$$,$$ブレスドイヤリング$$,$$Boucles d'oreilles de bénédiction$$,$$Segensspruch-Ohrringe$$,$$ea7e7391ee0$$);
INSERT INTO items(base_item_id, hq) VALUES(4257, false);
INSERT INTO base_items VALUES(4258,$$Rubellite Earrings$$,$$ルベライトイヤリング$$,$$Boucles d'oreilles de rubellites$$,$$Rubellit-Ohrringe$$,$$52755e3954d$$);
INSERT INTO items(base_item_id, hq) VALUES(4258, false),(4258, true);
INSERT INTO base_items VALUES(4260,$$Zircon Earrings$$,$$ジルコンイヤリング$$,$$Boucles d'oreilles de zircons$$,$$Zirkon-Ohrringe$$,$$c6b0e275270$$);
INSERT INTO items(base_item_id, hq) VALUES(4260, false),(4260, true);
INSERT INTO base_items VALUES(4262,$$Tourmaline Earrings$$,$$トルマリンイヤリング$$,$$Boucles d'oreilles de tourmalines$$,$$Turmalin-Ohrringe$$,$$6a1154d9659$$);
INSERT INTO items(base_item_id, hq) VALUES(4262, false),(4262, true);
INSERT INTO base_items VALUES(4264,$$Amber Earrings$$,$$アンバーイヤリング$$,$$Boucles d'oreilles d'ambres$$,$$Bernstein-Ohrringe$$,$$a2d06e30d72$$);
INSERT INTO items(base_item_id, hq) VALUES(4264, false),(4264, true);
INSERT INTO base_items VALUES(4266,$$Spinel Earrings$$,$$スピネルイヤリング$$,$$Boucles d'oreilles de spinelles$$,$$Spinell-Ohrringe$$,$$f7fdefcafa1$$);
INSERT INTO items(base_item_id, hq) VALUES(4266, false),(4266, true);
INSERT INTO base_items VALUES(4268,$$Turquoise Earrings$$,$$ターコイズイヤリング$$,$$Boucles d'oreilles de turquoises$$,$$Türkis-Ohrringe$$,$$2e204de4a92$$);
INSERT INTO items(base_item_id, hq) VALUES(4268, false),(4268, true);
INSERT INTO base_items VALUES(4270,$$Black Pearl Earrings$$,$$ブラックパールイヤリング$$,$$Boucles d'oreilles de perles noires$$,$$Schwarzperlen-Ohrringe$$,$$916c6664cec$$);
INSERT INTO items(base_item_id, hq) VALUES(4270, false),(4270, true);
INSERT INTO base_items VALUES(4272,$$Electrum Ear Cuffs$$,$$エレクトラムイヤーカフス$$,$$Bagues d'oreilles en électrum$$,$$Elektrumkreolen$$,$$a254f43bcd6$$);
INSERT INTO items(base_item_id, hq) VALUES(4272, false),(4272, true);
INSERT INTO base_items VALUES(4277,$$Militia Earrings$$,$$ミリシアイヤリング$$,$$Boucles d'oreilles de milicien$$,$$Miliz-Ohrringe$$,$$8c9eb341474$$);
INSERT INTO items(base_item_id, hq) VALUES(4277, false),(4277, true);
INSERT INTO base_items VALUES(4284,$$Rose Gold Earrings$$,$$ローズゴールドイヤリング$$,$$Boucles d'oreilles en or rose$$,$$Rosengold-Ohrringe$$,$$91746cb9693$$);
INSERT INTO items(base_item_id, hq) VALUES(4284, false),(4284, true);
INSERT INTO base_items VALUES(4285,$$Rose Gold Ear Screws$$,$$ローズゴールド・イヤースクリュー$$,$$Pendants d'oreilles en or rose$$,$$Rosengold-Ohrschrauben$$,$$c2417c9237d$$);
INSERT INTO items(base_item_id, hq) VALUES(4285, false),(4285, true);
INSERT INTO base_items VALUES(4286,$$Rose Gold Ear Cuffs$$,$$ローズゴールド・イヤーカフス$$,$$Bagues d'oreilles en or rose$$,$$Rosengoldkreolen$$,$$618709b69ea$$);
INSERT INTO items(base_item_id, hq) VALUES(4286, false),(4286, true);
INSERT INTO base_items VALUES(4304,$$Leather Choker$$,$$レザーチョーカー$$,$$Ras de cou$$,$$Leder-Halsberge$$,$$9c3f5d981ca$$);
INSERT INTO items(base_item_id, hq) VALUES(4304, false),(4304, true);
INSERT INTO base_items VALUES(4305,$$Copper Gorget$$,$$カッパーゴルゲット$$,$$Gorgerin en cuivre$$,$$Kupfer-Kehlstück$$,$$9f48717bf3b$$);
INSERT INTO items(base_item_id, hq) VALUES(4305, false),(4305, true);
INSERT INTO base_items VALUES(4306,$$Bone Necklace$$,$$ボーンネックレス$$,$$Collier en os$$,$$Knochen-Halsband$$,$$8ea2fd66656$$);
INSERT INTO items(base_item_id, hq) VALUES(4306, false),(4306, true);
INSERT INTO base_items VALUES(4307,$$Copper Choker$$,$$カッパーチョーカー$$,$$Ras de cou en cuivre$$,$$Kupfer-Halsberge$$,$$97b56c4c1a4$$);
INSERT INTO items(base_item_id, hq) VALUES(4307, false),(4307, true);
INSERT INTO base_items VALUES(4308,$$Hard Leather Choker$$,$$ハードレザーチョーカー$$,$$Ras de cou en cuir rigide$$,$$Juchleder-Halsberge$$,$$275c283ccf8$$);
INSERT INTO items(base_item_id, hq) VALUES(4308, false),(4308, true);
INSERT INTO base_items VALUES(4309,$$Brass Gorget$$,$$ブラスゴルゲット$$,$$Gorgerin en laiton$$,$$Messing-Kehlstück$$,$$cc58a7c3bf3$$);
INSERT INTO items(base_item_id, hq) VALUES(4309, false),(4309, true);
INSERT INTO base_items VALUES(4311,$$Fang Necklace$$,$$ファングネックレス$$,$$Collier en croc$$,$$Fangzahn-Halsband$$,$$6168dd0e513$$);
INSERT INTO items(base_item_id, hq) VALUES(4311, false),(4311, true);
INSERT INTO base_items VALUES(4313,$$Brass Choker$$,$$ブラスチョーカー$$,$$Ras de cou en laiton$$,$$Messing-Halsberge$$,$$b2f699f92f7$$);
INSERT INTO items(base_item_id, hq) VALUES(4313, false),(4313, true);
INSERT INTO base_items VALUES(4314,$$Goatskin Choker$$,$$アルドゴートチョーカー$$,$$Ras de cou en cuir de bouquetin$$,$$Steinbockleder-Halsberge$$,$$bb9d0aafc88$$);
INSERT INTO items(base_item_id, hq) VALUES(4314, false),(4314, true);
INSERT INTO base_items VALUES(4315,$$Silver Gorget$$,$$シルバーゴルゲット$$,$$Gorgerin en argent$$,$$Silber-Kehlstück$$,$$980219512af$$);
INSERT INTO items(base_item_id, hq) VALUES(4315, false),(4315, true);
INSERT INTO base_items VALUES(4317,$$Horn Necklace$$,$$ホーンネックレス$$,$$Collier en corne$$,$$Horn-Halsband$$,$$d31d2bdf117$$);
INSERT INTO items(base_item_id, hq) VALUES(4317, false),(4317, true);
INSERT INTO base_items VALUES(4320,$$Sunstone Choker$$,$$サンチョーカー$$,$$Ras de cou en pierre de soleil$$,$$Sonnenstein-Halsberge$$,$$fcfd5da54fc$$);
INSERT INTO items(base_item_id, hq) VALUES(4320, false),(4320, true);
INSERT INTO base_items VALUES(4322,$$Danburite Choker$$,$$ダンビュライトチョーカー$$,$$Ras de cou en danburite$$,$$Danburit-Halsberge$$,$$d9ecf4e9ac5$$);
INSERT INTO items(base_item_id, hq) VALUES(4322, false),(4322, true);
INSERT INTO base_items VALUES(4324,$$Malachite Choker$$,$$マラカイトチョーカー$$,$$Ras de cou en malachite$$,$$Malachit-Halsberge$$,$$61ded593a29$$);
INSERT INTO items(base_item_id, hq) VALUES(4324, false),(4324, true);
INSERT INTO base_items VALUES(4326,$$Sphene Choker$$,$$スフェーンチョーカー$$,$$Ras de cou en sphène$$,$$Titanit-Halsberge$$,$$7e11462521a$$);
INSERT INTO items(base_item_id, hq) VALUES(4326, false),(4326, true);
INSERT INTO base_items VALUES(4328,$$Fluorite Choker$$,$$フローライトチョーカー$$,$$Ras de cou en fluorine$$,$$Fluorit-Halsberge$$,$$ed27977f92c$$);
INSERT INTO items(base_item_id, hq) VALUES(4328, false),(4328, true);
INSERT INTO base_items VALUES(4330,$$Lapis Lazuli Choker$$,$$ラピスラズリチョーカー$$,$$Ras de cou en lapis-lazuli$$,$$Lapislazuli-Halsberge$$,$$03b570c5eaf$$);
INSERT INTO items(base_item_id, hq) VALUES(4330, false),(4330, true);
INSERT INTO base_items VALUES(4332,$$Silver Choker$$,$$シルバーチョーカー$$,$$Ras de cou en argent$$,$$Silber-Halsberge$$,$$ce231b176b7$$);
INSERT INTO items(base_item_id, hq) VALUES(4332, false),(4332, true);
INSERT INTO base_items VALUES(4333,$$Boarskin Choker$$,$$ボアチョーカー$$,$$Ras de cou en cuir de sanglier$$,$$Keilerleder-Halsberge$$,$$30aa320cca0$$);
INSERT INTO items(base_item_id, hq) VALUES(4333, false),(4333, true);
INSERT INTO base_items VALUES(4335,$$Mythril Gorget$$,$$ミスリルゴルゲット$$,$$Gorgerin en mithril$$,$$Mithril-Kehlstück$$,$$c01a8ba94e9$$);
INSERT INTO items(base_item_id, hq) VALUES(4335, false),(4335, true);
INSERT INTO base_items VALUES(4337,$$Wolf Necklace$$,$$ウルフファングネックレス$$,$$Collier en croc de loup$$,$$Wolfs-Halsband$$,$$11e0767430c$$);
INSERT INTO items(base_item_id, hq) VALUES(4337, false),(4337, true);
INSERT INTO base_items VALUES(4339,$$Garnet Choker$$,$$ガーネットチョーカー$$,$$Ras de cou en grenat$$,$$Granat-Halsberge$$,$$09951ed7f85$$);
INSERT INTO items(base_item_id, hq) VALUES(4339, false),(4339, true);
INSERT INTO base_items VALUES(4341,$$Goshenite Choker$$,$$ゴシェナイトチョーカー$$,$$Ras de cou en goshénite$$,$$Goshenit-Halsberge$$,$$eaa975aa82f$$);
INSERT INTO items(base_item_id, hq) VALUES(4341, false),(4341, true);
INSERT INTO base_items VALUES(4343,$$Peridot Choker$$,$$ペリドットチョーカー$$,$$Ras de cou en péridot$$,$$Peridot-Halsberge$$,$$f2eb71ec8c5$$);
INSERT INTO items(base_item_id, hq) VALUES(4343, false),(4343, true);
INSERT INTO base_items VALUES(4345,$$Heliodor Choker$$,$$ヘリオドールチョーカー$$,$$Ras de cou en héliodore$$,$$Goldberyll-Halsberge$$,$$d1ab8f43f71$$);
INSERT INTO items(base_item_id, hq) VALUES(4345, false),(4345, true);
INSERT INTO base_items VALUES(4347,$$Amethyst Choker$$,$$アメジストチョーカー$$,$$Ras de cou en améthyste$$,$$Amethyst-Halsberge$$,$$57d0385ecd7$$);
INSERT INTO items(base_item_id, hq) VALUES(4347, false),(4347, true);
INSERT INTO base_items VALUES(4349,$$Aquamarine Choker$$,$$アクアマリンチョーカー$$,$$Ras de cou en aigue-marine$$,$$Aquamarin-Halsberge$$,$$777ff8e36c1$$);
INSERT INTO items(base_item_id, hq) VALUES(4349, false),(4349, true);
INSERT INTO base_items VALUES(4351,$$Pearl Choker$$,$$ホワイトパールチョーカー$$,$$Ras de cou en perle$$,$$Weißperlen-Halsberge$$,$$bd0105beb47$$);
INSERT INTO items(base_item_id, hq) VALUES(4351, false),(4351, true);
INSERT INTO base_items VALUES(4353,$$Mythril Choker$$,$$ミスリルチョーカー$$,$$Ras de cou en mithril$$,$$Mithril-Halsberge$$,$$e4a9af48e0b$$);
INSERT INTO items(base_item_id, hq) VALUES(4353, false),(4353, true);
INSERT INTO base_items VALUES(4357,$$Explorer's Choker$$,$$エクスプローラーチョーカー$$,$$Ras de cou d'explorateur$$,$$Entdecker-Halsberge$$,$$f68382036f4$$);
INSERT INTO items(base_item_id, hq) VALUES(4357, false);
INSERT INTO base_items VALUES(4358,$$Mage's Choker$$,$$メイジチョーカー$$,$$Ras de cou de magisme$$,$$Magier-Halsberge$$,$$85833ddbdcd$$);
INSERT INTO items(base_item_id, hq) VALUES(4358, false);
INSERT INTO base_items VALUES(4359,$$Stonewall Choker$$,$$ストーンウォールチョーカー$$,$$Ras de cou de garde-fou$$,$$Steinwall-Halsberge$$,$$be30fa385ea$$);
INSERT INTO items(base_item_id, hq) VALUES(4359, false);
INSERT INTO base_items VALUES(4360,$$Raptorskin Choker$$,$$ラプトルチョーカー$$,$$Ras de cou en cuir de raptor$$,$$Raptorleder-Halsberge$$,$$371298ae63e$$);
INSERT INTO items(base_item_id, hq) VALUES(4360, false),(4360, true);
INSERT INTO base_items VALUES(4361,$$Electrum Gorget$$,$$エレクトラムゴルゲット$$,$$Gorgerin en électrum$$,$$Elektrum-Kehlstück$$,$$fa15a7bbe25$$);
INSERT INTO items(base_item_id, hq) VALUES(4361, false),(4361, true);
INSERT INTO base_items VALUES(4363,$$Red Coral Necklace$$,$$レッドコーラルネックレス$$,$$Collier en corail rouge$$,$$Korallen-Halsband$$,$$2396787871c$$);
INSERT INTO items(base_item_id, hq) VALUES(4363, false),(4363, true);
INSERT INTO base_items VALUES(4365,$$Rubellite Choker$$,$$ルベライトチョーカー$$,$$Ras de cou en rubellite$$,$$Rubellit-Halsberge$$,$$bb8c1605e0d$$);
INSERT INTO items(base_item_id, hq) VALUES(4365, false),(4365, true);
INSERT INTO base_items VALUES(4367,$$Zircon Choker$$,$$ジルコンチョーカー$$,$$Ras de cou en zircon$$,$$Zirkon-Halsberge$$,$$b0754e49caf$$);
INSERT INTO items(base_item_id, hq) VALUES(4367, false),(4367, true);
INSERT INTO base_items VALUES(4369,$$Tourmaline Choker$$,$$トルマリンチョーカー$$,$$Ras de cou en tourmaline$$,$$Turmalin-Halsberge$$,$$fa54d6ac718$$);
INSERT INTO items(base_item_id, hq) VALUES(4369, false),(4369, true);
INSERT INTO base_items VALUES(4371,$$Amber Choker$$,$$アンバーチョーカー$$,$$Ras de cou en ambre$$,$$Bernstein-Halsberge$$,$$7106b1722b1$$);
INSERT INTO items(base_item_id, hq) VALUES(4371, false),(4371, true);
INSERT INTO base_items VALUES(4373,$$Spinel Choker$$,$$スピネルチョーカー$$,$$Ras de cou en spinelle$$,$$Spinell-Halsberge$$,$$2ebca7fd177$$);
INSERT INTO items(base_item_id, hq) VALUES(4373, false),(4373, true);
INSERT INTO base_items VALUES(4375,$$Turquoise Choker$$,$$ターコイズチョーカー$$,$$Ras de cou en turquoise$$,$$Türkis-Halsberge$$,$$2c1b0a8897d$$);
INSERT INTO items(base_item_id, hq) VALUES(4375, false),(4375, true);
INSERT INTO base_items VALUES(4377,$$Black Pearl Choker$$,$$ブラックパールチョーカー$$,$$Ras de cou en perle noire$$,$$Schwarzperlen-Halsberge$$,$$1890c2ad91b$$);
INSERT INTO items(base_item_id, hq) VALUES(4377, false),(4377, true);
INSERT INTO base_items VALUES(4379,$$Electrum Choker$$,$$エレクトラムチョーカー$$,$$Ras de cou en électrum$$,$$Elektrum-Halsberge$$,$$643d26eb2e8$$);
INSERT INTO items(base_item_id, hq) VALUES(4379, false),(4379, true);
INSERT INTO base_items VALUES(4380,$$Militia Choker$$,$$ミリシアチョーカー$$,$$Ras de cou de milicien$$,$$Miliz-Halsberge$$,$$1ebfb18f39c$$);
INSERT INTO items(base_item_id, hq) VALUES(4380, false),(4380, true);
INSERT INTO base_items VALUES(4381,$$Imperial Operative Choker$$,$$オペレーティブチョーカー$$,$$Ras de cou d'agent impérial$$,$$Agenten-Halsberge$$,$$f6d1031238c$$);
INSERT INTO items(base_item_id, hq) VALUES(4381, false),(4381, true);
INSERT INTO base_items VALUES(4388,$$Gryphonskin Choker$$,$$ヒッポグリフチョーカー$$,$$Ras de cou en cuir d'hippogriffe$$,$$Gryphenleder-Halsberge$$,$$44c1bd16be7$$);
INSERT INTO items(base_item_id, hq) VALUES(4388, false),(4388, true);
INSERT INTO base_items VALUES(4389,$$Astral Choker$$,$$アストラルチョーカー$$,$$Ras de cou astral$$,$$Astral-Halsberge$$,$$873baf00945$$);
INSERT INTO items(base_item_id, hq) VALUES(4389, false),(4389, true);
INSERT INTO base_items VALUES(4390,$$Rose Gold Gorget$$,$$ローズゴールドゴルゲット$$,$$Gorgerin en or rose$$,$$Rosengold-Kehlstück$$,$$2830f54d51f$$);
INSERT INTO items(base_item_id, hq) VALUES(4390, false),(4390, true);
INSERT INTO base_items VALUES(4421,$$Bone Ring$$,$$ボーンリング$$,$$Bague en os$$,$$Knochen-Ring$$,$$a0de9889c4a$$);
INSERT INTO items(base_item_id, hq) VALUES(4421, false),(4421, true);
INSERT INTO base_items VALUES(4422,$$Copper Ring$$,$$カッパーリング$$,$$Bague en cuivre$$,$$Kupferring$$,$$96c6e0006a1$$);
INSERT INTO items(base_item_id, hq) VALUES(4422, false),(4422, true);
INSERT INTO base_items VALUES(4423,$$Ring of Fortitude$$,$$リング・オブ・パワー$$,$$Anneau de la Puissance$$,$$Ring der Stärke$$,$$d8f19a14cde$$);
INSERT INTO items(base_item_id, hq) VALUES(4423, false);
INSERT INTO base_items VALUES(4424,$$Ring of Fidelity$$,$$リング・オブ・オナー$$,$$Anneau de la Gloire$$,$$Ring der Präzision$$,$$6453be461cc$$);
INSERT INTO items(base_item_id, hq) VALUES(4424, false);
INSERT INTO base_items VALUES(4425,$$Ring of Fortune$$,$$リング・オブ・フォーチュン$$,$$Anneau de la Fortune$$,$$Ring des Glücks$$,$$6f9a596a7c1$$);
INSERT INTO items(base_item_id, hq) VALUES(4425, false);
INSERT INTO base_items VALUES(4426,$$Ring of Freedom$$,$$リング・オブ・フリーダム$$,$$Anneau de la Liberté$$,$$Ring der Freiheit$$,$$ca2d7227b13$$);
INSERT INTO items(base_item_id, hq) VALUES(4426, false);
INSERT INTO base_items VALUES(4430,$$Brass Ring$$,$$ブラスリング$$,$$Bague en laiton$$,$$Messingring$$,$$5bd917ab354$$);
INSERT INTO items(base_item_id, hq) VALUES(4430, false),(4430, true);
INSERT INTO base_items VALUES(4431,$$Brass Ring of Crafting$$,$$ブラスクラフターリング$$,$$Bague des créations en laiton$$,$$Messingring des Handwerks$$,$$8815d1f09d2$$);
INSERT INTO items(base_item_id, hq) VALUES(4431, false),(4431, true);
INSERT INTO base_items VALUES(4433,$$Coral Ring$$,$$ホワイトコーラルリング$$,$$Bague en corail blanc$$,$$Weißkorallen-Ring$$,$$6db8a32fd6c$$);
INSERT INTO items(base_item_id, hq) VALUES(4433, false),(4433, true);
INSERT INTO base_items VALUES(4435,$$Goatskin Ring$$,$$アルドゴートリング$$,$$Bague en cuir de bouquetin$$,$$Steinbockleder-Ring$$,$$98d8ecb8e36$$);
INSERT INTO items(base_item_id, hq) VALUES(4435, false),(4435, true);
INSERT INTO base_items VALUES(4439,$$Silver Ring$$,$$シルバーリング$$,$$Bague en argent$$,$$Silberring$$,$$83d84a9493d$$);
INSERT INTO items(base_item_id, hq) VALUES(4439, false),(4439, true);
INSERT INTO base_items VALUES(4440,$$Silver Ring of Crafting$$,$$シルバークラフターリング$$,$$Bague des créations en argent$$,$$Silberring des Handwerks$$,$$8244e63b0c4$$);
INSERT INTO items(base_item_id, hq) VALUES(4440, false),(4440, true);
INSERT INTO base_items VALUES(4442,$$Sunstone Ring$$,$$サンリング$$,$$Bague en pierre de soleil$$,$$Sonnenstein-Ring$$,$$df66a13873f$$);
INSERT INTO items(base_item_id, hq) VALUES(4442, false),(4442, true);
INSERT INTO base_items VALUES(4444,$$Danburite Ring$$,$$ダンビュライトリング$$,$$Bague en danburite$$,$$Danburit-Ring$$,$$e27462b7c3b$$);
INSERT INTO items(base_item_id, hq) VALUES(4444, false),(4444, true);
INSERT INTO base_items VALUES(4446,$$Malachite Ring$$,$$マラカイトリング$$,$$Bague en malachite$$,$$Malachit-Ring$$,$$bd7cb843925$$);
INSERT INTO items(base_item_id, hq) VALUES(4446, false),(4446, true);
INSERT INTO base_items VALUES(4448,$$Sphene Ring$$,$$スフェーンリング$$,$$Bague en sphène$$,$$Titanit-Ring$$,$$2785f133616$$);
INSERT INTO items(base_item_id, hq) VALUES(4448, false),(4448, true);
INSERT INTO base_items VALUES(4450,$$Fluorite Ring$$,$$フローライトリング$$,$$Bague en fluorine$$,$$Fluorit-Ring$$,$$6341dadc93c$$);
INSERT INTO items(base_item_id, hq) VALUES(4450, false),(4450, true);
INSERT INTO base_items VALUES(4452,$$Lapis Lazuli Ring$$,$$ラピスラズリリング$$,$$Bague en lapis-lazuli$$,$$Lapislazuli-Ring$$,$$43d8ef80b2f$$);
INSERT INTO items(base_item_id, hq) VALUES(4452, false),(4452, true);
INSERT INTO base_items VALUES(4454,$$Horn Ring$$,$$ホーンリング$$,$$Bague en corne$$,$$Horn-Ring$$,$$800cc6d5abb$$);
INSERT INTO items(base_item_id, hq) VALUES(4454, false),(4454, true);
INSERT INTO base_items VALUES(4456,$$Toadskin Ring$$,$$トードリング$$,$$Bague en cuir de crapaud$$,$$Krötenleder-Ring$$,$$d7740e56ae7$$);
INSERT INTO items(base_item_id, hq) VALUES(4456, false),(4456, true);
INSERT INTO base_items VALUES(4465,$$Mythril Ring$$,$$ミスリルリング$$,$$Bague en mithril$$,$$Mithril-Ring$$,$$3e04eb3fc1a$$);
INSERT INTO items(base_item_id, hq) VALUES(4465, false),(4465, true);
INSERT INTO base_items VALUES(4467,$$Mythril Ring of Crafting$$,$$ミスリルクラフターリング$$,$$Bague des créations en mithril$$,$$Mithril-Ring des Handwerks$$,$$ae45271043e$$);
INSERT INTO items(base_item_id, hq) VALUES(4467, false),(4467, true);
INSERT INTO base_items VALUES(4468,$$Garnet Ring$$,$$ガーネットリング$$,$$Bague en grenat$$,$$Granat-Ring$$,$$cef1033cd3c$$);
INSERT INTO items(base_item_id, hq) VALUES(4468, false),(4468, true);
INSERT INTO base_items VALUES(4470,$$Goshenite Ring$$,$$ゴシェナイトリング$$,$$Bague en goshénite$$,$$Goshenit-Ring$$,$$368867de7a6$$);
INSERT INTO items(base_item_id, hq) VALUES(4470, false),(4470, true);
INSERT INTO base_items VALUES(4472,$$Peridot Ring$$,$$ペリドットリング$$,$$Bague en péridot$$,$$Peridot-Ring$$,$$0d358c57a39$$);
INSERT INTO items(base_item_id, hq) VALUES(4472, false),(4472, true);
INSERT INTO base_items VALUES(4474,$$Heliodor Ring$$,$$ヘリオドールリング$$,$$Bague en héliodore$$,$$Goldberyll-Ring$$,$$52d954694ec$$);
INSERT INTO items(base_item_id, hq) VALUES(4474, false),(4474, true);
INSERT INTO base_items VALUES(4476,$$Amethyst Ring$$,$$アメジストリング$$,$$Bague en améthyste$$,$$Amethyst-Ring$$,$$9cf1af1b8c6$$);
INSERT INTO items(base_item_id, hq) VALUES(4476, false),(4476, true);
INSERT INTO base_items VALUES(4478,$$Aquamarine Ring$$,$$アクアマリンリング$$,$$Bague en aigue-marine$$,$$Aquamarin-Ring$$,$$028a5ef3e64$$);
INSERT INTO items(base_item_id, hq) VALUES(4478, false),(4478, true);
INSERT INTO base_items VALUES(4480,$$Pearl Ring$$,$$ホワイトパールリング$$,$$Bague en perle$$,$$Weißperlen-Ring$$,$$8debbace578$$);
INSERT INTO items(base_item_id, hq) VALUES(4480, false),(4480, true);
INSERT INTO base_items VALUES(4482,$$Boarskin Ring$$,$$ボアリング$$,$$Bague en cuir de sanglier$$,$$Keilerleder-Ring$$,$$407e07ad2a9$$);
INSERT INTO items(base_item_id, hq) VALUES(4482, false),(4482, true);
INSERT INTO base_items VALUES(4483,$$Explorer's Ring$$,$$エクスプローラーリング$$,$$Bague d'explorateur$$,$$Entdecker-Ring$$,$$92260ba92c6$$);
INSERT INTO items(base_item_id, hq) VALUES(4483, false);
INSERT INTO base_items VALUES(4484,$$Mage's Ring$$,$$メイジリング$$,$$Bague de magisme$$,$$Magier-Ring$$,$$12c78414c88$$);
INSERT INTO items(base_item_id, hq) VALUES(4484, false);
INSERT INTO base_items VALUES(4485,$$Red Coral Ring$$,$$レッドコーラルリング$$,$$Bague en corail rouge$$,$$Roter Korallenring$$,$$247a4d4471b$$);
INSERT INTO items(base_item_id, hq) VALUES(4485, false),(4485, true);
INSERT INTO base_items VALUES(4497,$$Electrum Ring$$,$$エレクトラムリング$$,$$Bague en électrum$$,$$Elektrum-Ring$$,$$aed6708c528$$);
INSERT INTO items(base_item_id, hq) VALUES(4497, false),(4497, true);
INSERT INTO base_items VALUES(4498,$$Stonewall Ring$$,$$ストーンウォールリング$$,$$Bague de garde-fou$$,$$Steinwall-Ring$$,$$515f763f080$$);
INSERT INTO items(base_item_id, hq) VALUES(4498, false);
INSERT INTO base_items VALUES(4499,$$Blessed Ring$$,$$ブレスドリング$$,$$Bague de bénédiction$$,$$Segensspruch-Ring$$,$$94323f75284$$);
INSERT INTO items(base_item_id, hq) VALUES(4499, false);
INSERT INTO base_items VALUES(4501,$$Electrum Ring of Crafting$$,$$エレクトラムクラフターリング$$,$$Bague des créations en électrum$$,$$Ätherischer Elektrum-Ring des Handwerks$$,$$e0982661329$$);
INSERT INTO items(base_item_id, hq) VALUES(4501, false),(4501, true);
INSERT INTO base_items VALUES(4502,$$Rubellite Ring$$,$$ルベライトリング$$,$$Bague en rubellite$$,$$Rubellit-Ring$$,$$1925bca3baa$$);
INSERT INTO items(base_item_id, hq) VALUES(4502, false),(4502, true);
INSERT INTO base_items VALUES(4504,$$Zircon Ring$$,$$ジルコンリング$$,$$Bague en zircon$$,$$Zirkon-Ring$$,$$b41d531a9b2$$);
INSERT INTO items(base_item_id, hq) VALUES(4504, false),(4504, true);
INSERT INTO base_items VALUES(4506,$$Tourmaline Ring$$,$$トルマリンリング$$,$$Bague en tourmaline$$,$$Turmalin-Ring$$,$$88866c5299c$$);
INSERT INTO items(base_item_id, hq) VALUES(4506, false),(4506, true);
INSERT INTO base_items VALUES(4508,$$Amber Ring$$,$$アンバーリング$$,$$Bague en ambre$$,$$Bernstein-Ring$$,$$157b952b076$$);
INSERT INTO items(base_item_id, hq) VALUES(4508, false),(4508, true);
INSERT INTO base_items VALUES(4510,$$Spinel Ring$$,$$スピネルリング$$,$$Bague en spinelle$$,$$Spinell-Ring$$,$$36811eeb603$$);
INSERT INTO items(base_item_id, hq) VALUES(4510, false),(4510, true);
INSERT INTO base_items VALUES(4512,$$Turquoise Ring$$,$$ターコイズリング$$,$$Bague en turquoise$$,$$Türkis-Ring$$,$$c0a18e3cfe5$$);
INSERT INTO items(base_item_id, hq) VALUES(4512, false),(4512, true);
INSERT INTO base_items VALUES(4514,$$Black Pearl Ring$$,$$ブラックパールリング$$,$$Bague en perle noire$$,$$Schwarzperlen-Ring$$,$$297e419cf08$$);
INSERT INTO items(base_item_id, hq) VALUES(4514, false),(4514, true);
INSERT INTO base_items VALUES(4516,$$Raptorskin Ring$$,$$ラプトルリング$$,$$Bague en cuir de raptor$$,$$Raptorleder-Ring$$,$$75c54b05abc$$);
INSERT INTO items(base_item_id, hq) VALUES(4516, false),(4516, true);
INSERT INTO base_items VALUES(4526,$$Gryphonskin Ring$$,$$ヒッポグリフリング$$,$$Bague en cuir d'hippogriffe$$,$$Gryphenleder-Ring$$,$$684710c1e83$$);
INSERT INTO items(base_item_id, hq) VALUES(4526, false),(4526, true);
INSERT INTO base_items VALUES(4527,$$Astral Ring$$,$$アストラルリング$$,$$Bague astrale$$,$$Astral-Ring$$,$$59c519e1556$$);
INSERT INTO items(base_item_id, hq) VALUES(4527, false),(4527, true);
INSERT INTO base_items VALUES(4528,$$Rose Gold Ring$$,$$ローズゴールドリング$$,$$Bague en or rose$$,$$Rosengold-Ring$$,$$da7c1920652$$);
INSERT INTO items(base_item_id, hq) VALUES(4528, false),(4528, true);
INSERT INTO base_items VALUES(4556,$$Hi-Ether$$,$$ハイエーテル$$,$$Super éther$$,$$Super-Äther$$,$$88fad7976ae$$);
INSERT INTO items(base_item_id, hq) VALUES(4556, false),(4556, true);
INSERT INTO base_items VALUES(4557,$$Mega-Ether$$,$$メガエーテル$$,$$Méga éther$$,$$Mega-Äther$$,$$7a0421c62fb$$);
INSERT INTO items(base_item_id, hq) VALUES(4557, false),(4557, true);
INSERT INTO base_items VALUES(4558,$$X-Ether$$,$$エクスエーテル$$,$$Éther X$$,$$Giga-Äther$$,$$054f77ecc81$$);
INSERT INTO items(base_item_id, hq) VALUES(4558, false),(4558, true);
INSERT INTO base_items VALUES(4560,$$Hi-Elixir$$,$$ハイエリクサー$$,$$Super élixir$$,$$Super-Elixier$$,$$7d95edb06ef$$);
INSERT INTO items(base_item_id, hq) VALUES(4560, false),(4560, true);
INSERT INTO base_items VALUES(4564,$$Antidote$$,$$毒消し$$,$$Antidote$$,$$Gegengift$$,$$b2f3e0cf553$$);
INSERT INTO items(base_item_id, hq) VALUES(4564, false),(4564, true);
INSERT INTO base_items VALUES(4565,$$Eye Drops$$,$$目薬$$,$$Potion de lumière$$,$$Augentropfen$$,$$4aef0f04d56$$);
INSERT INTO items(base_item_id, hq) VALUES(4565, false),(4565, true);
INSERT INTO base_items VALUES(4566,$$Echo Drops$$,$$やまびこ薬$$,$$Potion d'écho$$,$$Quasselwasser$$,$$b90064c0efd$$);
INSERT INTO items(base_item_id, hq) VALUES(4566, false),(4566, true);
INSERT INTO base_items VALUES(4567,$$Smelling Salts$$,$$きつけ薬$$,$$Potion de réveil$$,$$Muntermacher$$,$$1bfaf57bebd$$);
INSERT INTO items(base_item_id, hq) VALUES(4567, false),(4567, true);
INSERT INTO base_items VALUES(4568,$$Spine Drops$$,$$元気薬$$,$$Potion d'animation$$,$$Revitali EX$$,$$857061b9fa7$$);
INSERT INTO items(base_item_id, hq) VALUES(4568, false),(4568, true);
INSERT INTO base_items VALUES(4569,$$Gold Needle$$,$$金の針$$,$$Épingle d'or$$,$$Goldnadel$$,$$0b49a20a40b$$);
INSERT INTO items(base_item_id, hq) VALUES(4569, false),(4569, true);
INSERT INTO base_items VALUES(4570,$$Phoenix Down$$,$$フェニックスの尾$$,$$Queue de phénix$$,$$Phönixfeder$$,$$ca3036e0780$$);
INSERT INTO items(base_item_id, hq) VALUES(4570, false);
INSERT INTO base_items VALUES(4574,$$Weak Poisoning Potion$$,$$毒薬$$,$$Potion toxique$$,$$Schwach vergifteter Trunk$$,$$60c84c67ef1$$);
INSERT INTO items(base_item_id, hq) VALUES(4574, false),(4574, true);
INSERT INTO base_items VALUES(4575,$$Weak Blinding Potion$$,$$暗闇の毒薬$$,$$Potion aveuglante$$,$$Schwach blendender Trunk$$,$$31afb5c3870$$);
INSERT INTO items(base_item_id, hq) VALUES(4575, false),(4575, true);
INSERT INTO base_items VALUES(4576,$$Weak Silencing Potion$$,$$沈黙の毒薬$$,$$Potion aphonisante$$,$$Schwach verstummender Trunk$$,$$55655624937$$);
INSERT INTO items(base_item_id, hq) VALUES(4576, false),(4576, true);
INSERT INTO base_items VALUES(4577,$$Weak Sleeping Potion$$,$$睡眠の毒薬$$,$$Potion soporifique$$,$$Schwach einschläfernder Trunk$$,$$707be2944fb$$);
INSERT INTO items(base_item_id, hq) VALUES(4577, false),(4577, true);
INSERT INTO base_items VALUES(4578,$$Weak Paralyzing Potion$$,$$麻痺の毒薬$$,$$Potion paralysante$$,$$Schwach paralysierender Trunk$$,$$9f7d79618e0$$);
INSERT INTO items(base_item_id, hq) VALUES(4578, false),(4578, true);
INSERT INTO base_items VALUES(4579,$$Poisoning Potion$$,$$猛毒薬$$,$$Potion toxique forte$$,$$Vergifteter Trunk$$,$$deb6ca694d4$$);
INSERT INTO items(base_item_id, hq) VALUES(4579, false),(4579, true);
INSERT INTO base_items VALUES(4580,$$Blinding Potion$$,$$暗闇の猛毒薬$$,$$Potion aveuglante forte$$,$$Blendender Trunk$$,$$fe6c20a8964$$);
INSERT INTO items(base_item_id, hq) VALUES(4580, false),(4580, true);
INSERT INTO base_items VALUES(4581,$$Silencing Potion$$,$$沈黙の猛毒薬$$,$$Potion aphonisante forte$$,$$Verstummender Trunk$$,$$5221c5a8af2$$);
INSERT INTO items(base_item_id, hq) VALUES(4581, false),(4581, true);
INSERT INTO base_items VALUES(4582,$$Sleeping Potion$$,$$睡眠の猛毒薬$$,$$Potion soporifique forte$$,$$Einschläfernder Trunk$$,$$f841dc0110f$$);
INSERT INTO items(base_item_id, hq) VALUES(4582, false),(4582, true);
INSERT INTO base_items VALUES(4583,$$Paralyzing Potion$$,$$麻痺の猛毒薬$$,$$Potion paralysante forte$$,$$Paralysierender Trunk$$,$$0102b2cabf3$$);
INSERT INTO items(base_item_id, hq) VALUES(4583, false),(4583, true);
INSERT INTO base_items VALUES(4584,$$Potent Poisoning Potion$$,$$劇毒薬$$,$$Potion toxique ultra-puissante$$,$$Stark vergifteter Trunk$$,$$6716d7a86a8$$);
INSERT INTO items(base_item_id, hq) VALUES(4584, false),(4584, true);
INSERT INTO base_items VALUES(4585,$$Potent Blinding Potion$$,$$暗闇の劇毒薬$$,$$Potion aveuglante ultra-puissante$$,$$Stark blendender Trunk$$,$$4e3428fb1b6$$);
INSERT INTO items(base_item_id, hq) VALUES(4585, false),(4585, true);
INSERT INTO base_items VALUES(4586,$$Potent Silencing Potion$$,$$沈黙の劇毒薬$$,$$Potion aphonisante ultra-puissante$$,$$Stark verstummender Trunk$$,$$21276078f91$$);
INSERT INTO items(base_item_id, hq) VALUES(4586, false),(4586, true);
INSERT INTO base_items VALUES(4587,$$Potent Sleeping Potion$$,$$睡眠の劇毒薬$$,$$Potion soporifique ultra-puissante$$,$$Stark einschläfernder Trunk$$,$$b3dccc64e49$$);
INSERT INTO items(base_item_id, hq) VALUES(4587, false),(4587, true);
INSERT INTO base_items VALUES(4588,$$Potent Paralyzing Potion$$,$$麻痺の劇毒薬$$,$$Potion paralysante ultra-puissante$$,$$Stark paralysierender Trunk$$,$$eb56da30b5d$$);
INSERT INTO items(base_item_id, hq) VALUES(4588, false),(4588, true);
INSERT INTO base_items VALUES(4594,$$Potion of Strength$$,$$剛力の薬$$,$$Solution de force$$,$$Trank der Stärke$$,$$4e3a2cdcd60$$);
INSERT INTO items(base_item_id, hq) VALUES(4594, false),(4594, true);
INSERT INTO base_items VALUES(4595,$$Potion of Dexterity$$,$$眼力の薬$$,$$Solution de dextérité$$,$$Trank der Geschicklichkeit$$,$$5e4590739c6$$);
INSERT INTO items(base_item_id, hq) VALUES(4595, false),(4595, true);
INSERT INTO base_items VALUES(4596,$$Potion of Vitality$$,$$活力の薬$$,$$Solution de vitalité$$,$$Trank der Konstitution$$,$$e4541c9f32b$$);
INSERT INTO items(base_item_id, hq) VALUES(4596, false),(4596, true);
INSERT INTO base_items VALUES(4597,$$Potion of Intelligence$$,$$知力の薬$$,$$Solution d'intelligence$$,$$Trank der Intelligenz$$,$$a9451ac1afc$$);
INSERT INTO items(base_item_id, hq) VALUES(4597, false),(4597, true);
INSERT INTO base_items VALUES(4598,$$Potion of Mind$$,$$心力の薬$$,$$Solution d'esprit$$,$$Trank der Willenskraft$$,$$92e3c689742$$);
INSERT INTO items(base_item_id, hq) VALUES(4598, false),(4598, true);
INSERT INTO base_items VALUES(4599,$$Hi-Potion of Strength$$,$$剛力の妙薬$$,$$Décoction de force$$,$$Supertrank der Stärke$$,$$fbd6ccaeb89$$);
INSERT INTO items(base_item_id, hq) VALUES(4599, false),(4599, true);
INSERT INTO base_items VALUES(4600,$$Hi-Potion of Dexterity$$,$$眼力の妙薬$$,$$Décoction de dextérité$$,$$Supertrank der Geschicklichkeit$$,$$ed6c24d9289$$);
INSERT INTO items(base_item_id, hq) VALUES(4600, false),(4600, true);
INSERT INTO base_items VALUES(4601,$$Hi-Potion of Vitality$$,$$活力の妙薬$$,$$Décoction de vitalité$$,$$Supertrank der Konstitution$$,$$c3651bab3d1$$);
INSERT INTO items(base_item_id, hq) VALUES(4601, false),(4601, true);
INSERT INTO base_items VALUES(4602,$$Hi-Potion of Intelligence$$,$$知力の妙薬$$,$$Décoction d'intelligence$$,$$Supertrank der Intelligenz$$,$$d369b23f0c6$$);
INSERT INTO items(base_item_id, hq) VALUES(4602, false),(4602, true);
INSERT INTO base_items VALUES(4603,$$Hi-Potion of Mind$$,$$心力の妙薬$$,$$Décoction d'esprit$$,$$Supertrank der Willenskraft$$,$$9f6c53503a5$$);
INSERT INTO items(base_item_id, hq) VALUES(4603, false),(4603, true);
INSERT INTO base_items VALUES(4604,$$Mega-Potion of Strength$$,$$剛力の秘薬$$,$$Essence de force$$,$$Megatrank der Stärke$$,$$0c896f1e462$$);
INSERT INTO items(base_item_id, hq) VALUES(4604, false),(4604, true);
INSERT INTO base_items VALUES(4605,$$Mega-Potion of Dexterity$$,$$眼力の秘薬$$,$$Essence de dextérité$$,$$Megatrank der Geschicklichkeit$$,$$4a52897e5cd$$);
INSERT INTO items(base_item_id, hq) VALUES(4605, false),(4605, true);
INSERT INTO base_items VALUES(4606,$$Mega-Potion of Vitality$$,$$活力の秘薬$$,$$Essence de vitalité$$,$$Megatrank der Konstitution$$,$$03fb38cd4bb$$);
INSERT INTO items(base_item_id, hq) VALUES(4606, false),(4606, true);
INSERT INTO base_items VALUES(4607,$$Mega-Potion of Intelligence$$,$$知力の秘薬$$,$$Essence d'intelligence$$,$$Megatrank der Intelligenz$$,$$76afdeff436$$);
INSERT INTO items(base_item_id, hq) VALUES(4607, false),(4607, true);
INSERT INTO base_items VALUES(4608,$$Mega-Potion of Mind$$,$$心力の秘薬$$,$$Essence d'esprit$$,$$Megatrank der Willenskraft$$,$$0465452a83a$$);
INSERT INTO items(base_item_id, hq) VALUES(4608, false),(4608, true);
INSERT INTO base_items VALUES(4609,$$X-Potion of Strength$$,$$剛力の霊薬$$,$$Concentré de force$$,$$Gigatrank der Stärke$$,$$d4d726b8a75$$);
INSERT INTO items(base_item_id, hq) VALUES(4609, false),(4609, true);
INSERT INTO base_items VALUES(4610,$$X-Potion of Dexterity$$,$$眼力の霊薬$$,$$Concentré de dextérité$$,$$Gigatrank der Geschicklichkeit$$,$$4506886ecea$$);
INSERT INTO items(base_item_id, hq) VALUES(4610, false),(4610, true);
INSERT INTO base_items VALUES(4611,$$X-Potion of Vitality$$,$$活力の霊薬$$,$$Concentré de vitalité$$,$$Gigatrank der Konstitution$$,$$465b3894fb8$$);
INSERT INTO items(base_item_id, hq) VALUES(4611, false),(4611, true);
INSERT INTO base_items VALUES(4612,$$X-Potion of Intelligence$$,$$知力の霊薬$$,$$Concentré d'intelligence$$,$$Gigatrank der Intelligenz$$,$$86a7ab69164$$);
INSERT INTO items(base_item_id, hq) VALUES(4612, false),(4612, true);
INSERT INTO base_items VALUES(4613,$$X-Potion of Mind$$,$$心力の霊薬$$,$$Concentré d'esprit$$,$$Gigatrank der Willenskraft$$,$$9f8838fa260$$);
INSERT INTO items(base_item_id, hq) VALUES(4613, false),(4613, true);
INSERT INTO base_items VALUES(4614,$$Fire Ward Potion$$,$$防火の薬$$,$$Potion ignifuge$$,$$Feuertrank$$,$$c7cb95a10a6$$);
INSERT INTO items(base_item_id, hq) VALUES(4614, false),(4614, true);
INSERT INTO base_items VALUES(4615,$$Ice Ward Potion$$,$$防氷の薬$$,$$Potion frigifuge$$,$$Eistrank$$,$$207570c515c$$);
INSERT INTO items(base_item_id, hq) VALUES(4615, false),(4615, true);
INSERT INTO base_items VALUES(4616,$$Wind Ward Potion$$,$$防風の薬$$,$$Potion aérofuge$$,$$Windtrank$$,$$43d0aff9241$$);
INSERT INTO items(base_item_id, hq) VALUES(4616, false),(4616, true);
INSERT INTO base_items VALUES(4617,$$Earth Ward Potion$$,$$防土の薬$$,$$Potion géofuge$$,$$Erdtrank$$,$$b61a2608bcf$$);
INSERT INTO items(base_item_id, hq) VALUES(4617, false),(4617, true);
INSERT INTO base_items VALUES(4618,$$Lightning Ward Potion$$,$$防雷の薬$$,$$Potion électrofuge$$,$$Blitztrank$$,$$f884a1be30c$$);
INSERT INTO items(base_item_id, hq) VALUES(4618, false),(4618, true);
INSERT INTO base_items VALUES(4619,$$Water Ward Potion$$,$$防水の薬$$,$$Potion hydrofuge$$,$$Wassertrank$$,$$3ba0b31c0f1$$);
INSERT INTO items(base_item_id, hq) VALUES(4619, false),(4619, true);
INSERT INTO base_items VALUES(4620,$$Fire Ward Hi-Potion$$,$$防火の妙薬$$,$$Décoction ignifuge$$,$$Feuer-Supertrank$$,$$889984c19c5$$);
INSERT INTO items(base_item_id, hq) VALUES(4620, false),(4620, true);
INSERT INTO base_items VALUES(4621,$$Ice Ward Hi-Potion$$,$$防氷の妙薬$$,$$Décoction frigifuge$$,$$Eis-Supertrank$$,$$76692fb0466$$);
INSERT INTO items(base_item_id, hq) VALUES(4621, false),(4621, true);
INSERT INTO base_items VALUES(4622,$$Wind Ward Hi-Potion$$,$$防風の妙薬$$,$$Décoction aérofuge$$,$$Wind-Supertrank$$,$$c28e5051ee7$$);
INSERT INTO items(base_item_id, hq) VALUES(4622, false),(4622, true);
INSERT INTO base_items VALUES(4623,$$Earth Ward Hi-Potion$$,$$防土の妙薬$$,$$Décoction géofuge$$,$$Erd-Supertrank$$,$$cb3676be17d$$);
INSERT INTO items(base_item_id, hq) VALUES(4623, false),(4623, true);
INSERT INTO base_items VALUES(4624,$$Lightning Ward Hi-Potion$$,$$防雷の妙薬$$,$$Décoction électrofuge$$,$$Blitz-Supertrank$$,$$fe95ff3d12c$$);
INSERT INTO items(base_item_id, hq) VALUES(4624, false),(4624, true);
INSERT INTO base_items VALUES(4625,$$Water Ward Hi-Potion$$,$$防水の妙薬$$,$$Décoction hydrofuge$$,$$Wasser-Supertrank$$,$$854db751a69$$);
INSERT INTO items(base_item_id, hq) VALUES(4625, false),(4625, true);
INSERT INTO base_items VALUES(4626,$$Fire Ward Mega-Potion$$,$$防火の秘薬$$,$$Essence ignifuge$$,$$Feuer-Megatrank$$,$$f3b1d9cae5b$$);
INSERT INTO items(base_item_id, hq) VALUES(4626, false),(4626, true);
INSERT INTO base_items VALUES(4627,$$Ice Ward Mega-Potion$$,$$防氷の秘薬$$,$$Essence frigifuge$$,$$Eis-Megatrank$$,$$775238cc754$$);
INSERT INTO items(base_item_id, hq) VALUES(4627, false),(4627, true);
INSERT INTO base_items VALUES(4628,$$Wind Ward Mega-Potion$$,$$防風の秘薬$$,$$Essence aérofuge$$,$$Wind-Megatrank$$,$$f491a6d025c$$);
INSERT INTO items(base_item_id, hq) VALUES(4628, false),(4628, true);
INSERT INTO base_items VALUES(4629,$$Earth Ward Mega-Potion$$,$$防土の秘薬$$,$$Essence géofuge$$,$$Erd-Megatrank$$,$$6b887d3b494$$);
INSERT INTO items(base_item_id, hq) VALUES(4629, false),(4629, true);
INSERT INTO base_items VALUES(4630,$$Lightning Ward Mega-Potion$$,$$防雷の秘薬$$,$$Essence électrofuge$$,$$Blitz-Megatrank$$,$$efe7bf64571$$);
INSERT INTO items(base_item_id, hq) VALUES(4630, false),(4630, true);
INSERT INTO base_items VALUES(4631,$$Water Ward Mega-Potion$$,$$防水の秘薬$$,$$Essence hydrofuge$$,$$Wasser-Megatrank$$,$$e6136b6b898$$);
INSERT INTO items(base_item_id, hq) VALUES(4631, false),(4631, true);
INSERT INTO base_items VALUES(4637,$$Lunar Curtain$$,$$月のカーテン$$,$$Voile lunaire$$,$$Lunarer Glimmer$$,$$5e6aefdf758$$);
INSERT INTO items(base_item_id, hq) VALUES(4637, false);
INSERT INTO base_items VALUES(4638,$$Over-aspected Crystal$$,$$過属性クリスタル$$,$$Cristal surchargé$$,$$Überladener Kristall$$,$$98d751c5a47$$);
INSERT INTO items(base_item_id, hq) VALUES(4638, false);
INSERT INTO base_items VALUES(4639,$$Marmot Steak$$,$$マーモットステーキ$$,$$Steak de marmotte$$,$$Murmelhörnchen-Steak$$,$$e813dbce507$$);
INSERT INTO items(base_item_id, hq) VALUES(4639, false),(4639, true);
INSERT INTO base_items VALUES(4640,$$Grilled Dodo$$,$$ドードーのグリル$$,$$Tranche de dodo grillée$$,$$Grill-Dodo$$,$$b3f3e79685c$$);
INSERT INTO items(base_item_id, hq) VALUES(4640, false),(4640, true);
INSERT INTO base_items VALUES(4641,$$Mole Loaf$$,$$モールローフ$$,$$Pain de taupe$$,$$Mullpastete$$,$$6751cc19541$$);
INSERT INTO items(base_item_id, hq) VALUES(4641, false),(4641, true);
INSERT INTO base_items VALUES(4642,$$Meat Miq'abob$$,$$ミコッテ風山の幸串焼$$,$$Miqo-brochette de viande$$,$$Fleisch-Miqo'Kebab$$,$$1b25f4ccd1c$$);
INSERT INTO items(base_item_id, hq) VALUES(4642, false),(4642, true);
INSERT INTO base_items VALUES(4643,$$Antelope Steak$$,$$アンテロープステーキ$$,$$Steak de cerf$$,$$Grill-Antilope$$,$$5b737e00359$$);
INSERT INTO items(base_item_id, hq) VALUES(4643, false),(4643, true);
INSERT INTO base_items VALUES(4644,$$Aldgoat Steak$$,$$大山羊ステーキ$$,$$Steak de bouquetin$$,$$Grill-Bock$$,$$0caf51777dd$$);
INSERT INTO items(base_item_id, hq) VALUES(4644, false),(4644, true);
INSERT INTO base_items VALUES(4645,$$Smoked Raptor$$,$$スモークドラプトル$$,$$Tranche de raptor fumé$$,$$Räucher-Raptor$$,$$2a6b71649ef$$);
INSERT INTO items(base_item_id, hq) VALUES(4645, false),(4645, true);
INSERT INTO base_items VALUES(4646,$$Jerked Beef$$,$$ビーフジャーキー$$,$$Tranche de buffle séché$$,$$Trockenfleisch$$,$$296fdb127e2$$);
INSERT INTO items(base_item_id, hq) VALUES(4646, false),(4646, true);
INSERT INTO base_items VALUES(4647,$$Eft Steak$$,$$エフトステーキ$$,$$Steak de jeune triton$$,$$Molchsteak$$,$$3a8e51ad61f$$);
INSERT INTO items(base_item_id, hq) VALUES(4647, false),(4647, true);
INSERT INTO base_items VALUES(4649,$$Roast Dodo$$,$$ローストドードー$$,$$Rôti de dodo$$,$$Gerösteter Dodo$$,$$cc4f38e5eb2$$);
INSERT INTO items(base_item_id, hq) VALUES(4649, false),(4649, true);
INSERT INTO base_items VALUES(4650,$$Boiled Egg$$,$$ボイルドエッグ$$,$$Œuf à la coque$$,$$Gekochtes Ei$$,$$7979e25997b$$);
INSERT INTO items(base_item_id, hq) VALUES(4650, false),(4650, true);
INSERT INTO base_items VALUES(4651,$$Dodo Omelette$$,$$ドードーオムレツ$$,$$Omelette aux œufs de dodo$$,$$Dodo-Omelett$$,$$15b58167fc1$$);
INSERT INTO items(base_item_id, hq) VALUES(4651, false),(4651, true);
INSERT INTO base_items VALUES(4652,$$Mustard Eggs$$,$$マスタードエッグズ$$,$$Œufs à la moutarde$$,$$Saure Eier$$,$$6fb4eff0c4f$$);
INSERT INTO items(base_item_id, hq) VALUES(4652, false),(4652, true);
INSERT INTO base_items VALUES(4653,$$Fried Egg$$,$$フライドエッグ$$,$$Œuf au plat$$,$$Spiegelei$$,$$bb9e67ecc18$$);
INSERT INTO items(base_item_id, hq) VALUES(4653, false),(4653, true);
INSERT INTO base_items VALUES(4654,$$Scrambled Eggs$$,$$スクランブルエッグ$$,$$Œuf brouillé$$,$$Rührei$$,$$8ae9f169a92$$);
INSERT INTO items(base_item_id, hq) VALUES(4654, false),(4654, true);
INSERT INTO base_items VALUES(4655,$$Deviled Eggs$$,$$デビルドエッグズ$$,$$Œufs mimosa$$,$$Verteufelte Eier$$,$$702014863f4$$);
INSERT INTO items(base_item_id, hq) VALUES(4655, false),(4655, true);
INSERT INTO base_items VALUES(4656,$$Apkallu Omelette$$,$$アプカルオムレツ$$,$$Omelette aux œufs d'apkallu$$,$$Apkallu-Omelett$$,$$4c7a827e4b4$$);
INSERT INTO items(base_item_id, hq) VALUES(4656, false),(4656, true);
INSERT INTO base_items VALUES(4657,$$Braised Pipira$$,$$ベイクドピピラ$$,$$Pipira à l'étuvée$$,$$Gebratener Pipira$$,$$e6813bca939$$);
INSERT INTO items(base_item_id, hq) VALUES(4657, false),(4657, true);
INSERT INTO base_items VALUES(4658,$$Tree Toad Legs$$,$$ツリートードレッグズ$$,$$Cuisses de crapaud arboricole$$,$$Baumkrötenschenkel$$,$$7667fdba958$$);
INSERT INTO items(base_item_id, hq) VALUES(4658, false),(4658, true);
INSERT INTO base_items VALUES(4659,$$Boiled Crayfish$$,$$ボイルドクレイフィッシュ$$,$$Écrevisse bouillie$$,$$Gekochter Krebs$$,$$d2bfb9ca678$$);
INSERT INTO items(base_item_id, hq) VALUES(4659, false),(4659, true);
INSERT INTO base_items VALUES(4660,$$Grilled Trout$$,$$グリルドトラウト$$,$$Truite grillée$$,$$Gebratene Forelle$$,$$2b0bab4841b$$);
INSERT INTO items(base_item_id, hq) VALUES(4660, false),(4660, true);
INSERT INTO base_items VALUES(4661,$$Grilled Carp$$,$$グリルドカープ$$,$$Carpe grillée$$,$$Gegrillter Karpfen$$,$$c878d79a193$$);
INSERT INTO items(base_item_id, hq) VALUES(4661, false),(4661, true);
INSERT INTO base_items VALUES(4662,$$Salmon Meuniere$$,$$サーモンムニエル$$,$$Saumon meunière$$,$$Lachs nach Müllerinart$$,$$b9e87537693$$);
INSERT INTO items(base_item_id, hq) VALUES(4662, false),(4662, true);
INSERT INTO base_items VALUES(4663,$$Mugwort Carp$$,$$カープ&マグワート$$,$$Carpe à l'armoise$$,$$Karpfen Rot$$,$$674d1cf6606$$);
INSERT INTO items(base_item_id, hq) VALUES(4663, false),(4663, true);
INSERT INTO base_items VALUES(4664,$$Stuffed Cabbage$$,$$パイクのキャベツ巻き$$,$$Choux farcis$$,$$Kohlroulade$$,$$6083b1d3523$$);
INSERT INTO items(base_item_id, hq) VALUES(4664, false),(4664, true);
INSERT INTO base_items VALUES(4665,$$Lava Toad Legs$$,$$ラーヴァトードレッグズ$$,$$Cuisses de crapaud lavique$$,$$Lavakrötenschenkel$$,$$1acc6330fd3$$);
INSERT INTO items(base_item_id, hq) VALUES(4665, false),(4665, true);
INSERT INTO base_items VALUES(4666,$$Salt Cod$$,$$ソルトコッド$$,$$Morue salée$$,$$Salzdorsch$$,$$6c59a4e96cd$$);
INSERT INTO items(base_item_id, hq) VALUES(4666, false),(4666, true);
INSERT INTO base_items VALUES(4667,$$Raw Oyster$$,$$ローオイスター$$,$$Huître crue$$,$$Rohe Auster$$,$$b86eaf4c272$$);
INSERT INTO items(base_item_id, hq) VALUES(4667, false),(4667, true);
INSERT INTO base_items VALUES(4668,$$Boiled Bream$$,$$ボイルドブリーム$$,$$Brème bouillie$$,$$Gekochte Brasse$$,$$c04b7b50243$$);
INSERT INTO items(base_item_id, hq) VALUES(4668, false),(4668, true);
INSERT INTO base_items VALUES(4669,$$Baked Sole$$,$$ベイクドソール$$,$$Sole au four$$,$$Gebratene Seezunge$$,$$166c5a80d72$$);
INSERT INTO items(base_item_id, hq) VALUES(4669, false),(4669, true);
INSERT INTO base_items VALUES(4670,$$Tuna Miq'abob$$,$$ミコッテ風海の幸串焼$$,$$Miqo-brochette de thon$$,$$Thunfisch-Miqo'Kebab$$,$$9b515fcfa0f$$);
INSERT INTO items(base_item_id, hq) VALUES(4670, false),(4670, true);
INSERT INTO base_items VALUES(4671,$$Salt Cod Puffs$$,$$ソルトコッドパフ$$,$$Choux à la morue salée$$,$$Dorsch im Schlafrock$$,$$66ae81c008d$$);
INSERT INTO items(base_item_id, hq) VALUES(4671, false),(4671, true);
INSERT INTO base_items VALUES(4672,$$Pan-fried Mahi-Mahi$$,$$マヒマヒの揚げ焼き$$,$$Mahi-mahi frit$$,$$Gebratener Mahi-Mahi$$,$$3a02d54d0ad$$);
INSERT INTO items(base_item_id, hq) VALUES(4672, false),(4672, true);
INSERT INTO base_items VALUES(4673,$$Mutton Stew$$,$$マトンシチュー$$,$$Ragoût de mouton$$,$$Lammtopf$$,$$6abd4c972ba$$);
INSERT INTO items(base_item_id, hq) VALUES(4673, false),(4673, true);
INSERT INTO base_items VALUES(4674,$$Lentils and Chestnuts$$,$$レンティル&チェスナット$$,$$Lentilles aux châtaignes$$,$$Linsen-Maronen-Eintopf$$,$$a77b9bab6ea$$);
INSERT INTO items(base_item_id, hq) VALUES(4674, false),(4674, true);
INSERT INTO base_items VALUES(4675,$$Antelope Stew$$,$$アンテロープシチュー$$,$$Ragoût de cerf$$,$$Antilopen-Gulasch$$,$$fe4df838ab8$$);
INSERT INTO items(base_item_id, hq) VALUES(4675, false),(4675, true);
INSERT INTO base_items VALUES(4676,$$Orobon Stew$$,$$オロボンシチュー$$,$$Ragoût d'orobon$$,$$Orobon-Gulasch$$,$$34d329476cf$$);
INSERT INTO items(base_item_id, hq) VALUES(4676, false),(4676, true);
INSERT INTO base_items VALUES(4677,$$Ratatouille$$,$$ラタトゥイユ$$,$$Ratatouille$$,$$Ratatouille$$,$$15a2b978287$$);
INSERT INTO items(base_item_id, hq) VALUES(4677, false),(4677, true);
INSERT INTO base_items VALUES(4678,$$Beef Stew$$,$$ビーフシチュー$$,$$Ragoût de buffle$$,$$Gulasch$$,$$265818d4531$$);
INSERT INTO items(base_item_id, hq) VALUES(4678, false),(4678, true);
INSERT INTO base_items VALUES(4679,$$Dzemael Gratin$$,$$ゼーメル家風グラタン$$,$$Gratin Dzemael$$,$$Dzemael-Gratin$$,$$287458aa2af$$);
INSERT INTO items(base_item_id, hq) VALUES(4679, false),(4679, true);
INSERT INTO base_items VALUES(4680,$$Zoni$$,$$雑煮$$,$$Soupe zôni$$,$$Zoni$$,$$e97a3dee4e8$$);
INSERT INTO items(base_item_id, hq) VALUES(4680, false),(4680, true);
INSERT INTO base_items VALUES(4681,$$Jack-o'-lantern$$,$$ジャック・オ・ランタン$$,$$Jack-la-citrouille$$,$$Halloween-Kürbis$$,$$9e6d538a2a8$$);
INSERT INTO items(base_item_id, hq) VALUES(4681, false),(4681, true);
INSERT INTO base_items VALUES(4682,$$Parsnip Salad$$,$$パースニップサラダ$$,$$Salade de panais$$,$$Pastinaksalat$$,$$1b64558cace$$);
INSERT INTO items(base_item_id, hq) VALUES(4682, false),(4682, true);
INSERT INTO base_items VALUES(4683,$$Roasted Nopales$$,$$ローストノパル$$,$$Figues de barbarie grillées$$,$$Kaktus-Steak$$,$$cccaaa60463$$);
INSERT INTO items(base_item_id, hq) VALUES(4683, false),(4683, true);
INSERT INTO base_items VALUES(4684,$$Spinach Saute$$,$$スピナッチソテー$$,$$Sauté d'épinards$$,$$Sautierter Spinat$$,$$ba4fed879d0$$);
INSERT INTO items(base_item_id, hq) VALUES(4684, false),(4684, true);
INSERT INTO base_items VALUES(4685,$$Alligator Salad$$,$$アリゲーターサラダ$$,$$Salade alligator$$,$$Krokosalat$$,$$dcf0091a61d$$);
INSERT INTO items(base_item_id, hq) VALUES(4685, false),(4685, true);
INSERT INTO base_items VALUES(4686,$$Sauerkraut$$,$$ザワークラウト$$,$$Choucroute$$,$$Sauerkraut$$,$$0202eb21927$$);
INSERT INTO items(base_item_id, hq) VALUES(4686, false),(4686, true);
INSERT INTO base_items VALUES(4687,$$Stuffed Artichoke$$,$$スタッフドアーティチョーク$$,$$Artichaut farci$$,$$Gefüllte Artischocke$$,$$6df6c6106d1$$);
INSERT INTO items(base_item_id, hq) VALUES(4687, false),(4687, true);
INSERT INTO base_items VALUES(4688,$$Landtrap Salad$$,$$ランドトラップサラダ$$,$$Salade frémissante$$,$$Karnivorenblattsalat$$,$$5f86f184a06$$);
INSERT INTO items(base_item_id, hq) VALUES(4688, false),(4688, true);
INSERT INTO base_items VALUES(4689,$$Chanterelle Saute$$,$$キノコのソテー$$,$$Sauté de chanterelles$$,$$Sautierte Pfifferlinge$$,$$a48dada5364$$);
INSERT INTO items(base_item_id, hq) VALUES(4689, false),(4689, true);
INSERT INTO base_items VALUES(4690,$$Chicken and Mushrooms$$,$$鶏肉キノコ炒め$$,$$Fricassée de poulet aux champignons$$,$$Hähnchen-Pilzpfanne$$,$$40043d79006$$);
INSERT INTO items(base_item_id, hq) VALUES(4690, false),(4690, true);
INSERT INTO base_items VALUES(4691,$$Forest Miq'abob$$,$$ミコッテ風森の幸串焼$$,$$Miqo-brochette forestière$$,$$Pilz-Miqo'Kebab$$,$$f2e57d7b0d5$$);
INSERT INTO items(base_item_id, hq) VALUES(4691, false),(4691, true);
INSERT INTO base_items VALUES(4692,$$Raptor Stew$$,$$ラプトルシチュー$$,$$Ragoût de raptor$$,$$Raptoren-Gulasch$$,$$f38a190568d$$);
INSERT INTO items(base_item_id, hq) VALUES(4692, false),(4692, true);
INSERT INTO base_items VALUES(4693,$$Button Mushroom Saute$$,$$キノコのガーリックソテー$$,$$Sauté de champignons à l'ail$$,$$Knofi-Pilzpfanne$$,$$029c5230e08$$);
INSERT INTO items(base_item_id, hq) VALUES(4693, false),(4693, true);
INSERT INTO base_items VALUES(4694,$$Buttons in a Blanket$$,$$キノコのキャベツ巻き$$,$$Choux farcis aux champignons$$,$$Pilz-Kohlrouladen$$,$$b85a5db91c8$$);
INSERT INTO items(base_item_id, hq) VALUES(4694, false),(4694, true);
INSERT INTO base_items VALUES(4695,$$Black Truffle Risotto$$,$$ブラックトリュフリゾット$$,$$Risotto aux truffes noires$$,$$Risotto mit schwarzen Trüffeln$$,$$e33a69364dd$$);
INSERT INTO items(base_item_id, hq) VALUES(4695, false),(4695, true);
INSERT INTO base_items VALUES(4696,$$Flatbread$$,$$フラットブレッド$$,$$Pain plat$$,$$Fladenbrot$$,$$56846f32265$$);
INSERT INTO items(base_item_id, hq) VALUES(4696, false),(4696, true);
INSERT INTO base_items VALUES(4697,$$Walnut Bread$$,$$ウォルナットブレッド$$,$$Pain aux noix$$,$$Walnussbrot$$,$$4f3b15d6c37$$);
INSERT INTO items(base_item_id, hq) VALUES(4697, false),(4697, true);
INSERT INTO base_items VALUES(4698,$$Honey Muffin$$,$$ハニーマフィン$$,$$Muffin au miel$$,$$Honigmuffin$$,$$14eb9b6b442$$);
INSERT INTO items(base_item_id, hq) VALUES(4698, false),(4698, true);
INSERT INTO base_items VALUES(4699,$$Dark Pretzel$$,$$プレッツェル$$,$$Bretzel noir$$,$$Brezel$$,$$3c00dd9e081$$);
INSERT INTO items(base_item_id, hq) VALUES(4699, false),(4699, true);
INSERT INTO base_items VALUES(4700,$$Cornbread$$,$$コーンブレッド$$,$$Pain de maïs$$,$$Maisbrot$$,$$1d61a39683b$$);
INSERT INTO items(base_item_id, hq) VALUES(4700, false),(4700, true);
INSERT INTO base_items VALUES(4701,$$Acorn Cookie$$,$$エーコンクッキー$$,$$Biscuit aux glands$$,$$Eichelkeks$$,$$59ecddfe56e$$);
INSERT INTO items(base_item_id, hq) VALUES(4701, false),(4701, true);
INSERT INTO base_items VALUES(4702,$$Knight's Bread$$,$$ナイツブレッド$$,$$Pain de chevalier$$,$$Ritterbrot$$,$$c2af82c545e$$);
INSERT INTO items(base_item_id, hq) VALUES(4702, false),(4702, true);
INSERT INTO base_items VALUES(4703,$$La Noscean Toast$$,$$ラノシアトースト$$,$$Toast noscéen$$,$$La Noscea-Toast$$,$$48f0e754a66$$);
INSERT INTO items(base_item_id, hq) VALUES(4703, false),(4703, true);
INSERT INTO base_items VALUES(4704,$$Finger Sandwich$$,$$ビスマルク風エッグサンド$$,$$Sandwich à la Bismarck$$,$$Eiersandwich à la Bismarck$$,$$b5301f8cf68$$);
INSERT INTO items(base_item_id, hq) VALUES(4704, false),(4704, true);
INSERT INTO base_items VALUES(4708,$$Rabbit Pie$$,$$ラビットパイ$$,$$Tourte lapin$$,$$Hasenpastete$$,$$f01426ecf63$$);
INSERT INTO items(base_item_id, hq) VALUES(4708, false),(4708, true);
INSERT INTO base_items VALUES(4709,$$Apple Tart$$,$$アップルタルト$$,$$Tarte aux pommes$$,$$Apfeltörtchen$$,$$7ba44f752c7$$);
INSERT INTO items(base_item_id, hq) VALUES(4709, false),(4709, true);
INSERT INTO base_items VALUES(4710,$$Shepherd's Pie$$,$$シェパードパイ$$,$$Hachis parmentier$$,$$Shepherd's Pie$$,$$d91c5365a6a$$);
INSERT INTO items(base_item_id, hq) VALUES(4710, false),(4710, true);
INSERT INTO base_items VALUES(4711,$$Eel Pie$$,$$イールパイ$$,$$Tarte à l'anguille$$,$$Aalpastete$$,$$4c1d879486c$$);
INSERT INTO items(base_item_id, hq) VALUES(4711, false),(4711, true);
INSERT INTO base_items VALUES(4712,$$Blood Currant Tart$$,$$ブラッドカーラントタルト$$,$$Tarte aux groseilles sanguines$$,$$Blutbeertorte$$,$$566239bbe58$$);
INSERT INTO items(base_item_id, hq) VALUES(4712, false),(4712, true);
INSERT INTO base_items VALUES(4713,$$Crowned Pie$$,$$ガレット・デ・ロワ$$,$$Galette des rois$$,$$Gekrönter Kuchen$$,$$0ece1c56c43$$);
INSERT INTO items(base_item_id, hq) VALUES(4713, false),(4713, true);
INSERT INTO base_items VALUES(4714,$$Tomato Pie$$,$$トマトパイ$$,$$Tarte à la tomate$$,$$Tomatenpastete$$,$$4888652a73c$$);
INSERT INTO items(base_item_id, hq) VALUES(4714, false),(4714, true);
INSERT INTO base_items VALUES(4715,$$Trapper's Quiche$$,$$猟師風エフトキッシュ$$,$$Quiche au triton façon chasseur$$,$$Fallensteller-Quiche$$,$$162adf9a05b$$);
INSERT INTO items(base_item_id, hq) VALUES(4715, false),(4715, true);
INSERT INTO base_items VALUES(4716,$$Frumenty$$,$$フルメンティ$$,$$Fromentée$$,$$Frumenty$$,$$f24646aedfc$$);
INSERT INTO items(base_item_id, hq) VALUES(4716, false),(4716, true);
INSERT INTO base_items VALUES(4717,$$Stone Soup$$,$$ストーンスープ$$,$$Soupe de pierre$$,$$Steinsuppe$$,$$feeca4582b4$$);
INSERT INTO items(base_item_id, hq) VALUES(4717, false),(4717, true);
INSERT INTO base_items VALUES(4718,$$Pea Soup$$,$$ピースープ$$,$$Soupe de pois$$,$$Erbsensuppe$$,$$3392f405565$$);
INSERT INTO items(base_item_id, hq) VALUES(4718, false),(4718, true);
INSERT INTO base_items VALUES(4719,$$Cawl Cennin$$,$$カウルケニン$$,$$Bouillon de poireaux$$,$$Cawl Cennin$$,$$b31080aad5b$$);
INSERT INTO items(base_item_id, hq) VALUES(4719, false),(4719, true);
INSERT INTO base_items VALUES(4720,$$Fish Soup$$,$$フィッシュスープ$$,$$Soupe de poisson$$,$$Fischsuppe$$,$$655e06195ec$$);
INSERT INTO items(base_item_id, hq) VALUES(4720, false),(4720, true);
INSERT INTO base_items VALUES(4721,$$Bouillabaisse$$,$$ブイヤベース$$,$$Bouillabaisse$$,$$Bouillabaisse$$,$$4eb57fadd27$$);
INSERT INTO items(base_item_id, hq) VALUES(4721, false),(4721, true);
INSERT INTO base_items VALUES(4722,$$Mashed Popotoes$$,$$マッシュポポト$$,$$Purée de popotos$$,$$Toffelbrei$$,$$7f665fc7bef$$);
INSERT INTO items(base_item_id, hq) VALUES(4722, false),(4722, true);
INSERT INTO base_items VALUES(4723,$$Cheese Risotto$$,$$チーズリゾット$$,$$Risotto au fromage$$,$$Käserisotto$$,$$779099a25cb$$);
INSERT INTO items(base_item_id, hq) VALUES(4723, false),(4723, true);
INSERT INTO base_items VALUES(4724,$$Cheese Souffle$$,$$チーズスフレ$$,$$Soufflé au fromage$$,$$Käseauflauf$$,$$45ece82148b$$);
INSERT INTO items(base_item_id, hq) VALUES(4724, false),(4724, true);
INSERT INTO base_items VALUES(4725,$$Rolanberry Cheesecake$$,$$ロランベリーチーズケーキ$$,$$Gâteau au fromage à la rolanbaie$$,$$Rolanbeeren-Käsekuchen$$,$$2d9f0fd48d9$$);
INSERT INTO items(base_item_id, hq) VALUES(4725, false),(4725, true);
INSERT INTO base_items VALUES(4726,$$Mint Lassi$$,$$ミントラッシー$$,$$Lassi à la menthe$$,$$Minz-Lassi$$,$$7942793c374$$);
INSERT INTO items(base_item_id, hq) VALUES(4726, false),(4726, true);
INSERT INTO base_items VALUES(4727,$$Rolanberry Lassi$$,$$ロランベリーラッシー$$,$$Lassi à la rolanbaie$$,$$Rolanbeeren-Lassi$$,$$b31af4caa5b$$);
INSERT INTO items(base_item_id, hq) VALUES(4727, false),(4727, true);
INSERT INTO base_items VALUES(4728,$$Raisins$$,$$レーズン$$,$$Raisins secs$$,$$Rosinen$$,$$049fcfa2e21$$);
INSERT INTO items(base_item_id, hq) VALUES(4728, false),(4728, true);
INSERT INTO base_items VALUES(4729,$$Snowflake Peak$$,$$ガトー・オ・フレーズ$$,$$Fraisier mont-blanc$$,$$Schneekuchen$$,$$d7bc3b78847$$);
INSERT INTO items(base_item_id, hq) VALUES(4729, false),(4729, true);
INSERT INTO base_items VALUES(4730,$$Dried Prunes$$,$$ドライプルーン$$,$$Pruneaux$$,$$Getrocknete Pflaumen$$,$$c1d3aee290b$$);
INSERT INTO items(base_item_id, hq) VALUES(4730, false),(4730, true);
INSERT INTO base_items VALUES(4731,$$Ginger Cookie$$,$$ジンジャークッキー$$,$$Biscuit au gingembre$$,$$Ingwerkeks$$,$$b5b94f09f7d$$);
INSERT INTO items(base_item_id, hq) VALUES(4731, false),(4731, true);
INSERT INTO base_items VALUES(4732,$$Crumpet$$,$$クランペット$$,$$Crumpet$$,$$Crumpet$$,$$dd7265a6e47$$);
INSERT INTO items(base_item_id, hq) VALUES(4732, false),(4732, true);
INSERT INTO base_items VALUES(4733,$$Pastry Fish$$,$$ペストリーフィッシュ$$,$$Pâtisserie poisson$$,$$Fischgebäck$$,$$4cd55a5d4b3$$);
INSERT INTO items(base_item_id, hq) VALUES(4733, false),(4733, true);
INSERT INTO base_items VALUES(4734,$$Pineapple Ponzecake$$,$$パイナップルケーキ$$,$$Quatre-quarts à l'ananas$$,$$Ananas-Ponzenkuchen$$,$$9b10bbe5b60$$);
INSERT INTO items(base_item_id, hq) VALUES(4734, false),(4734, true);
INSERT INTO base_items VALUES(4735,$$Bubble Chocolate$$,$$バブルチョコ$$,$$Choco-bulle$$,$$Luftschokolade$$,$$8b28c43a1e7$$);
INSERT INTO items(base_item_id, hq) VALUES(4735, false),(4735, true);
INSERT INTO base_items VALUES(4736,$$Pearl Chocolate$$,$$パールチョコ$$,$$Choco-perle$$,$$Perlenschokolade$$,$$24ef5a4f7d1$$);
INSERT INTO items(base_item_id, hq) VALUES(4736, false),(4736, true);
INSERT INTO base_items VALUES(4737,$$White Chocolate$$,$$ホワイトチョコ$$,$$Chocolat blanc$$,$$Weißes Schokoherz$$,$$6b3be3c2c17$$);
INSERT INTO items(base_item_id, hq) VALUES(4737, false),(4737, true);
INSERT INTO base_items VALUES(4738,$$Heart Chocolate$$,$$ハートチョコ$$,$$Cœur en chocolat$$,$$Schokoherz$$,$$ff028de882e$$);
INSERT INTO items(base_item_id, hq) VALUES(4738, false),(4738, true);
INSERT INTO base_items VALUES(4739,$$Consecrated Chocolate$$,$$ブレスドハートチョコ$$,$$Cœur en chocolat béni$$,$$Gesegnetes Schokoherz$$,$$933d660508b$$);
INSERT INTO items(base_item_id, hq) VALUES(4739, false),(4739, true);
INSERT INTO base_items VALUES(4740,$$Princess Pudding$$,$$プリンセスプリン$$,$$Pudding princesse$$,$$Prinzesschenpudding$$,$$a67c2654dc7$$);
INSERT INTO items(base_item_id, hq) VALUES(4740, false),(4740, true);
INSERT INTO base_items VALUES(4741,$$Ore Fruitcake$$,$$シュトレン$$,$$Sternstollen$$,$$Sternenlicht-Stollen$$,$$ad157fd15fb$$);
INSERT INTO items(base_item_id, hq) VALUES(4741, false),(4741, true);
INSERT INTO base_items VALUES(4742,$$Starlight Log$$,$$ブッシュ・オ・ショコラ$$,$$Bûche des étoiles$$,$$Sternenlicht-Stamm$$,$$590acfcd6ed$$);
INSERT INTO items(base_item_id, hq) VALUES(4742, false),(4742, true);
INSERT INTO base_items VALUES(4743,$$Pumpkin Cookie$$,$$パンプキンクッキー$$,$$Biscuit à la citrouille$$,$$Kürbiskeks$$,$$4427cec7989$$);
INSERT INTO items(base_item_id, hq) VALUES(4743, false);
INSERT INTO base_items VALUES(4744,$$Sweet Rice Cake$$,$$菱餅$$,$$Gâteau de riz$$,$$Hishi mochi$$,$$7037a006133$$);
INSERT INTO items(base_item_id, hq) VALUES(4744, false),(4744, true);
INSERT INTO base_items VALUES(4745,$$Orange Juice$$,$$オレンジジュース$$,$$Jus d'orange$$,$$Orangensaft$$,$$8a07ba64163$$);
INSERT INTO items(base_item_id, hq) VALUES(4745, false),(4745, true);
INSERT INTO base_items VALUES(4746,$$Grape Juice$$,$$グレープジュース$$,$$Jus de raisin$$,$$Traubensaft$$,$$250da5060f3$$);
INSERT INTO items(base_item_id, hq) VALUES(4746, false),(4746, true);
INSERT INTO base_items VALUES(4747,$$Apple Juice$$,$$アップルジュース$$,$$Jus de pomme$$,$$Apfelsaft$$,$$3cc6d9ce0b6$$);
INSERT INTO items(base_item_id, hq) VALUES(4747, false),(4747, true);
INSERT INTO base_items VALUES(4748,$$Pineapple Juice$$,$$パインジュース$$,$$Jus d'ananas$$,$$Ananassaft$$,$$bd5961a0dfa$$);
INSERT INTO items(base_item_id, hq) VALUES(4748, false),(4748, true);
INSERT INTO base_items VALUES(4749,$$Chamomile Tea$$,$$カモミールティー$$,$$Thé à la camomille$$,$$Kamillentee$$,$$1d635632909$$);
INSERT INTO items(base_item_id, hq) VALUES(4749, false),(4749, true);
INSERT INTO base_items VALUES(4750,$$Mulled Tea$$,$$マルドティー$$,$$Thé épicé$$,$$Glühtee$$,$$e979df3a51d$$);
INSERT INTO items(base_item_id, hq) VALUES(4750, false),(4750, true);
INSERT INTO base_items VALUES(4751,$$Mineral Water$$,$$ミネラルウォーター$$,$$Eau minérale$$,$$Mineralwasser$$,$$57fd274eee8$$);
INSERT INTO items(base_item_id, hq) VALUES(4751, false),(4751, true);
INSERT INTO base_items VALUES(4752,$$Aldgoat Milk$$,$$山羊乳$$,$$Lait d'étagne$$,$$Steingeißmilch$$,$$6d5ec3a5377$$);
INSERT INTO items(base_item_id, hq) VALUES(4752, false),(4752, true);
INSERT INTO base_items VALUES(4753,$$Buffalo Milk$$,$$水牛乳$$,$$Lait de bufflonne$$,$$Büffelmilch$$,$$34264ae63eb$$);
INSERT INTO items(base_item_id, hq) VALUES(4753, false),(4753, true);
INSERT INTO base_items VALUES(4754,$$Cottage Cheese$$,$$コテージチーズ$$,$$Fromage blanc$$,$$Hüttenkäse$$,$$cc74538b157$$);
INSERT INTO items(base_item_id, hq) VALUES(4754, false),(4754, true);
INSERT INTO base_items VALUES(4755,$$Blue Cheese$$,$$ブルードルチェ$$,$$Fromage bleu$$,$$Blauschimmelkäse$$,$$e6817407f5a$$);
INSERT INTO items(base_item_id, hq) VALUES(4755, false),(4755, true);
INSERT INTO base_items VALUES(4756,$$Cream Cheese$$,$$クリームチーズ$$,$$Fromage à la crème$$,$$Frischkäse$$,$$40d59361027$$);
INSERT INTO items(base_item_id, hq) VALUES(4756, false),(4756, true);
INSERT INTO base_items VALUES(4757,$$Rolanberry Cheese$$,$$ロランベリーチーズ$$,$$Fromage sauce rolanbaie$$,$$Rolanbeeren-Käse$$,$$eba063ee352$$);
INSERT INTO items(base_item_id, hq) VALUES(4757, false),(4757, true);
INSERT INTO base_items VALUES(4758,$$Marmot Meat$$,$$マーモットの肉$$,$$Viande de marmotte$$,$$Murmelhörnchenfilet$$,$$c3da69b624c$$);
INSERT INTO items(base_item_id, hq) VALUES(4758, false),(4758, true);
INSERT INTO base_items VALUES(4759,$$Mutton Loin$$,$$マトンのロイン$$,$$Côtelette de mouton$$,$$Lammfilet$$,$$f95ddc7ddb4$$);
INSERT INTO items(base_item_id, hq) VALUES(4759, false),(4759, true);
INSERT INTO base_items VALUES(4760,$$Dodo Tenderloin$$,$$ドードーの笹身$$,$$Filet de dodo$$,$$Dodo-Lendenstück$$,$$abb82d74007$$);
INSERT INTO items(base_item_id, hq) VALUES(4760, false),(4760, true);
INSERT INTO base_items VALUES(4761,$$Mole Meat$$,$$モールの肉$$,$$Viande de taupe$$,$$Mullfleisch$$,$$80f49ecc7ad$$);
INSERT INTO items(base_item_id, hq) VALUES(4761, false),(4761, true);
INSERT INTO base_items VALUES(4762,$$Salamander Tail$$,$$サラマンダーの尾肉$$,$$Queue de salamandre$$,$$Salamanderschwanz$$,$$599f55fcf4e$$);
INSERT INTO items(base_item_id, hq) VALUES(4762, false),(4762, true);
INSERT INTO base_items VALUES(4764,$$Chicken Breast$$,$$鶏の胸肉$$,$$Blanc de poulet$$,$$Hähnchenbrust$$,$$aa32b0f7daa$$);
INSERT INTO items(base_item_id, hq) VALUES(4764, false),(4764, true);
INSERT INTO base_items VALUES(4765,$$Antelope Shank$$,$$アンテロープのスネ肉$$,$$Jarret de cerf$$,$$Antilopenkeule$$,$$cf3f40353e7$$);
INSERT INTO items(base_item_id, hq) VALUES(4765, false),(4765, true);
INSERT INTO base_items VALUES(4766,$$Aldgoat Chuck$$,$$アルドゴートの肩ロース$$,$$Paleron de bouquetin$$,$$Steinbock-Schulterfleisch$$,$$42709dc1bb0$$);
INSERT INTO items(base_item_id, hq) VALUES(4766, false),(4766, true);
INSERT INTO base_items VALUES(4767,$$Raptor Shank$$,$$ラプトルのモモ肉$$,$$Jarret de raptor$$,$$Raptor-Schenkel$$,$$6d755baa2da$$);
INSERT INTO items(base_item_id, hq) VALUES(4767, false),(4767, true);
INSERT INTO base_items VALUES(4768,$$Buffalo Sirloin$$,$$バッファローのサーロイン$$,$$Filet de buffle$$,$$Büffellendensteak$$,$$068fe41fff7$$);
INSERT INTO items(base_item_id, hq) VALUES(4768, false),(4768, true);
INSERT INTO base_items VALUES(4769,$$Eft Tail$$,$$エフトの尾肉$$,$$Queue de triton$$,$$Molchschwanz$$,$$4931bb444b0$$);
INSERT INTO items(base_item_id, hq) VALUES(4769, false),(4769, true);
INSERT INTO base_items VALUES(4770,$$Orobon Liver$$,$$オロボンの肝臓$$,$$Foie d'orobon$$,$$Orobon-Leber$$,$$11aaa08c2ca$$);
INSERT INTO items(base_item_id, hq) VALUES(4770, false),(4770, true);
INSERT INTO base_items VALUES(4771,$$Megalocrab Leg$$,$$メガロクラブの足$$,$$Patte de mégalocrabe$$,$$Megalokrabbenbein$$,$$e885794427d$$);
INSERT INTO items(base_item_id, hq) VALUES(4771, false),(4771, true);
INSERT INTO base_items VALUES(4772,$$Chicken Egg$$,$$鶏卵$$,$$Œuf de poule$$,$$Hühnerei$$,$$b434789b9a5$$);
INSERT INTO items(base_item_id, hq) VALUES(4772, false),(4772, true);
INSERT INTO base_items VALUES(4773,$$Dodo Egg$$,$$ドードーの卵$$,$$Œuf de dodo$$,$$Dodo-Ei$$,$$2d35afcb17a$$);
INSERT INTO items(base_item_id, hq) VALUES(4773, false),(4773, true);
INSERT INTO base_items VALUES(4774,$$Puk Egg$$,$$プークの卵$$,$$Œuf de puk$$,$$Puk-Ei$$,$$7786e8f7a62$$);
INSERT INTO items(base_item_id, hq) VALUES(4774, false),(4774, true);
INSERT INTO base_items VALUES(4775,$$Apkallu Egg$$,$$アプカルの卵$$,$$Œuf d'apkallu$$,$$Apkallu-Ei$$,$$f5799b8125f$$);
INSERT INTO items(base_item_id, hq) VALUES(4775, false),(4775, true);
INSERT INTO base_items VALUES(4776,$$Malm Kelp$$,$$マルムケルプ$$,$$Varech malm$$,$$Malm-Alge$$,$$6a156f25f3b$$);
INSERT INTO items(base_item_id, hq) VALUES(4776, false),(4776, true);
INSERT INTO base_items VALUES(4779,$$Ogre Pumpkin$$,$$オーガパンプキン$$,$$Citrouille des ogres$$,$$Ogerkürbis$$,$$a3314b71699$$);
INSERT INTO items(base_item_id, hq) VALUES(4779, false),(4779, true);
INSERT INTO base_items VALUES(4780,$$Ruby Tomato$$,$$ルビートマト$$,$$Tomate rubis$$,$$Rubintomate$$,$$d8284b04f73$$);
INSERT INTO items(base_item_id, hq) VALUES(4780, false),(4780, true);
INSERT INTO base_items VALUES(4781,$$Alpine Parsnip$$,$$パースニップ$$,$$Panais alpin$$,$$Gebirgspastinak$$,$$462e742ad0a$$);
INSERT INTO items(base_item_id, hq) VALUES(4781, false),(4781, true);
INSERT INTO base_items VALUES(4783,$$Cieldalaes Spinach$$,$$スピナッチ$$,$$Épinards des Cieldalaes$$,$$Cieldaläen-Spinat$$,$$6b07e861a6f$$);
INSERT INTO items(base_item_id, hq) VALUES(4783, false),(4783, true);
INSERT INTO base_items VALUES(4784,$$Highland Parsley$$,$$ハイランドパセリ$$,$$Persil hyurgoth$$,$$Hochlandpetersilie$$,$$d4cae21dc36$$);
INSERT INTO items(base_item_id, hq) VALUES(4784, false),(4784, true);
INSERT INTO base_items VALUES(4786,$$Nopales$$,$$ノパル$$,$$Figue de barbarie$$,$$Nopal$$,$$4d2c6ad359e$$);
INSERT INTO items(base_item_id, hq) VALUES(4786, false),(4786, true);
INSERT INTO base_items VALUES(4790,$$Aloe$$,$$アロエ$$,$$Aloès$$,$$Aloe$$,$$c513527d793$$);
INSERT INTO items(base_item_id, hq) VALUES(4790, false),(4790, true);
INSERT INTO base_items VALUES(4791,$$Salt Leek$$,$$リーキ$$,$$Poireau des marais$$,$$Regenmoor-Porree$$,$$9fb2f587cb3$$);
INSERT INTO items(base_item_id, hq) VALUES(4791, false),(4791, true);
INSERT INTO base_items VALUES(4792,$$Ramhorn Zucchini$$,$$ズッキーニ$$,$$Courgette corne de bélier$$,$$Zucchini$$,$$a38956b4dbf$$);
INSERT INTO items(base_item_id, hq) VALUES(4792, false),(4792, true);
INSERT INTO base_items VALUES(4793,$$Maiden Artichoke$$,$$アーティチョーク$$,$$Artichaut de la vierge$$,$$Artischocke$$,$$bb27c17338b$$);
INSERT INTO items(base_item_id, hq) VALUES(4793, false),(4793, true);
INSERT INTO base_items VALUES(4794,$$Shriekshroom$$,$$シュリークシュルーム$$,$$Jeune hurlecèpe$$,$$Kreischer-Hut$$,$$30fcafe9984$$);
INSERT INTO items(base_item_id, hq) VALUES(4794, false),(4794, true);
INSERT INTO base_items VALUES(4795,$$Chanterelle$$,$$シャンテレール$$,$$Chanterelle$$,$$Pfifferling$$,$$3fd70dfe7bf$$);
INSERT INTO items(base_item_id, hq) VALUES(4795, false),(4795, true);
INSERT INTO base_items VALUES(4796,$$Gil Bun$$,$$ギルバン$$,$$Cèpe$$,$$Gilpilz$$,$$d557ab80ec2$$);
INSERT INTO items(base_item_id, hq) VALUES(4796, false),(4796, true);
INSERT INTO base_items VALUES(4797,$$Button Mushroom$$,$$ボタンマッシュルーム$$,$$Champignon bouton$$,$$Knopf-Fungus$$,$$71ca677c103$$);
INSERT INTO items(base_item_id, hq) VALUES(4797, false),(4797, true);
INSERT INTO base_items VALUES(4798,$$White Truffle$$,$$ホワイトトリュフ$$,$$Truffe blanche$$,$$Weiße Trüffel$$,$$f255048f925$$);
INSERT INTO items(base_item_id, hq) VALUES(4798, false),(4798, true);
INSERT INTO base_items VALUES(4799,$$Ratstool$$,$$ラットスツール$$,$$Vesse-de-rat$$,$$Rattenreizker$$,$$34261a06177$$);
INSERT INTO items(base_item_id, hq) VALUES(4799, false),(4799, true);
INSERT INTO base_items VALUES(4800,$$Black Truffle$$,$$ブラックトリュフ$$,$$Truffe noire$$,$$Schwarze Trüffel$$,$$25b501e018a$$);
INSERT INTO items(base_item_id, hq) VALUES(4800, false),(4800, true);
INSERT INTO base_items VALUES(4801,$$Dalamud Nut$$,$$ダラガブナッツ$$,$$Noix de Dalamud$$,$$Dalamud-Nuss$$,$$57aed90d931$$);
INSERT INTO items(base_item_id, hq) VALUES(4801, false),(4801, true);
INSERT INTO base_items VALUES(4802,$$Moon Nut$$,$$ムーンナッツ$$,$$Noix lunaire$$,$$Mondnuss$$,$$4a5dbd2e8d9$$);
INSERT INTO items(base_item_id, hq) VALUES(4802, false),(4802, true);
INSERT INTO base_items VALUES(4803,$$Kukuru Bean$$,$$ククルビーン$$,$$Fève kukuru$$,$$Kukuru-Bohnen$$,$$d10de1f4309$$);
INSERT INTO items(base_item_id, hq) VALUES(4803, false),(4803, true);
INSERT INTO base_items VALUES(4805,$$Gridanian Chestnut$$,$$チェスナット$$,$$Châtaigne de Gridania$$,$$Gridanische Kastanie$$,$$3e2969f7f65$$);
INSERT INTO items(base_item_id, hq) VALUES(4805, false),(4805, true);
INSERT INTO base_items VALUES(4806,$$Gridanian Walnut$$,$$ウォルナット$$,$$Noix de Gridania$$,$$Gridanische Walnuss$$,$$70d1bb55338$$);
INSERT INTO items(base_item_id, hq) VALUES(4806, false),(4806, true);
INSERT INTO base_items VALUES(4807,$$Iron Acorn$$,$$アイアンエーコン$$,$$Gland de fer$$,$$Eichel$$,$$6ba9157c542$$);
INSERT INTO items(base_item_id, hq) VALUES(4807, false),(4807, true);
INSERT INTO base_items VALUES(4813,$$Alligator Pear$$,$$アリゲーターペア$$,$$Poire alligator$$,$$Avocado$$,$$a98cc334e58$$);
INSERT INTO items(base_item_id, hq) VALUES(4813, false),(4813, true);
INSERT INTO base_items VALUES(4817,$$Sunflower Seeds$$,$$サンフラワーシード$$,$$Graines de tournesol$$,$$Sonnenblumenkerne$$,$$f09c98e597f$$);
INSERT INTO items(base_item_id, hq) VALUES(4817, false),(4817, true);
INSERT INTO base_items VALUES(4818,$$Buffalo Beans$$,$$バッファロービーン$$,$$Haricots buffle$$,$$Büffelbohnen$$,$$5af9a6593df$$);
INSERT INTO items(base_item_id, hq) VALUES(4818, false),(4818, true);
INSERT INTO base_items VALUES(4819,$$Sticky Rice$$,$$スティッキーライス$$,$$Riz gluant$$,$$Klebereis$$,$$863796a1b24$$);
INSERT INTO items(base_item_id, hq) VALUES(4819, false),(4819, true);
INSERT INTO base_items VALUES(4820,$$Lalafellin Lentil$$,$$レンティル$$,$$Lentilles lalafelles$$,$$Lalafell-Linse$$,$$bd98fadf1b9$$);
INSERT INTO items(base_item_id, hq) VALUES(4820, false),(4820, true);
INSERT INTO base_items VALUES(4822,$$Jade Peas$$,$$ジェードピー$$,$$Pois de jade$$,$$Jadeerbsen$$,$$bd71eb9962a$$);
INSERT INTO items(base_item_id, hq) VALUES(4822, false),(4822, true);
INSERT INTO base_items VALUES(4823,$$Rye$$,$$ライ麦$$,$$Seigle$$,$$Roggen$$,$$cd9d7b447c9$$);
INSERT INTO items(base_item_id, hq) VALUES(4823, false),(4823, true);
INSERT INTO base_items VALUES(4824,$$Sunset Wheat$$,$$小麦$$,$$Blé$$,$$Sonnenweizen$$,$$1e192166d6e$$);
INSERT INTO items(base_item_id, hq) VALUES(4824, false),(4824, true);
INSERT INTO base_items VALUES(4825,$$Rye Flour$$,$$ライ麦粉$$,$$Farine de seigle$$,$$Roggenmehl$$,$$af4bc261240$$);
INSERT INTO items(base_item_id, hq) VALUES(4825, false),(4825, true);
INSERT INTO base_items VALUES(4826,$$Sunset Wheat Flour$$,$$小麦粉$$,$$Farine$$,$$Sonnenweizenmehl$$,$$3cf85072f27$$);
INSERT INTO items(base_item_id, hq) VALUES(4826, false),(4826, true);
INSERT INTO base_items VALUES(4827,$$Cornmeal$$,$$コーングリッツ$$,$$Farine de maïs$$,$$Maismehl$$,$$d2843fc31c7$$);
INSERT INTO items(base_item_id, hq) VALUES(4827, false),(4827, true);
INSERT INTO base_items VALUES(4828,$$Cinnamon$$,$$シナモン$$,$$Cannelle$$,$$Zimt$$,$$8617dcd9f94$$);
INSERT INTO items(base_item_id, hq) VALUES(4828, false),(4828, true);
INSERT INTO base_items VALUES(4831,$$Cloves$$,$$クローヴ$$,$$Girofle$$,$$Gewürznelke$$,$$302dbc0f325$$);
INSERT INTO items(base_item_id, hq) VALUES(4831, false),(4831, true);
INSERT INTO base_items VALUES(4832,$$Marjoram$$,$$マージョラム$$,$$Marjolaine$$,$$Majoran$$,$$16e7079f340$$);
INSERT INTO items(base_item_id, hq) VALUES(4832, false),(4832, true);
INSERT INTO base_items VALUES(4833,$$Vanilla Beans$$,$$バニラビーンズ$$,$$Gousse de vanille$$,$$Vanille$$,$$c02e66754a3$$);
INSERT INTO items(base_item_id, hq) VALUES(4833, false),(4833, true);
INSERT INTO base_items VALUES(4834,$$Galago Mint$$,$$ガラゴミント$$,$$Menthe galago$$,$$Minze$$,$$83f764947a9$$);
INSERT INTO items(base_item_id, hq) VALUES(4834, false),(4834, true);
INSERT INTO base_items VALUES(4838,$$Dragon Pepper$$,$$ドラゴンペッパー$$,$$Piment dragon$$,$$Drachenpfeffer$$,$$a857d513f2e$$);
INSERT INTO items(base_item_id, hq) VALUES(4838, false),(4838, true);
INSERT INTO base_items VALUES(4839,$$Laurel$$,$$ローレル$$,$$Laurier$$,$$Lorbeer$$,$$aa96edb3132$$);
INSERT INTO items(base_item_id, hq) VALUES(4839, false),(4839, true);
INSERT INTO base_items VALUES(4840,$$Mugwort$$,$$マグワート$$,$$Armoise$$,$$Beifuß$$,$$f64afa7e564$$);
INSERT INTO items(base_item_id, hq) VALUES(4840, false),(4840, true);
INSERT INTO base_items VALUES(4841,$$Thyme$$,$$タイム$$,$$Thym$$,$$Thymian$$,$$65d41ffa01b$$);
INSERT INTO items(base_item_id, hq) VALUES(4841, false),(4841, true);
INSERT INTO base_items VALUES(4843,$$Desert Saffron$$,$$デザートサフラン$$,$$Safran du désert$$,$$Safran$$,$$18c8443079f$$);
INSERT INTO items(base_item_id, hq) VALUES(4843, false),(4843, true);
INSERT INTO base_items VALUES(4844,$$Nutmeg$$,$$ナツメグ$$,$$Noix de muscade$$,$$Muskatnuss$$,$$b8e84a726a4$$);
INSERT INTO items(base_item_id, hq) VALUES(4844, false),(4844, true);
INSERT INTO base_items VALUES(4845,$$Sagolii Sage$$,$$サゴリーセージ$$,$$Sauge de Sagolii$$,$$Sagolii-Salbei$$,$$e0e26fd6a17$$);
INSERT INTO items(base_item_id, hq) VALUES(4845, false),(4845, true);
INSERT INTO base_items VALUES(4846,$$Thanalan Tea Leaves$$,$$ザナラーン茶葉$$,$$Feuilles de thé du Thanalan$$,$$Thanalan-Teeblatt$$,$$8da4820af22$$);
INSERT INTO items(base_item_id, hq) VALUES(4846, false),(4846, true);
INSERT INTO base_items VALUES(4847,$$Table Salt$$,$$食塩$$,$$Sel de table$$,$$Speisesalz$$,$$f7580421732$$);
INSERT INTO items(base_item_id, hq) VALUES(4847, false),(4847, true);
INSERT INTO base_items VALUES(4848,$$Maple Sugar$$,$$メープルシュガー$$,$$Sucre d'érable$$,$$Ahornzucker$$,$$de036aed3c9$$);
INSERT INTO items(base_item_id, hq) VALUES(4848, false),(4848, true);
INSERT INTO base_items VALUES(4849,$$Maple Syrup$$,$$メープルシロップ$$,$$Sirop d'érable$$,$$Ahornsirup$$,$$89b37589cd8$$);
INSERT INTO items(base_item_id, hq) VALUES(4849, false),(4849, true);
INSERT INTO base_items VALUES(4850,$$Honey$$,$$蜂蜜$$,$$Miel$$,$$Honig$$,$$3bafe439fb0$$);
INSERT INTO items(base_item_id, hq) VALUES(4850, false),(4850, true);
INSERT INTO base_items VALUES(4852,$$Sweet Cream$$,$$クリーム$$,$$Crème grumeleuse$$,$$Schlagsahne$$,$$72f42d23076$$);
INSERT INTO items(base_item_id, hq) VALUES(4852, false),(4852, true);
INSERT INTO base_items VALUES(4853,$$Smooth Butter$$,$$バター$$,$$Beurre$$,$$Gesalzene Butter$$,$$12450d1885f$$);
INSERT INTO items(base_item_id, hq) VALUES(4853, false),(4853, true);
INSERT INTO base_items VALUES(4854,$$Kukuru Butter$$,$$ククルバター$$,$$Beurre kukuru$$,$$Kukuru-Butter$$,$$9be799d8267$$);
INSERT INTO items(base_item_id, hq) VALUES(4854, false),(4854, true);
INSERT INTO base_items VALUES(4855,$$Kukuru Powder$$,$$ククルマス$$,$$Poudre kukuru$$,$$Kukuru-Pulver$$,$$0b31333e286$$);
INSERT INTO items(base_item_id, hq) VALUES(4855, false),(4855, true);
INSERT INTO base_items VALUES(4856,$$Clove Oil$$,$$クローヴオイル$$,$$Essence de girofle$$,$$Nelkenöl$$,$$7738d8aaef1$$);
INSERT INTO items(base_item_id, hq) VALUES(4856, false),(4856, true);
INSERT INTO base_items VALUES(4857,$$Olive Oil$$,$$オリーヴオイル$$,$$Huile d'olive$$,$$Olivenöl$$,$$66ea51bdb79$$);
INSERT INTO items(base_item_id, hq) VALUES(4857, false),(4857, true);
INSERT INTO base_items VALUES(4858,$$Lavender Oil$$,$$ラベンダーオイル$$,$$Essence de lavande$$,$$Lavendelöl$$,$$cf9f9364fea$$);
INSERT INTO items(base_item_id, hq) VALUES(4858, false),(4858, true);
INSERT INTO base_items VALUES(4859,$$Cider Vinegar$$,$$サイダービネガー$$,$$Vinaigre de cidre$$,$$Apfelessig$$,$$c6a812e8015$$);
INSERT INTO items(base_item_id, hq) VALUES(4859, false),(4859, true);
INSERT INTO base_items VALUES(4860,$$Dark Vinegar$$,$$バルサミコビネガー$$,$$Vinaigre balsamique$$,$$Balsamessig$$,$$fab8df700f2$$);
INSERT INTO items(base_item_id, hq) VALUES(4860, false),(4860, true);
INSERT INTO base_items VALUES(4861,$$Pie Dough$$,$$パイ生地$$,$$Pâte à tarte$$,$$Blätterteig$$,$$c7f87d633ed$$);
INSERT INTO items(base_item_id, hq) VALUES(4861, false),(4861, true);
INSERT INTO base_items VALUES(4862,$$Sour Red$$,$$クッキングワイン$$,$$Vin de cuisine$$,$$Kochwein$$,$$be19cb68189$$);
INSERT INTO items(base_item_id, hq) VALUES(4862, false),(4862, true);
INSERT INTO base_items VALUES(4863,$$Gelatin$$,$$ゼラチン$$,$$Gélatine$$,$$Gelatine$$,$$14303dd7573$$);
INSERT INTO items(base_item_id, hq) VALUES(4863, false),(4863, true);
INSERT INTO base_items VALUES(4865,$$Tomato Sauce$$,$$ポモドーロソース$$,$$Sauce tomate$$,$$Tomatensoße$$,$$0d8b4f89a16$$);
INSERT INTO items(base_item_id, hq) VALUES(4865, false),(4865, true);
INSERT INTO base_items VALUES(4867,$$Chicken Stock$$,$$チキンストック$$,$$Bouillon de poulet$$,$$Hühnerbrühe$$,$$9a2b37509af$$);
INSERT INTO items(base_item_id, hq) VALUES(4867, false),(4867, true);
INSERT INTO base_items VALUES(4868,$$Gysahl Greens$$,$$ギサールの野菜$$,$$Légumes de Gysahl$$,$$Gizar-Blatt$$,$$eeca86f98cc$$);
INSERT INTO items(base_item_id, hq) VALUES(4868, false),(4868, true);
INSERT INTO base_items VALUES(4869,$$Merlthor Goby$$,$$メルトールゴビー$$,$$Gobie de Merlthor$$,$$Merlthor-Grundel$$,$$9dbf2c036a4$$);
INSERT INTO items(base_item_id, hq) VALUES(4869, false),(4869, true);
INSERT INTO base_items VALUES(4870,$$Lominsan Anchovy$$,$$ロミンサンアンチョビ$$,$$Anchois limséen$$,$$Limsische Sardelle$$,$$e69b02058fe$$);
INSERT INTO items(base_item_id, hq) VALUES(4870, false),(4870, true);
INSERT INTO base_items VALUES(4871,$$Finger Shrimp$$,$$フィンガーシュリンプ$$,$$Crevette basilic$$,$$Fingerkrebs$$,$$15e5f0f0bb2$$);
INSERT INTO items(base_item_id, hq) VALUES(4871, false),(4871, true);
INSERT INTO base_items VALUES(4872,$$Ocean Cloud$$,$$オーシャンクラウド$$,$$Méduse médusante$$,$$Meerwolke$$,$$b058cf4a981$$);
INSERT INTO items(base_item_id, hq) VALUES(4872, false),(4872, true);
INSERT INTO base_items VALUES(4873,$$Sea Cucumber$$,$$シーキューカンバー$$,$$Concombre de mer$$,$$Seegurke$$,$$f28281bf8d4$$);
INSERT INTO items(base_item_id, hq) VALUES(4873, false),(4873, true);
INSERT INTO base_items VALUES(4874,$$Harbor Herring$$,$$ハーバーヘリング$$,$$Hareng portuaire$$,$$Hafenhering$$,$$9f1826ea754$$);
INSERT INTO items(base_item_id, hq) VALUES(4874, false),(4874, true);
INSERT INTO base_items VALUES(4875,$$Vongola Clam$$,$$ボンゴラ$$,$$Palourde de Vongola$$,$$Vongola-Muschel$$,$$244094206fc$$);
INSERT INTO items(base_item_id, hq) VALUES(4875, false),(4875, true);
INSERT INTO base_items VALUES(4876,$$Coral Butterfly$$,$$コーラルバタフライ$$,$$Papillon corail$$,$$Korallenschmetterling$$,$$dfc1f38ce38$$);
INSERT INTO items(base_item_id, hq) VALUES(4876, false),(4876, true);
INSERT INTO base_items VALUES(4877,$$Moraby Flounder$$,$$モラビーフロウンダー$$,$$Flet de Moraby$$,$$Moraby-Flunder$$,$$8aef3c6bb47$$);
INSERT INTO items(base_item_id, hq) VALUES(4877, false),(4877, true);
INSERT INTO base_items VALUES(4878,$$Pebble Crab$$,$$ストーンクラブ$$,$$Coquaillou$$,$$Kieselkrabbe$$,$$b6d9484fdd5$$);
INSERT INTO items(base_item_id, hq) VALUES(4878, false),(4878, true);
INSERT INTO base_items VALUES(4879,$$Tiger Cod$$,$$タイガーコッド$$,$$Morue tigre$$,$$Tigerdorsch$$,$$dfadd6c4f73$$);
INSERT INTO items(base_item_id, hq) VALUES(4879, false),(4879, true);
INSERT INTO base_items VALUES(4880,$$Helmet Crab$$,$$ヘルメットクラブ$$,$$Crabe casqué$$,$$Helmkrabbe$$,$$3b4d338e07e$$);
INSERT INTO items(base_item_id, hq) VALUES(4880, false),(4880, true);
INSERT INTO base_items VALUES(4881,$$Rothlyt Oyster$$,$$ロズリトオイスター$$,$$Huître de Rothlyt$$,$$Rothlyt-Auster$$,$$91e64d1d558$$);
INSERT INTO items(base_item_id, hq) VALUES(4881, false),(4881, true);
INSERT INTO base_items VALUES(4882,$$Navigator's Dagger$$,$$リムレーンズダガー$$,$$Dague de Llymlaen$$,$$Dolchfisch$$,$$56e5485f60d$$);
INSERT INTO items(base_item_id, hq) VALUES(4882, false),(4882, true);
INSERT INTO base_items VALUES(4883,$$Angelfish$$,$$エンジェルフィッシュ$$,$$Poisson ange$$,$$Meerengel$$,$$e8d1d8ed4c8$$);
INSERT INTO items(base_item_id, hq) VALUES(4883, false),(4883, true);
INSERT INTO base_items VALUES(4884,$$Razor Clam$$,$$ジャックナイフ$$,$$Palourde rasoir$$,$$Klingenmuschel$$,$$069dd186740$$);
INSERT INTO items(base_item_id, hq) VALUES(4884, false),(4884, true);
INSERT INTO base_items VALUES(4885,$$Blue Octopus$$,$$ブルーオクトパス$$,$$Poulpe azur$$,$$Blauer Oktopus$$,$$6ecac2a19b5$$);
INSERT INTO items(base_item_id, hq) VALUES(4885, false),(4885, true);
INSERT INTO base_items VALUES(4886,$$Blowfish$$,$$ブローフィッシュ$$,$$Poisson globe$$,$$Kugelfisch$$,$$2cc339576d4$$);
INSERT INTO items(base_item_id, hq) VALUES(4886, false),(4886, true);
INSERT INTO base_items VALUES(4887,$$Saber Sardine$$,$$セイバーサーディン$$,$$Sardine sabre$$,$$Säbelsardine$$,$$8dc2b518be9$$);
INSERT INTO items(base_item_id, hq) VALUES(4887, false),(4887, true);
INSERT INTO base_items VALUES(4888,$$Ogre Barracuda$$,$$オーガバラクーダ$$,$$Barracuda ogre$$,$$Oger-Barrakuda$$,$$748b8154a77$$);
INSERT INTO items(base_item_id, hq) VALUES(4888, false),(4888, true);
INSERT INTO base_items VALUES(4889,$$Monkfish$$,$$モンクフィッシュ$$,$$Poisson lanterne$$,$$Anglerfisch$$,$$8eac5514fdd$$);
INSERT INTO items(base_item_id, hq) VALUES(4889, false),(4889, true);
INSERT INTO base_items VALUES(4890,$$Sea Bo$$,$$シーホース$$,$$Hippocampe$$,$$Seebo$$,$$6b81863d9aa$$);
INSERT INTO items(base_item_id, hq) VALUES(4890, false),(4890, true);
INSERT INTO base_items VALUES(4891,$$Bianaq Bream$$,$$ビアナックブリーム$$,$$Brème de Bianaq$$,$$Bianaq-Brasse$$,$$f54a20f304a$$);
INSERT INTO items(base_item_id, hq) VALUES(4891, false),(4891, true);
INSERT INTO base_items VALUES(4892,$$Black Sole$$,$$ブラックソール$$,$$Sole noire$$,$$Schwarze Seezunge$$,$$ca1a709a262$$);
INSERT INTO items(base_item_id, hq) VALUES(4892, false),(4892, true);
INSERT INTO base_items VALUES(4893,$$Hammerhead Shark$$,$$ハンマーヘッド$$,$$Requin-marteau$$,$$Hammerhai$$,$$8e00d51fe85$$);
INSERT INTO items(base_item_id, hq) VALUES(4893, false),(4893, true);
INSERT INTO base_items VALUES(4894,$$Sea Pickle$$,$$シーピクル$$,$$Cornichon de mer$$,$$Queller$$,$$27029390c2b$$);
INSERT INTO items(base_item_id, hq) VALUES(4894, false),(4894, true);
INSERT INTO base_items VALUES(4895,$$Indigo Herring$$,$$インディゴヘリング$$,$$Hareng indigo$$,$$Indigohering$$,$$72fd3fcd035$$);
INSERT INTO items(base_item_id, hq) VALUES(4895, false),(4895, true);
INSERT INTO base_items VALUES(4896,$$Ash Tuna$$,$$アッシュトゥーナ$$,$$Thon de la Cendre$$,$$Aschethunfisch$$,$$ebdd749a1e1$$);
INSERT INTO items(base_item_id, hq) VALUES(4896, false),(4896, true);
INSERT INTO base_items VALUES(4897,$$Leafy Seadragon$$,$$リーフィーシードラゴン$$,$$Dragon de mer feuillu$$,$$Blättriger Fetzenfisch$$,$$286b94aec42$$);
INSERT INTO items(base_item_id, hq) VALUES(4897, false),(4897, true);
INSERT INTO base_items VALUES(4898,$$Fullmoon Sardine$$,$$フルムーンサーディン$$,$$Sardine sélénite$$,$$Vollmond-Sardine$$,$$be2adeeb1a0$$);
INSERT INTO items(base_item_id, hq) VALUES(4898, false),(4898, true);
INSERT INTO base_items VALUES(4899,$$Haraldr Haddock$$,$$ハーラルハドック$$,$$Églefin$$,$$Nordmeer-Schellfisch$$,$$8e93f2e1c83$$);
INSERT INTO items(base_item_id, hq) VALUES(4899, false),(4899, true);
INSERT INTO base_items VALUES(4900,$$Whitelip Oyster$$,$$白蝶貝$$,$$Huître aux lèvres blanches$$,$$Weiße Perlmuschel$$,$$c964d5389f8$$);
INSERT INTO items(base_item_id, hq) VALUES(4900, false),(4900, true);
INSERT INTO base_items VALUES(4901,$$Lavender Remora$$,$$ラベンダーレモラ$$,$$Rémora lavande$$,$$Schiffshalter$$,$$41055229038$$);
INSERT INTO items(base_item_id, hq) VALUES(4901, false),(4901, true);
INSERT INTO base_items VALUES(4902,$$Balloonfish$$,$$バルーンフィッシュ$$,$$Poisson porc-épic$$,$$Ballonfisch$$,$$95e487904da$$);
INSERT INTO items(base_item_id, hq) VALUES(4902, false),(4902, true);
INSERT INTO base_items VALUES(4903,$$Silver Shark$$,$$シルバーシャーク$$,$$Requin argenté$$,$$Silberhai$$,$$41fb9d7c649$$);
INSERT INTO items(base_item_id, hq) VALUES(4903, false),(4903, true);
INSERT INTO base_items VALUES(4904,$$Wahoo$$,$$ワフー$$,$$Thazard noir$$,$$Räubermakrele$$,$$b552bae20d9$$);
INSERT INTO items(base_item_id, hq) VALUES(4904, false),(4904, true);
INSERT INTO base_items VALUES(4905,$$Raincaller$$,$$雨乞魚$$,$$Poisson cherche-pluie$$,$$Regenrufer$$,$$69dde9a0331$$);
INSERT INTO items(base_item_id, hq) VALUES(4905, false),(4905, true);
INSERT INTO base_items VALUES(4906,$$Nautilus$$,$$ノーチラス$$,$$Nautile$$,$$Perlboot$$,$$e119250245f$$);
INSERT INTO items(base_item_id, hq) VALUES(4906, false),(4906, true);
INSERT INTO base_items VALUES(4907,$$Pike Eel$$,$$パイクイール$$,$$Murène congre$$,$$Hechtconger$$,$$c999567fa48$$);
INSERT INTO items(base_item_id, hq) VALUES(4907, false),(4907, true);
INSERT INTO base_items VALUES(4908,$$Mummer Wrasse$$,$$ハンプヘッド$$,$$Labre à bosse$$,$$Masken-Lippenfisch$$,$$497c158dc07$$);
INSERT INTO items(base_item_id, hq) VALUES(4908, false),(4908, true);
INSERT INTO base_items VALUES(4909,$$Plaice$$,$$プレイス$$,$$Plie$$,$$Scholle$$,$$87624d61a07$$);
INSERT INTO items(base_item_id, hq) VALUES(4909, false),(4909, true);
INSERT INTO base_items VALUES(4910,$$Sea Devil$$,$$シーデビル$$,$$Démon marin$$,$$Seeteufel$$,$$8cfff108161$$);
INSERT INTO items(base_item_id, hq) VALUES(4910, false),(4910, true);
INSERT INTO base_items VALUES(4911,$$Rock Lobster$$,$$ロックロブスター$$,$$Homard des rochers$$,$$Steinhummer$$,$$b1766b91870$$);
INSERT INTO items(base_item_id, hq) VALUES(4911, false),(4911, true);
INSERT INTO base_items VALUES(4912,$$Goosefish$$,$$グースフィッシュ$$,$$Baudroie$$,$$Großmaul-Seeteufel$$,$$c3edada6c2b$$);
INSERT INTO items(base_item_id, hq) VALUES(4912, false),(4912, true);
INSERT INTO base_items VALUES(4913,$$Little Thalaos$$,$$リトルサラオス$$,$$Petit Thalaos$$,$$Kleiner Thalaos$$,$$7cef1323e71$$);
INSERT INTO items(base_item_id, hq) VALUES(4913, false),(4913, true);
INSERT INTO base_items VALUES(4914,$$Shall Shell$$,$$シャル貝$$,$$Cocoquillage$$,$$Wellenmuschel$$,$$8c5573d9a19$$);
INSERT INTO items(base_item_id, hq) VALUES(4914, false),(4914, true);
INSERT INTO base_items VALUES(4915,$$Mahi-Mahi$$,$$マヒマヒ$$,$$Mahi-Mahi$$,$$Gemeine Goldmakrele$$,$$2feb0b8badb$$);
INSERT INTO items(base_item_id, hq) VALUES(4915, false),(4915, true);
INSERT INTO base_items VALUES(4916,$$Halibut$$,$$ハリバット$$,$$Flétan$$,$$Heilbutt$$,$$307a800efc5$$);
INSERT INTO items(base_item_id, hq) VALUES(4916, false),(4916, true);
INSERT INTO base_items VALUES(4917,$$Mazlaya Marlin$$,$$マズラヤマーリン$$,$$Marlin de Mazlaya$$,$$Mazlaya-Marlin$$,$$550d1a57476$$);
INSERT INTO items(base_item_id, hq) VALUES(4917, false),(4917, true);
INSERT INTO base_items VALUES(4918,$$Coelacanth$$,$$シーラカンス$$,$$Cœlacanthe$$,$$Quastenflosser$$,$$f69d8a1ef98$$);
INSERT INTO items(base_item_id, hq) VALUES(4918, false),(4918, true);
INSERT INTO base_items VALUES(4919,$$Giant Squid$$,$$ジャイアントスキッド$$,$$Calmar géant$$,$$Riesenkalmar$$,$$619f706ec11$$);
INSERT INTO items(base_item_id, hq) VALUES(4919, false),(4919, true);
INSERT INTO base_items VALUES(4920,$$Gigant Octopus$$,$$ギガントオクトパス$$,$$Gigantopoulpe$$,$$Riesenkrake$$,$$13f5922dca1$$);
INSERT INTO items(base_item_id, hq) VALUES(4920, false),(4920, true);
INSERT INTO base_items VALUES(4921,$$Sunfish$$,$$モラモラ$$,$$Poisson lune$$,$$Sonnenfisch$$,$$ab045040d05$$);
INSERT INTO items(base_item_id, hq) VALUES(4921, false),(4921, true);
INSERT INTO base_items VALUES(4922,$$Dinichthys$$,$$ディニクティス$$,$$Dinichthys$$,$$Dunkleosteus$$,$$e70f8fac750$$);
INSERT INTO items(base_item_id, hq) VALUES(4922, false),(4922, true);
INSERT INTO base_items VALUES(4923,$$Megalodon$$,$$メガロドン$$,$$Mégalodon$$,$$Megalodon$$,$$2b7dda20b59$$);
INSERT INTO items(base_item_id, hq) VALUES(4923, false),(4923, true);
INSERT INTO base_items VALUES(4924,$$Titanic Sawfish$$,$$タイタニックソー$$,$$Poisson-scie titan$$,$$Titansägerochen$$,$$8ab1b192a64$$);
INSERT INTO items(base_item_id, hq) VALUES(4924, false),(4924, true);
INSERT INTO base_items VALUES(4925,$$Crayfish$$,$$ザリガニ$$,$$Écrevisse$$,$$Flusskrebs$$,$$fa0904e14b2$$);
INSERT INTO items(base_item_id, hq) VALUES(4925, false),(4925, true);
INSERT INTO base_items VALUES(4926,$$Chub$$,$$チャブ$$,$$Chevesne$$,$$Karpfen$$,$$79f79fe2ad7$$);
INSERT INTO items(base_item_id, hq) VALUES(4926, false),(4926, true);
INSERT INTO base_items VALUES(4927,$$Striped Goby$$,$$ゼブラゴビー$$,$$Gobie zébré$$,$$Streifengrundel$$,$$7215fa7eded$$);
INSERT INTO items(base_item_id, hq) VALUES(4927, false),(4927, true);
INSERT INTO base_items VALUES(4928,$$Dwarf Catfish$$,$$ウナリナマズ$$,$$Bagre geignard$$,$$Zwergen-Katfisch$$,$$fe5cce0731f$$);
INSERT INTO items(base_item_id, hq) VALUES(4928, false),(4928, true);
INSERT INTO base_items VALUES(4929,$$Bone Crayfish$$,$$ホネザリガニ$$,$$Écrevisse translucide$$,$$Knochenkrebs$$,$$b11e8bbc2a2$$);
INSERT INTO items(base_item_id, hq) VALUES(4929, false),(4929, true);
INSERT INTO base_items VALUES(4930,$$Princess Trout$$,$$プリンセストラウト$$,$$Truite princesse$$,$$Prinzessinnen-Forelle$$,$$48ecba7e3bc$$);
INSERT INTO items(base_item_id, hq) VALUES(4930, false),(4930, true);
INSERT INTO base_items VALUES(4931,$$Dusk Goby$$,$$ダスキーゴビー$$,$$Gobie du crépuscule$$,$$Dämmergrundel$$,$$29545aae8a8$$);
INSERT INTO items(base_item_id, hq) VALUES(4931, false),(4931, true);
INSERT INTO base_items VALUES(4932,$$Pipira$$,$$ピピラ$$,$$Pipira$$,$$Pipira$$,$$2d560c1e3d9$$);
INSERT INTO items(base_item_id, hq) VALUES(4932, false),(4932, true);
INSERT INTO base_items VALUES(4933,$$Crimson Crayfish$$,$$ベニザリガニ$$,$$Écrevisse pourpre$$,$$Karmesinkrebs$$,$$b4f84555ffd$$);
INSERT INTO items(base_item_id, hq) VALUES(4933, false),(4933, true);
INSERT INTO base_items VALUES(4934,$$Gudgeon$$,$$スナモグリ$$,$$Goujon$$,$$Gründling$$,$$6be1a46dc78$$);
INSERT INTO items(base_item_id, hq) VALUES(4934, false),(4934, true);
INSERT INTO base_items VALUES(4935,$$Brass Loach$$,$$ブラスローチ$$,$$Loche cuivrée$$,$$Quappenwels$$,$$b24efb17c9f$$);
INSERT INTO items(base_item_id, hq) VALUES(4935, false),(4935, true);
INSERT INTO base_items VALUES(4936,$$Maiden Carp$$,$$メイデンカープ$$,$$Carpe de l'Opaline$$,$$Jungfrauenkarpfen$$,$$a742039dcde$$);
INSERT INTO items(base_item_id, hq) VALUES(4936, false),(4936, true);
INSERT INTO base_items VALUES(4937,$$Abalathian Smelt$$,$$アバラシアスメルト$$,$$Éperlan d'Abalathia$$,$$Abalathischer Stint$$,$$b426ee0b7c1$$);
INSERT INTO items(base_item_id, hq) VALUES(4937, false),(4937, true);
INSERT INTO base_items VALUES(4938,$$Blindfish$$,$$ブラインフィッシュ$$,$$Poisson aveugle$$,$$Blindfisch$$,$$63a401d9f41$$);
INSERT INTO items(base_item_id, hq) VALUES(4938, false),(4938, true);
INSERT INTO base_items VALUES(4939,$$Mudskipper$$,$$マッドスキッパー$$,$$Poisson grenouille$$,$$Schlammspringer$$,$$661f9d4f844$$);
INSERT INTO items(base_item_id, hq) VALUES(4939, false),(4939, true);
INSERT INTO base_items VALUES(4940,$$Rainbow Trout$$,$$レインボートラウト$$,$$Truite arc-en-ciel$$,$$Regenbogenforelle$$,$$6cf4a777744$$);
INSERT INTO items(base_item_id, hq) VALUES(4940, false),(4940, true);
INSERT INTO base_items VALUES(4941,$$River Crab$$,$$リバークラブ$$,$$Crabe des rivières$$,$$Flusskrabbe$$,$$64088eb4cfa$$);
INSERT INTO items(base_item_id, hq) VALUES(4941, false),(4941, true);
INSERT INTO base_items VALUES(4942,$$Ala Mhigan Fighting Fish$$,$$グラディエーターベタ$$,$$Betta mhigois$$,$$Mhigischer Kampffisch$$,$$31055ffad70$$);
INSERT INTO items(base_item_id, hq) VALUES(4942, false),(4942, true);
INSERT INTO base_items VALUES(4943,$$Faerie Bass$$,$$フェアリーバス$$,$$Perche fée$$,$$Feenbarsch$$,$$209876421fb$$);
INSERT INTO items(base_item_id, hq) VALUES(4943, false),(4943, true);
INSERT INTO base_items VALUES(4944,$$Acorn Snail$$,$$エーコンスネイル$$,$$Escargot-gland$$,$$Eichelschnecke$$,$$5c646bc858f$$);
INSERT INTO items(base_item_id, hq) VALUES(4944, false),(4944, true);
INSERT INTO base_items VALUES(4945,$$Dark Sleeper$$,$$ダークスリーパー$$,$$Gobie sombre$$,$$Schläfergrundel$$,$$38ad54ab3c3$$);
INSERT INTO items(base_item_id, hq) VALUES(4945, false),(4945, true);
INSERT INTO base_items VALUES(4946,$$La Noscean Perch$$,$$ラノシアンパーチ$$,$$Perche noscéenne$$,$$La Noscea-Barsch$$,$$4672e451001$$);
INSERT INTO items(base_item_id, hq) VALUES(4946, false),(4946, true);
INSERT INTO base_items VALUES(4947,$$Moat Carp$$,$$堀ブナ$$,$$Carpe de canal$$,$$Burggraben-Karpfen$$,$$5859dd137b8$$);
INSERT INTO items(base_item_id, hq) VALUES(4947, false),(4947, true);
INSERT INTO base_items VALUES(4948,$$Copperfish$$,$$銅魚$$,$$Cyprin cuivré$$,$$Kupferfisch$$,$$deb8ad64910$$);
INSERT INTO items(base_item_id, hq) VALUES(4948, false),(4948, true);
INSERT INTO base_items VALUES(4949,$$Bluebell Salmon$$,$$ブルーサーモン$$,$$Saumon indigo$$,$$Blauglocken-Lachs$$,$$1daa48e69d4$$);
INSERT INTO items(base_item_id, hq) VALUES(4949, false),(4949, true);
INSERT INTO base_items VALUES(4950,$$Mudcrab$$,$$マッドクラブ$$,$$Crabe de vase$$,$$Schlammkrabbe$$,$$6935ee85c80$$);
INSERT INTO items(base_item_id, hq) VALUES(4950, false),(4950, true);
INSERT INTO base_items VALUES(4951,$$Tri-colored Carp$$,$$カラードカープ$$,$$Carpe tricolore$$,$$Dreifarbiger Karpfen$$,$$0477d9c70cd$$);
INSERT INTO items(base_item_id, hq) VALUES(4951, false),(4951, true);
INSERT INTO base_items VALUES(4952,$$Eunuch Crayfish$$,$$マッカチン$$,$$Écrevisse écarlate$$,$$Eunuchenkrebs$$,$$46a7a0edf98$$);
INSERT INTO items(base_item_id, hq) VALUES(4952, false),(4952, true);
INSERT INTO base_items VALUES(4953,$$Jade Eel$$,$$ジェイドイール$$,$$Anguille de jade$$,$$Jade-Aal$$,$$3c224f5eaae$$);
INSERT INTO items(base_item_id, hq) VALUES(4953, false),(4953, true);
INSERT INTO base_items VALUES(4954,$$Pond Mussel$$,$$ドブガイ$$,$$Moule des lacs$$,$$Teichmuschel$$,$$7a25a13e69a$$);
INSERT INTO items(base_item_id, hq) VALUES(4954, false),(4954, true);
INSERT INTO base_items VALUES(4955,$$Warmwater Trout$$,$$ウォームトラウト$$,$$Truite thermophile$$,$$Warmwasser-Forelle$$,$$45366a8cfeb$$);
INSERT INTO items(base_item_id, hq) VALUES(4955, false),(4955, true);
INSERT INTO base_items VALUES(4956,$$Glass Perch$$,$$グラスパーチ$$,$$Perche de verre$$,$$Glasbarsch$$,$$9b03aa7a623$$);
INSERT INTO items(base_item_id, hq) VALUES(4956, false),(4956, true);
INSERT INTO base_items VALUES(4957,$$Four-eyed Fish$$,$$ヨツメウオ$$,$$Anableps$$,$$Vieraugen-Fisch$$,$$1b293b6524a$$);
INSERT INTO items(base_item_id, hq) VALUES(4957, false),(4957, true);
INSERT INTO base_items VALUES(4958,$$Black Eel$$,$$ブラックイール$$,$$Anguille noire$$,$$Schwarzer Aal$$,$$e6431799718$$);
INSERT INTO items(base_item_id, hq) VALUES(4958, false),(4958, true);
INSERT INTO base_items VALUES(4959,$$Dark Bass$$,$$ダークバス$$,$$Bar noir$$,$$Spindelbarsch$$,$$add2842305e$$);
INSERT INTO items(base_item_id, hq) VALUES(4959, false),(4959, true);
INSERT INTO base_items VALUES(4960,$$Aegis Shrimp$$,$$イージスシュリンプ$$,$$Gerospina égide$$,$$Ägiden-Garnele$$,$$38bde31319f$$);
INSERT INTO items(base_item_id, hq) VALUES(4960, false),(4960, true);
INSERT INTO base_items VALUES(4961,$$Five-ilm Pleco$$,$$ファイブイルムプレコ$$,$$Pléco nain$$,$$Fünf-Ilme-Harnischwels$$,$$def58d64409$$);
INSERT INTO items(base_item_id, hq) VALUES(4961, false),(4961, true);
INSERT INTO base_items VALUES(4962,$$Climbing Perch$$,$$クライミングパーチ$$,$$Perche grimpeuse$$,$$Kletterbarsch$$,$$f5bf5d2ed7d$$);
INSERT INTO items(base_item_id, hq) VALUES(4962, false),(4962, true);
INSERT INTO base_items VALUES(4963,$$Shadow Catfish$$,$$クロナマズ$$,$$Poisson-chat noir$$,$$Schatten-Katfisch$$,$$8cb6ec1ef93$$);
INSERT INTO items(base_item_id, hq) VALUES(4963, false),(4963, true);
INSERT INTO base_items VALUES(4964,$$Black Ghost$$,$$ブラックゴースト$$,$$Fantôme noir$$,$$Nachtgeist$$,$$65f5cebbfb0$$);
INSERT INTO items(base_item_id, hq) VALUES(4964, false),(4964, true);
INSERT INTO base_items VALUES(4965,$$Lamprey$$,$$ヤツメウナギ$$,$$Lamproie$$,$$Neunauge$$,$$893002f28ae$$);
INSERT INTO items(base_item_id, hq) VALUES(4965, false),(4965, true);
INSERT INTO base_items VALUES(4966,$$Plaguefish$$,$$ホネカブリ$$,$$Poisson croque-mort$$,$$Seuchenfisch$$,$$a99caa4dbab$$);
INSERT INTO items(base_item_id, hq) VALUES(4966, false),(4966, true);
INSERT INTO base_items VALUES(4967,$$Yugr'am Salmon$$,$$ユグラムサーモン$$,$$Saumon de la Yugr'am$$,$$Yugr'am-Lachs$$,$$a515906e4dd$$);
INSERT INTO items(base_item_id, hq) VALUES(4967, false),(4967, true);
INSERT INTO base_items VALUES(4968,$$Spotted Pleco$$,$$スポテッドプレコ$$,$$Pléco moucheté$$,$$Gefleckter Harnischwels$$,$$cca38b933dd$$);
INSERT INTO items(base_item_id, hq) VALUES(4968, false),(4968, true);
INSERT INTO base_items VALUES(4969,$$Ropefish$$,$$ロープフィッシュ$$,$$Poisson corde$$,$$Flösselaal$$,$$64f45113c50$$);
INSERT INTO items(base_item_id, hq) VALUES(4969, false),(4969, true);
INSERT INTO base_items VALUES(4970,$$Grip Killifish$$,$$グリップキリフィッシュ$$,$$Killi de la Poigne$$,$$Griff-Zahnkarpfen$$,$$6d11aecfb7a$$);
INSERT INTO items(base_item_id, hq) VALUES(4970, false),(4970, true);
INSERT INTO base_items VALUES(4971,$$Bone Cleaner$$,$$ホネシャブリ$$,$$Escargot croque-mort$$,$$Knochenreiniger$$,$$502a56f99e2$$);
INSERT INTO items(base_item_id, hq) VALUES(4971, false),(4971, true);
INSERT INTO base_items VALUES(4972,$$Root Skipper$$,$$ルートスキッパー$$,$$Gobie saute-racine$$,$$Wurzelskipper$$,$$e7322b004ff$$);
INSERT INTO items(base_item_id, hq) VALUES(4972, false),(4972, true);
INSERT INTO base_items VALUES(4973,$$Bonytongue$$,$$アロワナ$$,$$Arowana$$,$$Knochenzüngler$$,$$ad18605f0a6$$);
INSERT INTO items(base_item_id, hq) VALUES(4973, false),(4973, true);
INSERT INTO base_items VALUES(4974,$$Mitten Crab$$,$$ミトンクラブ$$,$$Crabe à mitaines$$,$$Wollhandkrabbe$$,$$db089a8a925$$);
INSERT INTO items(base_item_id, hq) VALUES(4974, false),(4974, true);
INSERT INTO base_items VALUES(4975,$$Monke Onke$$,$$モンケオンケ$$,$$Monke-onke$$,$$Monke Onke$$,$$c861c2667f1$$);
INSERT INTO items(base_item_id, hq) VALUES(4975, false),(4975, true);
INSERT INTO base_items VALUES(4976,$$Seema$$,$$シーマ$$,$$Seema$$,$$Seema$$,$$be5640cfdb5$$);
INSERT INTO items(base_item_id, hq) VALUES(4976, false),(4976, true);
INSERT INTO base_items VALUES(4977,$$Sandfish$$,$$サンドフィッシュ$$,$$Poisson des sables$$,$$Sandfisch$$,$$3f05f475b1d$$);
INSERT INTO items(base_item_id, hq) VALUES(4977, false),(4977, true);
INSERT INTO base_items VALUES(4978,$$Silverfish$$,$$銀魚$$,$$Cyprin argenté$$,$$Silberfisch$$,$$b348ce2c036$$);
INSERT INTO items(base_item_id, hq) VALUES(4978, false),(4978, true);
INSERT INTO base_items VALUES(4979,$$Clown Loach$$,$$クラウンローチ$$,$$Loche clown$$,$$Prachtschmerle$$,$$5471a2d1fb9$$);
INSERT INTO items(base_item_id, hq) VALUES(4979, false),(4979, true);
INSERT INTO base_items VALUES(4980,$$Armored Pleco$$,$$アーマードプレコ$$,$$Pléco cuirassé$$,$$Gepanzerter Harnischwels$$,$$a2dbfbdef82$$);
INSERT INTO items(base_item_id, hq) VALUES(4980, false),(4980, true);
INSERT INTO base_items VALUES(4981,$$Giant Bass$$,$$ジャイアントバス$$,$$Bar géant$$,$$Riesenbarsch$$,$$abb113dd87f$$);
INSERT INTO items(base_item_id, hq) VALUES(4981, false),(4981, true);
INSERT INTO base_items VALUES(4982,$$Velodyna Carp$$,$$ベロジナカープ$$,$$Carpe de la Velodyna$$,$$Velodyna-Karpfen$$,$$6cddc7bb566$$);
INSERT INTO items(base_item_id, hq) VALUES(4982, false),(4982, true);
INSERT INTO base_items VALUES(4983,$$Spotted Puffer$$,$$スポテッドパファー$$,$$Tétrodon vert$$,$$Gefleckter Kugelfisch$$,$$d3e844b1e4a$$);
INSERT INTO items(base_item_id, hq) VALUES(4983, false),(4983, true);
INSERT INTO base_items VALUES(4984,$$Golden Loach$$,$$ゴールデンローチ$$,$$Loche dorée$$,$$Goldschmerle$$,$$eff5bd2941f$$);
INSERT INTO items(base_item_id, hq) VALUES(4984, false),(4984, true);
INSERT INTO base_items VALUES(4985,$$Trader Eel$$,$$ナルザルイール$$,$$Anguille de Nald'thal$$,$$Händler-Aal$$,$$a9f1102d06a$$);
INSERT INTO items(base_item_id, hq) VALUES(4985, false),(4985, true);
INSERT INTO base_items VALUES(4986,$$Crimson Trout$$,$$クリムゾントラウト$$,$$Truite écarlate$$,$$Purpur-Forelle$$,$$2ae50c1c6ae$$);
INSERT INTO items(base_item_id, hq) VALUES(4986, false),(4986, true);
INSERT INTO base_items VALUES(4987,$$Discus$$,$$ディスカス$$,$$Discus$$,$$Diskusfisch$$,$$0d060575c65$$);
INSERT INTO items(base_item_id, hq) VALUES(4987, false),(4987, true);
INSERT INTO base_items VALUES(4988,$$Bronze Lake Trout$$,$$ブロンズレイクトラウト$$,$$Truite d'airain$$,$$Bronzesee-Forelle$$,$$3b2ee90b8eb$$);
INSERT INTO items(base_item_id, hq) VALUES(4988, false),(4988, true);
INSERT INTO base_items VALUES(4989,$$Ignus Snail$$,$$インフェルノスネイル$$,$$Escargot infernal$$,$$Feuerschnecke$$,$$d3bd1a8bad0$$);
INSERT INTO items(base_item_id, hq) VALUES(4989, false),(4989, true);
INSERT INTO base_items VALUES(4990,$$Loyal Pleco$$,$$ロイヤルプレコ$$,$$Pléco royal$$,$$Treuer Harnischwels$$,$$680668ec83b$$);
INSERT INTO items(base_item_id, hq) VALUES(4990, false),(4990, true);
INSERT INTO base_items VALUES(4991,$$Thunderbolt Sculpin$$,$$雷紋魚$$,$$Grondin éclair$$,$$Donnerkeil-Groppe$$,$$3c5ae77c5c8$$);
INSERT INTO items(base_item_id, hq) VALUES(4991, false),(4991, true);
INSERT INTO base_items VALUES(4992,$$Fall Jumper$$,$$タキノボリ$$,$$Carpe dragon$$,$$Fallskipper$$,$$023b184ba0c$$);
INSERT INTO items(base_item_id, hq) VALUES(4992, false),(4992, true);
INSERT INTO base_items VALUES(4993,$$Knifefish$$,$$ナイフフィッシュ$$,$$Poisson couteau$$,$$Messerfisch$$,$$191292bda13$$);
INSERT INTO items(base_item_id, hq) VALUES(4993, false),(4993, true);
INSERT INTO base_items VALUES(4994,$$Oakroot$$,$$オークルート$$,$$Anguille racine$$,$$Eichenwurzel$$,$$f41d0fc7f0f$$);
INSERT INTO items(base_item_id, hq) VALUES(4994, false),(4994, true);
INSERT INTO base_items VALUES(4995,$$Common Sculpin$$,$$スカルピン$$,$$Chabot$$,$$Gemeine Groppe$$,$$abcf682cc27$$);
INSERT INTO items(base_item_id, hq) VALUES(4995, false),(4995, true);
INSERT INTO base_items VALUES(4996,$$Southern Pike$$,$$サウザンパイク$$,$$Brochet du sud$$,$$Südhecht$$,$$3b7197b9259$$);
INSERT INTO items(base_item_id, hq) VALUES(4996, false),(4996, true);
INSERT INTO base_items VALUES(4997,$$Northern Pike$$,$$ノーザンパイク$$,$$Brochet du nord$$,$$Nordhecht$$,$$a2e35ad5a6e$$);
INSERT INTO items(base_item_id, hq) VALUES(4997, false),(4997, true);
INSERT INTO base_items VALUES(4998,$$Kobold Puffer$$,$$コボルドパファー$$,$$Tétrodon kobold$$,$$Kobold-Kugelfisch$$,$$6c0807f7d05$$);
INSERT INTO items(base_item_id, hq) VALUES(4998, false),(4998, true);
INSERT INTO base_items VALUES(4999,$$Archerfish$$,$$射手魚$$,$$Poisson-archer$$,$$Bogenschützenfisch$$,$$3c03d034e30$$);
INSERT INTO items(base_item_id, hq) VALUES(4999, false),(4999, true);
INSERT INTO base_items VALUES(5000,$$Goblin Perch$$,$$ゴブリンパーチ$$,$$Perche gobeline$$,$$Goblin-Barsch$$,$$c215ed38e9f$$);
INSERT INTO items(base_item_id, hq) VALUES(5000, false),(5000, true);
INSERT INTO base_items VALUES(5001,$$Agelyss Carp$$,$$アジェレスカープ$$,$$Carpe d'Agelyss$$,$$Agelyss-Karpfen$$,$$0afbe354d93$$);
INSERT INTO items(base_item_id, hq) VALUES(5001, false),(5001, true);
INSERT INTO base_items VALUES(5002,$$Assassin Betta$$,$$アサシンベタ$$,$$Betta assassin$$,$$Kampffisch$$,$$41c719620d1$$);
INSERT INTO items(base_item_id, hq) VALUES(5002, false),(5002, true);
INSERT INTO base_items VALUES(5003,$$Sludgeskipper$$,$$スラッジスキッパー$$,$$Gobie mithridatisé$$,$$Schlammskipper$$,$$38fb8e3362f$$);
INSERT INTO items(base_item_id, hq) VALUES(5003, false),(5003, true);
INSERT INTO base_items VALUES(5004,$$Boltfish$$,$$サンダラフィッシュ$$,$$Poisson tonnerre$$,$$Blitzfisch$$,$$2cde4742bad$$);
INSERT INTO items(base_item_id, hq) VALUES(5004, false),(5004, true);
INSERT INTO base_items VALUES(5005,$$Garpike$$,$$ガー$$,$$Orphie$$,$$Knochenhecht$$,$$263be5001fe$$);
INSERT INTO items(base_item_id, hq) VALUES(5005, false),(5005, true);
INSERT INTO base_items VALUES(5006,$$Ilsabardian Bass$$,$$イルサバードバス$$,$$Bar d'Ilsabard$$,$$Ilsabard-Barsch$$,$$5b1ec841006$$);
INSERT INTO items(base_item_id, hq) VALUES(5006, false),(5006, true);
INSERT INTO base_items VALUES(5007,$$Paglth'an Discus$$,$$パガルザンディスカス$$,$$Discus de Paglth'an$$,$$Paglth'an-Scheibe$$,$$aee3dccea6a$$);
INSERT INTO items(base_item_id, hq) VALUES(5007, false),(5007, true);
INSERT INTO base_items VALUES(5008,$$Boxing Pleco$$,$$ボクシングプレコ$$,$$Pléco adonis$$,$$Boxender Harnischwels$$,$$54324a6954e$$);
INSERT INTO items(base_item_id, hq) VALUES(5008, false),(5008, true);
INSERT INTO base_items VALUES(5009,$$Kissing Trout$$,$$ニメーヤトラウト$$,$$Truite de Nymeia$$,$$Küssende Forelle$$,$$ebbb70dd8ad$$);
INSERT INTO items(base_item_id, hq) VALUES(5009, false),(5009, true);
INSERT INTO base_items VALUES(5010,$$Angry Pike$$,$$ハルオーネパイク$$,$$Brochet de Halone$$,$$Wütender Hecht$$,$$d72d0fd02dd$$);
INSERT INTO items(base_item_id, hq) VALUES(5010, false),(5010, true);
INSERT INTO base_items VALUES(5011,$$Goldfish$$,$$金魚$$,$$Cyprin doré$$,$$Goldfisch$$,$$a6c9c6aafc1$$);
INSERT INTO items(base_item_id, hq) VALUES(5011, false),(5011, true);
INSERT INTO base_items VALUES(5012,$$Vampire Lampern$$,$$キュウケツヤツメ$$,$$Lamproie vampire$$,$$Vampir-Neunauge$$,$$3c86ab5e4ec$$);
INSERT INTO items(base_item_id, hq) VALUES(5012, false),(5012, true);
INSERT INTO base_items VALUES(5013,$$Wandering Sculpin$$,$$ワンダラースカルピン$$,$$Chabot d'Oschon$$,$$Wanderer-Groppe$$,$$47176721a9a$$);
INSERT INTO items(base_item_id, hq) VALUES(5013, false),(5013, true);
INSERT INTO base_items VALUES(5014,$$Cave Cherax$$,$$ケーブヤビー$$,$$Cherax des cavernes$$,$$Höhlen-Cherax$$,$$6011feb7b2a$$);
INSERT INTO items(base_item_id, hq) VALUES(5014, false),(5014, true);
INSERT INTO base_items VALUES(5015,$$Coeurlfish$$,$$クァールフィッシュ$$,$$Poisson coeurl$$,$$Coeurlfisch$$,$$c255ef904c0$$);
INSERT INTO items(base_item_id, hq) VALUES(5015, false),(5015, true);
INSERT INTO base_items VALUES(5016,$$Giant Donko$$,$$大鈍甲$$,$$Donko géant$$,$$Riesen-Donko$$,$$3bb2b468c26$$);
INSERT INTO items(base_item_id, hq) VALUES(5016, false),(5016, true);
INSERT INTO base_items VALUES(5017,$$Sundisc$$,$$サンディスク$$,$$Discus solaire$$,$$Sonnenscheibe$$,$$8fc34ac5f1c$$);
INSERT INTO items(base_item_id, hq) VALUES(5017, false),(5017, true);
INSERT INTO base_items VALUES(5018,$$Alligator Garfish$$,$$アリゲーターガー$$,$$Orphie crocodile$$,$$Alligatorhecht$$,$$d91da4da7c1$$);
INSERT INTO items(base_item_id, hq) VALUES(5018, false),(5018, true);
INSERT INTO base_items VALUES(5019,$$Wootz Knifefish$$,$$ウーツナイフフィッシュ$$,$$Poisson couteau wootz$$,$$Wootz-Messerfisch$$,$$0af9463225e$$);
INSERT INTO items(base_item_id, hq) VALUES(5019, false),(5019, true);
INSERT INTO base_items VALUES(5020,$$Giant Catfish$$,$$オオナマズ$$,$$Poisson-chat géant$$,$$Riesenwels$$,$$6f35adae7eb$$);
INSERT INTO items(base_item_id, hq) VALUES(5020, false),(5020, true);
INSERT INTO base_items VALUES(5021,$$Cadaver Carp$$,$$腐魚$$,$$Poisson putride$$,$$Kadaverkarpfen$$,$$9001cf3a2f4$$);
INSERT INTO items(base_item_id, hq) VALUES(5021, false),(5021, true);
INSERT INTO base_items VALUES(5022,$$Mushroom Crab$$,$$マッシュルームクラブ$$,$$Crabe champignon$$,$$Pilzkrabbe$$,$$95153101fba$$);
INSERT INTO items(base_item_id, hq) VALUES(5022, false),(5022, true);
INSERT INTO base_items VALUES(5023,$$Judgment Staff$$,$$雷神魚$$,$$Dieu fulgurant$$,$$Stab des Urteils$$,$$186fa57f66c$$);
INSERT INTO items(base_item_id, hq) VALUES(5023, false),(5023, true);
INSERT INTO base_items VALUES(5024,$$Poxpike$$,$$スポテッドガー$$,$$Orphie mouchetée$$,$$Gefleckter Knochenhecht$$,$$c696f0f7e53$$);
INSERT INTO items(base_item_id, hq) VALUES(5024, false),(5024, true);
INSERT INTO base_items VALUES(5025,$$Emperor Fish$$,$$煌魚$$,$$Poisson empereur$$,$$Großkopfschnapper$$,$$aef6af387ae$$);
INSERT INTO items(base_item_id, hq) VALUES(5025, false),(5025, true);
INSERT INTO base_items VALUES(5026,$$Bowfin$$,$$ボウフィン$$,$$Poisson-castor$$,$$Kahlhecht$$,$$ef4e1fa3b3d$$);
INSERT INTO items(base_item_id, hq) VALUES(5026, false),(5026, true);
INSERT INTO base_items VALUES(5027,$$Heliobatis$$,$$ヘリオバティス$$,$$Pastenague soleil$$,$$Heliobatis$$,$$6c9fc1fc910$$);
INSERT INTO items(base_item_id, hq) VALUES(5027, false),(5027, true);
INSERT INTO base_items VALUES(5028,$$Takitaro$$,$$タキタロ$$,$$Takitaro$$,$$Takitaro$$,$$64ea2110d22$$);
INSERT INTO items(base_item_id, hq) VALUES(5028, false),(5028, true);
INSERT INTO base_items VALUES(5029,$$Pirarucu$$,$$ピラルク$$,$$Pirarucu$$,$$Pirarucu$$,$$d011ce3bc65$$);
INSERT INTO items(base_item_id, hq) VALUES(5029, false),(5029, true);
INSERT INTO base_items VALUES(5030,$$Morinabaligi$$,$$モリナバルウ$$,$$Morina baligi$$,$$Morinabaligi$$,$$07b46312d05$$);
INSERT INTO items(base_item_id, hq) VALUES(5030, false),(5030, true);
INSERT INTO base_items VALUES(5031,$$Jungle Catfish$$,$$オオモリナマズ$$,$$Poisson-chat de jungle$$,$$Dschungel-Katfisch$$,$$1d3fa563269$$);
INSERT INTO items(base_item_id, hq) VALUES(5031, false),(5031, true);
INSERT INTO base_items VALUES(5032,$$Sand Bream$$,$$サンドブリーム$$,$$Brème des sables$$,$$Sandbrasse$$,$$8c95aed714c$$);
INSERT INTO items(base_item_id, hq) VALUES(5032, false),(5032, true);
INSERT INTO base_items VALUES(5033,$$Desert Catfish$$,$$スナナマズ$$,$$Silure des sables$$,$$Wüsten-Katfisch$$,$$d64bd2894fe$$);
INSERT INTO items(base_item_id, hq) VALUES(5033, false),(5033, true);
INSERT INTO base_items VALUES(5034,$$Dustfish$$,$$ドトンフィッシュ$$,$$Poisson doton$$,$$Staubfisch$$,$$428ecca7283$$);
INSERT INTO items(base_item_id, hq) VALUES(5034, false),(5034, true);
INSERT INTO base_items VALUES(5035,$$Storm Rider$$,$$サンドストームライダー$$,$$Poisson tempête$$,$$Sturmreiter$$,$$9c9f853302e$$);
INSERT INTO items(base_item_id, hq) VALUES(5035, false),(5035, true);
INSERT INTO base_items VALUES(5036,$$Antlion Slug$$,$$アントリオンスラッグ$$,$$Limace fourmilion$$,$$Ameisenlöwen-Schnecke$$,$$c403331e754$$);
INSERT INTO items(base_item_id, hq) VALUES(5036, false),(5036, true);
INSERT INTO base_items VALUES(5037,$$Dune Manta$$,$$デューンマンタ$$,$$Raie des dunes$$,$$Dünenmanta$$,$$ab6f654438b$$);
INSERT INTO items(base_item_id, hq) VALUES(5037, false),(5037, true);
INSERT INTO base_items VALUES(5038,$$Cloud Jellyfish$$,$$クラウドジェリー$$,$$Méduse cumulus$$,$$Wolkenqualle$$,$$c590a6c7f0a$$);
INSERT INTO items(base_item_id, hq) VALUES(5038, false),(5038, true);
INSERT INTO base_items VALUES(5039,$$Skyfish$$,$$スカイフィッシュ$$,$$Fulgure$$,$$Luftfisch$$,$$ba7f0278d11$$);
INSERT INTO items(base_item_id, hq) VALUES(5039, false),(5039, true);
INSERT INTO base_items VALUES(5040,$$Cloud Cutter$$,$$スプリットクラウド$$,$$Brise-nuage$$,$$Wolkenspalter$$,$$387627c8c19$$);
INSERT INTO items(base_item_id, hq) VALUES(5040, false),(5040, true);
INSERT INTO base_items VALUES(5041,$$Blind Manta$$,$$フライマンタ$$,$$Manta volante$$,$$Blinder Manta$$,$$87294af9475$$);
INSERT INTO items(base_item_id, hq) VALUES(5041, false),(5041, true);
INSERT INTO base_items VALUES(5042,$$Rift Sailor$$,$$リフトセイラー$$,$$Timonier du ciel$$,$$Kluftsegler$$,$$0e626c9167d$$);
INSERT INTO items(base_item_id, hq) VALUES(5042, false),(5042, true);
INSERT INTO base_items VALUES(5043,$$Sagolii Monkfish$$,$$サゴリーモンクフィッシュ$$,$$Poisson lanterne de Sagolii$$,$$Sagolii-Anglerfisch$$,$$09bf950eb04$$);
INSERT INTO items(base_item_id, hq) VALUES(5043, false),(5043, true);
INSERT INTO base_items VALUES(5044,$$Saucerfish$$,$$ソーサーフィッシュ$$,$$Poisson soucoupe$$,$$Tellerfisch$$,$$e4cf9abec1c$$);
INSERT INTO items(base_item_id, hq) VALUES(5044, false),(5044, true);
INSERT INTO base_items VALUES(5045,$$Caravan Eel$$,$$キャラバンイール$$,$$Anguille nomade$$,$$Karawanen-Aal$$,$$bd206125845$$);
INSERT INTO items(base_item_id, hq) VALUES(5045, false),(5045, true);
INSERT INTO base_items VALUES(5046,$$Rhamphorhynchus$$,$$ラムフォリンクス$$,$$Rhamphorhynchus$$,$$Rhamphorhynchus$$,$$4bd9c80e589$$);
INSERT INTO items(base_item_id, hq) VALUES(5046, false),(5046, true);
INSERT INTO base_items VALUES(5047,$$Tricorn$$,$$トライコーン$$,$$Tricorne$$,$$Dreispitz$$,$$a3551581f97$$);
INSERT INTO items(base_item_id, hq) VALUES(5047, false),(5047, true);
INSERT INTO base_items VALUES(5048,$$Young Indigo Herring$$,$$塩漬用インディゴヘリング$$,$$Hareng indigo à saumurer$$,$$Junger Indigo-Hering$$,$$9e34e7a1d49$$);
INSERT INTO items(base_item_id, hq) VALUES(5048, false),(5048, true);
INSERT INTO base_items VALUES(5049,$$Navigator's Ear$$,$$リムレーンズイヤー$$,$$Oreille de Llymlaen$$,$$Llymlaens Ohr$$,$$91f679501a3$$);
INSERT INTO items(base_item_id, hq) VALUES(5049, false),(5049, true);
INSERT INTO base_items VALUES(5050,$$Allagan Snail$$,$$アラガンスネイル$$,$$Escargot allagois$$,$$Allagan-Schnecke$$,$$93a755694d0$$);
INSERT INTO items(base_item_id, hq) VALUES(5050, false),(5050, true);
INSERT INTO base_items VALUES(5051,$$Tree Toad$$,$$ツリートード$$,$$Crapaud arboricole$$,$$Baumkröte$$,$$828b7328c23$$);
INSERT INTO items(base_item_id, hq) VALUES(5051, false),(5051, true);
INSERT INTO base_items VALUES(5052,$$Box Turtle$$,$$ボックスタートル$$,$$Tortue boîte$$,$$Schachtelkröte$$,$$85484c10efd$$);
INSERT INTO items(base_item_id, hq) VALUES(5052, false),(5052, true);
INSERT INTO base_items VALUES(5053,$$Nether Newt$$,$$ネザーニュート$$,$$Triton infernal$$,$$Nimmermolch$$,$$a18aed1dfd5$$);
INSERT INTO items(base_item_id, hq) VALUES(5053, false),(5053, true);
INSERT INTO base_items VALUES(5054,$$Dart Frog$$,$$ダートフロッグ$$,$$Grenouille flèche$$,$$Pfeilgiftfrosch$$,$$91286a494b1$$);
INSERT INTO items(base_item_id, hq) VALUES(5054, false),(5054, true);
INSERT INTO base_items VALUES(5055,$$Lava Toad$$,$$ラーヴァトード$$,$$Crapaud lavique$$,$$Lavakröte$$,$$c2d299aaf13$$);
INSERT INTO items(base_item_id, hq) VALUES(5055, false),(5055, true);
INSERT INTO base_items VALUES(5056,$$Bronze Ingot$$,$$ブロンズインゴット$$,$$Lingot de bronze$$,$$Bronzebarren$$,$$ba7b835e608$$);
INSERT INTO items(base_item_id, hq) VALUES(5056, false),(5056, true);
INSERT INTO base_items VALUES(5057,$$Iron Ingot$$,$$アイアンインゴット$$,$$Lingot de fer$$,$$Eisenbarren$$,$$a31d0a708d9$$);
INSERT INTO items(base_item_id, hq) VALUES(5057, false),(5057, true);
INSERT INTO base_items VALUES(5058,$$Steel Ingot$$,$$スチールインゴット$$,$$Lingot d'acier$$,$$Stahlbarren$$,$$c75db0a8725$$);
INSERT INTO items(base_item_id, hq) VALUES(5058, false),(5058, true);
INSERT INTO base_items VALUES(5059,$$Cobalt Ingot$$,$$コバルトインゴット$$,$$Lingot de cobalt$$,$$Koboldeisenbarren$$,$$061c3d4a71a$$);
INSERT INTO items(base_item_id, hq) VALUES(5059, false),(5059, true);
INSERT INTO base_items VALUES(5061,$$Darksteel Nugget$$,$$ダークスチールナゲット$$,$$Pépite de sombracier$$,$$Dunkelstahl-Nugget$$,$$f77dec88832$$);
INSERT INTO items(base_item_id, hq) VALUES(5061, false),(5061, true);
INSERT INTO base_items VALUES(5062,$$Copper Ingot$$,$$カッパーインゴット$$,$$Lingot de cuivre$$,$$Kupferbarren$$,$$aef258f66ef$$);
INSERT INTO items(base_item_id, hq) VALUES(5062, false),(5062, true);
INSERT INTO base_items VALUES(5063,$$Brass Ingot$$,$$ブラスインゴット$$,$$Lingot de laiton$$,$$Messingbarren$$,$$3cdc884b68f$$);
INSERT INTO items(base_item_id, hq) VALUES(5063, false),(5063, true);
INSERT INTO base_items VALUES(5064,$$Silver Ingot$$,$$シルバーインゴット$$,$$Lingot d'argent$$,$$Silberbarren$$,$$5f54ee1566c$$);
INSERT INTO items(base_item_id, hq) VALUES(5064, false),(5064, true);
INSERT INTO base_items VALUES(5065,$$Mythril Ingot$$,$$ミスリルインゴット$$,$$Lingot de mithril$$,$$Mithril-Barren$$,$$5eddc1855a4$$);
INSERT INTO items(base_item_id, hq) VALUES(5065, false),(5065, true);
INSERT INTO base_items VALUES(5066,$$Electrum Ingot$$,$$エレクトラムインゴット$$,$$Lingot d'électrum$$,$$Elektrum-Barren$$,$$a5be16ac908$$);
INSERT INTO items(base_item_id, hq) VALUES(5066, false),(5066, true);
INSERT INTO base_items VALUES(5068,$$Rose Gold Nugget$$,$$ローズゴールドナゲット$$,$$Pépite d'or rose$$,$$Rosengold-Nugget$$,$$f5a8fa09ad0$$);
INSERT INTO items(base_item_id, hq) VALUES(5068, false),(5068, true);
INSERT INTO base_items VALUES(5069,$$Gold Ingot$$,$$ゴールドインゴット$$,$$Lingot d'or$$,$$Goldbarren$$,$$7b3f038564e$$);
INSERT INTO items(base_item_id, hq) VALUES(5069, false),(5069, true);
INSERT INTO base_items VALUES(5070,$$Gold Nugget$$,$$ゴールドナゲット$$,$$Pépite d'or$$,$$Goldnugget$$,$$2ce0b206ae4$$);
INSERT INTO items(base_item_id, hq) VALUES(5070, false),(5070, true);
INSERT INTO base_items VALUES(5071,$$Bronze Plate$$,$$ブロンズプレート$$,$$Plaque de bronze$$,$$Bronzeplatte$$,$$9b7671de233$$);
INSERT INTO items(base_item_id, hq) VALUES(5071, false),(5071, true);
INSERT INTO base_items VALUES(5072,$$Iron Plate$$,$$アイアンプレート$$,$$Plaque de fer$$,$$Eisenplatte$$,$$a06987a688d$$);
INSERT INTO items(base_item_id, hq) VALUES(5072, false),(5072, true);
INSERT INTO base_items VALUES(5073,$$Steel Plate$$,$$スチールプレート$$,$$Plaque d'acier$$,$$Stahlplatte$$,$$058df8015f5$$);
INSERT INTO items(base_item_id, hq) VALUES(5073, false),(5073, true);
INSERT INTO base_items VALUES(5074,$$Cobalt Plate$$,$$コバルトプレート$$,$$Plaque de cobalt$$,$$Koboldeisenplatte$$,$$8505d0645a6$$);
INSERT INTO items(base_item_id, hq) VALUES(5074, false),(5074, true);
INSERT INTO base_items VALUES(5075,$$Darksteel Plate$$,$$ダークスチールプレート$$,$$Plaque de sombracier$$,$$Dunkelstahlplatte$$,$$e24f6b76458$$);
INSERT INTO items(base_item_id, hq) VALUES(5075, false),(5075, true);
INSERT INTO base_items VALUES(5076,$$Copper Plate$$,$$カッパープレート$$,$$Plaque de cuivre$$,$$Kupferplatte$$,$$9455ddb630b$$);
INSERT INTO items(base_item_id, hq) VALUES(5076, false),(5076, true);
INSERT INTO base_items VALUES(5077,$$Brass Plate$$,$$ブラスプレート$$,$$Plaque de laiton$$,$$Messingplatte$$,$$19bf76620d8$$);
INSERT INTO items(base_item_id, hq) VALUES(5077, false),(5077, true);
INSERT INTO base_items VALUES(5078,$$Silver Plate$$,$$シルバープレート$$,$$Plaque d'argent$$,$$Silberplatte$$,$$8769421960b$$);
INSERT INTO items(base_item_id, hq) VALUES(5078, false),(5078, true);
INSERT INTO base_items VALUES(5079,$$Mythril Plate$$,$$ミスリルプレート$$,$$Plaque de mithril$$,$$Mithril-Platte$$,$$68cf5c88a93$$);
INSERT INTO items(base_item_id, hq) VALUES(5079, false),(5079, true);
INSERT INTO base_items VALUES(5080,$$Electrum Plate$$,$$エレクトラムプレート$$,$$Plaque d'électrum$$,$$Elektrum-Platte$$,$$578f6126e7e$$);
INSERT INTO items(base_item_id, hq) VALUES(5080, false),(5080, true);
INSERT INTO base_items VALUES(5081,$$Bronze Rings$$,$$ブロンズリングズ$$,$$Anneaux en bronze$$,$$Bronzedrahtringe$$,$$99cbdfdccdf$$);
INSERT INTO items(base_item_id, hq) VALUES(5081, false),(5081, true);
INSERT INTO base_items VALUES(5082,$$Iron Rings$$,$$アイアンリングズ$$,$$Anneaux en fer$$,$$Eisendrahtringe$$,$$1bd330df87a$$);
INSERT INTO items(base_item_id, hq) VALUES(5082, false),(5082, true);
INSERT INTO base_items VALUES(5083,$$Steel Rings$$,$$スチールリングズ$$,$$Anneaux en acier$$,$$Stahldrahtringe$$,$$513fb6e72df$$);
INSERT INTO items(base_item_id, hq) VALUES(5083, false),(5083, true);
INSERT INTO base_items VALUES(5084,$$Cobalt Rings$$,$$コバルトリングズ$$,$$Anneaux en cobalt$$,$$Koboldeisendrahtringe$$,$$9e5ce631279$$);
INSERT INTO items(base_item_id, hq) VALUES(5084, false),(5084, true);
INSERT INTO base_items VALUES(5085,$$Darksteel Rings$$,$$ダークスチールリングズ$$,$$Anneaux en sombracier$$,$$Dunkelstahldrahtringe$$,$$ab4c37133dc$$);
INSERT INTO items(base_item_id, hq) VALUES(5085, false),(5085, true);
INSERT INTO base_items VALUES(5086,$$Copper Rings$$,$$カッパーリングズ$$,$$Anneaux en cuivre$$,$$Kupferdrahtringe$$,$$f085ccf08e7$$);
INSERT INTO items(base_item_id, hq) VALUES(5086, false),(5086, true);
INSERT INTO base_items VALUES(5087,$$Brass Rings$$,$$ブラスリングズ$$,$$Anneaux en laiton$$,$$Messingdrahtringe$$,$$bef1d89318c$$);
INSERT INTO items(base_item_id, hq) VALUES(5087, false),(5087, true);
INSERT INTO base_items VALUES(5088,$$Silver Rings$$,$$シルバーリングズ$$,$$Anneaux en argent$$,$$Silberdrahtringe$$,$$6f7e3ccb740$$);
INSERT INTO items(base_item_id, hq) VALUES(5088, false),(5088, true);
INSERT INTO base_items VALUES(5089,$$Mythril Rings$$,$$ミスリルリングズ$$,$$Anneaux en mithril$$,$$Mithrildraht-Ringe$$,$$cd9aaeb9352$$);
INSERT INTO items(base_item_id, hq) VALUES(5089, false),(5089, true);
INSERT INTO base_items VALUES(5090,$$Electrum Rings$$,$$エレクトラムリングズ$$,$$Anneaux en électrum$$,$$Elektrumdraht-Ringe$$,$$7b96ab48d89$$);
INSERT INTO items(base_item_id, hq) VALUES(5090, false),(5090, true);
INSERT INTO base_items VALUES(5091,$$Bronze Rivets$$,$$ブロンズリベット$$,$$Rivets en bronze$$,$$Bronzenieten$$,$$3ae8413756e$$);
INSERT INTO items(base_item_id, hq) VALUES(5091, false),(5091, true);
INSERT INTO base_items VALUES(5092,$$Iron Rivets$$,$$アイアンリベット$$,$$Rivets en fer$$,$$Eisennieten$$,$$168c0c69e15$$);
INSERT INTO items(base_item_id, hq) VALUES(5092, false),(5092, true);
INSERT INTO base_items VALUES(5093,$$Steel Rivets$$,$$スチールリベット$$,$$Rivets en acier$$,$$Stahlnieten$$,$$06d767af9ca$$);
INSERT INTO items(base_item_id, hq) VALUES(5093, false),(5093, true);
INSERT INTO base_items VALUES(5094,$$Cobalt Rivets$$,$$コバルトリベット$$,$$Rivets en cobalt$$,$$Koboldeisennieten$$,$$99bf30fe06c$$);
INSERT INTO items(base_item_id, hq) VALUES(5094, false),(5094, true);
INSERT INTO base_items VALUES(5095,$$Darksteel Rivets$$,$$ダークスチールリベット$$,$$Rivets en sombracier$$,$$Dunkelstahlnieten$$,$$543f0cc9eb6$$);
INSERT INTO items(base_item_id, hq) VALUES(5095, false),(5095, true);
INSERT INTO base_items VALUES(5096,$$Copper Rivets$$,$$カッパーリベット$$,$$Rivets en cuivre$$,$$Kupfernieten$$,$$bb8be834a7b$$);
INSERT INTO items(base_item_id, hq) VALUES(5096, false),(5096, true);
INSERT INTO base_items VALUES(5097,$$Brass Rivets$$,$$ブラスリベット$$,$$Rivets en laiton$$,$$Messingnieten$$,$$cefce400c9c$$);
INSERT INTO items(base_item_id, hq) VALUES(5097, false),(5097, true);
INSERT INTO base_items VALUES(5098,$$Silver Rivets$$,$$シルバーリベット$$,$$Rivets en argent$$,$$Silbernieten$$,$$4c7b7c11bb9$$);
INSERT INTO items(base_item_id, hq) VALUES(5098, false),(5098, true);
INSERT INTO base_items VALUES(5099,$$Mythril Rivets$$,$$ミスリルリベット$$,$$Rivets en mithril$$,$$Mithrilnieten$$,$$7eda99f554a$$);
INSERT INTO items(base_item_id, hq) VALUES(5099, false),(5099, true);
INSERT INTO base_items VALUES(5100,$$Copper Dust$$,$$銅粉$$,$$Poussière de cuivre$$,$$Kupferstaub$$,$$673f5a835ed$$);
INSERT INTO items(base_item_id, hq) VALUES(5100, false),(5100, true);
INSERT INTO base_items VALUES(5101,$$Silver Dust$$,$$銀粉$$,$$Poussière d'argent$$,$$Silberstaub$$,$$1884967e666$$);
INSERT INTO items(base_item_id, hq) VALUES(5101, false),(5101, true);
INSERT INTO base_items VALUES(5102,$$Gold Dust$$,$$金粉$$,$$Poussière d'or$$,$$Goldstaub$$,$$f3b8b7855fa$$);
INSERT INTO items(base_item_id, hq) VALUES(5102, false),(5102, true);
INSERT INTO base_items VALUES(5104,$$Garlean Steel Joint$$,$$帝国製軽金属片$$,$$Morceau d'acier léger impérial$$,$$Garleisches Leichtmetall-Verbindungsstück$$,$$e39f0a01f10$$);
INSERT INTO items(base_item_id, hq) VALUES(5104, false),(5104, true);
INSERT INTO base_items VALUES(5105,$$Garlean Steel Plate$$,$$帝国製軽金属板$$,$$Plaque d'acier léger impérial$$,$$Garleische Leichtmetall-Platte$$,$$b14c3644884$$);
INSERT INTO items(base_item_id, hq) VALUES(5105, false),(5105, true);
INSERT INTO base_items VALUES(5106,$$Copper Ore$$,$$銅鉱$$,$$Minerai de cuivre$$,$$Kupfererz$$,$$82a24de366d$$);
INSERT INTO items(base_item_id, hq) VALUES(5106, false),(5106, true);
INSERT INTO base_items VALUES(5107,$$Tin Ore$$,$$錫鉱$$,$$Minerai d'étain$$,$$Zinnstein$$,$$3662944738e$$);
INSERT INTO items(base_item_id, hq) VALUES(5107, false),(5107, true);
INSERT INTO base_items VALUES(5108,$$Yellow Copper Ore$$,$$黄銅鉱$$,$$Minerai de cuivre jaune$$,$$Kupferkies$$,$$4866f144401$$);
INSERT INTO items(base_item_id, hq) VALUES(5108, false),(5108, true);
INSERT INTO base_items VALUES(5109,$$Pyrite$$,$$黄鉄鉱$$,$$Minerai de pyrite$$,$$Schwefelkies$$,$$df1336c9b63$$);
INSERT INTO items(base_item_id, hq) VALUES(5109, false),(5109, true);
INSERT INTO base_items VALUES(5110,$$Zinc Ore$$,$$亜鉛鉱$$,$$Minerai de zinc$$,$$Zinksulfiterz$$,$$057a9d3c106$$);
INSERT INTO items(base_item_id, hq) VALUES(5110, false),(5110, true);
INSERT INTO base_items VALUES(5111,$$Iron Ore$$,$$鉄鉱$$,$$Minerai de fer$$,$$Eisenerz$$,$$ad4b9905828$$);
INSERT INTO items(base_item_id, hq) VALUES(5111, false),(5111, true);
INSERT INTO base_items VALUES(5112,$$Limonite$$,$$褐鉄鉱$$,$$Minerai de limonite$$,$$Brauneisenstein$$,$$8d6c4dec9d0$$);
INSERT INTO items(base_item_id, hq) VALUES(5112, false),(5112, true);
INSERT INTO base_items VALUES(5113,$$Silver Ore$$,$$銀鉱$$,$$Minerai d'argent$$,$$Silbererz$$,$$f73ed904e76$$);
INSERT INTO items(base_item_id, hq) VALUES(5113, false),(5113, true);
INSERT INTO base_items VALUES(5114,$$Mythril Ore$$,$$霊銀鉱$$,$$Minerai de mithril$$,$$Mithrilerz$$,$$85617d1a9d8$$);
INSERT INTO items(base_item_id, hq) VALUES(5114, false),(5114, true);
INSERT INTO base_items VALUES(5115,$$Electrum Ore$$,$$青金鉱$$,$$Minerai d'électrum$$,$$Elektrumerz$$,$$7bbeaeed3e6$$);
INSERT INTO items(base_item_id, hq) VALUES(5115, false),(5115, true);
INSERT INTO base_items VALUES(5116,$$Cobalt Ore$$,$$鏡鉄鉱$$,$$Minerai de cobalt$$,$$Koboldeisenerz$$,$$b1e9dd56616$$);
INSERT INTO items(base_item_id, hq) VALUES(5116, false),(5116, true);
INSERT INTO base_items VALUES(5117,$$Light Kidney Ore$$,$$赤鉄鉱$$,$$Minerai d'hématite$$,$$Hämatit$$,$$84dbe54790e$$);
INSERT INTO items(base_item_id, hq) VALUES(5117, false),(5117, true);
INSERT INTO base_items VALUES(5118,$$Gold Ore$$,$$金鉱$$,$$Minerai d'or$$,$$Golderz$$,$$dd538e4d915$$);
INSERT INTO items(base_item_id, hq) VALUES(5118, false),(5118, true);
INSERT INTO base_items VALUES(5119,$$Peacock Ore$$,$$斑銅鉱$$,$$Minerai de bornite$$,$$Pfauen-Erz$$,$$40555a09fbf$$);
INSERT INTO items(base_item_id, hq) VALUES(5119, false),(5119, true);
INSERT INTO base_items VALUES(5120,$$Platinum Ore$$,$$白金鉱$$,$$Minerai de platine$$,$$Platinerz$$,$$df71799bdeb$$);
INSERT INTO items(base_item_id, hq) VALUES(5120, false),(5120, true);
INSERT INTO base_items VALUES(5121,$$Darksteel Ore$$,$$闇鉄鉱$$,$$Minerai de sombracier$$,$$Dunkelstahlerz$$,$$266013cb547$$);
INSERT INTO items(base_item_id, hq) VALUES(5121, false),(5121, true);
INSERT INTO base_items VALUES(5123,$$Flint Stone$$,$$火打石$$,$$Silex$$,$$Feuerstein$$,$$fd35996ab99$$);
INSERT INTO items(base_item_id, hq) VALUES(5123, false),(5123, true);
INSERT INTO base_items VALUES(5124,$$Obsidian$$,$$黒曜石$$,$$Éclat d'obsidienne$$,$$Obsidian$$,$$27d8785ac1f$$);
INSERT INTO items(base_item_id, hq) VALUES(5124, false),(5124, true);
INSERT INTO base_items VALUES(5125,$$Wyvern Obsidian$$,$$飛竜黒曜石$$,$$Éclat d'obsidienne de wyverne$$,$$Wyvern-Obsidian$$,$$838e9410d37$$);
INSERT INTO items(base_item_id, hq) VALUES(5125, false),(5125, true);
INSERT INTO base_items VALUES(5126,$$Dragon Obsidian$$,$$大龍黒曜石$$,$$Éclat d'obsidienne de dragon$$,$$Drachen-Obsidian$$,$$f71228f9878$$);
INSERT INTO items(base_item_id, hq) VALUES(5126, false),(5126, true);
INSERT INTO base_items VALUES(5128,$$Raw Sunstone$$,$$サンストーン原石$$,$$Pierre de soleil brute$$,$$Roh-Sonnenstein$$,$$d71262ec624$$);
INSERT INTO items(base_item_id, hq) VALUES(5128, false),(5128, true);
INSERT INTO base_items VALUES(5129,$$Raw Danburite$$,$$ダンビュライト原石$$,$$Danburite brute$$,$$Roh-Danburit$$,$$0077e35f719$$);
INSERT INTO items(base_item_id, hq) VALUES(5129, false),(5129, true);
INSERT INTO base_items VALUES(5130,$$Raw Malachite$$,$$マラカイト原石$$,$$Malachite brute$$,$$Roh-Malachit$$,$$f74926b3459$$);
INSERT INTO items(base_item_id, hq) VALUES(5130, false),(5130, true);
INSERT INTO base_items VALUES(5131,$$Raw Sphene$$,$$スフェーン原石$$,$$Sphène brut$$,$$Roh-Titanit$$,$$2e5905536cf$$);
INSERT INTO items(base_item_id, hq) VALUES(5131, false),(5131, true);
INSERT INTO base_items VALUES(5132,$$Raw Fluorite$$,$$フローライト原石$$,$$Fluorine brute$$,$$Roh-Fluorit$$,$$6bbb3347ff4$$);
INSERT INTO items(base_item_id, hq) VALUES(5132, false),(5132, true);
INSERT INTO base_items VALUES(5133,$$Raw Lapis Lazuli$$,$$ラピスラズリ原石$$,$$Lapis-lazuli brut$$,$$Roh-Lapislazuli$$,$$7cecf15f599$$);
INSERT INTO items(base_item_id, hq) VALUES(5133, false),(5133, true);
INSERT INTO base_items VALUES(5134,$$Raw Garnet$$,$$ガーネット原石$$,$$Grenat brut$$,$$Roh-Granat$$,$$68a22d58692$$);
INSERT INTO items(base_item_id, hq) VALUES(5134, false),(5134, true);
INSERT INTO base_items VALUES(5135,$$Raw Goshenite$$,$$ゴシェナイト原石$$,$$Goshénite brute$$,$$Roh-Goshenit$$,$$6349d3e8fd0$$);
INSERT INTO items(base_item_id, hq) VALUES(5135, false),(5135, true);
INSERT INTO base_items VALUES(5136,$$Raw Peridot$$,$$ペリドット原石$$,$$Péridot brut$$,$$Roh-Peridot$$,$$405e10330b0$$);
INSERT INTO items(base_item_id, hq) VALUES(5136, false),(5136, true);
INSERT INTO base_items VALUES(5137,$$Raw Heliodor$$,$$ヘリオドール原石$$,$$Héliodore brut$$,$$Roh-Goldberyll$$,$$53b38497037$$);
INSERT INTO items(base_item_id, hq) VALUES(5137, false),(5137, true);
INSERT INTO base_items VALUES(5138,$$Raw Amethyst$$,$$アメジスト原石$$,$$Améthyste brute$$,$$Roh-Amethyst$$,$$6e5260f7691$$);
INSERT INTO items(base_item_id, hq) VALUES(5138, false),(5138, true);
INSERT INTO base_items VALUES(5139,$$Raw Aquamarine$$,$$アクアマリン原石$$,$$Aigue-marine brute$$,$$Roh-Aquamarin$$,$$d2abcaadb5a$$);
INSERT INTO items(base_item_id, hq) VALUES(5139, false),(5139, true);
INSERT INTO base_items VALUES(5140,$$Raw Rubellite$$,$$ルベライト原石$$,$$Rubellite brute$$,$$Roh-Rubellit$$,$$a2ba1a74260$$);
INSERT INTO items(base_item_id, hq) VALUES(5140, false),(5140, true);
INSERT INTO base_items VALUES(5141,$$Raw Zircon$$,$$ジルコン原石$$,$$Zircon brut$$,$$Roh-Zirkon$$,$$dfecb8f12a8$$);
INSERT INTO items(base_item_id, hq) VALUES(5141, false),(5141, true);
INSERT INTO base_items VALUES(5142,$$Raw Tourmaline$$,$$トルマリン原石$$,$$Tourmaline brute$$,$$Roh-Turmalin$$,$$260bc7e22b8$$);
INSERT INTO items(base_item_id, hq) VALUES(5142, false),(5142, true);
INSERT INTO base_items VALUES(5143,$$Raw Amber$$,$$アンバー原石$$,$$Ambre brut$$,$$Roh-Bernstein$$,$$a8ad7758225$$);
INSERT INTO items(base_item_id, hq) VALUES(5143, false),(5143, true);
INSERT INTO base_items VALUES(5144,$$Raw Spinel$$,$$スピネル原石$$,$$Spinelle brut$$,$$Roh-Spinell$$,$$2f08fdb3533$$);
INSERT INTO items(base_item_id, hq) VALUES(5144, false),(5144, true);
INSERT INTO base_items VALUES(5145,$$Raw Turquoise$$,$$ターコイズ原石$$,$$Turquoise brute$$,$$Roh-Türkis$$,$$5d16b181014$$);
INSERT INTO items(base_item_id, hq) VALUES(5145, false),(5145, true);
INSERT INTO base_items VALUES(5146,$$Raw Ruby$$,$$ルビー原石$$,$$Rubis brut$$,$$Roh-Rubin$$,$$eae6dc583f8$$);
INSERT INTO items(base_item_id, hq) VALUES(5146, false),(5146, true);
INSERT INTO base_items VALUES(5147,$$Raw Diamond$$,$$ダイヤモンド原石$$,$$Diamant brut$$,$$Roh-Diamant$$,$$1c10ecb3fce$$);
INSERT INTO items(base_item_id, hq) VALUES(5147, false),(5147, true);
INSERT INTO base_items VALUES(5148,$$Raw Emerald$$,$$エメラルド原石$$,$$Émeraude brute$$,$$Roh-Smaragd$$,$$35048055422$$);
INSERT INTO items(base_item_id, hq) VALUES(5148, false),(5148, true);
INSERT INTO base_items VALUES(5149,$$Raw Topaz$$,$$トパーズ原石$$,$$Topaze brute$$,$$Roh-Topas$$,$$39686e1a626$$);
INSERT INTO items(base_item_id, hq) VALUES(5149, false),(5149, true);
INSERT INTO base_items VALUES(5150,$$Raw Iolite$$,$$アイオライト原石$$,$$Cordiérite brute$$,$$Roh-Luchssaphir$$,$$dd70c4e1b92$$);
INSERT INTO items(base_item_id, hq) VALUES(5150, false),(5150, true);
INSERT INTO base_items VALUES(5151,$$Raw Sapphire$$,$$サファイア原石$$,$$Saphir brut$$,$$Roh-Saphir$$,$$1674571be07$$);
INSERT INTO items(base_item_id, hq) VALUES(5151, false),(5151, true);
INSERT INTO base_items VALUES(5152,$$Fire Rock$$,$$火性岩$$,$$Pierre de feu$$,$$Feuergestein$$,$$21d1f74573a$$);
INSERT INTO items(base_item_id, hq) VALUES(5152, false),(5152, true);
INSERT INTO base_items VALUES(5153,$$Ice Rock$$,$$氷性岩$$,$$Pierre de glace$$,$$Eisgestein$$,$$33522cb6fc7$$);
INSERT INTO items(base_item_id, hq) VALUES(5153, false),(5153, true);
INSERT INTO base_items VALUES(5154,$$Wind Rock$$,$$風性岩$$,$$Pierre de vent$$,$$Windgestein$$,$$d9653c25a8e$$);
INSERT INTO items(base_item_id, hq) VALUES(5154, false),(5154, true);
INSERT INTO base_items VALUES(5155,$$Earth Rock$$,$$土性岩$$,$$Pierre de terre$$,$$Erdgestein$$,$$343d8db3928$$);
INSERT INTO items(base_item_id, hq) VALUES(5155, false),(5155, true);
INSERT INTO base_items VALUES(5156,$$Lightning Rock$$,$$雷性岩$$,$$Pierre de foudre$$,$$Blitzgestein$$,$$5ce56d08697$$);
INSERT INTO items(base_item_id, hq) VALUES(5156, false),(5156, true);
INSERT INTO base_items VALUES(5157,$$Water Rock$$,$$水性岩$$,$$Pierre d'eau$$,$$Wassergestein$$,$$e005458ba60$$);
INSERT INTO items(base_item_id, hq) VALUES(5157, false),(5157, true);
INSERT INTO base_items VALUES(5158,$$Astral Rock$$,$$星性岩$$,$$Roche astrale$$,$$Astralgestein$$,$$077bb360132$$);
INSERT INTO items(base_item_id, hq) VALUES(5158, false),(5158, true);
INSERT INTO base_items VALUES(5159,$$Red Quartz$$,$$レッドクォーツ$$,$$Quartz rouge$$,$$Roter Quarz$$,$$60c1744ff88$$);
INSERT INTO items(base_item_id, hq) VALUES(5159, false),(5159, true);
INSERT INTO base_items VALUES(5160,$$Blue Quartz$$,$$ブルークォーツ$$,$$Quartz bleu$$,$$Blauer Quarz$$,$$5530b3734f7$$);
INSERT INTO items(base_item_id, hq) VALUES(5160, false),(5160, true);
INSERT INTO base_items VALUES(5161,$$Green Quartz$$,$$グリーンクォーツ$$,$$Quartz vert$$,$$Grüner Quarz$$,$$85982c49b0e$$);
INSERT INTO items(base_item_id, hq) VALUES(5161, false),(5161, true);
INSERT INTO base_items VALUES(5162,$$Yellow Quartz$$,$$イエロークォーツ$$,$$Quartz jaune$$,$$Gelber Quarz$$,$$d5b372811f5$$);
INSERT INTO items(base_item_id, hq) VALUES(5162, false),(5162, true);
INSERT INTO base_items VALUES(5163,$$Violet Quartz$$,$$バイオレットクォーツ$$,$$Quartz violet$$,$$Violetter Quarz$$,$$4cc380ef016$$);
INSERT INTO items(base_item_id, hq) VALUES(5163, false),(5163, true);
INSERT INTO base_items VALUES(5164,$$Indigo Quartz$$,$$インディゴクォーツ$$,$$Quartz indigo$$,$$Indigoblauer Quarz$$,$$916f8a02d32$$);
INSERT INTO items(base_item_id, hq) VALUES(5164, false),(5164, true);
INSERT INTO base_items VALUES(5165,$$White Quartz$$,$$ホワイトクォーツ$$,$$Quartz blanc$$,$$Weißer Quarz$$,$$3013749ee40$$);
INSERT INTO items(base_item_id, hq) VALUES(5165, false),(5165, true);
INSERT INTO base_items VALUES(5166,$$Black Quartz$$,$$ブラッククォーツ$$,$$Quartz noir$$,$$Schwarzer Quarz$$,$$40c3e171498$$);
INSERT INTO items(base_item_id, hq) VALUES(5166, false),(5166, true);
INSERT INTO base_items VALUES(5167,$$Uncultured Pearl$$,$$天然真珠$$,$$Perle brute$$,$$Naturperle$$,$$bbfb4c55a27$$);
INSERT INTO items(base_item_id, hq) VALUES(5167, false),(5167, true);
INSERT INTO base_items VALUES(5168,$$Jade$$,$$ジェード$$,$$Jade$$,$$Jade$$,$$50533af7fe9$$);
INSERT INTO items(base_item_id, hq) VALUES(5168, false),(5168, true);
INSERT INTO base_items VALUES(5169,$$Sunstone$$,$$サンストーン$$,$$Pierre de soleil$$,$$Sonnenstein$$,$$710cb7b7328$$);
INSERT INTO items(base_item_id, hq) VALUES(5169, false),(5169, true);
INSERT INTO base_items VALUES(5170,$$Danburite$$,$$ダンビュライト$$,$$Danburite$$,$$Danburit$$,$$d4b8149862c$$);
INSERT INTO items(base_item_id, hq) VALUES(5170, false),(5170, true);
INSERT INTO base_items VALUES(5171,$$Malachite$$,$$マラカイト$$,$$Malachite$$,$$Malachit$$,$$2ef730ae7f8$$);
INSERT INTO items(base_item_id, hq) VALUES(5171, false),(5171, true);
INSERT INTO base_items VALUES(5172,$$Sphene$$,$$スフェーン$$,$$Sphène$$,$$Titanit$$,$$5cb31444e9e$$);
INSERT INTO items(base_item_id, hq) VALUES(5172, false),(5172, true);
INSERT INTO base_items VALUES(5173,$$Fluorite$$,$$フローライト$$,$$Fluorine$$,$$Fluorit$$,$$97b1d827713$$);
INSERT INTO items(base_item_id, hq) VALUES(5173, false),(5173, true);
INSERT INTO base_items VALUES(5174,$$Lapis Lazuli$$,$$ラピスラズリ$$,$$Lapis-lazuli$$,$$Lapislazuli$$,$$e0be100c6fc$$);
INSERT INTO items(base_item_id, hq) VALUES(5174, false),(5174, true);
INSERT INTO base_items VALUES(5175,$$Garnet$$,$$ガーネット$$,$$Grenat$$,$$Granat$$,$$701065948d0$$);
INSERT INTO items(base_item_id, hq) VALUES(5175, false),(5175, true);
INSERT INTO base_items VALUES(5176,$$Goshenite$$,$$ゴシェナイト$$,$$Goshénite$$,$$Goshenit$$,$$eabc8a74dbb$$);
INSERT INTO items(base_item_id, hq) VALUES(5176, false),(5176, true);
INSERT INTO base_items VALUES(5177,$$Peridot$$,$$ペリドット$$,$$Péridot$$,$$Peridot$$,$$1a11c1054fa$$);
INSERT INTO items(base_item_id, hq) VALUES(5177, false),(5177, true);
INSERT INTO base_items VALUES(5178,$$Heliodor$$,$$ヘリオドール$$,$$Héliodore$$,$$Goldberyll$$,$$972a7396640$$);
INSERT INTO items(base_item_id, hq) VALUES(5178, false),(5178, true);
INSERT INTO base_items VALUES(5179,$$Amethyst$$,$$アメジスト$$,$$Améthyste$$,$$Amethyst$$,$$091b932a616$$);
INSERT INTO items(base_item_id, hq) VALUES(5179, false),(5179, true);
INSERT INTO base_items VALUES(5180,$$Aquamarine$$,$$アクアマリン$$,$$Aigue-marine$$,$$Aquamarin$$,$$0c188c0597e$$);
INSERT INTO items(base_item_id, hq) VALUES(5180, false),(5180, true);
INSERT INTO base_items VALUES(5181,$$Rubellite$$,$$ルベライト$$,$$Rubellite$$,$$Rubellit$$,$$0f172ae0adb$$);
INSERT INTO items(base_item_id, hq) VALUES(5181, false),(5181, true);
INSERT INTO base_items VALUES(5182,$$Zircon$$,$$ジルコン$$,$$Zircon$$,$$Zirkon$$,$$94cb810b80a$$);
INSERT INTO items(base_item_id, hq) VALUES(5182, false),(5182, true);
INSERT INTO base_items VALUES(5183,$$Tourmaline$$,$$トルマリン$$,$$Tourmaline$$,$$Turmalin$$,$$0a9b12c4014$$);
INSERT INTO items(base_item_id, hq) VALUES(5183, false),(5183, true);
INSERT INTO base_items VALUES(5184,$$Amber$$,$$アンバー$$,$$Ambre$$,$$Bernstein$$,$$7b44a315a9d$$);
INSERT INTO items(base_item_id, hq) VALUES(5184, false),(5184, true);
INSERT INTO base_items VALUES(5185,$$Spinel$$,$$スピネル$$,$$Spinelle$$,$$Spinell$$,$$bbc0cf41fd8$$);
INSERT INTO items(base_item_id, hq) VALUES(5185, false),(5185, true);
INSERT INTO base_items VALUES(5186,$$Turquoise$$,$$ターコイズ$$,$$Turquoise$$,$$Türkis$$,$$be818e7f7e6$$);
INSERT INTO items(base_item_id, hq) VALUES(5186, false),(5186, true);
INSERT INTO base_items VALUES(5187,$$Ruby$$,$$ルビー$$,$$Rubis$$,$$Rubin$$,$$c3fccb6fb11$$);
INSERT INTO items(base_item_id, hq) VALUES(5187, false),(5187, true);
INSERT INTO base_items VALUES(5188,$$Diamond$$,$$ダイヤモンド$$,$$Diamant$$,$$Diamant$$,$$0681f580e80$$);
INSERT INTO items(base_item_id, hq) VALUES(5188, false),(5188, true);
INSERT INTO base_items VALUES(5189,$$Emerald$$,$$エメラルド$$,$$Émeraude$$,$$Smaragd$$,$$fe11b0fd541$$);
INSERT INTO items(base_item_id, hq) VALUES(5189, false),(5189, true);
INSERT INTO base_items VALUES(5190,$$Topaz$$,$$トパーズ$$,$$Topaze$$,$$Topas$$,$$21a8a61693f$$);
INSERT INTO items(base_item_id, hq) VALUES(5190, false),(5190, true);
INSERT INTO base_items VALUES(5191,$$Iolite$$,$$アイオライト$$,$$Cordiérite$$,$$Luchssaphir$$,$$82d6da45e50$$);
INSERT INTO items(base_item_id, hq) VALUES(5191, false),(5191, true);
INSERT INTO base_items VALUES(5192,$$Sapphire$$,$$サファイア$$,$$Saphir$$,$$Saphir$$,$$e8612f77006$$);
INSERT INTO items(base_item_id, hq) VALUES(5192, false),(5192, true);
INSERT INTO base_items VALUES(5193,$$Pearl$$,$$ホワイトパール$$,$$Perle$$,$$Weiße Perle$$,$$ad5330d10a5$$);
INSERT INTO items(base_item_id, hq) VALUES(5193, false),(5193, true);
INSERT INTO base_items VALUES(5194,$$Black Pearl$$,$$ブラックパール$$,$$Perle noire$$,$$Schwarze Perle$$,$$97ee05d8840$$);
INSERT INTO items(base_item_id, hq) VALUES(5194, false),(5194, true);
INSERT INTO base_items VALUES(5195,$$Nephrite$$,$$ネフライト$$,$$Néphrite$$,$$Nephrit$$,$$e4a9e687de1$$);
INSERT INTO items(base_item_id, hq) VALUES(5195, false),(5195, true);
INSERT INTO base_items VALUES(5196,$$Jadeite$$,$$ジェダイト$$,$$Jadéite$$,$$Jadeit$$,$$85018d8e697$$);
INSERT INTO items(base_item_id, hq) VALUES(5196, false),(5196, true);
INSERT INTO base_items VALUES(5197,$$Marbled Eye$$,$$ストライプドペブル$$,$$Œil-de-marbre$$,$$Marmoriertes Auge$$,$$e6d297852de$$);
INSERT INTO items(base_item_id, hq) VALUES(5197, false);
INSERT INTO base_items VALUES(5198,$$Eye of Fire$$,$$ファイアペブル$$,$$Œil-de-feu$$,$$Feuerauge$$,$$a0de445252b$$);
INSERT INTO items(base_item_id, hq) VALUES(5198, false),(5198, true);
INSERT INTO base_items VALUES(5199,$$Eye of Ice$$,$$アイスペブル$$,$$Œil-de-glace$$,$$Eisauge$$,$$694eaee649a$$);
INSERT INTO items(base_item_id, hq) VALUES(5199, false),(5199, true);
INSERT INTO base_items VALUES(5200,$$Eye of Wind$$,$$ウィンドペブル$$,$$Œil-de-vent$$,$$Windauge$$,$$bd5584863f3$$);
INSERT INTO items(base_item_id, hq) VALUES(5200, false),(5200, true);
INSERT INTO base_items VALUES(5201,$$Eye of Earth$$,$$アースペブル$$,$$Œil-de-terre$$,$$Erdauge$$,$$1869dfc3b72$$);
INSERT INTO items(base_item_id, hq) VALUES(5201, false),(5201, true);
INSERT INTO base_items VALUES(5202,$$Eye of Lightning$$,$$ライトニングペブル$$,$$Œil-de-foudre$$,$$Blitzauge$$,$$d75a1c7d687$$);
INSERT INTO items(base_item_id, hq) VALUES(5202, false),(5202, true);
INSERT INTO base_items VALUES(5203,$$Eye of Water$$,$$ウォーターペブル$$,$$Œil-d'eau$$,$$Wasserauge$$,$$d33b6df3453$$);
INSERT INTO items(base_item_id, hq) VALUES(5203, false),(5203, true);
INSERT INTO base_items VALUES(5204,$$Astral Eye$$,$$アストラルペブル$$,$$Œil-d'astre$$,$$Astralauge$$,$$5e08d95e2d1$$);
INSERT INTO items(base_item_id, hq) VALUES(5204, false),(5204, true);
INSERT INTO base_items VALUES(5205,$$Umbral Eye$$,$$アンブラルペブル$$,$$Œil-d'ombre$$,$$Schattenauge$$,$$d956830fafb$$);
INSERT INTO items(base_item_id, hq) VALUES(5205, false),(5205, true);
INSERT INTO base_items VALUES(5206,$$Pinprick Pebble$$,$$ブラッディペブル$$,$$Caillou sanglant$$,$$Nadelstich-Kiesel$$,$$bf437a6e26b$$);
INSERT INTO items(base_item_id, hq) VALUES(5206, false);
INSERT INTO base_items VALUES(5207,$$Radiant Eye of Fire$$,$$レイディアントファイアペブル$$,$$Œil-de-feu flamboyant$$,$$Strahlendes Feuerauge$$,$$3f05aca61ac$$);
INSERT INTO items(base_item_id, hq) VALUES(5207, false),(5207, true);
INSERT INTO base_items VALUES(5208,$$Radiant Eye of Ice$$,$$レイディアントアイスペブル$$,$$Œil-de-glace flamboyant$$,$$Strahlendes Eisauge$$,$$9d242bfcee6$$);
INSERT INTO items(base_item_id, hq) VALUES(5208, false),(5208, true);
INSERT INTO base_items VALUES(5209,$$Radiant Eye of Wind$$,$$レイディアントウィンドペブル$$,$$Œil-de-vent flamboyant$$,$$Strahlendes Windauge$$,$$347a93315b4$$);
INSERT INTO items(base_item_id, hq) VALUES(5209, false),(5209, true);
INSERT INTO base_items VALUES(5210,$$Radiant Eye of Earth$$,$$レイディアントアースペブル$$,$$Œil-de-terre flamboyant$$,$$Strahlendes Erdauge$$,$$8b7524c8464$$);
INSERT INTO items(base_item_id, hq) VALUES(5210, false),(5210, true);
INSERT INTO base_items VALUES(5211,$$Radiant Eye of Lightning$$,$$レイディアントライトニングペブル$$,$$Œil-de-foudre flamboyant$$,$$Strahlendes Blitzauge$$,$$20eb946bd77$$);
INSERT INTO items(base_item_id, hq) VALUES(5211, false),(5211, true);
INSERT INTO base_items VALUES(5212,$$Radiant Eye of Water$$,$$レイディアントウォーターペブル$$,$$Œil-d'eau flamboyant$$,$$Strahlendes Wasserauge$$,$$6b1d0f44d64$$);
INSERT INTO items(base_item_id, hq) VALUES(5212, false),(5212, true);
INSERT INTO base_items VALUES(5213,$$Radiant Astral Eye$$,$$レイディアントアストラルペブル$$,$$Œil-d'astre radiant$$,$$Strahlendes Astralauge$$,$$7dff587379f$$);
INSERT INTO items(base_item_id, hq) VALUES(5213, false),(5213, true);
INSERT INTO base_items VALUES(5214,$$Fire Moraine$$,$$ファイアグラベル$$,$$Granulat de feu$$,$$Feuerkies$$,$$cfd0873f642$$);
INSERT INTO items(base_item_id, hq) VALUES(5214, false),(5214, true);
INSERT INTO base_items VALUES(5215,$$Ice Moraine$$,$$アイスグラベル$$,$$Granulat de glace$$,$$Eiskies$$,$$3ef711e8a56$$);
INSERT INTO items(base_item_id, hq) VALUES(5215, false),(5215, true);
INSERT INTO base_items VALUES(5216,$$Wind Moraine$$,$$ウィンドグラベル$$,$$Granulat de vent$$,$$Windkies$$,$$ebec6cdd0f4$$);
INSERT INTO items(base_item_id, hq) VALUES(5216, false),(5216, true);
INSERT INTO base_items VALUES(5217,$$Earth Moraine$$,$$アースグラベル$$,$$Granulat de terre$$,$$Erdkies$$,$$fe7b449360f$$);
INSERT INTO items(base_item_id, hq) VALUES(5217, false),(5217, true);
INSERT INTO base_items VALUES(5218,$$Lightning Moraine$$,$$ライトニンググラベル$$,$$Granulat de foudre$$,$$Blitzkies$$,$$4c115a62e3c$$);
INSERT INTO items(base_item_id, hq) VALUES(5218, false),(5218, true);
INSERT INTO base_items VALUES(5219,$$Water Moraine$$,$$ウォーターグラベル$$,$$Granulat d'eau$$,$$Wasserkies$$,$$54c05858c1f$$);
INSERT INTO items(base_item_id, hq) VALUES(5219, false),(5219, true);
INSERT INTO base_items VALUES(5220,$$Radiant Fire Moraine$$,$$レイディアントファイアグラベル$$,$$Granulat de feu flamboyant$$,$$Strahlender Feuerkies$$,$$b21fb0eeefa$$);
INSERT INTO items(base_item_id, hq) VALUES(5220, false),(5220, true);
INSERT INTO base_items VALUES(5221,$$Radiant Ice Moraine$$,$$レイディアントアイスグラベル$$,$$Granulat de glace flamboyant$$,$$Strahlender Eiskies$$,$$b44003b2f57$$);
INSERT INTO items(base_item_id, hq) VALUES(5221, false),(5221, true);
INSERT INTO base_items VALUES(5222,$$Radiant Wind Moraine$$,$$レイディアントウィンドグラベル$$,$$Granulat de vent flamboyant$$,$$Strahlender Windkies$$,$$f5175a380d6$$);
INSERT INTO items(base_item_id, hq) VALUES(5222, false),(5222, true);
INSERT INTO base_items VALUES(5223,$$Radiant Earth Moraine$$,$$レイディアントアースグラベル$$,$$Granulat de terre flamboyant$$,$$Strahlender Erdkies$$,$$002c690de6c$$);
INSERT INTO items(base_item_id, hq) VALUES(5223, false),(5223, true);
INSERT INTO base_items VALUES(5224,$$Radiant Lightning Moraine$$,$$レイディアントライトニンググラベル$$,$$Granulat de foudre flamboyant$$,$$Strahlender Blitzkies$$,$$981f7c4c83c$$);
INSERT INTO items(base_item_id, hq) VALUES(5224, false),(5224, true);
INSERT INTO base_items VALUES(5225,$$Radiant Water Moraine$$,$$レイディアントウォーターグラベル$$,$$Granulat d'eau flamboyant$$,$$Strahlender Wasserkies$$,$$bfee95e10c9$$);
INSERT INTO items(base_item_id, hq) VALUES(5225, false),(5225, true);
INSERT INTO base_items VALUES(5226,$$Astral Moraine$$,$$アストラルグラベル$$,$$Granulat astral$$,$$Lichtkies$$,$$da52f71fcc6$$);
INSERT INTO items(base_item_id, hq) VALUES(5226, false),(5226, true);
INSERT INTO base_items VALUES(5227,$$Umbral Moraine$$,$$アンブラルグラベル$$,$$Granulat ombral$$,$$Schattenkies$$,$$51d44304095$$);
INSERT INTO items(base_item_id, hq) VALUES(5227, false),(5227, true);
INSERT INTO base_items VALUES(5228,$$Ragstone$$,$$砂岩$$,$$Grès$$,$$Sandstein$$,$$647551254cd$$);
INSERT INTO items(base_item_id, hq) VALUES(5228, false),(5228, true);
INSERT INTO base_items VALUES(5229,$$Mudstone$$,$$泥岩$$,$$Mudstone$$,$$Tonstein$$,$$49d2e893222$$);
INSERT INTO items(base_item_id, hq) VALUES(5229, false),(5229, true);
INSERT INTO base_items VALUES(5230,$$Limestone$$,$$石灰岩$$,$$Pierre calcaire$$,$$Kalkstein$$,$$9465f94c140$$);
INSERT INTO items(base_item_id, hq) VALUES(5230, false),(5230, true);
INSERT INTO base_items VALUES(5231,$$Siltstone$$,$$シルト岩$$,$$Siltstone$$,$$Schluffstein$$,$$f65419a5df1$$);
INSERT INTO items(base_item_id, hq) VALUES(5231, false),(5231, true);
INSERT INTO base_items VALUES(5232,$$Stiperstone$$,$$珪岩$$,$$Quartzite$$,$$Quarzit$$,$$c4981056cb4$$);
INSERT INTO items(base_item_id, hq) VALUES(5232, false),(5232, true);
INSERT INTO base_items VALUES(5233,$$Red O'Ghomoro Slag$$,$$オ・ゴモロの赤廃石$$,$$Caillou rouge d'O'Ghomoro$$,$$Rote O'Ghomoro-Schlacke$$,$$4c04eb21622$$);
INSERT INTO items(base_item_id, hq) VALUES(5233, false),(5233, true);
INSERT INTO base_items VALUES(5234,$$Brown O'Ghomoro Slag$$,$$オ・ゴモロの褐廃石$$,$$Caillou brun d'O'Ghomoro$$,$$Braune O'Ghomoro-Schlacke$$,$$c8457b619f4$$);
INSERT INTO items(base_item_id, hq) VALUES(5234, false),(5234, true);
INSERT INTO base_items VALUES(5235,$$Yellow O'Ghomoro Slag$$,$$オ・ゴモロの黄廃石$$,$$Caillou jaune d'O'Ghomoro$$,$$Gelbe O'Ghomoro-Schlacke$$,$$019dd426821$$);
INSERT INTO items(base_item_id, hq) VALUES(5235, false),(5235, true);
INSERT INTO base_items VALUES(5236,$$Grey O'Ghomoro Slag$$,$$オ・ゴモロの灰廃石$$,$$Caillou gris d'O'Ghomoro$$,$$Graue O'Ghomoro-Schlacke$$,$$14ef9bcdab8$$);
INSERT INTO items(base_item_id, hq) VALUES(5236, false),(5236, true);
INSERT INTO base_items VALUES(5237,$$Black O'Ghomoro Slag$$,$$オ・ゴモロの黒廃石$$,$$Caillou noir d'O'Ghomoro$$,$$Schwarze O'Ghomoro-Schlacke$$,$$d988688863c$$);
INSERT INTO items(base_item_id, hq) VALUES(5237, false),(5237, true);
INSERT INTO base_items VALUES(5238,$$Purple Sagolii Slag$$,$$サゴリーの紫廃石$$,$$Caillou violet de Sagolii$$,$$Purpurne Sagolii-Schlacke$$,$$2fe77ec71f1$$);
INSERT INTO items(base_item_id, hq) VALUES(5238, false),(5238, true);
INSERT INTO base_items VALUES(5239,$$Brown Sagolii Slag$$,$$サゴリーの褐廃石$$,$$Caillou marron de Sagolii$$,$$Braune Sagolii-Schlacke$$,$$247cce49780$$);
INSERT INTO items(base_item_id, hq) VALUES(5239, false),(5239, true);
INSERT INTO base_items VALUES(5240,$$Yellow Sagolii Slag$$,$$サゴリーの黄廃石$$,$$Caillou jaune de Sagolii$$,$$Gelbe Sagolii-Schlacke$$,$$bd684c9c7fb$$);
INSERT INTO items(base_item_id, hq) VALUES(5240, false),(5240, true);
INSERT INTO base_items VALUES(5241,$$Grey Sagolii Slag$$,$$サゴリーの灰廃石$$,$$Caillou gris de Sagolii$$,$$Graue Sagolii-Schlacke$$,$$2028d15015b$$);
INSERT INTO items(base_item_id, hq) VALUES(5241, false),(5241, true);
INSERT INTO base_items VALUES(5242,$$Black Sagolii Slag$$,$$サゴリーの黒廃石$$,$$Caillou noir de Sagolii$$,$$Schwarze Sagolii-Schlacke$$,$$a07fe27a541$$);
INSERT INTO items(base_item_id, hq) VALUES(5242, false),(5242, true);
INSERT INTO base_items VALUES(5243,$$Green Tinolqa Slag$$,$$ティノルカの翠廃石$$,$$Caillou vert de Tinolqa$$,$$Grüne Tinolqa-Schlacke$$,$$cd39037b766$$);
INSERT INTO items(base_item_id, hq) VALUES(5243, false),(5243, true);
INSERT INTO base_items VALUES(5244,$$Brown Tinolqa Slag$$,$$ティノルカの褐廃石$$,$$Caillou marron de Tinolqa$$,$$Braune Tinolqa-Schlacke$$,$$521d033a1fb$$);
INSERT INTO items(base_item_id, hq) VALUES(5244, false),(5244, true);
INSERT INTO base_items VALUES(5245,$$Yellow Tinolqa Slag$$,$$ティノルカの黄廃石$$,$$Caillou jaune de Tinolqa$$,$$Gelbe Tinolqa-Schlacke$$,$$73ac4ea1a75$$);
INSERT INTO items(base_item_id, hq) VALUES(5245, false),(5245, true);
INSERT INTO base_items VALUES(5246,$$Grey Tinolqa Slag$$,$$ティノルカの灰廃石$$,$$Caillou gris de Tinolqa$$,$$Graue Tinolqa-Schlacke$$,$$f2338a375ba$$);
INSERT INTO items(base_item_id, hq) VALUES(5246, false),(5246, true);
INSERT INTO base_items VALUES(5247,$$Black Tinolqa Slag$$,$$ティノルカの黒廃石$$,$$Caillou noir de Tinolqa$$,$$Schwarze Tinolqa-Schlacke$$,$$ddfdb11b3f8$$);
INSERT INTO items(base_item_id, hq) VALUES(5247, false),(5247, true);
INSERT INTO base_items VALUES(5248,$$Red Abalathian Slag$$,$$アバラシアの赤廃石$$,$$Caillou rouge d'Abalathia$$,$$Rote Abalathia-Schlacke$$,$$8ff10a5d540$$);
INSERT INTO items(base_item_id, hq) VALUES(5248, false),(5248, true);
INSERT INTO base_items VALUES(5249,$$Brown Abalathian Slag$$,$$アバラシアの褐廃石$$,$$Caillou marron d'Abalathia$$,$$Braune Abalathia-Schlacke$$,$$b41322bc022$$);
INSERT INTO items(base_item_id, hq) VALUES(5249, false),(5249, true);
INSERT INTO base_items VALUES(5250,$$Blue Abalathian Slag$$,$$アバラシアの紺廃石$$,$$Caillou bleu d'Abalathia$$,$$Gelbe Abalathia-Schlacke$$,$$ff8592a18c9$$);
INSERT INTO items(base_item_id, hq) VALUES(5250, false),(5250, true);
INSERT INTO base_items VALUES(5251,$$Grey Abalathian Slag$$,$$アバラシアの灰廃石$$,$$Caillou gris d'Abalathia$$,$$Graue Abalathia-Schlacke$$,$$f41b0276332$$);
INSERT INTO items(base_item_id, hq) VALUES(5251, false),(5251, true);
INSERT INTO base_items VALUES(5252,$$White Abalathian Slag$$,$$アバラシアの白廃石$$,$$Caillou blanc d'Abalathia$$,$$Schwarze Abalathia-Schlacke$$,$$93e251f6d34$$);
INSERT INTO items(base_item_id, hq) VALUES(5252, false),(5252, true);
INSERT INTO base_items VALUES(5253,$$Red Mor Dhonan Slag$$,$$モードゥナの赤廃石$$,$$Caillou rouge du Mor Dhona$$,$$Rote Mor Dhona-Schlacke$$,$$b1a14c6e1d1$$);
INSERT INTO items(base_item_id, hq) VALUES(5253, false),(5253, true);
INSERT INTO base_items VALUES(5254,$$Black Mor Dhonan Slag$$,$$モードゥナの黒廃石$$,$$Caillou noir du Mor Dhona$$,$$Schwarze Mor Dhona-Schlacke$$,$$fdba147af39$$);
INSERT INTO items(base_item_id, hq) VALUES(5254, false),(5254, true);
INSERT INTO base_items VALUES(5255,$$Yellow Mor Dhonan Slag$$,$$モードゥナの黄廃石$$,$$Caillou jaune du Mor Dhona$$,$$Gelbe Mor Dhona-Schlacke$$,$$22d7c1133ef$$);
INSERT INTO items(base_item_id, hq) VALUES(5255, false),(5255, true);
INSERT INTO base_items VALUES(5256,$$Grey Mor Dhonan Slag$$,$$モードゥナの灰廃石$$,$$Caillou gris du Mor Dhona$$,$$Graue Mor Dhona-Schlacke$$,$$0f0835a397b$$);
INSERT INTO items(base_item_id, hq) VALUES(5256, false),(5256, true);
INSERT INTO base_items VALUES(5257,$$White Mor Dhonan Slag$$,$$モードゥナの白廃石$$,$$Caillou blanc du Mor Dhona$$,$$Weiße Mor Dhona-Schlacke$$,$$8b654bf91ce$$);
INSERT INTO items(base_item_id, hq) VALUES(5257, false),(5257, true);
INSERT INTO base_items VALUES(5258,$$Ragstone Whetstone$$,$$砂岩砥石$$,$$Pierre à aiguiser en grès$$,$$Sandwetzstein$$,$$c94d178960a$$);
INSERT INTO items(base_item_id, hq) VALUES(5258, false),(5258, true);
INSERT INTO base_items VALUES(5259,$$Mudstone Whetstone$$,$$泥岩砥石$$,$$Pierre à aiguiser en mudstone$$,$$Tonwetzstein$$,$$0b36128ae1f$$);
INSERT INTO items(base_item_id, hq) VALUES(5259, false),(5259, true);
INSERT INTO base_items VALUES(5260,$$Siltstone Whetstone$$,$$シルト岩砥石$$,$$Pierre à aiguiser en siltstone$$,$$Schluffwetzstein$$,$$67b5ffc7451$$);
INSERT INTO items(base_item_id, hq) VALUES(5260, false),(5260, true);
INSERT INTO base_items VALUES(5261,$$Aqueous Whetstone$$,$$水成岩砥石$$,$$Pierre à aiguiser sédimentaire$$,$$Sediment-Wetzstein$$,$$76ae2d8195d$$);
INSERT INTO items(base_item_id, hq) VALUES(5261, false),(5261, true);
INSERT INTO base_items VALUES(5262,$$Basilisk Whetstone$$,$$卵砥石$$,$$Pierre à aiguiser basilic$$,$$Basilisk-Wetzstein$$,$$25c4ca7304f$$);
INSERT INTO items(base_item_id, hq) VALUES(5262, false),(5262, true);
INSERT INTO base_items VALUES(5263,$$Basilisk Egg$$,$$バジリスクの卵$$,$$Œuf de basilic$$,$$Basilisken-Ei$$,$$34a4d0429d7$$);
INSERT INTO items(base_item_id, hq) VALUES(5263, false),(5263, true);
INSERT INTO base_items VALUES(5265,$$River Sand$$,$$川砂$$,$$Sable de rivière$$,$$Flusssand$$,$$1ca84415256$$);
INSERT INTO items(base_item_id, hq) VALUES(5265, false),(5265, true);
INSERT INTO base_items VALUES(5266,$$Sea Sand$$,$$海砂$$,$$Sable marin$$,$$Meersand$$,$$c467bc5c744$$);
INSERT INTO items(base_item_id, hq) VALUES(5266, false),(5266, true);
INSERT INTO base_items VALUES(5267,$$Fine Sand$$,$$細砂$$,$$Sable fin$$,$$Feiner Sand$$,$$3c493a9c7c8$$);
INSERT INTO items(base_item_id, hq) VALUES(5267, false),(5267, true);
INSERT INTO base_items VALUES(5268,$$Copper Sand$$,$$銅砂$$,$$Sable de cuivre$$,$$Kupfersand$$,$$1609b4fa596$$);
INSERT INTO items(base_item_id, hq) VALUES(5268, false),(5268, true);
INSERT INTO base_items VALUES(5269,$$Iron Sand$$,$$砂鉄$$,$$Sable de fer$$,$$Eisensand$$,$$015ba1eca1d$$);
INSERT INTO items(base_item_id, hq) VALUES(5269, false),(5269, true);
INSERT INTO base_items VALUES(5270,$$Silver Sand$$,$$銀砂$$,$$Sable d'argent$$,$$Silbersand$$,$$46469b97f5c$$);
INSERT INTO items(base_item_id, hq) VALUES(5270, false),(5270, true);
INSERT INTO base_items VALUES(5271,$$Mythril Sand$$,$$霊銀砂$$,$$Sable de mithril$$,$$Mithrilsand$$,$$2ae3aa73111$$);
INSERT INTO items(base_item_id, hq) VALUES(5271, false),(5271, true);
INSERT INTO base_items VALUES(5272,$$Electrum Sand$$,$$青金砂$$,$$Sable d'électrum$$,$$Elektrumsand$$,$$9aa9a7e215b$$);
INSERT INTO items(base_item_id, hq) VALUES(5272, false),(5272, true);
INSERT INTO base_items VALUES(5273,$$Gold Sand$$,$$金砂$$,$$Sable d'or$$,$$Goldsand$$,$$27b53e13b60$$);
INSERT INTO items(base_item_id, hq) VALUES(5273, false),(5273, true);
INSERT INTO base_items VALUES(5274,$$Minium$$,$$鉛丹$$,$$Oxyde de plomb$$,$$Minium-Klumpen$$,$$e75c79574e6$$);
INSERT INTO items(base_item_id, hq) VALUES(5274, false),(5274, true);
INSERT INTO base_items VALUES(5275,$$Leather$$,$$レザー$$,$$Cuir$$,$$Leder$$,$$36fbe0dbfdb$$);
INSERT INTO items(base_item_id, hq) VALUES(5275, false),(5275, true);
INSERT INTO base_items VALUES(5276,$$Hard Leather$$,$$ハードレザー$$,$$Cuir rigide$$,$$Juchleder$$,$$50677e12554$$);
INSERT INTO items(base_item_id, hq) VALUES(5276, false),(5276, true);
INSERT INTO base_items VALUES(5277,$$Aldgoat Leather$$,$$アルドゴートレザー$$,$$Cuir de bouquetin$$,$$Steinbockleder$$,$$efa98e6694b$$);
INSERT INTO items(base_item_id, hq) VALUES(5277, false),(5277, true);
INSERT INTO base_items VALUES(5278,$$Buffalo Leather$$,$$バッファローレザー$$,$$Cuir de buffle$$,$$Büffelleder$$,$$e5466bab3ae$$);
INSERT INTO items(base_item_id, hq) VALUES(5278, false),(5278, true);
INSERT INTO base_items VALUES(5279,$$Wolf Leather$$,$$ウルフレザー$$,$$Cuir de loup$$,$$Wolfsleder$$,$$59c0819b4ae$$);
INSERT INTO items(base_item_id, hq) VALUES(5279, false),(5279, true);
INSERT INTO base_items VALUES(5280,$$Toad Leather$$,$$ギガントードレザー$$,$$Cuir de crapaud$$,$$Krötenleder$$,$$da59dc64105$$);
INSERT INTO items(base_item_id, hq) VALUES(5280, false),(5280, true);
INSERT INTO base_items VALUES(5281,$$Nakki Leather$$,$$ナッキレザー$$,$$Cuir de nakki$$,$$Nöck-Leder$$,$$72f5a337231$$);
INSERT INTO items(base_item_id, hq) VALUES(5281, false),(5281, true);
INSERT INTO base_items VALUES(5282,$$Boar Leather$$,$$ボアレザー$$,$$Cuir de sanglier$$,$$Keilerleder$$,$$ffcc67667dc$$);
INSERT INTO items(base_item_id, hq) VALUES(5282, false),(5282, true);
INSERT INTO base_items VALUES(5283,$$Basilisk Leather$$,$$バジリスクレザー$$,$$Cuir de basilic$$,$$Basiliskenleder$$,$$05a31998264$$);
INSERT INTO items(base_item_id, hq) VALUES(5283, false),(5283, true);
INSERT INTO base_items VALUES(5284,$$Peiste Leather$$,$$ペイストレザー$$,$$Cuir de peiste$$,$$Peiste-Leder$$,$$5e936ccb91f$$);
INSERT INTO items(base_item_id, hq) VALUES(5284, false),(5284, true);
INSERT INTO base_items VALUES(5285,$$Raptor Leather$$,$$ラプトルレザー$$,$$Cuir de raptor$$,$$Raptorleder$$,$$49df790fc93$$);
INSERT INTO items(base_item_id, hq) VALUES(5285, false),(5285, true);
INSERT INTO base_items VALUES(5286,$$Dodore Leather$$,$$ドドレレザー$$,$$Cuir de Dodore$$,$$Dodore-Leder$$,$$4ded16682b8$$);
INSERT INTO items(base_item_id, hq) VALUES(5286, false),(5286, true);
INSERT INTO base_items VALUES(5287,$$Uraeus Leather$$,$$ウラエウスレザー$$,$$Cuir d'Uraeus$$,$$Uräusschlangenleder$$,$$b953802ff9b$$);
INSERT INTO items(base_item_id, hq) VALUES(5287, false),(5287, true);
INSERT INTO base_items VALUES(5288,$$Hippogryph Leather$$,$$ヒッポグリフレザー$$,$$Cuir d'hippogriffe$$,$$Gryphenleder$$,$$85c07e7b714$$);
INSERT INTO items(base_item_id, hq) VALUES(5288, false),(5288, true);
INSERT INTO base_items VALUES(5290,$$Coeurl Fur$$,$$クァールファー$$,$$Fourrure de coeurl$$,$$Coeurl-Fell$$,$$3270761c6f0$$);
INSERT INTO items(base_item_id, hq) VALUES(5290, false),(5290, true);
INSERT INTO base_items VALUES(5291,$$Animal Skin$$,$$柔らかな粗皮$$,$$Peau souple$$,$$Weiche Tierhaut$$,$$328ed8bc10d$$);
INSERT INTO items(base_item_id, hq) VALUES(5291, false),(5291, true);
INSERT INTO base_items VALUES(5292,$$Animal Hide$$,$$ざらついた粗皮$$,$$Peau rugueuse$$,$$Harte Tierhaut$$,$$30979343fc5$$);
INSERT INTO items(base_item_id, hq) VALUES(5292, false),(5292, true);
INSERT INTO base_items VALUES(5293,$$Rat Pelt$$,$$ラットの粗皮$$,$$Peau de rat$$,$$Rattenpelz$$,$$44044e41fb7$$);
INSERT INTO items(base_item_id, hq) VALUES(5293, false),(5293, true);
INSERT INTO base_items VALUES(5294,$$Jackal Hide$$,$$ジャッカルの粗皮$$,$$Peau de chacal$$,$$Schakalhaut$$,$$9d3cd70ed1a$$);
INSERT INTO items(base_item_id, hq) VALUES(5294, false),(5294, true);
INSERT INTO base_items VALUES(5295,$$Squirrel Pelt$$,$$スクウィレルの粗皮$$,$$Peau d'écureuil$$,$$Baumhörnchenpelz$$,$$64f6048a924$$);
INSERT INTO items(base_item_id, hq) VALUES(5295, false),(5295, true);
INSERT INTO base_items VALUES(5296,$$Aldgoat Skin$$,$$アルドゴートの粗皮$$,$$Peau de bouquetin$$,$$Steinbockhaut$$,$$f6cf914942b$$);
INSERT INTO items(base_item_id, hq) VALUES(5296, false),(5296, true);
INSERT INTO base_items VALUES(5297,$$Marmot Pelt$$,$$マーモットの粗皮$$,$$Peau de marmotte$$,$$Murmelhörnchenpelz$$,$$c6a55f7dc03$$);
INSERT INTO items(base_item_id, hq) VALUES(5297, false),(5297, true);
INSERT INTO base_items VALUES(5298,$$Buffalo Hide$$,$$バッファローの粗皮$$,$$Peau de buffle$$,$$Büffelhaut$$,$$56cdc95983c$$);
INSERT INTO items(base_item_id, hq) VALUES(5298, false),(5298, true);
INSERT INTO base_items VALUES(5299,$$Dormouse Pelt$$,$$ドーマウスの粗皮$$,$$Peau de souris$$,$$Bilchpelz$$,$$68a96eeece2$$);
INSERT INTO items(base_item_id, hq) VALUES(5299, false),(5299, true);
INSERT INTO base_items VALUES(5300,$$Gigantoad Skin$$,$$ギガントードの粗皮$$,$$Peau de crapaud géant$$,$$Karpfenkrötenhaut$$,$$d9c03d0713d$$);
INSERT INTO items(base_item_id, hq) VALUES(5300, false),(5300, true);
INSERT INTO base_items VALUES(5301,$$Nakki Skin$$,$$ナッキの粗皮$$,$$Peau de nakki$$,$$Nöck-Haut$$,$$d3913ad6026$$);
INSERT INTO items(base_item_id, hq) VALUES(5301, false),(5301, true);
INSERT INTO base_items VALUES(5302,$$Hog Hide$$,$$ホッグの粗皮$$,$$Peau de verrat$$,$$Eberhaut$$,$$410cd9e2556$$);
INSERT INTO items(base_item_id, hq) VALUES(5302, false),(5302, true);
INSERT INTO base_items VALUES(5303,$$Boar Hide$$,$$ボアの粗皮$$,$$Peau de sanglier$$,$$Keilerhaut$$,$$c6ba263c32e$$);
INSERT INTO items(base_item_id, hq) VALUES(5303, false),(5303, true);
INSERT INTO base_items VALUES(5304,$$Hellhound Hide$$,$$ヘルハウンドの粗皮$$,$$Peau de barghest$$,$$Höllenhundhaut$$,$$0a74600f3d6$$);
INSERT INTO items(base_item_id, hq) VALUES(5304, false),(5304, true);
INSERT INTO base_items VALUES(5305,$$Wolf Hide$$,$$ウルフの粗皮$$,$$Peau de loup$$,$$Wolfshaut$$,$$8544b3329ed$$);
INSERT INTO items(base_item_id, hq) VALUES(5305, false),(5305, true);
INSERT INTO base_items VALUES(5306,$$Peiste Skin$$,$$ペイストの粗皮$$,$$Peau de peiste$$,$$Peiste-Haut$$,$$ab4f35e6474$$);
INSERT INTO items(base_item_id, hq) VALUES(5306, false),(5306, true);
INSERT INTO base_items VALUES(5307,$$Basilisk Skin$$,$$バジリスクの粗皮$$,$$Peau de basilic$$,$$Basiliskenhaut$$,$$28ee025a0f1$$);
INSERT INTO items(base_item_id, hq) VALUES(5307, false),(5307, true);
INSERT INTO base_items VALUES(5308,$$Karakul Skin$$,$$カラクールの粗皮$$,$$Peau de karakul$$,$$Karakulhaut$$,$$976c16fc5c9$$);
INSERT INTO items(base_item_id, hq) VALUES(5308, false),(5308, true);
INSERT INTO base_items VALUES(5309,$$Lindwurm Skin$$,$$リンドブルムの粗皮$$,$$Peau de lindwurm$$,$$Lindwurmhaut$$,$$7e5551eb21c$$);
INSERT INTO items(base_item_id, hq) VALUES(5309, false),(5309, true);
INSERT INTO base_items VALUES(5310,$$Raptor Skin$$,$$ラプトルの粗皮$$,$$Peau de raptor$$,$$Raptor-Haut$$,$$4d46309aa4d$$);
INSERT INTO items(base_item_id, hq) VALUES(5310, false),(5310, true);
INSERT INTO base_items VALUES(5311,$$Drake Skin$$,$$ドレイクの粗皮$$,$$Peau de draconide$$,$$Drakon-Haut$$,$$793ea9b4785$$);
INSERT INTO items(base_item_id, hq) VALUES(5311, false),(5311, true);
INSERT INTO base_items VALUES(5312,$$Goobbue Skin$$,$$グゥーブーの粗皮$$,$$Peau de goobbue$$,$$Goobbue-Haut$$,$$2fdcfeb9dc9$$);
INSERT INTO items(base_item_id, hq) VALUES(5312, false),(5312, true);
INSERT INTO base_items VALUES(5313,$$Dodore Wing$$,$$ドドレの翼$$,$$Aile de Dodore$$,$$Dodore-Flügel$$,$$9c7e06ff21e$$);
INSERT INTO items(base_item_id, hq) VALUES(5313, false),(5313, true);
INSERT INTO base_items VALUES(5314,$$Uraeus Skin$$,$$ウラエウスの粗皮$$,$$Peau d'Uraeus$$,$$Uräusschlangenhaut$$,$$373a1490d19$$);
INSERT INTO items(base_item_id, hq) VALUES(5314, false),(5314, true);
INSERT INTO base_items VALUES(5315,$$Biast Skin$$,$$ビアストの粗皮$$,$$Peau de biast$$,$$Smei-Haut$$,$$c259679ba22$$);
INSERT INTO items(base_item_id, hq) VALUES(5315, false),(5315, true);
INSERT INTO base_items VALUES(5316,$$Hippogryph Skin$$,$$ヒッポグリフの粗皮$$,$$Peau d'hippogriffe$$,$$Hippogryphen-Haut$$,$$29f9038796d$$);
INSERT INTO items(base_item_id, hq) VALUES(5316, false),(5316, true);
INSERT INTO base_items VALUES(5317,$$Coeurl Skin$$,$$クァールの粗皮$$,$$Peau de coeurl$$,$$Coeurl-Haut$$,$$da733e18e99$$);
INSERT INTO items(base_item_id, hq) VALUES(5317, false),(5317, true);
INSERT INTO base_items VALUES(5318,$$Animal Sinew$$,$$丈夫な腱$$,$$Tendon robuste$$,$$Feste Sehne$$,$$ee5a8615b2d$$);
INSERT INTO items(base_item_id, hq) VALUES(5318, false),(5318, true);
INSERT INTO base_items VALUES(5319,$$Beast Sinew$$,$$しなやかな腱$$,$$Tendon flexible$$,$$Flexible Sehne$$,$$833354a949f$$);
INSERT INTO items(base_item_id, hq) VALUES(5319, false),(5319, true);
INSERT INTO base_items VALUES(5320,$$Diremite Sinew$$,$$ダイアマイトの腱$$,$$Tendon d'acarus$$,$$Schaudermilbensehne$$,$$ea11e8dd699$$);
INSERT INTO items(base_item_id, hq) VALUES(5320, false),(5320, true);
INSERT INTO base_items VALUES(5321,$$Hippogryph Sinew$$,$$ヒッポグリフの腱$$,$$Tendon d'hippogriffe$$,$$Hippogryphen-Sehne$$,$$5a810e05833$$);
INSERT INTO items(base_item_id, hq) VALUES(5321, false),(5321, true);
INSERT INTO base_items VALUES(5322,$$Raptor Sinew$$,$$ラプトルの腱$$,$$Tendon de raptor$$,$$Raptor-Sehne$$,$$456649c4611$$);
INSERT INTO items(base_item_id, hq) VALUES(5322, false),(5322, true);
INSERT INTO base_items VALUES(5324,$$Undyed Hempen Cloth$$,$$草布$$,$$Étoffe de chanvre$$,$$Naturbelassener Hanf$$,$$ceabb90bd53$$);
INSERT INTO items(base_item_id, hq) VALUES(5324, false),(5324, true);
INSERT INTO base_items VALUES(5325,$$Undyed Cotton Cloth$$,$$綿布$$,$$Étoffe de coton$$,$$Naturbelassene Baumwolle$$,$$2428d537575$$);
INSERT INTO items(base_item_id, hq) VALUES(5325, false),(5325, true);
INSERT INTO base_items VALUES(5326,$$Undyed Velveteen$$,$$別珍$$,$$Étoffe de veloutine$$,$$Naturbelassener Samt$$,$$0128078048a$$);
INSERT INTO items(base_item_id, hq) VALUES(5326, false),(5326, true);
INSERT INTO base_items VALUES(5327,$$Undyed Linen$$,$$亜麻布$$,$$Étoffe de lin$$,$$Naturbelassenes Leinen$$,$$17cb4d265a9$$);
INSERT INTO items(base_item_id, hq) VALUES(5327, false),(5327, true);
INSERT INTO base_items VALUES(5328,$$Undyed Woolen Cloth$$,$$羅紗$$,$$Étoffe de laine$$,$$Naturbelassene Wolle$$,$$8e038988b05$$);
INSERT INTO items(base_item_id, hq) VALUES(5328, false),(5328, true);
INSERT INTO base_items VALUES(5329,$$Undyed Felt$$,$$不織布$$,$$Étoffe de feutre$$,$$Filzstoff$$,$$15a435554dd$$);
INSERT INTO items(base_item_id, hq) VALUES(5329, false),(5329, true);
INSERT INTO base_items VALUES(5333,$$Hempen Yarn$$,$$草糸$$,$$Fil de chanvre$$,$$Hanfgarn$$,$$dcea9eedffc$$);
INSERT INTO items(base_item_id, hq) VALUES(5333, false),(5333, true);
INSERT INTO base_items VALUES(5334,$$Cotton Yarn$$,$$綿糸$$,$$Fil de coton$$,$$Baumwollgarn$$,$$de7e784e733$$);
INSERT INTO items(base_item_id, hq) VALUES(5334, false),(5334, true);
INSERT INTO base_items VALUES(5335,$$Dew Thread$$,$$露糸$$,$$Fil de la rosée$$,$$Perlenfäden$$,$$9d799d5cf69$$);
INSERT INTO items(base_item_id, hq) VALUES(5335, false),(5335, true);
INSERT INTO base_items VALUES(5336,$$Linen Yarn$$,$$亜麻糸$$,$$Fil de lin$$,$$Leinengarn$$,$$053c0021a62$$);
INSERT INTO items(base_item_id, hq) VALUES(5336, false),(5336, true);
INSERT INTO base_items VALUES(5337,$$Woolen Yarn$$,$$毛糸$$,$$Fil de laine$$,$$Wollgarn$$,$$721d6767a1b$$);
INSERT INTO items(base_item_id, hq) VALUES(5337, false),(5337, true);
INSERT INTO base_items VALUES(5338,$$Twinthread$$,$$山繭糸$$,$$Fil de soie$$,$$Vanya-Seidenfäden$$,$$bda688630c3$$);
INSERT INTO items(base_item_id, hq) VALUES(5338, false),(5338, true);
INSERT INTO base_items VALUES(5339,$$Carbon Fiber$$,$$カーボンファイバー$$,$$Fibre de carbone$$,$$Kohlefaser$$,$$7ed697362ed$$);
INSERT INTO items(base_item_id, hq) VALUES(5339, false),(5339, true);
INSERT INTO base_items VALUES(5340,$$Garlean Fiber$$,$$帝国製強化繊維$$,$$Fibre impériale$$,$$Garleischer Faserstoff$$,$$1583250b7dc$$);
INSERT INTO items(base_item_id, hq) VALUES(5340, false),(5340, true);
INSERT INTO base_items VALUES(5341,$$Moko Grass$$,$$モコ草$$,$$Herbe de moko$$,$$Moko-Gras$$,$$32cbc65d384$$);
INSERT INTO items(base_item_id, hq) VALUES(5341, false),(5341, true);
INSERT INTO base_items VALUES(5342,$$Straw$$,$$麦わら$$,$$Paille$$,$$Stroh$$,$$df37c692670$$);
INSERT INTO items(base_item_id, hq) VALUES(5342, false),(5342, true);
INSERT INTO base_items VALUES(5343,$$Cotton Boll$$,$$草綿$$,$$Fleur de coton$$,$$Baumwoll-Samenkapsel$$,$$16fbb674447$$);
INSERT INTO items(base_item_id, hq) VALUES(5343, false),(5343, true);
INSERT INTO base_items VALUES(5344,$$Cotton Stuffing$$,$$木綿$$,$$Fibres de coton$$,$$Baumwollfüllung$$,$$d7a167a9f5a$$);
INSERT INTO items(base_item_id, hq) VALUES(5344, false),(5344, true);
INSERT INTO base_items VALUES(5345,$$Diremite Web$$,$$ダイアマイトウェブ$$,$$Toile d'acarus$$,$$Schaudermilbennetz$$,$$9b92838b9d2$$);
INSERT INTO items(base_item_id, hq) VALUES(5345, false),(5345, true);
INSERT INTO base_items VALUES(5347,$$Fleece$$,$$フリース$$,$$Toison$$,$$Vlies$$,$$03b2f11af62$$);
INSERT INTO items(base_item_id, hq) VALUES(5347, false),(5347, true);
INSERT INTO base_items VALUES(5348,$$Apkallu Down$$,$$アプカルの綿毛$$,$$Duvet d'apkallu$$,$$Apkallu-Daunen$$,$$dbe33ac74af$$);
INSERT INTO items(base_item_id, hq) VALUES(5348, false),(5348, true);
INSERT INTO base_items VALUES(5349,$$Snurble Tufts$$,$$スナーブルのタテガミ$$,$$Touffe de lainuche$$,$$Flockenflaum$$,$$f4d7c7de87e$$);
INSERT INTO items(base_item_id, hq) VALUES(5349, false),(5349, true);
INSERT INTO base_items VALUES(5350,$$Silkworm Cocoon$$,$$生マユ$$,$$Cocon de vers à soie$$,$$Kokon$$,$$62cd1b48859$$);
INSERT INTO items(base_item_id, hq) VALUES(5350, false),(5350, true);
INSERT INTO base_items VALUES(5351,$$Cock Feather$$,$$コックの羽根$$,$$Plume de coq$$,$$Hahnenfeder$$,$$469acbffd1e$$);
INSERT INTO items(base_item_id, hq) VALUES(5351, false),(5351, true);
INSERT INTO base_items VALUES(5352,$$Crow Feather$$,$$クロウの羽根$$,$$Plume de corbeau$$,$$Krähenfeder$$,$$d3f1765cb79$$);
INSERT INTO items(base_item_id, hq) VALUES(5352, false),(5352, true);
INSERT INTO base_items VALUES(5353,$$Cockatrice Feather$$,$$コカトリスの羽根$$,$$Plume de cocatrix$$,$$Cockatrice-Feder$$,$$5935f33449f$$);
INSERT INTO items(base_item_id, hq) VALUES(5353, false),(5353, true);
INSERT INTO base_items VALUES(5354,$$Vulture Feather$$,$$ヴァルチャーの羽根$$,$$Plume de vautour$$,$$Geierfeder$$,$$83d11d4899d$$);
INSERT INTO items(base_item_id, hq) VALUES(5354, false),(5354, true);
INSERT INTO base_items VALUES(5355,$$Dodo Feather$$,$$ドードーの羽根$$,$$Plume de dodo$$,$$Dodofeder$$,$$ee468ae7671$$);
INSERT INTO items(base_item_id, hq) VALUES(5355, false),(5355, true);
INSERT INTO base_items VALUES(5356,$$Condor Feather$$,$$コンドルの羽根$$,$$Plume de condor$$,$$Kondorfeder$$,$$0c50ef29d16$$);
INSERT INTO items(base_item_id, hq) VALUES(5356, false),(5356, true);
INSERT INTO base_items VALUES(5357,$$Swan Feather$$,$$スワンの羽根$$,$$Plume de cygne$$,$$Schwanenfeder$$,$$59aa5e0e68d$$);
INSERT INTO items(base_item_id, hq) VALUES(5357, false),(5357, true);
INSERT INTO base_items VALUES(5358,$$Eagle Feather$$,$$イーグルの羽根$$,$$Plume d'aigle$$,$$Adlerfeder$$,$$5611104509c$$);
INSERT INTO items(base_item_id, hq) VALUES(5358, false),(5358, true);
INSERT INTO base_items VALUES(5359,$$Chocobo Feather$$,$$チョコボの羽根$$,$$Plume de chocobo$$,$$Chocobo-Feder$$,$$d0311eae154$$);
INSERT INTO items(base_item_id, hq) VALUES(5359, false),(5359, true);
INSERT INTO base_items VALUES(5360,$$Wildfowl Feather$$,$$フェザントの羽根$$,$$Plume de tetrax$$,$$Wildgeflügelfeder$$,$$f0250db2564$$);
INSERT INTO items(base_item_id, hq) VALUES(5360, false),(5360, true);
INSERT INTO base_items VALUES(5361,$$Maple Lumber$$,$$メープル材$$,$$Madrier d'érable$$,$$Ahorn-Bauholz$$,$$37c5f851e6f$$);
INSERT INTO items(base_item_id, hq) VALUES(5361, false),(5361, true);
INSERT INTO base_items VALUES(5362,$$Lauan Lumber$$,$$ラワン材$$,$$Madrier de lauan$$,$$Lauan-Bauholz$$,$$44ddc183515$$);
INSERT INTO items(base_item_id, hq) VALUES(5362, false),(5362, true);
INSERT INTO base_items VALUES(5363,$$Willow Lumber$$,$$ウィロー材$$,$$Madrier de saule$$,$$Weiden-Bauholz$$,$$fa71ff68fa0$$);
INSERT INTO items(base_item_id, hq) VALUES(5363, false),(5363, true);
INSERT INTO base_items VALUES(5364,$$Ash Lumber$$,$$アッシュ材$$,$$Madrier de frêne$$,$$Eschen-Bauholz$$,$$cd9eb7e6c94$$);
INSERT INTO items(base_item_id, hq) VALUES(5364, false),(5364, true);
INSERT INTO base_items VALUES(5365,$$Bamboo Stick$$,$$バンブー材$$,$$Tige de bambou$$,$$Bambus-Bauholz$$,$$b324f706498$$);
INSERT INTO items(base_item_id, hq) VALUES(5365, false),(5365, true);
INSERT INTO base_items VALUES(5366,$$Cedar Lumber$$,$$シーダー材$$,$$Madrier de cèdre$$,$$Zedern-Bauholz$$,$$f1a2cdff07f$$);
INSERT INTO items(base_item_id, hq) VALUES(5366, false),(5366, true);
INSERT INTO base_items VALUES(5367,$$Elm Lumber$$,$$エルム材$$,$$Madrier d'orme$$,$$Ulmen-Bauholz$$,$$8e59cd755d8$$);
INSERT INTO items(base_item_id, hq) VALUES(5367, false),(5367, true);
INSERT INTO base_items VALUES(5368,$$Yew Lumber$$,$$ユー材$$,$$Madrier d'if$$,$$Eiben-Bauholz$$,$$83f8ea3f334$$);
INSERT INTO items(base_item_id, hq) VALUES(5368, false),(5368, true);
INSERT INTO base_items VALUES(5369,$$Rattan Lumber$$,$$ラタン材$$,$$Tige de rotin$$,$$Rattan-Bauholz$$,$$61e66ad1072$$);
INSERT INTO items(base_item_id, hq) VALUES(5369, false),(5369, true);
INSERT INTO base_items VALUES(5370,$$Chestnut Lumber$$,$$チェスナット材$$,$$Madrier de châtaignier$$,$$Kastanien-Bauholz$$,$$d862d740485$$);
INSERT INTO items(base_item_id, hq) VALUES(5370, false),(5370, true);
INSERT INTO base_items VALUES(5371,$$Walnut Lumber$$,$$ウォルナット材$$,$$Madrier de noyer$$,$$Walnuss-Bauholz$$,$$3f9bd918147$$);
INSERT INTO items(base_item_id, hq) VALUES(5371, false),(5371, true);
INSERT INTO base_items VALUES(5372,$$Pine Lumber$$,$$パイン材$$,$$Madrier de pin$$,$$Kiefern-Bauholz$$,$$97740b69fca$$);
INSERT INTO items(base_item_id, hq) VALUES(5372, false),(5372, true);
INSERT INTO base_items VALUES(5373,$$Oak Lumber$$,$$オーク材$$,$$Madrier de chêne$$,$$Eichen-Bauholz$$,$$742ece7e643$$);
INSERT INTO items(base_item_id, hq) VALUES(5373, false),(5373, true);
INSERT INTO base_items VALUES(5374,$$Mahogany Lumber$$,$$マホガニー材$$,$$Madrier d'acajou$$,$$Mahagoni-Bauholz$$,$$7ed157640d2$$);
INSERT INTO items(base_item_id, hq) VALUES(5374, false),(5374, true);
INSERT INTO base_items VALUES(5375,$$Teak Lumber$$,$$チーク材$$,$$Madrier de teck$$,$$Teakbaum-Bauholz$$,$$dda2be8b751$$);
INSERT INTO items(base_item_id, hq) VALUES(5375, false),(5375, true);
INSERT INTO base_items VALUES(5376,$$Rosewood Lumber$$,$$ローズウッド材$$,$$Madrier de palissandre$$,$$Palisander-Bauholz$$,$$ebab59532a4$$);
INSERT INTO items(base_item_id, hq) VALUES(5376, false),(5376, true);
INSERT INTO base_items VALUES(5377,$$Ebony Lumber$$,$$エボニー材$$,$$Madrier d'ébène$$,$$Ebenholz-Bauholz$$,$$1e75ca98e4a$$);
INSERT INTO items(base_item_id, hq) VALUES(5377, false),(5377, true);
INSERT INTO base_items VALUES(5378,$$Spruce Lumber$$,$$スプルース材$$,$$Madrier d'épicéa$$,$$Fichten-Bauholz$$,$$f9b83cba7a9$$);
INSERT INTO items(base_item_id, hq) VALUES(5378, false),(5378, true);
INSERT INTO base_items VALUES(5380,$$Maple Log$$,$$メープル原木$$,$$Rondin d'érable$$,$$Ahorn-Holzscheit$$,$$311a075724f$$);
INSERT INTO items(base_item_id, hq) VALUES(5380, false),(5380, true);
INSERT INTO base_items VALUES(5381,$$Lauan Log$$,$$ラワン原木$$,$$Rondin de lauan$$,$$Lauan-Holzscheit$$,$$f1a91124140$$);
INSERT INTO items(base_item_id, hq) VALUES(5381, false),(5381, true);
INSERT INTO base_items VALUES(5382,$$Willow Log$$,$$ウィロー原木$$,$$Rondin de saule$$,$$Weiden-Holzscheit$$,$$272026daf3e$$);
INSERT INTO items(base_item_id, hq) VALUES(5382, false),(5382, true);
INSERT INTO base_items VALUES(5383,$$Ash Log$$,$$アッシュ原木$$,$$Rondin de frêne$$,$$Eschen-Holzscheit$$,$$d247c032636$$);
INSERT INTO items(base_item_id, hq) VALUES(5383, false),(5383, true);
INSERT INTO base_items VALUES(5384,$$Cedar Log$$,$$シーダー原木$$,$$Rondin de cèdre$$,$$Zedern-Holzscheit$$,$$39a1d796a1a$$);
INSERT INTO items(base_item_id, hq) VALUES(5384, false),(5384, true);
INSERT INTO base_items VALUES(5385,$$Elm Log$$,$$エルム原木$$,$$Rondin d'orme$$,$$Ulmen-Holzscheit$$,$$ba09340d40b$$);
INSERT INTO items(base_item_id, hq) VALUES(5385, false),(5385, true);
INSERT INTO base_items VALUES(5386,$$Yew Log$$,$$ユー原木$$,$$Rondin d'if$$,$$Eiben-Holzscheit$$,$$bdb31781a47$$);
INSERT INTO items(base_item_id, hq) VALUES(5386, false),(5386, true);
INSERT INTO base_items VALUES(5387,$$Chestnut Log$$,$$チェスナット原木$$,$$Rondin de châtaignier$$,$$Kastanien-Holzscheit$$,$$745e5d7bfaf$$);
INSERT INTO items(base_item_id, hq) VALUES(5387, false),(5387, true);
INSERT INTO base_items VALUES(5388,$$Walnut Log$$,$$ウォルナット原木$$,$$Rondin de noyer$$,$$Walnuss-Holzscheit$$,$$546a74b14ce$$);
INSERT INTO items(base_item_id, hq) VALUES(5388, false),(5388, true);
INSERT INTO base_items VALUES(5389,$$Pine Log$$,$$パイン原木$$,$$Rondin de pin$$,$$Kiefern-Holzscheit$$,$$5d426bada10$$);
INSERT INTO items(base_item_id, hq) VALUES(5389, false),(5389, true);
INSERT INTO base_items VALUES(5390,$$Oak Log$$,$$オーク原木$$,$$Rondin de chêne$$,$$Eichen-Holzscheit$$,$$6e99de434c7$$);
INSERT INTO items(base_item_id, hq) VALUES(5390, false),(5390, true);
INSERT INTO base_items VALUES(5391,$$Mahogany Log$$,$$マホガニー原木$$,$$Rondin d'acajou$$,$$Mahagoni-Holzscheit$$,$$399af1d8f8f$$);
INSERT INTO items(base_item_id, hq) VALUES(5391, false),(5391, true);
INSERT INTO base_items VALUES(5392,$$Teak Log$$,$$チーク原木$$,$$Rondin de teck$$,$$Teakbaum-Holzscheit$$,$$93a1a317cb8$$);
INSERT INTO items(base_item_id, hq) VALUES(5392, false),(5392, true);
INSERT INTO base_items VALUES(5393,$$Rosewood Log$$,$$ローズウッド原木$$,$$Rondin de palissandre$$,$$Palisander-Holzscheit$$,$$edbba921c44$$);
INSERT INTO items(base_item_id, hq) VALUES(5393, false),(5393, true);
INSERT INTO base_items VALUES(5394,$$Ebony Log$$,$$エボニー原木$$,$$Rondin d'ébène$$,$$Ebenholz-Holzscheit$$,$$05da5ac8d84$$);
INSERT INTO items(base_item_id, hq) VALUES(5394, false),(5394, true);
INSERT INTO base_items VALUES(5395,$$Spruce Log$$,$$スプルース原木$$,$$Rondin d'épicéa$$,$$Fichten-Holzscheit$$,$$abd30227264$$);
INSERT INTO items(base_item_id, hq) VALUES(5395, false),(5395, true);
INSERT INTO base_items VALUES(5396,$$Maple Branch$$,$$メープルの枝$$,$$Branche d'érable$$,$$Ahornast$$,$$c8bb7082d69$$);
INSERT INTO items(base_item_id, hq) VALUES(5396, false),(5396, true);
INSERT INTO base_items VALUES(5397,$$Arrowwood Branch$$,$$アローウッドの枝$$,$$Branche de cornouiller$$,$$Hartriegel-Ast$$,$$feb3b689848$$);
INSERT INTO items(base_item_id, hq) VALUES(5397, false),(5397, true);
INSERT INTO base_items VALUES(5398,$$Lauan Branch$$,$$ラワンの枝$$,$$Branche de lauan$$,$$Lauanast$$,$$4475b080b03$$);
INSERT INTO items(base_item_id, hq) VALUES(5398, false),(5398, true);
INSERT INTO base_items VALUES(5399,$$Willow Branch$$,$$ウィローの枝$$,$$Branche de saule$$,$$Weidenast$$,$$fd730d971ce$$);
INSERT INTO items(base_item_id, hq) VALUES(5399, false),(5399, true);
INSERT INTO base_items VALUES(5401,$$Cherry Branch$$,$$チェリーの枝$$,$$Branche de cerisier$$,$$Kirschzweig$$,$$5359838df11$$);
INSERT INTO items(base_item_id, hq) VALUES(5401, false),(5401, true);
INSERT INTO base_items VALUES(5402,$$Ash Branch$$,$$アッシュの枝$$,$$Branche de frêne$$,$$Eschenast$$,$$2679b74b700$$);
INSERT INTO items(base_item_id, hq) VALUES(5402, false),(5402, true);
INSERT INTO base_items VALUES(5403,$$Cedar Branch$$,$$シーダーの枝$$,$$Branche de cèdre$$,$$Zedernast$$,$$47ab0806ca6$$);
INSERT INTO items(base_item_id, hq) VALUES(5403, false),(5403, true);
INSERT INTO base_items VALUES(5404,$$Elm Branch$$,$$エルムの枝$$,$$Branche d'orme$$,$$Ulmenast$$,$$708bfe62af0$$);
INSERT INTO items(base_item_id, hq) VALUES(5404, false),(5404, true);
INSERT INTO base_items VALUES(5405,$$Yew Branch$$,$$ユーの枝$$,$$Branche d'if$$,$$Eibenholzast$$,$$5f93b60faf8$$);
INSERT INTO items(base_item_id, hq) VALUES(5405, false),(5405, true);
INSERT INTO base_items VALUES(5406,$$Chestnut Branch$$,$$チェスナットの枝$$,$$Branche de châtaignier$$,$$Kastanienast$$,$$2d5617f1afe$$);
INSERT INTO items(base_item_id, hq) VALUES(5406, false),(5406, true);
INSERT INTO base_items VALUES(5407,$$Walnut Branch$$,$$ウォルナットの枝$$,$$Branche de noyer$$,$$Walnussast$$,$$209a542616c$$);
INSERT INTO items(base_item_id, hq) VALUES(5407, false),(5407, true);
INSERT INTO base_items VALUES(5408,$$Pine Branch$$,$$パインの枝$$,$$Branche de pin$$,$$Kiefernast$$,$$6ac37d1a1d3$$);
INSERT INTO items(base_item_id, hq) VALUES(5408, false),(5408, true);
INSERT INTO base_items VALUES(5409,$$Oak Branch$$,$$オークの枝$$,$$Branche de chêne$$,$$Eichenast$$,$$f1cef307f1c$$);
INSERT INTO items(base_item_id, hq) VALUES(5409, false),(5409, true);
INSERT INTO base_items VALUES(5410,$$Spruce Branch$$,$$スプルースの枝$$,$$Branche d'épicéa$$,$$Fichtenast$$,$$70613e2d2c8$$);
INSERT INTO items(base_item_id, hq) VALUES(5410, false),(5410, true);
INSERT INTO base_items VALUES(5411,$$Supple Spruce Branch$$,$$良質のスプルースの枝$$,$$Branche d'épicéa de qualité$$,$$Stabiler Fichtenast$$,$$611f97183f2$$);
INSERT INTO items(base_item_id, hq) VALUES(5411, false),(5411, true);
INSERT INTO base_items VALUES(5412,$$Mahogany Branch$$,$$マホガニーの枝$$,$$Branche d'acajou$$,$$Mahagoni-Ast$$,$$cabd4bf47f2$$);
INSERT INTO items(base_item_id, hq) VALUES(5412, false),(5412, true);
INSERT INTO base_items VALUES(5413,$$Teak Branch$$,$$チークの枝$$,$$Branche de teck$$,$$Teakbaumast$$,$$67671cc2ff2$$);
INSERT INTO items(base_item_id, hq) VALUES(5413, false),(5413, true);
INSERT INTO base_items VALUES(5414,$$Rosewood Branch$$,$$ローズウッドの枝$$,$$Branche de palissandre$$,$$Palisanderast$$,$$1f8c2da0840$$);
INSERT INTO items(base_item_id, hq) VALUES(5414, false),(5414, true);
INSERT INTO base_items VALUES(5415,$$Ebony Branch$$,$$エボニーの枝$$,$$Branche d'ébène$$,$$Ebenholzast$$,$$7c04761b19a$$);
INSERT INTO items(base_item_id, hq) VALUES(5415, false),(5415, true);
INSERT INTO base_items VALUES(5416,$$Lauan Plank$$,$$ラワン板$$,$$Planche de lauan$$,$$Lauanbrett$$,$$c4e5ffd1a4f$$);
INSERT INTO items(base_item_id, hq) VALUES(5416, false),(5416, true);
INSERT INTO base_items VALUES(5417,$$Maple Plank$$,$$メープル板$$,$$Planche d'érable$$,$$Ahornbrett$$,$$2a4861afbb3$$);
INSERT INTO items(base_item_id, hq) VALUES(5417, false),(5417, true);
INSERT INTO base_items VALUES(5418,$$Willow Plank$$,$$ウィロー板$$,$$Planche de saule$$,$$Weidenbrett$$,$$66e75240e67$$);
INSERT INTO items(base_item_id, hq) VALUES(5418, false),(5418, true);
INSERT INTO base_items VALUES(5419,$$Cedar Plank$$,$$シーダー板$$,$$Planche de cèdre$$,$$Zedernbrett$$,$$ac2086d6822$$);
INSERT INTO items(base_item_id, hq) VALUES(5419, false),(5419, true);
INSERT INTO base_items VALUES(5420,$$Ash Plank$$,$$アッシュ板$$,$$Planche de frêne$$,$$Eschenbrett$$,$$1f8e57c60d7$$);
INSERT INTO items(base_item_id, hq) VALUES(5420, false),(5420, true);
INSERT INTO base_items VALUES(5421,$$Elm Plank$$,$$エルム板$$,$$Planche d'orme$$,$$Ulmenbrett$$,$$c8192fa3710$$);
INSERT INTO items(base_item_id, hq) VALUES(5421, false),(5421, true);
INSERT INTO base_items VALUES(5422,$$Yew Plank$$,$$ユー板$$,$$Planche d'if$$,$$Eibenbrett$$,$$5a214b3eb63$$);
INSERT INTO items(base_item_id, hq) VALUES(5422, false),(5422, true);
INSERT INTO base_items VALUES(5423,$$Chestnut Plank$$,$$チェスナット板$$,$$Planche de châtaignier$$,$$Kastanienbrett$$,$$aa35f222085$$);
INSERT INTO items(base_item_id, hq) VALUES(5423, false),(5423, true);
INSERT INTO base_items VALUES(5424,$$Walnut Plank$$,$$ウォルナット板$$,$$Planche de noyer$$,$$Walnussbrett$$,$$d36f366bf05$$);
INSERT INTO items(base_item_id, hq) VALUES(5424, false),(5424, true);
INSERT INTO base_items VALUES(5425,$$Pine Plank$$,$$パイン板$$,$$Planche de pin$$,$$Kiefernbrett$$,$$77ae3b83d8c$$);
INSERT INTO items(base_item_id, hq) VALUES(5425, false),(5425, true);
INSERT INTO base_items VALUES(5426,$$Oak Plank$$,$$オーク板$$,$$Planche de chêne$$,$$Eichenbrett$$,$$0f9ecada9fb$$);
INSERT INTO items(base_item_id, hq) VALUES(5426, false),(5426, true);
INSERT INTO base_items VALUES(5427,$$Spruce Plank$$,$$スプルース板$$,$$Planche d'épicéa$$,$$Fichtenbrett$$,$$102b335abf2$$);
INSERT INTO items(base_item_id, hq) VALUES(5427, false),(5427, true);
INSERT INTO base_items VALUES(5428,$$Mahogany Plank$$,$$マホガニー板$$,$$Planche d'acajou$$,$$Mahagoni-Brett$$,$$39b3335bd64$$);
INSERT INTO items(base_item_id, hq) VALUES(5428, false),(5428, true);
INSERT INTO base_items VALUES(5429,$$Teak Plank$$,$$チーク板$$,$$Planche de teck$$,$$Teakbaumbrett$$,$$7beb5721718$$);
INSERT INTO items(base_item_id, hq) VALUES(5429, false),(5429, true);
INSERT INTO base_items VALUES(5430,$$Rosewood Plank$$,$$ローズウッド板$$,$$Planche de palissandre$$,$$Palisanderbrett$$,$$00e053d3f6d$$);
INSERT INTO items(base_item_id, hq) VALUES(5430, false),(5430, true);
INSERT INTO base_items VALUES(5431,$$Ebony Plank$$,$$エボニー板$$,$$Planche d'ébène$$,$$Ebenholzbrett$$,$$744c9bfb8cd$$);
INSERT INTO items(base_item_id, hq) VALUES(5431, false),(5431, true);
INSERT INTO base_items VALUES(5432,$$Bone Chip$$,$$骨片$$,$$Fragment d'os$$,$$Knochensplitter$$,$$3539813db33$$);
INSERT INTO items(base_item_id, hq) VALUES(5432, false),(5432, true);
INSERT INTO base_items VALUES(5433,$$Soiled Femur$$,$$枯骨$$,$$Fémur sale$$,$$Oberschenkelknochen$$,$$3bc4a9a9a28$$);
INSERT INTO items(base_item_id, hq) VALUES(5433, false),(5433, true);
INSERT INTO base_items VALUES(5434,$$Ram Horn$$,$$ラムの角$$,$$Corne de bélier$$,$$Schafsbockhorn$$,$$35743bb206a$$);
INSERT INTO items(base_item_id, hq) VALUES(5434, false),(5434, true);
INSERT INTO base_items VALUES(5435,$$Antelope Horn$$,$$アンテロープの角$$,$$Bois de cerf$$,$$Antilopenhorn$$,$$ac0be2edb6c$$);
INSERT INTO items(base_item_id, hq) VALUES(5435, false),(5435, true);
INSERT INTO base_items VALUES(5436,$$Aldgoat Horn$$,$$アルドゴートの角$$,$$Corne de bouquetin$$,$$Steinbockhorn$$,$$5aeae8bda7d$$);
INSERT INTO items(base_item_id, hq) VALUES(5436, false),(5436, true);
INSERT INTO base_items VALUES(5437,$$Mossy Horn$$,$$モスホーンの角$$,$$Corne moussue$$,$$Moosbedecktes Horn$$,$$cb8be6d8c5e$$);
INSERT INTO items(base_item_id, hq) VALUES(5437, false),(5437, true);
INSERT INTO base_items VALUES(5438,$$Buffalo Horn$$,$$バッファローの角$$,$$Corne de buffle$$,$$Büffelhorn$$,$$b4709bd891b$$);
INSERT INTO items(base_item_id, hq) VALUES(5438, false),(5438, true);
INSERT INTO base_items VALUES(5439,$$Ogre Horn$$,$$オーガの角$$,$$Corne d'ogre$$,$$Ogerhorn$$,$$c8e3719d54f$$);
INSERT INTO items(base_item_id, hq) VALUES(5439, false),(5439, true);
INSERT INTO base_items VALUES(5440,$$Hippogryph Talon$$,$$ヒッポグリフの爪$$,$$Serre d'hippogriffe$$,$$Hippogryphen-Klaue$$,$$0a6659ccbd5$$);
INSERT INTO items(base_item_id, hq) VALUES(5440, false),(5440, true);
INSERT INTO base_items VALUES(5441,$$Raptor Talon$$,$$ラプトルの鉤爪$$,$$Griffe de raptor$$,$$Raptor-Klaue$$,$$401f8dceb1d$$);
INSERT INTO items(base_item_id, hq) VALUES(5441, false),(5441, true);
INSERT INTO base_items VALUES(5442,$$Bat Fang$$,$$バットの牙$$,$$Croc de chauve-souris$$,$$Fledermauszahn$$,$$cb1bfff2916$$);
INSERT INTO items(base_item_id, hq) VALUES(5442, false),(5442, true);
INSERT INTO base_items VALUES(5443,$$Hellhound Fang$$,$$ヘルハウンドの牙$$,$$Croc de barghest$$,$$Höllenhund-Fangzahn$$,$$8cab4fc64bb$$);
INSERT INTO items(base_item_id, hq) VALUES(5443, false),(5443, true);
INSERT INTO base_items VALUES(5444,$$Wolf Fang$$,$$ウルフの牙$$,$$Croc de loup$$,$$Wolfsfangzahn$$,$$42cf23da8e1$$);
INSERT INTO items(base_item_id, hq) VALUES(5444, false),(5444, true);
INSERT INTO base_items VALUES(5445,$$Jackal Fang$$,$$ジャッカルの牙$$,$$Croc de chacal$$,$$Schakalfangzahn$$,$$6f50ba0f00c$$);
INSERT INTO items(base_item_id, hq) VALUES(5445, false),(5445, true);
INSERT INTO base_items VALUES(5446,$$Goobbue Fang$$,$$グゥーブーの牙$$,$$Dent de goobbue$$,$$Goobbue-Fangzahn$$,$$c9e983751a1$$);
INSERT INTO items(base_item_id, hq) VALUES(5446, false),(5446, true);
INSERT INTO base_items VALUES(5447,$$Sandworm Fang$$,$$サンドウォームの牙$$,$$Croc de ver des sables$$,$$Sandwurmfangzahn$$,$$3902549fe5f$$);
INSERT INTO items(base_item_id, hq) VALUES(5447, false),(5447, true);
INSERT INTO base_items VALUES(5448,$$Biast Scales$$,$$ビアストの鱗$$,$$Écailles de biast$$,$$Smei-Schuppen$$,$$ea648154ae2$$);
INSERT INTO items(base_item_id, hq) VALUES(5448, false),(5448, true);
INSERT INTO base_items VALUES(5449,$$Drake Scales$$,$$ドレイクの鱗$$,$$Écailles de draconide$$,$$Drakon-Schuppen$$,$$94f4618eb0e$$);
INSERT INTO items(base_item_id, hq) VALUES(5449, false),(5449, true);
INSERT INTO base_items VALUES(5450,$$Gnat Wing$$,$$ナットの羽$$,$$Aile de taon$$,$$Dämonenschnakenflügel$$,$$0dc8202a609$$);
INSERT INTO items(base_item_id, hq) VALUES(5450, false),(5450, true);
INSERT INTO base_items VALUES(5451,$$Weevil Elytron$$,$$ウィーヴィルの前羽$$,$$Élytre de hanneton$$,$$Rüsselkäfer-Deckflügel$$,$$ac3849d427d$$);
INSERT INTO items(base_item_id, hq) VALUES(5451, false),(5451, true);
INSERT INTO base_items VALUES(5452,$$Ladybug Elytron$$,$$レディバグの前羽$$,$$Élytre de coccinelle$$,$$Marienkäfer-Deckflügel$$,$$f75c6a99a63$$);
INSERT INTO items(base_item_id, hq) VALUES(5452, false),(5452, true);
INSERT INTO base_items VALUES(5453,$$Firefly Elytron$$,$$ファイアフライの前羽$$,$$Élytre de luciole$$,$$Leuchtkäfer-Deckflügel$$,$$2d52f64aac9$$);
INSERT INTO items(base_item_id, hq) VALUES(5453, false),(5453, true);
INSERT INTO base_items VALUES(5454,$$Yellow Yarzon Leg$$,$$ラセットヤーゾンの足$$,$$Patte de yarzon jaune$$,$$Gelbes Yarzon-Bein$$,$$04c294090b0$$);
INSERT INTO items(base_item_id, hq) VALUES(5454, false),(5454, true);
INSERT INTO base_items VALUES(5455,$$Blue Yarzon Leg$$,$$ボッグヤーゾンの足$$,$$Patte de yarzon bleue$$,$$Blaues Yarzon-Bein$$,$$5b2ee924db8$$);
INSERT INTO items(base_item_id, hq) VALUES(5455, false),(5455, true);
INSERT INTO base_items VALUES(5456,$$Green Megalocrab Shell$$,$$メガロクラブの甲殻$$,$$Carapace de mégalocrabe verte$$,$$Grüner Krabbenschild$$,$$72905c02b26$$);
INSERT INTO items(base_item_id, hq) VALUES(5456, false),(5456, true);
INSERT INTO base_items VALUES(5457,$$Red Megalocrab Shell$$,$$スニッパーの甲殻$$,$$Carapace de cisailleur rouge$$,$$Roter Krabbenschild$$,$$fa16be0e2e5$$);
INSERT INTO items(base_item_id, hq) VALUES(5457, false),(5457, true);
INSERT INTO base_items VALUES(5458,$$Adamantoise Shell$$,$$陸亀の甲羅$$,$$Carapace de tortue marine$$,$$Adaman-Taimai-Panzer$$,$$f452875790e$$);
INSERT INTO items(base_item_id, hq) VALUES(5458, false),(5458, true);
INSERT INTO base_items VALUES(5459,$$Tortoiseshell$$,$$ベッコウ$$,$$Carapace de tortue bouillie$$,$$Schildkrötenpanzer$$,$$45432aa79b8$$);
INSERT INTO items(base_item_id, hq) VALUES(5459, false),(5459, true);
INSERT INTO base_items VALUES(5460,$$White Coral$$,$$白珊瑚$$,$$Corail blanc$$,$$Weiße Koralle$$,$$0a92161c962$$);
INSERT INTO items(base_item_id, hq) VALUES(5460, false),(5460, true);
INSERT INTO base_items VALUES(5461,$$Blue Coral$$,$$青珊瑚$$,$$Corail bleu$$,$$Blaue Koralle$$,$$5a6a49a39b6$$);
INSERT INTO items(base_item_id, hq) VALUES(5461, false),(5461, true);
INSERT INTO base_items VALUES(5462,$$Red Coral$$,$$紅珊瑚$$,$$Corail rouge$$,$$Rote Koralle$$,$$50b56e632b2$$);
INSERT INTO items(base_item_id, hq) VALUES(5462, false),(5462, true);
INSERT INTO base_items VALUES(5463,$$Scallop Shell$$,$$帆立貝$$,$$Coquille Saint-Jacques$$,$$Kammmuschel$$,$$79add6a883f$$);
INSERT INTO items(base_item_id, hq) VALUES(5463, false),(5463, true);
INSERT INTO base_items VALUES(5464,$$Miter Shell$$,$$蓑虫貝$$,$$Mitre$$,$$Klaffmuschel$$,$$6bcf6af4a5e$$);
INSERT INTO items(base_item_id, hq) VALUES(5464, false),(5464, true);
INSERT INTO base_items VALUES(5465,$$Sunrise Tellin$$,$$桜貝$$,$$Telline du levant$$,$$Morgenrotmuschel$$,$$532398bb65c$$);
INSERT INTO items(base_item_id, hq) VALUES(5465, false),(5465, true);
INSERT INTO base_items VALUES(5466,$$Blacklip Oyster$$,$$黒蝶貝$$,$$Huître aux lèvres noires$$,$$Schwarze Perlmuschel$$,$$609e2b759a5$$);
INSERT INTO items(base_item_id, hq) VALUES(5466, false),(5466, true);
INSERT INTO base_items VALUES(5467,$$Hedgemole Spine$$,$$ヘッジモールの棘$$,$$Épine de héritaupe$$,$$Mullstachel$$,$$54238634fb5$$);
INSERT INTO items(base_item_id, hq) VALUES(5467, false),(5467, true);
INSERT INTO base_items VALUES(5468,$$Cactuar Needle$$,$$サボテンダーの針$$,$$Épine de cactuar$$,$$Kaktor-Nadel$$,$$0fc7929c038$$);
INSERT INTO items(base_item_id, hq) VALUES(5468, false),(5468, true);
INSERT INTO base_items VALUES(5469,$$Bone Ash$$,$$骨灰$$,$$Cendres d'os$$,$$Knochenasche$$,$$dc9f02120c9$$);
INSERT INTO items(base_item_id, hq) VALUES(5469, false),(5469, true);
INSERT INTO base_items VALUES(5470,$$Growth Formula Alpha$$,$$グロースフォーミュラ・アルファ$$,$$Formule de croissance alpha$$,$$Wachstumsformel Alpha$$,$$50e333578dc$$);
INSERT INTO items(base_item_id, hq) VALUES(5470, false),(5470, true);
INSERT INTO base_items VALUES(5471,$$Growth Formula Beta$$,$$グロースフォーミュラ・ベータ$$,$$Formule de croissance bêta$$,$$Wachstumsformel Beta$$,$$bc73018d986$$);
INSERT INTO items(base_item_id, hq) VALUES(5471, false),(5471, true);
INSERT INTO base_items VALUES(5472,$$Growth Formula Gamma$$,$$グロースフォーミュラ・ガンマ$$,$$Formule de croissance gamma$$,$$Wachstumsformel Gamma$$,$$723759c5260$$);
INSERT INTO items(base_item_id, hq) VALUES(5472, false),(5472, true);
INSERT INTO base_items VALUES(5473,$$Growth Formula Delta$$,$$グロースフォーミュラ・デルタ$$,$$Formule de croissance delta$$,$$Wachstumsformel Delta$$,$$d8ace73cea4$$);
INSERT INTO items(base_item_id, hq) VALUES(5473, false),(5473, true);
INSERT INTO base_items VALUES(5475,$$Enchanted Copper Ink$$,$$カッパーエンチャントインク$$,$$Encre de cuivre enchantée$$,$$Magische Kupfertinte$$,$$87a8c64f384$$);
INSERT INTO items(base_item_id, hq) VALUES(5475, false),(5475, true);
INSERT INTO base_items VALUES(5476,$$Enchanted Iron Ink$$,$$アイアンエンチャントインク$$,$$Encre de fer enchantée$$,$$Magische Eisentinte$$,$$b4f20f1b9f5$$);
INSERT INTO items(base_item_id, hq) VALUES(5476, false),(5476, true);
INSERT INTO base_items VALUES(5477,$$Enchanted Silver Ink$$,$$シルバーエンチャントインク$$,$$Encre d'argent enchantée$$,$$Magische Silbertinte$$,$$24994c7567f$$);
INSERT INTO items(base_item_id, hq) VALUES(5477, false),(5477, true);
INSERT INTO base_items VALUES(5478,$$Enchanted Mythril Ink$$,$$ミスリルエンチャントインク$$,$$Encre de mithril enchantée$$,$$Magische Mithriltinte$$,$$8829e9819f8$$);
INSERT INTO items(base_item_id, hq) VALUES(5478, false),(5478, true);
INSERT INTO base_items VALUES(5479,$$Enchanted Electrum Ink$$,$$エレクトラムエンチャントインク$$,$$Encre d'électrum enchantée$$,$$Magische Elektrumtinte$$,$$d13783d8b08$$);
INSERT INTO items(base_item_id, hq) VALUES(5479, false),(5479, true);
INSERT INTO base_items VALUES(5480,$$Enchanted Gold Ink$$,$$ゴールドエンチャントインク$$,$$Encre d'or enchantée$$,$$Magische Goldtinte$$,$$fda48ca1248$$);
INSERT INTO items(base_item_id, hq) VALUES(5480, false),(5480, true);
INSERT INTO base_items VALUES(5481,$$Enchanted Rose Gold Ink$$,$$ローズゴールド・エンチャントインク$$,$$Encre d'or rose enchantée$$,$$Magische Rosengoldtinte$$,$$1f7166cc957$$);
INSERT INTO items(base_item_id, hq) VALUES(5481, false),(5481, true);
INSERT INTO base_items VALUES(5482,$$Fish Oil$$,$$フィッシュオイル$$,$$Huile de poisson$$,$$Fischtran$$,$$ea96f148f1e$$);
INSERT INTO items(base_item_id, hq) VALUES(5482, false),(5482, true);
INSERT INTO base_items VALUES(5483,$$Jellyfish Humours$$,$$ジェリーオイル$$,$$Fluide de méduse$$,$$Quallen-Körpersaft$$,$$4dd7e1520e7$$);
INSERT INTO items(base_item_id, hq) VALUES(5483, false),(5483, true);
INSERT INTO base_items VALUES(5484,$$Crab Oil$$,$$クラブオイル$$,$$Huile de crabe$$,$$Krabbentran$$,$$f4db4319748$$);
INSERT INTO items(base_item_id, hq) VALUES(5484, false),(5484, true);
INSERT INTO base_items VALUES(5485,$$Linseed Oil$$,$$リンシードオイル$$,$$Huile de lin$$,$$Leinsamenöl$$,$$a977281e15b$$);
INSERT INTO items(base_item_id, hq) VALUES(5485, false),(5485, true);
INSERT INTO base_items VALUES(5486,$$Shark Oil$$,$$シャークオイル$$,$$Huile de requin$$,$$Haifischtran$$,$$5fb1533e66a$$);
INSERT INTO items(base_item_id, hq) VALUES(5486, false),(5486, true);
INSERT INTO base_items VALUES(5487,$$Distilled Water$$,$$蒸留水$$,$$Eau distillée$$,$$Destilliertes Wasser$$,$$9e4d79546c7$$);
INSERT INTO items(base_item_id, hq) VALUES(5487, false),(5487, true);
INSERT INTO base_items VALUES(5488,$$Muddy Water$$,$$濁水$$,$$Eau boueuse$$,$$Dreckiges Wasser$$,$$0654ae6dda7$$);
INSERT INTO items(base_item_id, hq) VALUES(5488, false),(5488, true);
INSERT INTO base_items VALUES(5489,$$Quicksilver$$,$$水銀$$,$$Mercure$$,$$Quecksilber$$,$$a7db5dd6f38$$);
INSERT INTO items(base_item_id, hq) VALUES(5489, false),(5489, true);
INSERT INTO base_items VALUES(5490,$$Vitriol$$,$$硫酸$$,$$Vitriol$$,$$Vitriol$$,$$187698d9ff5$$);
INSERT INTO items(base_item_id, hq) VALUES(5490, false),(5490, true);
INSERT INTO base_items VALUES(5491,$$Effervescent Water$$,$$ソーダ水$$,$$Eau effervescente$$,$$Sprudelwasser$$,$$f725bcbf952$$);
INSERT INTO items(base_item_id, hq) VALUES(5491, false),(5491, true);
INSERT INTO base_items VALUES(5492,$$Beastkin Blood$$,$$百獣の血$$,$$Sang de bête$$,$$Bestienblut$$,$$a586610f53d$$);
INSERT INTO items(base_item_id, hq) VALUES(5492, false),(5492, true);
INSERT INTO base_items VALUES(5493,$$Scalekin Blood$$,$$甲鱗の血$$,$$Sang de reptile$$,$$Reptilienblut$$,$$cd4864b8fd6$$);
INSERT INTO items(base_item_id, hq) VALUES(5493, false),(5493, true);
INSERT INTO base_items VALUES(5494,$$Spoken Blood$$,$$六識の血$$,$$Sang de conscient$$,$$Beseeltes Blut$$,$$0d5b39cd0d9$$);
INSERT INTO items(base_item_id, hq) VALUES(5494, false),(5494, true);
INSERT INTO base_items VALUES(5495,$$Viscous Secretions$$,$$スラッグの粘液$$,$$Mucus visqueux$$,$$Dickflüssiges Sekret$$,$$0520a9bc424$$);
INSERT INTO items(base_item_id, hq) VALUES(5495, false),(5495, true);
INSERT INTO base_items VALUES(5496,$$Acidic Secretions$$,$$アリオンの酸液$$,$$Mucus acide$$,$$Ätzendes Sekret$$,$$889d9570e0f$$);
INSERT INTO items(base_item_id, hq) VALUES(5496, false),(5496, true);
INSERT INTO base_items VALUES(5497,$$Formic Acid$$,$$蟻酸$$,$$Acide formique$$,$$Ameisensäure$$,$$f01c2de5304$$);
INSERT INTO items(base_item_id, hq) VALUES(5497, false),(5497, true);
INSERT INTO base_items VALUES(5498,$$Maple Sap$$,$$メープル樹液$$,$$Sève d'érable$$,$$Ahornsaft$$,$$bf60ea2f210$$);
INSERT INTO items(base_item_id, hq) VALUES(5498, false),(5498, true);
INSERT INTO base_items VALUES(5499,$$Treant Sap$$,$$トレントの樹液$$,$$Sève de tréant$$,$$Baumschratsaft$$,$$f3bb88d557c$$);
INSERT INTO items(base_item_id, hq) VALUES(5499, false),(5499, true);
INSERT INTO base_items VALUES(5500,$$Coal Tar$$,$$コールタール$$,$$Goudron de houille$$,$$Teer$$,$$b8dbad87d9b$$);
INSERT INTO items(base_item_id, hq) VALUES(5500, false),(5500, true);
INSERT INTO base_items VALUES(5501,$$Potash$$,$$灰汁$$,$$Potasse$$,$$Pottasche$$,$$b97f3ff6b34$$);
INSERT INTO items(base_item_id, hq) VALUES(5501, false),(5501, true);
INSERT INTO base_items VALUES(5502,$$Lime Sulphur$$,$$石灰硫黄合剤$$,$$Chaux soufrée$$,$$Schwefelkalk$$,$$0d59632101e$$);
INSERT INTO items(base_item_id, hq) VALUES(5502, false),(5502, true);
INSERT INTO base_items VALUES(5503,$$Animal Glue$$,$$にかわ$$,$$Glu animale$$,$$Tierleim$$,$$b5b557a1f76$$);
INSERT INTO items(base_item_id, hq) VALUES(5503, false),(5503, true);
INSERT INTO base_items VALUES(5504,$$Fish Glue$$,$$魚にかわ$$,$$Glu de poisson$$,$$Fischleim$$,$$e895afbe66d$$);
INSERT INTO items(base_item_id, hq) VALUES(5504, false),(5504, true);
INSERT INTO base_items VALUES(5505,$$Horn Glue$$,$$鬼にかわ$$,$$Glu de démon$$,$$Ogerleim$$,$$dbd4ac8fcca$$);
INSERT INTO items(base_item_id, hq) VALUES(5505, false),(5505, true);
INSERT INTO base_items VALUES(5506,$$Void Glue$$,$$黒にかわ$$,$$Glu d'entité$$,$$Schwarzleim$$,$$072cc4898b8$$);
INSERT INTO items(base_item_id, hq) VALUES(5506, false),(5506, true);
INSERT INTO base_items VALUES(5507,$$Wing Glue$$,$$瞬間にかわ$$,$$Super glu$$,$$Sekundenleim$$,$$c3cbb30d2ae$$);
INSERT INTO items(base_item_id, hq) VALUES(5507, false),(5507, true);
INSERT INTO base_items VALUES(5508,$$Scale Glue$$,$$瞬間強力にかわ$$,$$Ultra glu$$,$$Supersekundenleim$$,$$36d58c19662$$);
INSERT INTO items(base_item_id, hq) VALUES(5508, false),(5508, true);
INSERT INTO base_items VALUES(5509,$$Latex$$,$$ラテックス$$,$$Latex$$,$$Latex$$,$$f25b96a18d9$$);
INSERT INTO items(base_item_id, hq) VALUES(5509, false),(5509, true);
INSERT INTO base_items VALUES(5510,$$Rubber$$,$$ラバー$$,$$Caoutchouc$$,$$Gummi$$,$$632d9ba0c71$$);
INSERT INTO items(base_item_id, hq) VALUES(5510, false),(5510, true);
INSERT INTO base_items VALUES(5511,$$Rubber Band$$,$$ラバーバンド$$,$$Élastique$$,$$Gummiband$$,$$9394c989e2c$$);
INSERT INTO items(base_item_id, hq) VALUES(5511, false),(5511, true);
INSERT INTO base_items VALUES(5512,$$Clear Glass Lens$$,$$ガラス板$$,$$Plaque de verre incolore$$,$$Klarglasscheibe$$,$$9902d9a76aa$$);
INSERT INTO items(base_item_id, hq) VALUES(5512, false),(5512, true);
INSERT INTO base_items VALUES(5513,$$Potter's Clay$$,$$粘土$$,$$Argile$$,$$Töpferton$$,$$d83d7035a38$$);
INSERT INTO items(base_item_id, hq) VALUES(5513, false),(5513, true);
INSERT INTO base_items VALUES(5514,$$Humus$$,$$腐葉土$$,$$Humus$$,$$Humus$$,$$6fe3d48449d$$);
INSERT INTO items(base_item_id, hq) VALUES(5514, false),(5514, true);
INSERT INTO base_items VALUES(5515,$$Beeswax$$,$$蜜蝋$$,$$Cire d'abeille$$,$$Bienenwachs$$,$$0b5f9d0497e$$);
INSERT INTO items(base_item_id, hq) VALUES(5515, false),(5515, true);
INSERT INTO base_items VALUES(5516,$$Beehive Chip$$,$$蜜蜂の巣$$,$$Fragment d'alvéoles$$,$$Bienenwabe$$,$$0b225345b9e$$);
INSERT INTO items(base_item_id, hq) VALUES(5516, false),(5516, true);
INSERT INTO base_items VALUES(5517,$$Lanolin$$,$$ラノリン$$,$$Lanoline$$,$$Lanolin$$,$$bb94025b4a4$$);
INSERT INTO items(base_item_id, hq) VALUES(5517, false),(5517, true);
INSERT INTO base_items VALUES(5518,$$Rock Salt$$,$$岩塩$$,$$Sel gemme$$,$$Steinsalz$$,$$a7c50cf9297$$);
INSERT INTO items(base_item_id, hq) VALUES(5518, false),(5518, true);
INSERT INTO base_items VALUES(5519,$$Cinnabar$$,$$辰砂$$,$$Minium$$,$$Mennige$$,$$74e1b630205$$);
INSERT INTO items(base_item_id, hq) VALUES(5519, false),(5519, true);
INSERT INTO base_items VALUES(5520,$$Chalk$$,$$胡粉$$,$$Craie$$,$$Kalk$$,$$3f9f1deda17$$);
INSERT INTO items(base_item_id, hq) VALUES(5520, false),(5520, true);
INSERT INTO base_items VALUES(5521,$$Saltpeter$$,$$硝石$$,$$Salpêtre$$,$$Salpeter$$,$$1f3ce2ae171$$);
INSERT INTO items(base_item_id, hq) VALUES(5521, false),(5521, true);
INSERT INTO base_items VALUES(5522,$$Natron$$,$$重曹$$,$$Natron$$,$$Natron$$,$$74e37eafc16$$);
INSERT INTO items(base_item_id, hq) VALUES(5522, false),(5522, true);
INSERT INTO base_items VALUES(5523,$$Silex$$,$$珪砂$$,$$Silice$$,$$Silex$$,$$5a8e9c7fcbb$$);
INSERT INTO items(base_item_id, hq) VALUES(5523, false),(5523, true);
INSERT INTO base_items VALUES(5524,$$Alumen$$,$$アルメン$$,$$Alun$$,$$Alaune$$,$$e875e5fb10d$$);
INSERT INTO items(base_item_id, hq) VALUES(5524, false),(5524, true);
INSERT INTO base_items VALUES(5525,$$Black Alumen$$,$$ブラックアルメン$$,$$Alun noir$$,$$Schwarzalaune$$,$$f4246f0d5fb$$);
INSERT INTO items(base_item_id, hq) VALUES(5525, false),(5525, true);
INSERT INTO base_items VALUES(5526,$$Grenade Ash$$,$$グレネードの灰$$,$$Cendres de grenado$$,$$Granatenasche$$,$$db995256183$$);
INSERT INTO items(base_item_id, hq) VALUES(5526, false),(5526, true);
INSERT INTO base_items VALUES(5527,$$Brimstone$$,$$硫黄$$,$$Soufre$$,$$Schwefel$$,$$da503a0cf74$$);
INSERT INTO items(base_item_id, hq) VALUES(5527, false),(5527, true);
INSERT INTO base_items VALUES(5528,$$Bomb Ash$$,$$ボムの灰$$,$$Cendres de bombo$$,$$Bomberasche$$,$$35c96e0c9f7$$);
INSERT INTO items(base_item_id, hq) VALUES(5528, false),(5528, true);
INSERT INTO base_items VALUES(5529,$$Resin$$,$$天然樹脂$$,$$Résine naturelle$$,$$Naturharz$$,$$05c2d357cff$$);
INSERT INTO items(base_item_id, hq) VALUES(5529, false),(5529, true);
INSERT INTO base_items VALUES(5530,$$Coke$$,$$コークス$$,$$Coke de houille$$,$$Koks$$,$$e7b966f42a9$$);
INSERT INTO items(base_item_id, hq) VALUES(5530, false),(5530, true);
INSERT INTO base_items VALUES(5531,$$Animal Fat$$,$$獣脂$$,$$Suif$$,$$Tierisches Fett$$,$$e96579d973b$$);
INSERT INTO items(base_item_id, hq) VALUES(5531, false),(5531, true);
INSERT INTO base_items VALUES(5532,$$Hardened Sap$$,$$樹液塊$$,$$Sève durcie$$,$$Gehärteter Pflanzensaft$$,$$8c834249a3a$$);
INSERT INTO items(base_item_id, hq) VALUES(5532, false),(5532, true);
INSERT INTO base_items VALUES(5533,$$Garlean Rubber$$,$$帝国製ラバー材$$,$$Caoutchouc impérial$$,$$Garleischer Gummi$$,$$73956562081$$);
INSERT INTO items(base_item_id, hq) VALUES(5533, false),(5533, true);
INSERT INTO base_items VALUES(5534,$$Tinolqa Mistletoe$$,$$ティノルカミスルトゥ$$,$$Gui de Tinolqa$$,$$Tinolqa-Mistelzweig$$,$$ecd880dc7ed$$);
INSERT INTO items(base_item_id, hq) VALUES(5534, false),(5534, true);
INSERT INTO base_items VALUES(5535,$$Matron's Mistletoe$$,$$ノフィカミスルトゥ$$,$$Gui de Nophica$$,$$Nophica-Mistelzweig$$,$$664db7bed81$$);
INSERT INTO items(base_item_id, hq) VALUES(5535, false),(5535, true);
INSERT INTO base_items VALUES(5536,$$Mistletoe$$,$$ミスルトゥ$$,$$Gui$$,$$Mistelzweig$$,$$981ba709187$$);
INSERT INTO items(base_item_id, hq) VALUES(5536, false),(5536, true);
INSERT INTO base_items VALUES(5537,$$Thavnairian Mistletoe$$,$$サベネアミスルトゥ$$,$$Gui de Thavnair$$,$$Thavnair-Mistelzweig$$,$$eb92615f4a3$$);
INSERT INTO items(base_item_id, hq) VALUES(5537, false),(5537, true);
INSERT INTO base_items VALUES(5538,$$Yellow Ginseng$$,$$ジンセン$$,$$Ginseng jaune$$,$$Gelber Ginseng$$,$$d4b41bc7999$$);
INSERT INTO items(base_item_id, hq) VALUES(5538, false),(5538, true);
INSERT INTO base_items VALUES(5540,$$Carnation$$,$$カーネーション$$,$$Œillet$$,$$Nelke$$,$$ec1e0116c14$$);
INSERT INTO items(base_item_id, hq) VALUES(5540, false),(5540, true);
INSERT INTO base_items VALUES(5541,$$Belladonna$$,$$ベラドンナ$$,$$Belladone$$,$$Tollkirsche$$,$$c3bb3a2c17a$$);
INSERT INTO items(base_item_id, hq) VALUES(5541, false),(5541, true);
INSERT INTO base_items VALUES(5544,$$Lamp Marimo$$,$$ランプマリモ$$,$$Marimo luisante$$,$$Algenkugel$$,$$0b6f0379c28$$);
INSERT INTO items(base_item_id, hq) VALUES(5544, false),(5544, true);
INSERT INTO base_items VALUES(5545,$$Trillium$$,$$トリリウム$$,$$Trille$$,$$Waldlilie$$,$$0e686269d75$$);
INSERT INTO items(base_item_id, hq) VALUES(5545, false),(5545, true);
INSERT INTO base_items VALUES(5546,$$Trillium Bulb$$,$$トリリウムの球根$$,$$Bulbe de trille$$,$$Waldlilien-Knolle$$,$$f139e22f50c$$);
INSERT INTO items(base_item_id, hq) VALUES(5546, false),(5546, true);
INSERT INTO base_items VALUES(5547,$$Vampire Plant$$,$$ヴァンパイアプラント$$,$$Baie vampire$$,$$Vampirpflanze$$,$$d0b04f58075$$);
INSERT INTO items(base_item_id, hq) VALUES(5547, false),(5547, true);
INSERT INTO base_items VALUES(5548,$$Red Landtrap Leaf$$,$$ローズリングの葉$$,$$Feuille de plante carnivore rouge$$,$$Rotes Karnivorenblatt$$,$$d4c2d5ba414$$);
INSERT INTO items(base_item_id, hq) VALUES(5548, false),(5548, true);
INSERT INTO base_items VALUES(5549,$$Blue Landtrap Leaf$$,$$フライトラップの葉$$,$$Feuille de plante carnivore bleue$$,$$Blaues Karnivorenblatt$$,$$72b311e3c98$$);
INSERT INTO items(base_item_id, hq) VALUES(5549, false),(5549, true);
INSERT INTO base_items VALUES(5550,$$Puk Wing$$,$$プークの翼$$,$$Aile de puk$$,$$Puk-Flügel$$,$$b7e6290f1b7$$);
INSERT INTO items(base_item_id, hq) VALUES(5550, false),(5550, true);
INSERT INTO base_items VALUES(5551,$$Bat Wing$$,$$バットの翼$$,$$Aile de chauve-souris$$,$$Fledermausflügel$$,$$03b56e9023a$$);
INSERT INTO items(base_item_id, hq) VALUES(5551, false),(5551, true);
INSERT INTO base_items VALUES(5552,$$Imp Wing$$,$$インプの翼$$,$$Aile d'imp$$,$$Imp-Flügel$$,$$ba396ed586a$$);
INSERT INTO items(base_item_id, hq) VALUES(5552, false),(5552, true);
INSERT INTO base_items VALUES(5553,$$Ahriman Wing$$,$$アーリマンの翼$$,$$Aile d'ahriman$$,$$Ahriman-Flügel$$,$$488f48b3a4c$$);
INSERT INTO items(base_item_id, hq) VALUES(5553, false),(5553, true);
INSERT INTO base_items VALUES(5554,$$Morbol Vine$$,$$モルボルのつる$$,$$Sarment de morbol$$,$$Morbol-Ranke$$,$$2758a54005b$$);
INSERT INTO items(base_item_id, hq) VALUES(5554, false),(5554, true);
INSERT INTO base_items VALUES(5555,$$Ochu Vine$$,$$オチューのつる$$,$$Sarment d'otyugh$$,$$Ochu-Ranke$$,$$026d818cd3a$$);
INSERT INTO items(base_item_id, hq) VALUES(5555, false),(5555, true);
INSERT INTO base_items VALUES(5556,$$Jellyfish Cnida$$,$$ジェリーフィッシュの刺胞$$,$$Cnidocyte de méduse$$,$$Aurelia-Nesselzelle$$,$$38fb9c1886b$$);
INSERT INTO items(base_item_id, hq) VALUES(5556, false),(5556, true);
INSERT INTO base_items VALUES(5557,$$Jellyfish Umbrella$$,$$ジェリーフィッシュの傘$$,$$Ombrelle de méduse$$,$$Quallen-Gallerte$$,$$4e06c7d529b$$);
INSERT INTO items(base_item_id, hq) VALUES(5557, false),(5557, true);
INSERT INTO base_items VALUES(5558,$$Pudding Flesh$$,$$プリンの肉$$,$$Viande de flan$$,$$Puddingfleisch$$,$$6d0118d3024$$);
INSERT INTO items(base_item_id, hq) VALUES(5558, false),(5558, true);
INSERT INTO base_items VALUES(5559,$$Moor Leech$$,$$ムアリーチ$$,$$Sangsue des landes$$,$$Mooregel$$,$$ca851914116$$);
INSERT INTO items(base_item_id, hq) VALUES(5559, false),(5559, true);
INSERT INTO base_items VALUES(5560,$$Grass Viper$$,$$グラスバイパー$$,$$Vipère des prés$$,$$Buschviper$$,$$c981641cfd0$$);
INSERT INTO items(base_item_id, hq) VALUES(5560, false),(5560, true);
INSERT INTO base_items VALUES(5561,$$Bee Basket$$,$$蜜蜂$$,$$Panier d'abeilles$$,$$Bienenkorb$$,$$ad10c3ba246$$);
INSERT INTO items(base_item_id, hq) VALUES(5561, false),(5561, true);
INSERT INTO base_items VALUES(5562,$$Tarantula$$,$$タランチュラ$$,$$Tarentule$$,$$Tarantel$$,$$135345485b3$$);
INSERT INTO items(base_item_id, hq) VALUES(5562, false),(5562, true);
INSERT INTO base_items VALUES(5563,$$White Scorpion$$,$$ホワイトスコーピオン$$,$$Scorpion blanc$$,$$Weißer Skorpion$$,$$4a03685baee$$);
INSERT INTO items(base_item_id, hq) VALUES(5563, false),(5563, true);
INSERT INTO base_items VALUES(5564,$$Black Scorpion$$,$$ブラックスコーピオン$$,$$Scorpion noir$$,$$Schwarzer Skorpion$$,$$02dd1bc6e83$$);
INSERT INTO items(base_item_id, hq) VALUES(5564, false),(5564, true);
INSERT INTO base_items VALUES(5565,$$Bloody Lance Head$$,$$ランスヘッド(ブラッディ)$$,$$Lame de lance ensanglantée$$,$$Blutige Lanzenspitze$$,$$2379bec4745$$);
INSERT INTO items(base_item_id, hq) VALUES(5565, false);
INSERT INTO base_items VALUES(5566,$$Bloody Bardiche Head$$,$$バルディッシュヘッド(ブラッディ)$$,$$Lame de bardiche ensanglantée$$,$$Blutiger Berdysch-Kopf$$,$$9f7562f3106$$);
INSERT INTO items(base_item_id, hq) VALUES(5566, false);
INSERT INTO base_items VALUES(5567,$$Bloody Cesti Covers$$,$$セスタスカバー(ブラッディ)$$,$$Couvertures de cestes ensanglantées$$,$$Blutige Caesti-Stulpe$$,$$7851ca88473$$);
INSERT INTO items(base_item_id, hq) VALUES(5567, false);
INSERT INTO base_items VALUES(5568,$$Bloody Bow Rim$$,$$ボウリム(ブラッディ)$$,$$Branches d'arc ensanglantées$$,$$Blutiger Bogen-Wurfarm$$,$$9fae75789b0$$);
INSERT INTO items(base_item_id, hq) VALUES(5568, false);
INSERT INTO base_items VALUES(5569,$$Bloody Grimoire Binding$$,$$グリモアカバー(ブラッディ)$$,$$Couverture de grimoire ensanglantée$$,$$Blutiger Grimoire-Einband$$,$$f047fed0e24$$);
INSERT INTO items(base_item_id, hq) VALUES(5569, false);
INSERT INTO base_items VALUES(5570,$$Mailbreaker Blade$$,$$メイルブレーカーブレード$$,$$Lame de Briseur de maille$$,$$Panzerbrecher-Klinge$$,$$6a90baf80b2$$);
INSERT INTO items(base_item_id, hq) VALUES(5570, false),(5570, true);
INSERT INTO base_items VALUES(5571,$$Avenger Grips$$,$$アベンジャーグリップ$$,$$Poignées de Vengeurs$$,$$Rächer-Griffe$$,$$c74f36b500e$$);
INSERT INTO items(base_item_id, hq) VALUES(5571, false),(5571, true);
INSERT INTO base_items VALUES(5572,$$Rampager Head$$,$$ランページャーヘッド$$,$$Tête de Ravageuse$$,$$Amok-Axtblatt$$,$$49e8beb152c$$);
INSERT INTO items(base_item_id, hq) VALUES(5572, false),(5572, true);
INSERT INTO base_items VALUES(5573,$$Obelisk Head$$,$$オベリスクヘッド$$,$$Fer d'Obélisque$$,$$Obelisken-Speerspitze$$,$$f67fbf83917$$);
INSERT INTO items(base_item_id, hq) VALUES(5573, false),(5573, true);
INSERT INTO base_items VALUES(5574,$$Sarnga Limb$$,$$サルンガリム$$,$$Branches de Sarnga$$,$$Sarnga-Ast$$,$$ad24280bfdf$$);
INSERT INTO items(base_item_id, hq) VALUES(5574, false),(5574, true);
INSERT INTO base_items VALUES(5575,$$Suspended Trillium Flower$$,$$アルカルロプスフラワー$$,$$Trille d'Alkalurops$$,$$Waldlilienblüte$$,$$b0c1ef682b1$$);
INSERT INTO items(base_item_id, hq) VALUES(5575, false),(5575, true);
INSERT INTO base_items VALUES(5576,$$Astrolabe Clinometer$$,$$アストロラーベメーター$$,$$Alidade d'Astrolabe$$,$$Astrolabium-Klinometer$$,$$786e1896715$$);
INSERT INTO items(base_item_id, hq) VALUES(5576, false),(5576, true);
INSERT INTO base_items VALUES(5577,$$Vanya Silk Hat Lining$$,$$帽子絹布(ヴァンヤ)$$,$$Découpe de chapeau en soie vanya$$,$$Vanya-Seiden-Hutfutter$$,$$186c8c79467$$);
INSERT INTO items(base_item_id, hq) VALUES(5577, false),(5577, true);
INSERT INTO base_items VALUES(5578,$$Vanya Silk Robe Lining$$,$$外套絹布(ヴァンヤ)$$,$$Découpe de robe en soie vanya$$,$$Vanya-Seiden-Robenfutter$$,$$b92a1bc08e6$$);
INSERT INTO items(base_item_id, hq) VALUES(5578, false),(5578, true);
INSERT INTO base_items VALUES(5579,$$Vanya Silk Glove Lining$$,$$手袋絹布(ヴァンヤ)$$,$$Découpe de gants en soie vanya$$,$$Vanya-Seiden-Handschuhfutter$$,$$13fab8ed2b3$$);
INSERT INTO items(base_item_id, hq) VALUES(5579, false),(5579, true);
INSERT INTO base_items VALUES(5580,$$Vanya Silk Crakow Lining$$,$$絹布靴下(ヴァンヤ)$$,$$Découpe de souliers en soie vanya$$,$$Vanya-Seiden-Schuhfutter$$,$$0317d2330e9$$);
INSERT INTO items(base_item_id, hq) VALUES(5580, false),(5580, true);
INSERT INTO base_items VALUES(5581,$$Gryphonskin Shoulder Guards$$,$$肩防護革(ヒッポグリフ)$$,$$Épaulettes en cuir d'hippogriffe$$,$$Gryphenleder-Schulterpolster$$,$$4e088466a33$$);
INSERT INTO items(base_item_id, hq) VALUES(5581, false),(5581, true);
INSERT INTO base_items VALUES(5582,$$Gryphonskin Shin Guards$$,$$革脛当(ヒッポグリフ)$$,$$Protège-tibias en cuir d'hippogriffe$$,$$Gryphenleder-Schienbeinschützer$$,$$fb108562a3f$$);
INSERT INTO items(base_item_id, hq) VALUES(5582, false),(5582, true);
INSERT INTO base_items VALUES(5583,$$Gryphonskin Elbow Pads$$,$$革肘当(ヒッポグリフ)$$,$$Coudières en cuir d'hippogriffe$$,$$Gryphenleder-Ellbogenschützer$$,$$285613d6e5f$$);
INSERT INTO items(base_item_id, hq) VALUES(5583, false),(5583, true);
INSERT INTO base_items VALUES(5584,$$Gryphonskin Knee Pads$$,$$革膝当(ヒッポグリフ)$$,$$Protège-genoux en cuir d'hippogriffe$$,$$Gryphenleder-Knieschoner$$,$$01f1566a472$$);
INSERT INTO items(base_item_id, hq) VALUES(5584, false),(5584, true);
INSERT INTO base_items VALUES(5585,$$Darksteel Breastplate$$,$$胸甲部品(ダークスチール)$$,$$Devant de cuirasse en sombracier$$,$$Dunkelstahl-Brustplatte$$,$$a48bc667cf7$$);
INSERT INTO items(base_item_id, hq) VALUES(5585, false),(5585, true);
INSERT INTO base_items VALUES(5586,$$Darksteel Gauntlet Plates$$,$$腕甲部品(ダークスチール)$$,$$Plaques de canon d'avant-bras en sombracier$$,$$Dunkelstahl-Handschuhplatten$$,$$1b0dbf827f7$$);
INSERT INTO items(base_item_id, hq) VALUES(5586, false),(5586, true);
INSERT INTO base_items VALUES(5587,$$Darksteel Couters$$,$$脚甲部品(ダークスチール)$$,$$Genouillères en sombracier$$,$$Dunkelstahl-Ellbogenschützer$$,$$2d8012e1660$$);
INSERT INTO items(base_item_id, hq) VALUES(5587, false),(5587, true);
INSERT INTO base_items VALUES(5588,$$Rose Gold Clasps$$,$$耳飾部品(ローズゴールド)$$,$$Crochets d'oreilles en or rose$$,$$Rosengold-Spangen$$,$$f612320a4c7$$);
INSERT INTO items(base_item_id, hq) VALUES(5588, false),(5588, true);
INSERT INTO base_items VALUES(5589,$$Rubber Sole$$,$$ラバーソール$$,$$Semelle en caoutchouc$$,$$Gummisohle$$,$$a4352c3c2f3$$);
INSERT INTO items(base_item_id, hq) VALUES(5589, false),(5589, true);
INSERT INTO base_items VALUES(5590,$$Tiny Crown$$,$$タイニークラウン$$,$$Petite couronne$$,$$Kleine Krone$$,$$822fe852b39$$);
INSERT INTO items(base_item_id, hq) VALUES(5590, false);
INSERT INTO base_items VALUES(5594,$$Grade 1 Dark Matter$$,$$ダークマターG1$$,$$Matière sombre grade I$$,$$Grad 1 Dunkelmaterie$$,$$81e7bbeb96a$$);
INSERT INTO items(base_item_id, hq) VALUES(5594, false);
INSERT INTO base_items VALUES(5595,$$Grade 2 Dark Matter$$,$$ダークマターG2$$,$$Matière sombre grade II$$,$$Grad 2 Dunkelmaterie$$,$$a0764dc5c93$$);
INSERT INTO items(base_item_id, hq) VALUES(5595, false);
INSERT INTO base_items VALUES(5596,$$Grade 3 Dark Matter$$,$$ダークマターG3$$,$$Matière sombre grade III$$,$$Grad 3 Dunkelmaterie$$,$$779ab90c60d$$);
INSERT INTO items(base_item_id, hq) VALUES(5596, false);
INSERT INTO base_items VALUES(5597,$$Grade 4 Dark Matter$$,$$ダークマターG4$$,$$Matière sombre grade IV$$,$$Grad 4 Dunkelmaterie$$,$$b1a06983ab3$$);
INSERT INTO items(base_item_id, hq) VALUES(5597, false);
INSERT INTO base_items VALUES(5598,$$Grade 5 Dark Matter$$,$$ダークマターG5$$,$$Matière sombre grade V$$,$$Grad 5 Dunkelmaterie$$,$$bc12c674d66$$);
INSERT INTO items(base_item_id, hq) VALUES(5598, false);
INSERT INTO base_items VALUES(5599,$$Grade 1 Carbonized Matter$$,$$コールマターG1$$,$$Matière carbonique grade I$$,$$Karbonisierte Materie G1$$,$$5f4c5a1b68a$$);
INSERT INTO items(base_item_id, hq) VALUES(5599, false);
INSERT INTO base_items VALUES(5600,$$Grade 2 Carbonized Matter$$,$$コールマターG2$$,$$Matière carbonique grade II$$,$$Karbonisierte Materie G2$$,$$1e58e73d734$$);
INSERT INTO items(base_item_id, hq) VALUES(5600, false);
INSERT INTO base_items VALUES(5601,$$Grade 3 Carbonized Matter$$,$$コールマターG3$$,$$Matière carbonique grade III$$,$$Karbonisierte Materie G3$$,$$49b6549e5f3$$);
INSERT INTO items(base_item_id, hq) VALUES(5601, false);
INSERT INTO base_items VALUES(5602,$$Grade 4 Carbonized Matter$$,$$コールマターG4$$,$$Matière carbonique grade IV$$,$$Karbonisierte Materie G4$$,$$bcd7cdcdb70$$);
INSERT INTO items(base_item_id, hq) VALUES(5602, false);
INSERT INTO base_items VALUES(5603,$$Grade 5 Carbonized Matter$$,$$コールマターG5$$,$$Matière carbonique grade V$$,$$Karbonisierte Materie G5$$,$$dd08766b124$$);
INSERT INTO items(base_item_id, hq) VALUES(5603, false);
INSERT INTO base_items VALUES(5604,$$Strength Materia I$$,$$剛力のマテリア$$,$$Matéria de force I$$,$$Stärke-Materia I$$,$$ad5b04c453d$$);
INSERT INTO items(base_item_id, hq) VALUES(5604, false);
INSERT INTO base_items VALUES(5605,$$Strength Materia II$$,$$剛力のマテリラ$$,$$Matéria de force II$$,$$Stärke-Materia II$$,$$babec0dab28$$);
INSERT INTO items(base_item_id, hq) VALUES(5605, false);
INSERT INTO base_items VALUES(5606,$$Strength Materia III$$,$$剛力のマテリダ$$,$$Matéria de force III$$,$$Stärke-Materia III$$,$$472e1fa3810$$);
INSERT INTO items(base_item_id, hq) VALUES(5606, false);
INSERT INTO base_items VALUES(5607,$$Strength Materia IV$$,$$剛力のマテリガ$$,$$Matéria de force IV$$,$$Stärke-Materia IV$$,$$8bae2eca67b$$);
INSERT INTO items(base_item_id, hq) VALUES(5607, false);
INSERT INTO base_items VALUES(5608,$$Strength Materia V$$,$$剛力のマテリジャ$$,$$Matéria de force V$$,$$Stärke-Materia V$$,$$13b227da8e4$$);
INSERT INTO items(base_item_id, hq) VALUES(5608, false);
INSERT INTO base_items VALUES(5609,$$Vitality Materia I$$,$$活力のマテリア$$,$$Matéria de vitalité I$$,$$Konstitutions-Materia I$$,$$ed7e24a80d3$$);
INSERT INTO items(base_item_id, hq) VALUES(5609, false);
INSERT INTO base_items VALUES(5610,$$Vitality Materia II$$,$$活力のマテリラ$$,$$Matéria de vitalité II$$,$$Konstitutions-Materia II$$,$$ed040121e18$$);
INSERT INTO items(base_item_id, hq) VALUES(5610, false);
INSERT INTO base_items VALUES(5611,$$Vitality Materia III$$,$$活力のマテリダ$$,$$Matéria de vitalité III$$,$$Konstitutions-Materia III$$,$$05af5a9c796$$);
INSERT INTO items(base_item_id, hq) VALUES(5611, false);
INSERT INTO base_items VALUES(5612,$$Vitality Materia IV$$,$$活力のマテリガ$$,$$Matéria de vitalité IV$$,$$Konstitutions-Materia IV$$,$$95bb1a54add$$);
INSERT INTO items(base_item_id, hq) VALUES(5612, false);
INSERT INTO base_items VALUES(5613,$$Vitality Materia V$$,$$活力のマテリジャ$$,$$Matéria de vitalité V$$,$$Konstitutions-Materia V$$,$$f7af438994f$$);
INSERT INTO items(base_item_id, hq) VALUES(5613, false);
INSERT INTO base_items VALUES(5614,$$Dexterity Materia I$$,$$眼力のマテリア$$,$$Matéria de dextérité I$$,$$Geschicklichkeits-Materia I$$,$$042a22d9618$$);
INSERT INTO items(base_item_id, hq) VALUES(5614, false);
INSERT INTO base_items VALUES(5615,$$Dexterity Materia II$$,$$眼力のマテリラ$$,$$Matéria de dextérité II$$,$$Geschicklichkeits-Materia II$$,$$8ebde7e82e1$$);
INSERT INTO items(base_item_id, hq) VALUES(5615, false);
INSERT INTO base_items VALUES(5616,$$Dexterity Materia III$$,$$眼力のマテリダ$$,$$Matéria de dextérité III$$,$$Geschicklichkeits-Materia III$$,$$1f59353aa23$$);
INSERT INTO items(base_item_id, hq) VALUES(5616, false);
INSERT INTO base_items VALUES(5617,$$Dexterity Materia IV$$,$$眼力のマテリガ$$,$$Matéria de dextérité IV$$,$$Geschicklichkeits-Materia IV$$,$$2018335c922$$);
INSERT INTO items(base_item_id, hq) VALUES(5617, false);
INSERT INTO base_items VALUES(5618,$$Dexterity Materia V$$,$$眼力のマテリジャ$$,$$Matéria de dextérité V$$,$$Geschicklichkeits-Materia V$$,$$686d37e0b36$$);
INSERT INTO items(base_item_id, hq) VALUES(5618, false);
INSERT INTO base_items VALUES(5619,$$Intelligence Materia I$$,$$知力のマテリア$$,$$Matéria d'intelligence I$$,$$Intelligenz-Materia I$$,$$a28c86b8282$$);
INSERT INTO items(base_item_id, hq) VALUES(5619, false);
INSERT INTO base_items VALUES(5620,$$Intelligence Materia II$$,$$知力のマテリラ$$,$$Matéria d'intelligence II$$,$$Intelligenz-Materia II$$,$$aeacda55d30$$);
INSERT INTO items(base_item_id, hq) VALUES(5620, false);
INSERT INTO base_items VALUES(5621,$$Intelligence Materia III$$,$$知力のマテリダ$$,$$Matéria d'intelligence III$$,$$Intelligenz-Materia III$$,$$7b58f16a85a$$);
INSERT INTO items(base_item_id, hq) VALUES(5621, false);
INSERT INTO base_items VALUES(5622,$$Intelligence Materia IV$$,$$知力のマテリガ$$,$$Matéria d'intelligence IV$$,$$Intelligenz-Materia IV$$,$$78439c2ddf2$$);
INSERT INTO items(base_item_id, hq) VALUES(5622, false);
INSERT INTO base_items VALUES(5623,$$Intelligence Materia V$$,$$知力のマテリジャ$$,$$Matéria d'intelligence V$$,$$Intelligenz-Materia V$$,$$cd4e6549970$$);
INSERT INTO items(base_item_id, hq) VALUES(5623, false);
INSERT INTO base_items VALUES(5624,$$Mind Materia I$$,$$心力のマテリア$$,$$Matéria d'esprit I$$,$$Willenskraft-Materia I$$,$$a78818eff3e$$);
INSERT INTO items(base_item_id, hq) VALUES(5624, false);
INSERT INTO base_items VALUES(5625,$$Mind Materia II$$,$$心力のマテリラ$$,$$Matéria d'esprit II$$,$$Willenskraft-Materia II$$,$$b2990d15ee7$$);
INSERT INTO items(base_item_id, hq) VALUES(5625, false);
INSERT INTO base_items VALUES(5626,$$Mind Materia III$$,$$心力のマテリダ$$,$$Matéria d'esprit III$$,$$Willenskraft-Materia III$$,$$c625696a819$$);
INSERT INTO items(base_item_id, hq) VALUES(5626, false);
INSERT INTO base_items VALUES(5627,$$Mind Materia IV$$,$$心力のマテリガ$$,$$Matéria d'esprit IV$$,$$Willenskraft-Materia IV$$,$$36e0d58cdce$$);
INSERT INTO items(base_item_id, hq) VALUES(5627, false);
INSERT INTO base_items VALUES(5628,$$Mind Materia V$$,$$心力のマテリジャ$$,$$Matéria d'esprit V$$,$$Willenskraft-Materia V$$,$$8cd24c349f4$$);
INSERT INTO items(base_item_id, hq) VALUES(5628, false);
INSERT INTO base_items VALUES(5629,$$Piety Materia I$$,$$信力のマテリア$$,$$Matéria de piété I$$,$$Frömmigkeits-Materia I$$,$$5e724db1269$$);
INSERT INTO items(base_item_id, hq) VALUES(5629, false);
INSERT INTO base_items VALUES(5630,$$Piety Materia II$$,$$信力のマテリラ$$,$$Matéria de piété II$$,$$Frömmigkeits-Materia II$$,$$c774ffce892$$);
INSERT INTO items(base_item_id, hq) VALUES(5630, false);
INSERT INTO base_items VALUES(5631,$$Piety Materia III$$,$$信力のマテリダ$$,$$Matéria de piété III$$,$$Frömmigkeits-Materia III$$,$$8810a774ee4$$);
INSERT INTO items(base_item_id, hq) VALUES(5631, false);
INSERT INTO base_items VALUES(5632,$$Piety Materia IV$$,$$信力のマテリガ$$,$$Matéria de piété IV$$,$$Frömmigkeits-Materia IV$$,$$905d47601dd$$);
INSERT INTO items(base_item_id, hq) VALUES(5632, false);
INSERT INTO base_items VALUES(5633,$$Piety Materia V$$,$$信力のマテリジャ$$,$$Matéria de piété V$$,$$Frömmigkeits-Materia V$$,$$9ef5708917c$$);
INSERT INTO items(base_item_id, hq) VALUES(5633, false);
INSERT INTO base_items VALUES(5634,$$Fire Materia I$$,$$防火のマテリア$$,$$Matéria pyrovoile I$$,$$Feuer-Materia I$$,$$35bc643419b$$);
INSERT INTO items(base_item_id, hq) VALUES(5634, false);
INSERT INTO base_items VALUES(5635,$$Fire Materia II$$,$$防火のマテリラ$$,$$Matéria pyrovoile II$$,$$Feuer-Materia II$$,$$4a20d57fc51$$);
INSERT INTO items(base_item_id, hq) VALUES(5635, false);
INSERT INTO base_items VALUES(5636,$$Fire Materia III$$,$$防火のマテリダ$$,$$Matéria pyrovoile III$$,$$Feuer-Materia III$$,$$0fb85b52946$$);
INSERT INTO items(base_item_id, hq) VALUES(5636, false);
INSERT INTO base_items VALUES(5637,$$Fire Materia IV$$,$$防火のマテリガ$$,$$Matéria pyrovoile IV$$,$$Feuer-Materia IV$$,$$dd4b0b23d09$$);
INSERT INTO items(base_item_id, hq) VALUES(5637, false);
INSERT INTO base_items VALUES(5638,$$Fire Materia V$$,$$防火のマテリジャ$$,$$Matéria pyrovoile V$$,$$Feuer-Materia V$$,$$be80f45099c$$);
INSERT INTO items(base_item_id, hq) VALUES(5638, false);
INSERT INTO base_items VALUES(5639,$$Ice Materia I$$,$$防氷のマテリア$$,$$Matéria cryovoile I$$,$$Eis-Materia I$$,$$d7b1e75edb3$$);
INSERT INTO items(base_item_id, hq) VALUES(5639, false);
INSERT INTO base_items VALUES(5640,$$Ice Materia II$$,$$防氷のマテリラ$$,$$Matéria cryovoile II$$,$$Eis-Materia II$$,$$84895651aea$$);
INSERT INTO items(base_item_id, hq) VALUES(5640, false);
INSERT INTO base_items VALUES(5641,$$Ice Materia III$$,$$防氷のマテリダ$$,$$Matéria cryovoile III$$,$$Eis-Materia III$$,$$cdd8715c5b1$$);
INSERT INTO items(base_item_id, hq) VALUES(5641, false);
INSERT INTO base_items VALUES(5642,$$Ice Materia IV$$,$$防氷のマテリガ$$,$$Matéria cryovoile IV$$,$$Eis-Materia IV$$,$$618f27cb51a$$);
INSERT INTO items(base_item_id, hq) VALUES(5642, false);
INSERT INTO base_items VALUES(5643,$$Ice Materia V$$,$$防氷のマテリジャ$$,$$Matéria cryovoile V$$,$$Eis-Materia V$$,$$acc8d4d66b1$$);
INSERT INTO items(base_item_id, hq) VALUES(5643, false);
INSERT INTO base_items VALUES(5644,$$Wind Materia I$$,$$防風のマテリア$$,$$Matéria aérovoile I$$,$$Wind-Materia I$$,$$1f2f2887540$$);
INSERT INTO items(base_item_id, hq) VALUES(5644, false);
INSERT INTO base_items VALUES(5645,$$Wind Materia II$$,$$防風のマテリラ$$,$$Matéria aérovoile II$$,$$Wind-Materia II$$,$$e46673a0d86$$);
INSERT INTO items(base_item_id, hq) VALUES(5645, false);
INSERT INTO base_items VALUES(5646,$$Wind Materia III$$,$$防風のマテリダ$$,$$Matéria aérovoile III$$,$$Wind-Materia III$$,$$0873a3c196e$$);
INSERT INTO items(base_item_id, hq) VALUES(5646, false);
INSERT INTO base_items VALUES(5647,$$Wind Materia IV$$,$$防風のマテリガ$$,$$Matéria aérovoile IV$$,$$Wind-Materia IV$$,$$694533c7ca3$$);
INSERT INTO items(base_item_id, hq) VALUES(5647, false);
INSERT INTO base_items VALUES(5648,$$Wind Materia V$$,$$防風のマテリジャ$$,$$Matéria aérovoile V$$,$$Wind-Materia V$$,$$e165af2717d$$);
INSERT INTO items(base_item_id, hq) VALUES(5648, false);
INSERT INTO base_items VALUES(5649,$$Earth Materia I$$,$$防土のマテリア$$,$$Matéria géovoile I$$,$$Erd-Materia I$$,$$3d035d27ad4$$);
INSERT INTO items(base_item_id, hq) VALUES(5649, false);
INSERT INTO base_items VALUES(5650,$$Earth Materia II$$,$$防土のマテリラ$$,$$Matéria géovoile II$$,$$Erd-Materia II$$,$$349d2580712$$);
INSERT INTO items(base_item_id, hq) VALUES(5650, false);
INSERT INTO base_items VALUES(5651,$$Earth Materia III$$,$$防土のマテリダ$$,$$Matéria géovoile III$$,$$Erd-Materia III$$,$$59fc3104551$$);
INSERT INTO items(base_item_id, hq) VALUES(5651, false);
INSERT INTO base_items VALUES(5652,$$Earth Materia IV$$,$$防土のマテリガ$$,$$Matéria géovoile IV$$,$$Erd-Materia IV$$,$$0e3a207d75b$$);
INSERT INTO items(base_item_id, hq) VALUES(5652, false);
INSERT INTO base_items VALUES(5653,$$Earth Materia V$$,$$防土のマテリジャ$$,$$Matéria géovoile V$$,$$Erd-Materia V$$,$$bac56c86f52$$);
INSERT INTO items(base_item_id, hq) VALUES(5653, false);
INSERT INTO base_items VALUES(5654,$$Lightning Materia I$$,$$防雷のマテリア$$,$$Matéria électrovoile I$$,$$Blitz-Materia I$$,$$8becf336e7a$$);
INSERT INTO items(base_item_id, hq) VALUES(5654, false);
INSERT INTO base_items VALUES(5655,$$Lightning Materia II$$,$$防雷のマテリラ$$,$$Matéria électrovoile II$$,$$Blitz-Materia II$$,$$cbf78b30f91$$);
INSERT INTO items(base_item_id, hq) VALUES(5655, false);
INSERT INTO base_items VALUES(5656,$$Lightning Materia III$$,$$防雷のマテリダ$$,$$Matéria électrovoile III$$,$$Blitz-Materia III$$,$$a0440ded3ab$$);
INSERT INTO items(base_item_id, hq) VALUES(5656, false);
INSERT INTO base_items VALUES(5657,$$Lightning Materia IV$$,$$防雷のマテリガ$$,$$Matéria électrovoile IV$$,$$Blitz-Materia IV$$,$$c323ad40213$$);
INSERT INTO items(base_item_id, hq) VALUES(5657, false);
INSERT INTO base_items VALUES(5658,$$Lightning Materia V$$,$$防雷のマテリジャ$$,$$Matéria électrovoile V$$,$$Blitz-Materia V$$,$$0444a0d6f35$$);
INSERT INTO items(base_item_id, hq) VALUES(5658, false);
INSERT INTO base_items VALUES(5659,$$Water Materia I$$,$$防水のマテリア$$,$$Matéria hydrovoile I$$,$$Wasser-Materia I$$,$$ffa84141658$$);
INSERT INTO items(base_item_id, hq) VALUES(5659, false);
INSERT INTO base_items VALUES(5660,$$Water Materia II$$,$$防水のマテリラ$$,$$Matéria hydrovoile II$$,$$Wasser-Materia II$$,$$b2f6260d19c$$);
INSERT INTO items(base_item_id, hq) VALUES(5660, false);
INSERT INTO base_items VALUES(5661,$$Water Materia III$$,$$防水のマテリダ$$,$$Matéria hydrovoile III$$,$$Wasser-Materia III$$,$$6a83c32b69d$$);
INSERT INTO items(base_item_id, hq) VALUES(5661, false);
INSERT INTO base_items VALUES(5662,$$Water Materia IV$$,$$防水のマテリガ$$,$$Matéria hydrovoile IV$$,$$Wasser-Materia IV$$,$$81aa4808ed2$$);
INSERT INTO items(base_item_id, hq) VALUES(5662, false);
INSERT INTO base_items VALUES(5663,$$Water Materia V$$,$$防水のマテリジャ$$,$$Matéria hydrovoile V$$,$$Wasser-Materia V$$,$$eff83ab94a4$$);
INSERT INTO items(base_item_id, hq) VALUES(5663, false);
INSERT INTO base_items VALUES(5664,$$Heavens' Eye Materia I$$,$$天眼のマテリア$$,$$Matéria du regard divin I$$,$$Hellseher-Materia I$$,$$5d1b6abe064$$);
INSERT INTO items(base_item_id, hq) VALUES(5664, false);
INSERT INTO base_items VALUES(5665,$$Heavens' Eye Materia II$$,$$天眼のマテリラ$$,$$Matéria du regard divin II$$,$$Hellseher-Materia II$$,$$e19cc5717ed$$);
INSERT INTO items(base_item_id, hq) VALUES(5665, false);
INSERT INTO base_items VALUES(5666,$$Heavens' Eye Materia III$$,$$天眼のマテリダ$$,$$Matéria du regard divin III$$,$$Hellseher-Materia III$$,$$20c2c8929f0$$);
INSERT INTO items(base_item_id, hq) VALUES(5666, false);
INSERT INTO base_items VALUES(5667,$$Heavens' Eye Materia IV$$,$$天眼のマテリガ$$,$$Matéria du regard divin IV$$,$$Hellseher-Materia IV$$,$$93fe1786b70$$);
INSERT INTO items(base_item_id, hq) VALUES(5667, false);
INSERT INTO base_items VALUES(5668,$$Heavens' Eye Materia V$$,$$天眼のマテリジャ$$,$$Matéria du regard divin V$$,$$Hellseher-Materia V$$,$$6911895ae52$$);
INSERT INTO items(base_item_id, hq) VALUES(5668, false);
INSERT INTO base_items VALUES(5669,$$Savage Aim Materia I$$,$$武略のマテリア$$,$$Matéria de la barbarie maîtrisée I$$,$$Strategen-Materia I$$,$$12b7556e76d$$);
INSERT INTO items(base_item_id, hq) VALUES(5669, false);
INSERT INTO base_items VALUES(5670,$$Savage Aim Materia II$$,$$武略のマテリラ$$,$$Matéria de la barbarie maîtrisée II$$,$$Strategen-Materia II$$,$$b9b219ced71$$);
INSERT INTO items(base_item_id, hq) VALUES(5670, false);
INSERT INTO base_items VALUES(5671,$$Savage Aim Materia III$$,$$武略のマテリダ$$,$$Matéria de la barbarie maîtrisée III$$,$$Strategen-Materia III$$,$$82c6eb433f2$$);
INSERT INTO items(base_item_id, hq) VALUES(5671, false);
INSERT INTO base_items VALUES(5672,$$Savage Aim Materia IV$$,$$武略のマテリガ$$,$$Matéria de la barbarie maîtrisée IV$$,$$Strategen-Materia IV$$,$$dce3a5f3467$$);
INSERT INTO items(base_item_id, hq) VALUES(5672, false);
INSERT INTO base_items VALUES(5673,$$Savage Aim Materia V$$,$$武略のマテリジャ$$,$$Matéria de la barbarie maîtrisée V$$,$$Strategen-Materia V$$,$$97e7ab90473$$);
INSERT INTO items(base_item_id, hq) VALUES(5673, false);
INSERT INTO base_items VALUES(5674,$$Savage Might Materia I$$,$$雄略のマテリア$$,$$Matéria de la barbarie percutante I$$,$$Assassinen-Materia I$$,$$3e90f2d80a3$$);
INSERT INTO items(base_item_id, hq) VALUES(5674, false);
INSERT INTO base_items VALUES(5675,$$Savage Might Materia II$$,$$雄略のマテリラ$$,$$Matéria de la barbarie percutante II$$,$$Assassinen-Materia II$$,$$56a1148b3a5$$);
INSERT INTO items(base_item_id, hq) VALUES(5675, false);
INSERT INTO base_items VALUES(5676,$$Savage Might Materia III$$,$$雄略のマテリダ$$,$$Matéria de la barbarie percutante III$$,$$Assassinen-Materia III$$,$$6d65a73f718$$);
INSERT INTO items(base_item_id, hq) VALUES(5676, false);
INSERT INTO base_items VALUES(5677,$$Savage Might Materia IV$$,$$雄略のマテリガ$$,$$Matéria de la barbarie percutante IV$$,$$Assassinen-Materia IV$$,$$1bc25f58180$$);
INSERT INTO items(base_item_id, hq) VALUES(5677, false);
INSERT INTO base_items VALUES(5678,$$Savage Might Materia V$$,$$雄略のマテリジャ$$,$$Matéria de la barbarie percutante V$$,$$Assassinen-Materia V$$,$$cceb50d392c$$);
INSERT INTO items(base_item_id, hq) VALUES(5678, false);
INSERT INTO base_items VALUES(5679,$$Battledance Materia I$$,$$剛柔のマテリア$$,$$Matéria de la parade stratégique I$$,$$Fechtkunst-Materia I$$,$$2d83c5705c0$$);
INSERT INTO items(base_item_id, hq) VALUES(5679, false);
INSERT INTO base_items VALUES(5680,$$Battledance Materia II$$,$$剛柔のマテリラ$$,$$Matéria de la parade stratégique II$$,$$Fechtkunst-Materia II$$,$$b42cbba3411$$);
INSERT INTO items(base_item_id, hq) VALUES(5680, false);
INSERT INTO base_items VALUES(5681,$$Battledance Materia III$$,$$剛柔のマテリダ$$,$$Matéria de la parade stratégique III$$,$$Fechtkunst-Materia III$$,$$82b80f823c3$$);
INSERT INTO items(base_item_id, hq) VALUES(5681, false);
INSERT INTO base_items VALUES(5682,$$Battledance Materia IV$$,$$剛柔のマテリガ$$,$$Matéria de la parade stratégique IV$$,$$Fechtkunst-Materia IV$$,$$37f25043bf3$$);
INSERT INTO items(base_item_id, hq) VALUES(5682, false);
INSERT INTO base_items VALUES(5683,$$Battledance Materia V$$,$$剛柔のマテリジャ$$,$$Matéria de la parade stratégique V$$,$$Fechtkunst-Materia V$$,$$a09b07df8eb$$);
INSERT INTO items(base_item_id, hq) VALUES(5683, false);
INSERT INTO base_items VALUES(5684,$$Gatherer's Guerdon Materia I$$,$$達識のマテリア$$,$$Matéria de la collecte I$$,$$Sammlersold-Materia I$$,$$35d90916853$$);
INSERT INTO items(base_item_id, hq) VALUES(5684, false);
INSERT INTO base_items VALUES(5685,$$Gatherer's Guerdon Materia II$$,$$達識のマテリラ$$,$$Matéria de la collecte II$$,$$Sammlersold-Materia II$$,$$a29d97c9218$$);
INSERT INTO items(base_item_id, hq) VALUES(5685, false);
INSERT INTO base_items VALUES(5686,$$Gatherer's Guerdon Materia III$$,$$達識のマテリダ$$,$$Matéria de la collecte III$$,$$Sammlersold-Materia III$$,$$3a8dd03a36d$$);
INSERT INTO items(base_item_id, hq) VALUES(5686, false);
INSERT INTO base_items VALUES(5687,$$Gatherer's Guerdon Materia IV$$,$$達識のマテリガ$$,$$Matéria de la collecte IV$$,$$Sammlersold-Materia IV$$,$$8b1d678f751$$);
INSERT INTO items(base_item_id, hq) VALUES(5687, false);
INSERT INTO base_items VALUES(5688,$$Gatherer's Guerdon Materia V$$,$$達識のマテリジャ$$,$$Matéria de la collecte V$$,$$Sammlersold-Materia V$$,$$b3fa9f1136c$$);
INSERT INTO items(base_item_id, hq) VALUES(5688, false);
INSERT INTO base_items VALUES(5689,$$Gatherer's Guile Materia I$$,$$博識のマテリア$$,$$Matéria du discernement I$$,$$Sammlerschlich-Materia I$$,$$33caea31e44$$);
INSERT INTO items(base_item_id, hq) VALUES(5689, false);
INSERT INTO base_items VALUES(5690,$$Gatherer's Guile Materia II$$,$$博識のマテリラ$$,$$Matéria du discernement II$$,$$Sammlerschlich-Materia II$$,$$4e91cc3d138$$);
INSERT INTO items(base_item_id, hq) VALUES(5690, false);
INSERT INTO base_items VALUES(5691,$$Gatherer's Guile Materia III$$,$$博識のマテリダ$$,$$Matéria du discernement III$$,$$Sammlerschlich-Materia III$$,$$69ffe3b47bf$$);
INSERT INTO items(base_item_id, hq) VALUES(5691, false);
INSERT INTO base_items VALUES(5692,$$Gatherer's Guile Materia IV$$,$$博識のマテリガ$$,$$Matéria du discernement IV$$,$$Sammlerschlich-Materia IV$$,$$23a75b80dac$$);
INSERT INTO items(base_item_id, hq) VALUES(5692, false);
INSERT INTO base_items VALUES(5693,$$Gatherer's Guile Materia V$$,$$博識のマテリジャ$$,$$Matéria du discernement V$$,$$Sammlerschlich-Materia V$$,$$495ec449b8e$$);
INSERT INTO items(base_item_id, hq) VALUES(5693, false);
INSERT INTO base_items VALUES(5694,$$Gatherer's Grasp Materia I$$,$$器識のマテリア$$,$$Matéria du rendement I$$,$$Sammlersinn-Materia I$$,$$b0e39513b87$$);
INSERT INTO items(base_item_id, hq) VALUES(5694, false);
INSERT INTO base_items VALUES(5695,$$Gatherer's Grasp Materia II$$,$$器識のマテリラ$$,$$Matéria du rendement II$$,$$Sammlersinn-Materia II$$,$$f0f1ecfed2c$$);
INSERT INTO items(base_item_id, hq) VALUES(5695, false);
INSERT INTO base_items VALUES(5696,$$Gatherer's Grasp Materia III$$,$$器識のマテリダ$$,$$Matéria du rendement III$$,$$Sammlersinn-Materia III$$,$$a3ca25c80f6$$);
INSERT INTO items(base_item_id, hq) VALUES(5696, false);
INSERT INTO base_items VALUES(5697,$$Gatherer's Grasp Materia IV$$,$$器識のマテリガ$$,$$Matéria du rendement IV$$,$$Sammlersinn-Materia IV$$,$$143c7ec25ce$$);
INSERT INTO items(base_item_id, hq) VALUES(5697, false);
INSERT INTO base_items VALUES(5698,$$Gatherer's Grasp Materia V$$,$$器識のマテリジャ$$,$$Matéria du rendement V$$,$$Sammlersinn-Materia V$$,$$aaf024009df$$);
INSERT INTO items(base_item_id, hq) VALUES(5698, false);
INSERT INTO base_items VALUES(5699,$$Craftsman's Competence Materia I$$,$$名匠のマテリア$$,$$Matéria de l'art physique I$$,$$Facharbeiter-Materia I$$,$$d79c5fd38b4$$);
INSERT INTO items(base_item_id, hq) VALUES(5699, false);
INSERT INTO base_items VALUES(5700,$$Craftsman's Competence Materia II$$,$$名匠のマテリラ$$,$$Matéria de l'art physique II$$,$$Facharbeiter-Materia II$$,$$0a131f67d38$$);
INSERT INTO items(base_item_id, hq) VALUES(5700, false);
INSERT INTO base_items VALUES(5701,$$Craftsman's Competence Materia III$$,$$名匠のマテリダ$$,$$Matéria de l'art physique III$$,$$Facharbeiter-Materia III$$,$$f85876b56ef$$);
INSERT INTO items(base_item_id, hq) VALUES(5701, false);
INSERT INTO base_items VALUES(5702,$$Craftsman's Competence Materia IV$$,$$名匠のマテリガ$$,$$Matéria de l'art physique IV$$,$$Facharbeiter-Materia IV$$,$$1ec7fa0ef9d$$);
INSERT INTO items(base_item_id, hq) VALUES(5702, false);
INSERT INTO base_items VALUES(5703,$$Craftsman's Competence Materia V$$,$$名匠のマテリジャ$$,$$Matéria de l'art physique V$$,$$Facharbeiter-Materia V$$,$$341799aa68e$$);
INSERT INTO items(base_item_id, hq) VALUES(5703, false);
INSERT INTO base_items VALUES(5704,$$Craftsman's Cunning Materia I$$,$$魔匠のマテリア$$,$$Matéria de l'art magique I$$,$$Fachwissen-Materia I$$,$$1c1eb439594$$);
INSERT INTO items(base_item_id, hq) VALUES(5704, false);
INSERT INTO base_items VALUES(5705,$$Craftsman's Cunning Materia II$$,$$魔匠のマテリラ$$,$$Matéria de l'art magique II$$,$$Fachwissen-Materia II$$,$$246f7107aa3$$);
INSERT INTO items(base_item_id, hq) VALUES(5705, false);
INSERT INTO base_items VALUES(5706,$$Craftsman's Cunning Materia III$$,$$魔匠のマテリダ$$,$$Matéria de l'art magique III$$,$$Fachwissen-Materia III$$,$$ea33c6df35a$$);
INSERT INTO items(base_item_id, hq) VALUES(5706, false);
INSERT INTO base_items VALUES(5707,$$Craftsman's Cunning Materia IV$$,$$魔匠のマテリガ$$,$$Matéria de l'art magique IV$$,$$Fachwissen-Materia IV$$,$$caa6eaeeb0e$$);
INSERT INTO items(base_item_id, hq) VALUES(5707, false);
INSERT INTO base_items VALUES(5708,$$Craftsman's Cunning Materia V$$,$$魔匠のマテリジャ$$,$$Matéria de l'art magique V$$,$$Fachwissen-Materia V$$,$$1c7d17024e6$$);
INSERT INTO items(base_item_id, hq) VALUES(5708, false);
INSERT INTO base_items VALUES(5709,$$Craftsman's Command Materia I$$,$$巨匠のマテリア$$,$$Matéria du contrôle I$$,$$Fachkenntnis-Materia I$$,$$87a53e74f36$$);
INSERT INTO items(base_item_id, hq) VALUES(5709, false);
INSERT INTO base_items VALUES(5710,$$Craftsman's Command Materia II$$,$$巨匠のマテリラ$$,$$Matéria du contrôle II$$,$$Fachkenntnis-Materia II$$,$$5b108f25b80$$);
INSERT INTO items(base_item_id, hq) VALUES(5710, false);
INSERT INTO base_items VALUES(5711,$$Craftsman's Command Materia III$$,$$巨匠のマテリダ$$,$$Matéria du contrôle III$$,$$Fachkenntnis-Materia III$$,$$0108271036d$$);
INSERT INTO items(base_item_id, hq) VALUES(5711, false);
INSERT INTO base_items VALUES(5712,$$Craftsman's Command Materia IV$$,$$巨匠のマテリガ$$,$$Matéria du contrôle IV$$,$$Fachkenntnis-Materia IV$$,$$d41572dcfd9$$);
INSERT INTO items(base_item_id, hq) VALUES(5712, false);
INSERT INTO base_items VALUES(5713,$$Craftsman's Command Materia V$$,$$巨匠のマテリジャ$$,$$Matéria du contrôle V$$,$$Fachkenntnis-Materia V$$,$$5275c679fe1$$);
INSERT INTO items(base_item_id, hq) VALUES(5713, false);
INSERT INTO base_items VALUES(5714,$$Quickarm Materia I$$,$$戦技のマテリア$$,$$Matéria de la vivacité I$$,$$Kampf-Materia I$$,$$f263398f3a3$$);
INSERT INTO items(base_item_id, hq) VALUES(5714, false);
INSERT INTO base_items VALUES(5715,$$Quickarm Materia II$$,$$戦技のマテリラ$$,$$Matéria de la vivacité II$$,$$Kampf-Materia II$$,$$cce7492f1f2$$);
INSERT INTO items(base_item_id, hq) VALUES(5715, false);
INSERT INTO base_items VALUES(5716,$$Quickarm Materia III$$,$$戦技のマテリダ$$,$$Matéria de la vivacité III$$,$$Kampf-Materia III$$,$$6a09a5de628$$);
INSERT INTO items(base_item_id, hq) VALUES(5716, false);
INSERT INTO base_items VALUES(5717,$$Quickarm Materia IV$$,$$戦技のマテリガ$$,$$Matéria de la vivacité IV$$,$$Kampf-Materia IV$$,$$1162b3fcc58$$);
INSERT INTO items(base_item_id, hq) VALUES(5717, false);
INSERT INTO base_items VALUES(5718,$$Quickarm Materia V$$,$$戦技のマテリジャ$$,$$Matéria de la vivacité V$$,$$Kampf-Materia V$$,$$5d07b094415$$);
INSERT INTO items(base_item_id, hq) VALUES(5718, false);
INSERT INTO base_items VALUES(5719,$$Quicktongue Materia I$$,$$詠唱のマテリア$$,$$Matéria de la célérité I$$,$$Zauber-Materia I$$,$$187397de322$$);
INSERT INTO items(base_item_id, hq) VALUES(5719, false);
INSERT INTO base_items VALUES(5720,$$Quicktongue Materia II$$,$$詠唱のマテリラ$$,$$Matéria de la célérité II$$,$$Zauber-Materia II$$,$$560f2c1edf8$$);
INSERT INTO items(base_item_id, hq) VALUES(5720, false);
INSERT INTO base_items VALUES(5721,$$Quicktongue Materia III$$,$$詠唱のマテリダ$$,$$Matéria de la célérité III$$,$$Zauber-Materia III$$,$$2d1f76cc7bc$$);
INSERT INTO items(base_item_id, hq) VALUES(5721, false);
INSERT INTO base_items VALUES(5722,$$Quicktongue Materia IV$$,$$詠唱のマテリガ$$,$$Matéria de la célérité IV$$,$$Zauber-Materia IV$$,$$5bbb25ff7dd$$);
INSERT INTO items(base_item_id, hq) VALUES(5722, false);
INSERT INTO base_items VALUES(5723,$$Quicktongue Materia V$$,$$詠唱のマテリジャ$$,$$Matéria de la célérité V$$,$$Zauber-Materia V$$,$$b138df92e02$$);
INSERT INTO items(base_item_id, hq) VALUES(5723, false);
INSERT INTO base_items VALUES(5728,$$Terebinth$$,$$テレビン油$$,$$Térébenthine$$,$$Terebinthe-Öl$$,$$f0518ea9f0e$$);
INSERT INTO items(base_item_id, hq) VALUES(5728, false);
INSERT INTO base_items VALUES(5729,$$Snow White Dye$$,$$カララント:スノウホワイト$$,$$Teinture blanc neige$$,$$Schneeweißer Farbstoff$$,$$188d2c75e07$$);
INSERT INTO items(base_item_id, hq) VALUES(5729, false);
INSERT INTO base_items VALUES(5730,$$Ash Grey Dye$$,$$カララント:アッシュグレイ$$,$$Teinture gris cendre$$,$$Aschgrauer Farbstoff$$,$$c5917eabdaa$$);
INSERT INTO items(base_item_id, hq) VALUES(5730, false);
INSERT INTO base_items VALUES(5731,$$Goobbue Grey Dye$$,$$カララント:グゥーブーグレイ$$,$$Teinture gris goobbue$$,$$Goobbuegrauer Farbstoff$$,$$2e1dcc9d133$$);
INSERT INTO items(base_item_id, hq) VALUES(5731, false);
INSERT INTO base_items VALUES(5732,$$Slate Grey Dye$$,$$カララント:スレートグレイ$$,$$Teinture gris ardoise$$,$$Schiefergrauer Farbstoff$$,$$2db18e9a29d$$);
INSERT INTO items(base_item_id, hq) VALUES(5732, false);
INSERT INTO base_items VALUES(5733,$$Charcoal Grey Dye$$,$$カララント:チャコールグレイ$$,$$Teinture gris charbon$$,$$Anthraziter Farbstoff$$,$$0fb58c0d79d$$);
INSERT INTO items(base_item_id, hq) VALUES(5733, false);
INSERT INTO base_items VALUES(5734,$$Soot Black Dye$$,$$カララント:スートブラック$$,$$Teinture noir suie$$,$$Rußschwarzer Farbstoff$$,$$0c0c7f94f09$$);
INSERT INTO items(base_item_id, hq) VALUES(5734, false);
INSERT INTO base_items VALUES(5735,$$Rose Pink Dye$$,$$カララント:ローズピンク$$,$$Teinture rose floral$$,$$Rosaroter Farbstoff$$,$$ee77bb48be9$$);
INSERT INTO items(base_item_id, hq) VALUES(5735, false);
INSERT INTO base_items VALUES(5736,$$Lilac Purple Dye$$,$$カララント:ライラックパープル$$,$$Teinture lilas$$,$$Altrosa Farbstoff$$,$$853d5204143$$);
INSERT INTO items(base_item_id, hq) VALUES(5736, false);
INSERT INTO base_items VALUES(5737,$$Rolanberry Red Dye$$,$$カララント:ロランベリーレッド$$,$$Teinture rouge rolanbaie$$,$$Rolanbeerenroter Farbstoff$$,$$005a8c122b4$$);
INSERT INTO items(base_item_id, hq) VALUES(5737, false);
INSERT INTO base_items VALUES(5738,$$Dalamud Red Dye$$,$$カララント:ダラガブレッド$$,$$Teinture rouge Dalamud$$,$$Dalamudroter Farbstoff$$,$$3faa2bd2b45$$);
INSERT INTO items(base_item_id, hq) VALUES(5738, false);
INSERT INTO base_items VALUES(5739,$$Rust Red Dye$$,$$カララント:ラストレッド$$,$$Teinture rouille$$,$$Rostroter Farbstoff$$,$$db4292af28c$$);
INSERT INTO items(base_item_id, hq) VALUES(5739, false);
INSERT INTO base_items VALUES(5740,$$Wine Red Dye$$,$$カララント:ワインレッド$$,$$Teinture lie-de-vin$$,$$Weinroter Farbstoff$$,$$d03c7e15352$$);
INSERT INTO items(base_item_id, hq) VALUES(5740, false);
INSERT INTO base_items VALUES(5741,$$Coral Pink Dye$$,$$カララント:コーラルピンク$$,$$Teinture rose corail$$,$$Korallenrosa Farbstoff$$,$$0b103790e30$$);
INSERT INTO items(base_item_id, hq) VALUES(5741, false);
INSERT INTO base_items VALUES(5742,$$Blood Red Dye$$,$$カララント:ブラッドレッド$$,$$Teinture rouge sang$$,$$Blutroter Farbstoff$$,$$909e43109be$$);
INSERT INTO items(base_item_id, hq) VALUES(5742, false);
INSERT INTO base_items VALUES(5743,$$Salmon Pink Dye$$,$$カララント:サーモンピンク$$,$$Teinture rose saumon$$,$$Lachsrosa Farbstoff$$,$$c18be404e86$$);
INSERT INTO items(base_item_id, hq) VALUES(5743, false);
INSERT INTO base_items VALUES(5744,$$Sunset Orange Dye$$,$$カララント:サンセットオレンジ$$,$$Teinture orange couchant$$,$$Abendroter Farbstoff$$,$$90e6dc94361$$);
INSERT INTO items(base_item_id, hq) VALUES(5744, false);
INSERT INTO base_items VALUES(5745,$$Mesa Red Dye$$,$$カララント:メサレッド$$,$$Teinture vermillon terne$$,$$Tafelbergroter Farbstoff$$,$$f2d34ba2b19$$);
INSERT INTO items(base_item_id, hq) VALUES(5745, false);
INSERT INTO base_items VALUES(5746,$$Bark Brown Dye$$,$$カララント:バークブラウン$$,$$Teinture marron écorce$$,$$Borkenbrauner Farbstoff$$,$$09504c576f1$$);
INSERT INTO items(base_item_id, hq) VALUES(5746, false);
INSERT INTO base_items VALUES(5747,$$Chocolate Brown Dye$$,$$カララント:チョコレートブラウン$$,$$Teinture chocolat$$,$$Schokoladenbrauner Farbstoff$$,$$926a4ef21f1$$);
INSERT INTO items(base_item_id, hq) VALUES(5747, false);
INSERT INTO base_items VALUES(5748,$$Russet Brown Dye$$,$$カララント:ラセットブラウン$$,$$Teinture brun fauve$$,$$Rotbrauner Farbstoff$$,$$3fa8eeffa41$$);
INSERT INTO items(base_item_id, hq) VALUES(5748, false);
INSERT INTO base_items VALUES(5749,$$Kobold Brown Dye$$,$$カララント:コボルドブラウン$$,$$Teinture brun kobold$$,$$Koboldbrauner Farbstoff$$,$$1ecffd3acce$$);
INSERT INTO items(base_item_id, hq) VALUES(5749, false);
INSERT INTO base_items VALUES(5750,$$Cork Brown Dye$$,$$カララント:コルクブラウン$$,$$Teinture brun liège$$,$$Korkbrauner Farbstoff$$,$$5250c837f57$$);
INSERT INTO items(base_item_id, hq) VALUES(5750, false);
INSERT INTO base_items VALUES(5751,$$Qiqirn Brown Dye$$,$$カララント:キキルンブラウン$$,$$Teinture brun qiqirn$$,$$Qiqirnbrauner Farbstoff$$,$$386fbf9bc2b$$);
INSERT INTO items(base_item_id, hq) VALUES(5751, false);
INSERT INTO base_items VALUES(5752,$$Opo-opo Brown Dye$$,$$カララント:オポオポブラウン$$,$$Teinture brun opo-opo$$,$$Opo-Opobrauner Farbstoff$$,$$e8e16900586$$);
INSERT INTO items(base_item_id, hq) VALUES(5752, false);
INSERT INTO base_items VALUES(5753,$$Aldgoat Brown Dye$$,$$カララント:アルドゴートブラウン$$,$$Teinture brun bouquetin$$,$$Steinbockbrauner Farbstoff$$,$$5c9385d9e3b$$);
INSERT INTO items(base_item_id, hq) VALUES(5753, false);
INSERT INTO base_items VALUES(5754,$$Pumpkin Orange Dye$$,$$カララント:パンプキンオレンジ$$,$$Teinture orange citrouille$$,$$Kürbisoranger Farbstoff$$,$$840a8a38cdb$$);
INSERT INTO items(base_item_id, hq) VALUES(5754, false);
INSERT INTO base_items VALUES(5755,$$Acorn Brown Dye$$,$$カララント:エーコンブラウン$$,$$Teinture brun noisette$$,$$Eichelbrauner Farbstoff$$,$$539e80ed6a0$$);
INSERT INTO items(base_item_id, hq) VALUES(5755, false);
INSERT INTO base_items VALUES(5756,$$Orchard Brown Dye$$,$$カララント:オーチャードブラウン$$,$$Teinture feuille-morte$$,$$Obstbrauner Farbstoff$$,$$70849afadc9$$);
INSERT INTO items(base_item_id, hq) VALUES(5756, false);
INSERT INTO base_items VALUES(5757,$$Chestnut Brown Dye$$,$$カララント:チェスナットブラウン$$,$$Teinture brun châtaigne$$,$$Kastanienbrauner Farbstoff$$,$$6a2223838b8$$);
INSERT INTO items(base_item_id, hq) VALUES(5757, false);
INSERT INTO base_items VALUES(5758,$$Gobbiebag Brown Dye$$,$$カララント:ゴブリンブラウン$$,$$Teinture brun gobelin$$,$$Kartonbrauner Farbstoff$$,$$bfb8b924f8e$$);
INSERT INTO items(base_item_id, hq) VALUES(5758, false);
INSERT INTO base_items VALUES(5759,$$Shale Brown Dye$$,$$カララント:シェールブラウン$$,$$Teinture brun schiste$$,$$Schieferbrauner Farbstoff$$,$$1aae57e1629$$);
INSERT INTO items(base_item_id, hq) VALUES(5759, false);
INSERT INTO base_items VALUES(5760,$$Mole Brown Dye$$,$$カララント:モールブラウン$$,$$Teinture brun taupe$$,$$Maulwurfsbrauner Farbstoff$$,$$9b43a4bc484$$);
INSERT INTO items(base_item_id, hq) VALUES(5760, false);
INSERT INTO base_items VALUES(5761,$$Loam Brown Dye$$,$$カララント:ロームブラウン$$,$$Teinture brun argile$$,$$Lehmbrauner Farbstoff$$,$$d7876384acd$$);
INSERT INTO items(base_item_id, hq) VALUES(5761, false);
INSERT INTO base_items VALUES(5762,$$Bone White Dye$$,$$カララント:ボーンホワイト$$,$$Teinture ivoire$$,$$Knochenweißer Farbstoff$$,$$b8ec1e42fe1$$);
INSERT INTO items(base_item_id, hq) VALUES(5762, false);
INSERT INTO base_items VALUES(5763,$$Ul Brown Dye$$,$$カララント:ウルダハンブラウン$$,$$Teinture ocre uldien$$,$$Ul'dahbrauner Farbstoff$$,$$2926edd9215$$);
INSERT INTO items(base_item_id, hq) VALUES(5763, false);
INSERT INTO base_items VALUES(5764,$$Desert Yellow Dye$$,$$カララント:デザートイエロー$$,$$Teinture jaune désert$$,$$Wüstengelber Farbstoff$$,$$c519b1b228f$$);
INSERT INTO items(base_item_id, hq) VALUES(5764, false);
INSERT INTO base_items VALUES(5765,$$Honey Yellow Dye$$,$$カララント:ハニーイエロー$$,$$Teinture jaune miel$$,$$Honiggelber Farbstoff$$,$$9f278eaf6ff$$);
INSERT INTO items(base_item_id, hq) VALUES(5765, false);
INSERT INTO base_items VALUES(5766,$$Millioncorn Yellow Dye$$,$$カララント:ミリオンコーンイエロー$$,$$Teinture jaune milli-maïs$$,$$Maisgelber Farbstoff$$,$$d4a95c48789$$);
INSERT INTO items(base_item_id, hq) VALUES(5766, false);
INSERT INTO base_items VALUES(5767,$$Coeurl Yellow Dye$$,$$カララント:クァールイエロー$$,$$Teinture jaune coeurl$$,$$Coeurlgelber Farbstoff$$,$$090214496c7$$);
INSERT INTO items(base_item_id, hq) VALUES(5767, false);
INSERT INTO base_items VALUES(5768,$$Cream Yellow Dye$$,$$カララント:クリームイエロー$$,$$Teinture jaune crème$$,$$Cremegelber Farbstoff$$,$$8fb131a8d6c$$);
INSERT INTO items(base_item_id, hq) VALUES(5768, false);
INSERT INTO base_items VALUES(5769,$$Halatali Yellow Dye$$,$$カララント:ハラタリイエロー$$,$$Teinture jaune Halatali$$,$$Halataligelber Farbstoff$$,$$0fdc4d145c2$$);
INSERT INTO items(base_item_id, hq) VALUES(5769, false);
INSERT INTO base_items VALUES(5770,$$Raisin Brown Dye$$,$$カララント:レーズンブラウン$$,$$Teinture raisin sec$$,$$Rosinenbrauner Farbstoff$$,$$b1d80258b90$$);
INSERT INTO items(base_item_id, hq) VALUES(5770, false);
INSERT INTO base_items VALUES(5771,$$Mud Green Dye$$,$$カララント:マッドグリーン$$,$$Teinture kaki$$,$$Schlammgrüner Farbstoff$$,$$d204e597878$$);
INSERT INTO items(base_item_id, hq) VALUES(5771, false);
INSERT INTO base_items VALUES(5772,$$Sylph Green Dye$$,$$カララント:シルフグリーン$$,$$Teinture vert sylphe$$,$$Sylphengrüner Farbstoff$$,$$affd21c6f76$$);
INSERT INTO items(base_item_id, hq) VALUES(5772, false);
INSERT INTO base_items VALUES(5773,$$Lime Green Dye$$,$$カララント:ライムグリーン$$,$$Teinture vert citron$$,$$Limettengrüner Farbstoff$$,$$afb669a9590$$);
INSERT INTO items(base_item_id, hq) VALUES(5773, false);
INSERT INTO base_items VALUES(5774,$$Moss Green Dye$$,$$カララント:モスグリーン$$,$$Teinture vert mousse$$,$$Moosgrüner Farbstoff$$,$$f8469546452$$);
INSERT INTO items(base_item_id, hq) VALUES(5774, false);
INSERT INTO base_items VALUES(5775,$$Meadow Green Dye$$,$$カララント:メドウグリーン$$,$$Teinture vert prairie$$,$$Grasgrüner Farbstoff$$,$$79031c0f52f$$);
INSERT INTO items(base_item_id, hq) VALUES(5775, false);
INSERT INTO base_items VALUES(5776,$$Olive Green Dye$$,$$カララント:オリーヴグリーン$$,$$Teinture vert olive$$,$$Olivgrüner Farbstoff$$,$$cabd1f16f2e$$);
INSERT INTO items(base_item_id, hq) VALUES(5776, false);
INSERT INTO base_items VALUES(5777,$$Marsh Green Dye$$,$$カララント:マーシュグリーン$$,$$Teinture vert viridien$$,$$Sumpfgrüner Farbstoff$$,$$8f906a9feed$$);
INSERT INTO items(base_item_id, hq) VALUES(5777, false);
INSERT INTO base_items VALUES(5778,$$Apple Green Dye$$,$$カララント:アップルグリーン$$,$$Teinture vert pomme$$,$$Apfelgrüner Farbstoff$$,$$ef99a5c91c0$$);
INSERT INTO items(base_item_id, hq) VALUES(5778, false);
INSERT INTO base_items VALUES(5779,$$Cactuar Green Dye$$,$$カララント:サボテンダーグリーン$$,$$Teinture vert cactuar$$,$$Kaktusgrüner Farbstoff$$,$$d6bfa81b082$$);
INSERT INTO items(base_item_id, hq) VALUES(5779, false);
INSERT INTO base_items VALUES(5780,$$Hunter Green Dye$$,$$カララント:ハンターグリーン$$,$$Teinture vert chasseur$$,$$Jägergrüner Farbstoff$$,$$73f7ac282d9$$);
INSERT INTO items(base_item_id, hq) VALUES(5780, false);
INSERT INTO base_items VALUES(5781,$$Ochu Green Dye$$,$$カララント:オチューグリーン$$,$$Teinture vert otyugh$$,$$Ochugrüner Farbstoff$$,$$9e68ead2b9d$$);
INSERT INTO items(base_item_id, hq) VALUES(5781, false);
INSERT INTO base_items VALUES(5782,$$Adamantoise Green Dye$$,$$カララント:アダマンタスグリーン$$,$$Teinture vert adamankhélone$$,$$Adaman-taimaigrüner Farbstoff$$,$$5f48906cb92$$);
INSERT INTO items(base_item_id, hq) VALUES(5782, false);
INSERT INTO base_items VALUES(5783,$$Nophica Green Dye$$,$$カララント:ノフィカグリーン$$,$$Teinture vert Nophica$$,$$Nophicagrüner Farbstoff$$,$$996f0ac6809$$);
INSERT INTO items(base_item_id, hq) VALUES(5783, false);
INSERT INTO base_items VALUES(5784,$$Deepwood Green Dye$$,$$カララント:ディープウッドグリーン$$,$$Teinture vert sapin$$,$$Waldgrüner Farbstoff$$,$$a17514d0143$$);
INSERT INTO items(base_item_id, hq) VALUES(5784, false);
INSERT INTO base_items VALUES(5785,$$Celeste Green Dye$$,$$カララント:セレストグリーン$$,$$Teinture vert céleste$$,$$Jadegrüner Farbstoff$$,$$f4d228923fb$$);
INSERT INTO items(base_item_id, hq) VALUES(5785, false);
INSERT INTO base_items VALUES(5786,$$Turquoise Green Dye$$,$$カララント:ターコイズグリーン$$,$$Teinture turquoise$$,$$Türkiser Farbstoff$$,$$27a11f0b925$$);
INSERT INTO items(base_item_id, hq) VALUES(5786, false);
INSERT INTO base_items VALUES(5787,$$Morbol Green Dye$$,$$カララント:モルボルグリーン$$,$$Teinture vert morbol$$,$$Morbolgrüner Farbstoff$$,$$ec06adbbd4f$$);
INSERT INTO items(base_item_id, hq) VALUES(5787, false);
INSERT INTO base_items VALUES(5788,$$Ice Blue Dye$$,$$カララント:アイスブルー$$,$$Teinture bleu glace$$,$$Eisblauer Farbstoff$$,$$4b5df0df491$$);
INSERT INTO items(base_item_id, hq) VALUES(5788, false);
INSERT INTO base_items VALUES(5789,$$Sky Blue Dye$$,$$カララント:スカイブルー$$,$$Teinture bleu ciel$$,$$Himmelblauer Farbstoff$$,$$8a87f50e179$$);
INSERT INTO items(base_item_id, hq) VALUES(5789, false);
INSERT INTO base_items VALUES(5790,$$Seafog Blue Dye$$,$$カララント:シーフォグブルー$$,$$Teinture bleu horizon$$,$$Seenebelblauer Farbstoff$$,$$56afc8783ff$$);
INSERT INTO items(base_item_id, hq) VALUES(5790, false);
INSERT INTO base_items VALUES(5791,$$Peacock Blue Dye$$,$$カララント:ピーコックブルー$$,$$Teinture bleu paon$$,$$Pfauenblauer Farbstoff$$,$$1ff080d3a53$$);
INSERT INTO items(base_item_id, hq) VALUES(5791, false);
INSERT INTO base_items VALUES(5792,$$Rhotano Blue Dye$$,$$カララント:ロータノブルー$$,$$Teinture bleu de Rhotano$$,$$Rhotanoblauer Farbstoff$$,$$b2a2dc9a50a$$);
INSERT INTO items(base_item_id, hq) VALUES(5792, false);
INSERT INTO base_items VALUES(5793,$$Corpse Blue Dye$$,$$カララント:コープスブルー$$,$$Teinture bleu charron$$,$$Leichenblauer Farbstoff$$,$$e67029752b0$$);
INSERT INTO items(base_item_id, hq) VALUES(5793, false);
INSERT INTO base_items VALUES(5794,$$Ceruleum Blue Dye$$,$$カララント:セルレアムブルー$$,$$Teinture bleu céruleum$$,$$Erdseimblauer Farbstoff$$,$$b036656bfda$$);
INSERT INTO items(base_item_id, hq) VALUES(5794, false);
INSERT INTO base_items VALUES(5795,$$Woad Blue Dye$$,$$カララント:ウォードブルー$$,$$Teinture bleu guède$$,$$Indigoblauer Farbstoff$$,$$c864e3e34b9$$);
INSERT INTO items(base_item_id, hq) VALUES(5795, false);
INSERT INTO base_items VALUES(5796,$$Ink Blue Dye$$,$$カララント:インクブルー$$,$$Teinture bleu encre$$,$$Tintenblauer Farbstoff$$,$$9ef01a4f17f$$);
INSERT INTO items(base_item_id, hq) VALUES(5796, false);
INSERT INTO base_items VALUES(5797,$$Raptor Blue Dye$$,$$カララント:ラプトルブルー$$,$$Teinture bleu raptor$$,$$Raptorenblauer Farbstoff$$,$$6ec6872ab31$$);
INSERT INTO items(base_item_id, hq) VALUES(5797, false);
INSERT INTO base_items VALUES(5798,$$Othard Blue Dye$$,$$カララント:オサードブルー$$,$$Teinture bleu d'Othard$$,$$Othardblauer Farbstoff$$,$$a291e69cbbf$$);
INSERT INTO items(base_item_id, hq) VALUES(5798, false);
INSERT INTO base_items VALUES(5799,$$Storm Blue Dye$$,$$カララント:ストームブルー$$,$$Teinture bleu tempête$$,$$Sturmblauer Farbstoff$$,$$a1cab97c69f$$);
INSERT INTO items(base_item_id, hq) VALUES(5799, false);
INSERT INTO base_items VALUES(5800,$$Void Blue Dye$$,$$カララント:ヴォイドブルー$$,$$Teinture bleu du néant$$,$$Nichtsblauer Farbstoff$$,$$b4a2cfa31c7$$);
INSERT INTO items(base_item_id, hq) VALUES(5800, false);
INSERT INTO base_items VALUES(5801,$$Royal Blue Dye$$,$$カララント:ロイヤルブルー$$,$$Teinture bleu royal$$,$$Königsblauer Farbstoff$$,$$23edc014362$$);
INSERT INTO items(base_item_id, hq) VALUES(5801, false);
INSERT INTO base_items VALUES(5802,$$Midnight Blue Dye$$,$$カララント:ミッドナイトブルー$$,$$Teinture bleu de minuit$$,$$Mitternachtsblauer Farbstoff$$,$$165e0f93055$$);
INSERT INTO items(base_item_id, hq) VALUES(5802, false);
INSERT INTO base_items VALUES(5803,$$Shadow Blue Dye$$,$$カララント:シャドウブルー$$,$$Teinture bleu turquin$$,$$Schattenblauer Farbstoff$$,$$8d5806d8b72$$);
INSERT INTO items(base_item_id, hq) VALUES(5803, false);
INSERT INTO base_items VALUES(5804,$$Abyssal Blue Dye$$,$$カララント:アビサルブルー$$,$$Teinture bleu marine$$,$$Tiefblauer Farbstoff$$,$$f318dace1e0$$);
INSERT INTO items(base_item_id, hq) VALUES(5804, false);
INSERT INTO base_items VALUES(5805,$$Lavender Purple Dye$$,$$カララント:ラベンダーブルー$$,$$Teinture lavande$$,$$Lavendelblauer Farbstoff$$,$$ff8b9968d2e$$);
INSERT INTO items(base_item_id, hq) VALUES(5805, false);
INSERT INTO base_items VALUES(5806,$$Gloom Purple Dye$$,$$カララント:グルームパープル$$,$$Teinture colombin$$,$$Düstervioletter Farbstoff$$,$$c63b1ba4b1f$$);
INSERT INTO items(base_item_id, hq) VALUES(5806, false);
INSERT INTO base_items VALUES(5807,$$Currant Purple Dye$$,$$カララント:カラントパープル$$,$$Teinture cassis$$,$$Johannisbeerenvioletter Farbstoff$$,$$8cd40d9f5d8$$);
INSERT INTO items(base_item_id, hq) VALUES(5807, false);
INSERT INTO base_items VALUES(5808,$$Iris Purple Dye$$,$$カララント:アイリスパープル$$,$$Teinture iris$$,$$Irisvioletter Farbstoff$$,$$fdf05e861ce$$);
INSERT INTO items(base_item_id, hq) VALUES(5808, false);
INSERT INTO base_items VALUES(5809,$$Grape Purple Dye$$,$$カララント:グレープパープル$$,$$Teinture raisin$$,$$Weintraubenvioletter Farbstoff$$,$$0798c059238$$);
INSERT INTO items(base_item_id, hq) VALUES(5809, false);
INSERT INTO base_items VALUES(5810,$$Lotus Pink Dye$$,$$カララント:ロータスピンク$$,$$Teinture mauve lotus$$,$$Lotusrosa Farbstoff$$,$$e9eb414a2cb$$);
INSERT INTO items(base_item_id, hq) VALUES(5810, false);
INSERT INTO base_items VALUES(5811,$$Colibri Pink Dye$$,$$カララント:コリブリピンク$$,$$Teinture mauve colibri$$,$$Kolibrirosa Farbstoff$$,$$a179a659e0f$$);
INSERT INTO items(base_item_id, hq) VALUES(5811, false);
INSERT INTO base_items VALUES(5812,$$Plum Purple Dye$$,$$カララント:プラムパープル$$,$$Teinture prune$$,$$Pflaumenvioletter Farbstoff$$,$$f840860d5e3$$);
INSERT INTO items(base_item_id, hq) VALUES(5812, false);
INSERT INTO base_items VALUES(5813,$$Regal Purple Dye$$,$$カララント:リーガルパープル$$,$$Teinture byzantium$$,$$Königsvioletter Farbstoff$$,$$356c9896f78$$);
INSERT INTO items(base_item_id, hq) VALUES(5813, false);
INSERT INTO base_items VALUES(5814,$$Blue Pigment$$,$$ブルーピグメント$$,$$Pigment bleu$$,$$Blaue Farbpigmente$$,$$c2f0d4529b8$$);
INSERT INTO items(base_item_id, hq) VALUES(5814, false);
INSERT INTO base_items VALUES(5815,$$Red Pigment$$,$$レッドピグメント$$,$$Pigment rouge$$,$$Rote Farbpigmente$$,$$825b36903f7$$);
INSERT INTO items(base_item_id, hq) VALUES(5815, false);
INSERT INTO base_items VALUES(5816,$$Yellow Pigment$$,$$イエローピグメント$$,$$Pigment jaune$$,$$Gelbe Farbpigmente$$,$$b49bc6a5880$$);
INSERT INTO items(base_item_id, hq) VALUES(5816, false);
INSERT INTO base_items VALUES(5817,$$Grey Pigment$$,$$グレイピグメント$$,$$Pigment gris$$,$$Graue Farbpigmente$$,$$0563231e95a$$);
INSERT INTO items(base_item_id, hq) VALUES(5817, false);
INSERT INTO base_items VALUES(5818,$$Brown Pigment$$,$$ブラウンピグメント$$,$$Pigment brun$$,$$Braune Farbpigmente$$,$$b0e2fa708f0$$);
INSERT INTO items(base_item_id, hq) VALUES(5818, false);
INSERT INTO base_items VALUES(5819,$$Green Pigment$$,$$グリーンピグメント$$,$$Pigment vert$$,$$Grüne Farbpigmente$$,$$2f102a12f0f$$);
INSERT INTO items(base_item_id, hq) VALUES(5819, false);
INSERT INTO base_items VALUES(5820,$$Purple Pigment$$,$$パープルピグメント$$,$$Pigment violet$$,$$Violette Farbpigmente$$,$$b7af0c66d66$$);
INSERT INTO items(base_item_id, hq) VALUES(5820, false);
INSERT INTO base_items VALUES(5823,$$Allagan Tin Piece$$,$$アラグ錫貨$$,$$Pièce d'étain allagoise$$,$$Allagisches Zinnstück$$,$$a5fd38903c4$$);
INSERT INTO items(base_item_id, hq) VALUES(5823, false);
INSERT INTO base_items VALUES(5824,$$Allagan Bronze Piece$$,$$アラグ銅貨$$,$$Pièce de cuivre allagoise$$,$$Allagisches Bronzestück$$,$$ce2e67f0442$$);
INSERT INTO items(base_item_id, hq) VALUES(5824, false);
INSERT INTO base_items VALUES(5825,$$Allagan Silver Piece$$,$$アラグ銀貨$$,$$Pièce d'argent allagoise$$,$$Allagisches Silberstück$$,$$a3ac3ba4b00$$);
INSERT INTO items(base_item_id, hq) VALUES(5825, false);
INSERT INTO base_items VALUES(5826,$$Allagan Gold Piece$$,$$アラグ金貨$$,$$Pièce d'or allagoise$$,$$Allagisches Goldstück$$,$$5196db0fd91$$);
INSERT INTO items(base_item_id, hq) VALUES(5826, false);
INSERT INTO base_items VALUES(5827,$$Allagan Platinum Piece$$,$$アラグ白金貨$$,$$Pièce de platine allagoise$$,$$Allagisches Platinstück$$,$$42fdf208adc$$);
INSERT INTO items(base_item_id, hq) VALUES(5827, false);
INSERT INTO base_items VALUES(5828,$$Ixali Willowknot$$,$$イクサル柳木貨$$,$$Nœud de saule ixal$$,$$Ixal-Weidenmarke$$,$$ee86e13e74d$$);
INSERT INTO items(base_item_id, hq) VALUES(5828, false);
INSERT INTO base_items VALUES(5829,$$Ixali Mapleknot$$,$$イクサル楓木貨$$,$$Nœud d'érable ixal$$,$$Ixal-Ahornmarke$$,$$a9a20ede41b$$);
INSERT INTO items(base_item_id, hq) VALUES(5829, false);
INSERT INTO base_items VALUES(5830,$$Ixali Ebonknot$$,$$イクサル黒檀木貨$$,$$Nœud d'ébène ixal$$,$$Ixal-Ebenholzmarke$$,$$1930deb300f$$);
INSERT INTO items(base_item_id, hq) VALUES(5830, false);
INSERT INTO base_items VALUES(5831,$$Sylphic Brownleaf$$,$$シルフ褐葉貨$$,$$Feuille brune de Sylphe$$,$$Sylpen-Braunlaub$$,$$187d3ec3496$$);
INSERT INTO items(base_item_id, hq) VALUES(5831, false);
INSERT INTO base_items VALUES(5832,$$Sylphic Yellowleaf$$,$$シルフ黄葉貨$$,$$Feuille jaune de Sylphe$$,$$Sylpen-Gelblaub$$,$$6a79c3e935b$$);
INSERT INTO items(base_item_id, hq) VALUES(5832, false);
INSERT INTO base_items VALUES(5833,$$Sylphic Redleaf$$,$$シルフ緋葉貨$$,$$Feuille rouge de Sylphe$$,$$Sylpen-Rotlaub$$,$$21d4506d25b$$);
INSERT INTO items(base_item_id, hq) VALUES(5833, false);
INSERT INTO base_items VALUES(5834,$$Titan Copperpiece$$,$$コボルド赤銅錘貨$$,$$Pièce de cuivre kobolde$$,$$Kobold-Kupferstück$$,$$70cf80db993$$);
INSERT INTO items(base_item_id, hq) VALUES(5834, false);
INSERT INTO base_items VALUES(5835,$$Titan Mythrilpiece$$,$$コボルド霊銀錘貨$$,$$Pièce de mithril kobolde$$,$$Kobold-Mithrilstück$$,$$04540fd7de6$$);
INSERT INTO items(base_item_id, hq) VALUES(5835, false);
INSERT INTO base_items VALUES(5836,$$Titan Electrumpiece$$,$$コボルド青金錘貨$$,$$Pièce d'électrum kobolde$$,$$Kobold-Elektrumstück$$,$$8ff108d925b$$);
INSERT INTO items(base_item_id, hq) VALUES(5836, false);
INSERT INTO base_items VALUES(5837,$$Greentide Psashp$$,$$サハギン翠貝貨$$,$$Psashp vertécaille$$,$$Grünwellen-Psashp$$,$$93dd0d57e34$$);
INSERT INTO items(base_item_id, hq) VALUES(5837, false);
INSERT INTO base_items VALUES(5838,$$Redtide Psashp$$,$$サハギン紅貝貨$$,$$Psashp rougécaille$$,$$Rotwellen-Psashp$$,$$44d03c8ed07$$);
INSERT INTO items(base_item_id, hq) VALUES(5838, false);
INSERT INTO base_items VALUES(5839,$$Goldtide Psashp$$,$$サハギン金貝貨$$,$$Psashp orécaille$$,$$Goldwellen-Psashp$$,$$eed555b9aba$$);
INSERT INTO items(base_item_id, hq) VALUES(5839, false);
INSERT INTO base_items VALUES(5840,$$Bronze Amalj'ok$$,$$アマルジャ青銅刀貨$$,$$Amalj'ok de bronze$$,$$Bronze-Amalj'ok$$,$$39ced723f2b$$);
INSERT INTO items(base_item_id, hq) VALUES(5840, false);
INSERT INTO base_items VALUES(5841,$$Iron Amalj'ok$$,$$アマルジャ黒鉄刀貨$$,$$Amalj'ok de fer$$,$$Eisen-Amalj'ok$$,$$7f41191d21b$$);
INSERT INTO items(base_item_id, hq) VALUES(5841, false);
INSERT INTO base_items VALUES(5842,$$Darksteel Amalj'ok$$,$$アマルジャ黒鋼刀貨$$,$$Amalj'ok de sombracier$$,$$Dunkelstahl-Amalj'ok$$,$$5ab86e69236$$);
INSERT INTO items(base_item_id, hq) VALUES(5842, false);
INSERT INTO base_items VALUES(5843,$$Ququroon Doom-die$$,$$キキルン凶骰貨$$,$$Dé du malheur ququroon$$,$$Ququroon-Pechwürfel$$,$$7c3a572693c$$);
INSERT INTO items(base_item_id, hq) VALUES(5843, false);
INSERT INTO base_items VALUES(5844,$$Gagaroon Luck-die$$,$$キキルン吉骰貨$$,$$Dé du bonheur gagaroon$$,$$Gagaroon-Glückswürfel$$,$$b3a28a219ac$$);
INSERT INTO items(base_item_id, hq) VALUES(5844, false);
INSERT INTO base_items VALUES(5845,$$Peperoon Fate-die$$,$$キキルン運骰貨$$,$$Dé du destin peperoon$$,$$Peperoon-Schicksalswürfel$$,$$054876d44b0$$);
INSERT INTO items(base_item_id, hq) VALUES(5845, false);
INSERT INTO base_items VALUES(5846,$$Brass Gobcog$$,$$ゴブリン黄銅車貨$$,$$Rouagobe en laiton$$,$$Messing-Gobrädchen$$,$$64d60152800$$);
INSERT INTO items(base_item_id, hq) VALUES(5846, false);
INSERT INTO base_items VALUES(5847,$$Silver Gobcog$$,$$ゴブリン白銀車貨$$,$$Rouagobe en argent$$,$$Silber-Gobrädchen$$,$$be58ad86058$$);
INSERT INTO items(base_item_id, hq) VALUES(5847, false);
INSERT INTO base_items VALUES(5848,$$Gold Gobcog$$,$$ゴブリン緋金車貨$$,$$Rouagobe en or$$,$$Gold-Gobrädchen$$,$$122cf08ebc0$$);
INSERT INTO items(base_item_id, hq) VALUES(5848, false);
INSERT INTO base_items VALUES(5849,$$Pristine Archon Egg$$,$$プレーンエッグ$$,$$Prœuf immaculé$$,$$Saliah-Ei$$,$$caa810f0fcf$$);
INSERT INTO items(base_item_id, hq) VALUES(5849, false);
INSERT INTO base_items VALUES(5850,$$Vibrant Archon Egg$$,$$カモエッグ$$,$$Prœuf éclatant$$,$$Bemaltes Saliah-Ei$$,$$6afcc0f7518$$);
INSERT INTO items(base_item_id, hq) VALUES(5850, false);
INSERT INTO base_items VALUES(5851,$$Brilliant Archon Egg$$,$$トリコロールエッグ$$,$$Prœuf brillant$$,$$Gefärbtes Saliah-Ei$$,$$42577787938$$);
INSERT INTO items(base_item_id, hq) VALUES(5851, false);
INSERT INTO base_items VALUES(5852,$$Midnight Archon Egg$$,$$ダークエッグ$$,$$Prœuf de minuit$$,$$Dunkles Saliah-Ei$$,$$3680f5a0ad4$$);
INSERT INTO items(base_item_id, hq) VALUES(5852, false);
INSERT INTO base_items VALUES(5853,$$Fire Archon Egg$$,$$アルコンエッグ【火】$$,$$Prœuf de feu$$,$$Saliah-Feuerei$$,$$f333a6a0159$$);
INSERT INTO items(base_item_id, hq) VALUES(5853, false);
INSERT INTO base_items VALUES(5854,$$Ice Archon Egg$$,$$アルコンエッグ【氷】$$,$$Prœuf de glace$$,$$Saliah-Eisei$$,$$c52ccf90131$$);
INSERT INTO items(base_item_id, hq) VALUES(5854, false);
INSERT INTO base_items VALUES(5855,$$Wind Archon Egg$$,$$アルコンエッグ【風】$$,$$Prœuf de vent$$,$$Saliah-Windei$$,$$2419542239c$$);
INSERT INTO items(base_item_id, hq) VALUES(5855, false);
INSERT INTO base_items VALUES(5856,$$Earth Archon Egg$$,$$アルコンエッグ【土】$$,$$Prœuf de terre$$,$$Saliah-Erdei$$,$$692326b6a48$$);
INSERT INTO items(base_item_id, hq) VALUES(5856, false);
INSERT INTO base_items VALUES(5857,$$Lightning Archon Egg$$,$$アルコンエッグ【雷】$$,$$Prœuf de foudre$$,$$Saliah-Blitzei$$,$$e9c7c837f99$$);
INSERT INTO items(base_item_id, hq) VALUES(5857, false);
INSERT INTO base_items VALUES(5858,$$Water Archon Egg$$,$$アルコンエッグ【水】$$,$$Prœuf d'eau$$,$$Saliah-Wasserei$$,$$a3351be6ba9$$);
INSERT INTO items(base_item_id, hq) VALUES(5858, false);
INSERT INTO base_items VALUES(5859,$$Astral Archon Egg$$,$$アルコンエッグ【星】$$,$$Prœuf astral$$,$$Saliah-Lichtei$$,$$f2435464e46$$);
INSERT INTO items(base_item_id, hq) VALUES(5859, false);
INSERT INTO base_items VALUES(5860,$$Umbral Archon Egg$$,$$アルコンエッグ【霊】$$,$$Prœuf ombral$$,$$Saliah-Schattenei$$,$$f93e02228ea$$);
INSERT INTO items(base_item_id, hq) VALUES(5860, false);
INSERT INTO base_items VALUES(5861,$$Red Archon Egg$$,$$アルコンエッグ【赤】$$,$$Prœuf rouge$$,$$Rotes Saliah-Ei$$,$$2f66c6eb133$$);
INSERT INTO items(base_item_id, hq) VALUES(5861, false);
INSERT INTO base_items VALUES(5862,$$Green Archon Egg$$,$$アルコンエッグ【緑】$$,$$Prœuf vert$$,$$Grünes Saliah-Ei$$,$$31edd0c7c93$$);
INSERT INTO items(base_item_id, hq) VALUES(5862, false);
INSERT INTO base_items VALUES(5863,$$Yellow Archon Egg$$,$$アルコンエッグ【黄】$$,$$Prœuf jaune$$,$$Gelbes Saliah-Ei$$,$$4d867d2a676$$);
INSERT INTO items(base_item_id, hq) VALUES(5863, false);
INSERT INTO base_items VALUES(5864,$$Violet Archon Egg$$,$$アルコンエッグ【紫】$$,$$Prœuf violet$$,$$Violettes Saliah-Ei$$,$$72fc358e186$$);
INSERT INTO items(base_item_id, hq) VALUES(5864, false);
INSERT INTO base_items VALUES(5865,$$Blue Archon Egg$$,$$アルコンエッグ【青】$$,$$Prœuf bleu$$,$$Blaues Saliah-Ei$$,$$950cf5dcabb$$);
INSERT INTO items(base_item_id, hq) VALUES(5865, false);
INSERT INTO base_items VALUES(5867,$$Motley Egg$$,$$ジョーカーエッグ$$,$$Œuf bigarré$$,$$Joker-Ei$$,$$e6141de6ed9$$);
INSERT INTO items(base_item_id, hq) VALUES(5867, false);
INSERT INTO base_items VALUES(5868,$$Deaspected Crystal$$,$$属性を失ったクリスタル$$,$$Cristal neutre$$,$$Aspektloser Kristall$$,$$30d9fa1669d$$);
INSERT INTO items(base_item_id, hq) VALUES(5868, false);
INSERT INTO base_items VALUES(5869,$$Deaspected Cluster$$,$$属性を失ったクラスター$$,$$Agrégat neutre$$,$$Aspektloser Polykristall$$,$$2de1c848431$$);
INSERT INTO items(base_item_id, hq) VALUES(5869, false);
INSERT INTO base_items VALUES(5870,$$Bombard Ash$$,$$ボンバードの灰$$,$$Cendres de bombardo$$,$$Knallomat-Asche$$,$$8b06e196a53$$);
INSERT INTO items(base_item_id, hq) VALUES(5870, false);
INSERT INTO base_items VALUES(5871,$$Red Bombard Ash$$,$$ボンバードの灰(レッド)$$,$$Cendres de bombardo rouges$$,$$Rote Knallomat-Asche$$,$$4659afcd8a7$$);
INSERT INTO items(base_item_id, hq) VALUES(5871, false);
INSERT INTO base_items VALUES(5872,$$Green Bombard Ash$$,$$ボンバードの灰(グリーン)$$,$$Cendres de bombardo vertes$$,$$Grüne Knallomat-Asche$$,$$806a9328464$$);
INSERT INTO items(base_item_id, hq) VALUES(5872, false);
INSERT INTO base_items VALUES(5873,$$Blue Bombard Ash$$,$$ボンバードの灰(ブルー)$$,$$Cendres de bombardo bleues$$,$$Blaue Knallomat-Asche$$,$$2cc5f78640f$$);
INSERT INTO items(base_item_id, hq) VALUES(5873, false);
INSERT INTO base_items VALUES(5874,$$Black Bombard Ash$$,$$ボンバードの灰(ブラック)$$,$$Cendres de bombardo noires$$,$$Schwarze Knallomat-Asche$$,$$91885c7c1d3$$);
INSERT INTO items(base_item_id, hq) VALUES(5874, false);
INSERT INTO base_items VALUES(5880,$$Faded Page$$,$$日焼けした紙片$$,$$Page décolorée$$,$$Ausgebleichte Seite$$,$$9031274d2b1$$);
INSERT INTO items(base_item_id, hq) VALUES(5880, false);
INSERT INTO base_items VALUES(5888,$$Peach Confetti$$,$$桃源郷$$,$$Confetti pêche$$,$$Pfirsich-Konfetti$$,$$5de086b326d$$);
INSERT INTO items(base_item_id, hq) VALUES(5888, false);
INSERT INTO base_items VALUES(5889,$$Cherry Confetti$$,$$桜吹雪$$,$$Confetti cerise$$,$$Kirsch-Konfetti$$,$$528ba30a6af$$);
INSERT INTO items(base_item_id, hq) VALUES(5889, false);
INSERT INTO base_items VALUES(5890,$$Storm Tracer$$,$$ストームトレーサー$$,$$Fusée des tempêtes$$,$$Sturm-Kometenrohr$$,$$d2a0c3fb813$$);
INSERT INTO items(base_item_id, hq) VALUES(5890, false);
INSERT INTO base_items VALUES(5891,$$Flame Tracer$$,$$フレイムトレーサー$$,$$Fusée des sables$$,$$Legions-Kometenrohr$$,$$d33c4b282c0$$);
INSERT INTO items(base_item_id, hq) VALUES(5891, false);
INSERT INTO base_items VALUES(5892,$$Serpent Tracer$$,$$サーペントトレーサー$$,$$Fusée du serpent$$,$$Morgenviper-Kometenrohr$$,$$e5e70f1730d$$);
INSERT INTO items(base_item_id, hq) VALUES(5892, false);
INSERT INTO base_items VALUES(5893,$$Lominsan Sparkler$$,$$ロミンサンスパークラー$$,$$Bâton d'artifice limséen$$,$$Limsischer Fontänenstab$$,$$658f8be1560$$);
INSERT INTO items(base_item_id, hq) VALUES(5893, false);
INSERT INTO base_items VALUES(5894,$$Gridanian Sparkler$$,$$グリダニアンスパークラー$$,$$Bâton d'artifice gridanien$$,$$Gridanischer Fontänenstab$$,$$abaf8cbf29c$$);
INSERT INTO items(base_item_id, hq) VALUES(5894, false);
INSERT INTO base_items VALUES(5895,$$Ul'dahn Sparkler$$,$$ウルダハンスパークラー$$,$$Bâton d'artifice uldien$$,$$Ul'dhischer Fontänenstab$$,$$20866faf6ea$$);
INSERT INTO items(base_item_id, hq) VALUES(5895, false);
INSERT INTO base_items VALUES(5896,$$Magicked Prism (Harbor Herald)$$,$$マジックプリズム:ハーバーヘラルド$$,$$Prisme magique: Le Limséen Averti$$,$$Holo-Prisma „Limser Rundschau“$$,$$c793d2ede84$$);
INSERT INTO items(base_item_id, hq) VALUES(5896, false);
INSERT INTO base_items VALUES(5897,$$Magicked Prism (Mythril Eye)$$,$$マジックプリズム:ミスリルアイ$$,$$Prisme magique: L'Œil de Mithril$$,$$Holo-Prisma „Mithril-Bote“$$,$$cb57efa0a7f$$);
INSERT INTO items(base_item_id, hq) VALUES(5897, false);
INSERT INTO base_items VALUES(5898,$$Magicked Prism (The Raven)$$,$$マジックプリズム:週刊レイヴン$$,$$Prisme magique: Le Corbeau$$,$$Holo-Prisma „Der Rabe“$$,$$de4665b1b51$$);
INSERT INTO items(base_item_id, hq) VALUES(5898, false);
INSERT INTO base_items VALUES(5899,$$Magicked Prism (Crimson Star)$$,$$マジックプリズム:クリムゾンスター$$,$$Prisme magique: étoile écarlate$$,$$Holo-Prisma „Purpurstern“$$,$$830b3760aec$$);
INSERT INTO items(base_item_id, hq) VALUES(5899, false);
INSERT INTO base_items VALUES(5900,$$Magicked Prism (Emerald Star)$$,$$マジックプリズム:エメラルドスター$$,$$Prisme magique: étoile émeraude$$,$$Holo-Prisma „Smaragdstern“$$,$$0ddbb2c3205$$);
INSERT INTO items(base_item_id, hq) VALUES(5900, false);
INSERT INTO base_items VALUES(5901,$$Magicked Prism (Indigo Star)$$,$$マジックプリズム:インディゴスター$$,$$Prisme magique: étoile azurée$$,$$Holo-Prisma „Indigostern“$$,$$f2efe1dabd1$$);
INSERT INTO items(base_item_id, hq) VALUES(5901, false);
INSERT INTO base_items VALUES(5902,$$Bombard Bloom$$,$$ボンバードブルーム$$,$$Bombardo éclos$$,$$Knallomat-Blüte$$,$$dee6a427558$$);
INSERT INTO items(base_item_id, hq) VALUES(5902, false);
INSERT INTO base_items VALUES(5903,$$Magicked Prism (Maelstrom)$$,$$マジックプリズム:黒渦団$$,$$Prisme magique: Maelstrom$$,$$Holo-Prisma „Mahlstrom“$$,$$eb7927607d1$$);
INSERT INTO items(base_item_id, hq) VALUES(5903, false);
INSERT INTO base_items VALUES(5904,$$Magicked Prism (Twin Adder)$$,$$マジックプリズム:双蛇党$$,$$Prisme magique: Ordre des Deux Vipères$$,$$Holo-Prisma „Bruderschaft“$$,$$2651738af90$$);
INSERT INTO items(base_item_id, hq) VALUES(5904, false);
INSERT INTO base_items VALUES(5905,$$Magicked Prism (Immortal Flames)$$,$$マジックプリズム:不滅隊$$,$$Prisme magique: Immortels$$,$$Holo-Prisma „Legion“$$,$$17464801699$$);
INSERT INTO items(base_item_id, hq) VALUES(5905, false);
INSERT INTO base_items VALUES(5948,$$Militia Bow$$,$$ミリシア兵用長弓$$,$$Arc de milicien$$,$$Milizbogen$$,$$efcba224f95$$);
INSERT INTO items(base_item_id, hq) VALUES(5948, false),(5948, true);
INSERT INTO base_items VALUES(5949,$$Militia Sword$$,$$ミリシア兵用佩剣$$,$$Épée de milicien$$,$$Milizschwert$$,$$3c88d8080d8$$);
INSERT INTO items(base_item_id, hq) VALUES(5949, false),(5949, true);
INSERT INTO base_items VALUES(5950,$$Militia Helm$$,$$ミリシア兵用冑$$,$$Protège-tête de milicien$$,$$Milizhelm$$,$$d2e43049cf9$$);
INSERT INTO items(base_item_id, hq) VALUES(5950, false),(5950, true);
INSERT INTO base_items VALUES(5951,$$Militia Gorget$$,$$ミリシア兵用首鎧$$,$$Gorgerin de milicien$$,$$Miliz-Kehlstück$$,$$e320106648b$$);
INSERT INTO items(base_item_id, hq) VALUES(5951, false),(5951, true);
INSERT INTO base_items VALUES(5952,$$Militia Longboots$$,$$ミリシア兵用長靴$$,$$Bottes de milicien$$,$$Milizstiefel$$,$$101ee6b2a33$$);
INSERT INTO items(base_item_id, hq) VALUES(5952, false),(5952, true);
INSERT INTO base_items VALUES(5953,$$Militia Leggings$$,$$ミリシア兵用脚衣$$,$$Jambières de milicien$$,$$Miliz-Strumpfhosen$$,$$c527a628f13$$);
INSERT INTO items(base_item_id, hq) VALUES(5953, false),(5953, true);
INSERT INTO base_items VALUES(5954,$$Militia Poultice$$,$$ミリシア軍用薬$$,$$Potion de milicien$$,$$Miliz-Wundsalbe$$,$$d66f1e4c3e7$$);
INSERT INTO items(base_item_id, hq) VALUES(5954, false),(5954, true);
INSERT INTO base_items VALUES(5955,$$Militia Rations$$,$$ミリシア軍用食$$,$$Ration de milicien$$,$$Miliz-Proviant$$,$$6f0adb6d6e4$$);
INSERT INTO items(base_item_id, hq) VALUES(5955, false),(5955, true);
INSERT INTO base_items VALUES(5995,$$Rope$$,$$ロープ$$,$$Corde$$,$$Seil$$,$$8a319078c47$$);
INSERT INTO items(base_item_id, hq) VALUES(5995, false),(5995, true);
INSERT INTO base_items VALUES(5996,$$Brass Dish$$,$$ブラスディッシュ$$,$$Plat en laiton$$,$$Messingteller$$,$$c8179506fb9$$);
INSERT INTO items(base_item_id, hq) VALUES(5996, false),(5996, true);
INSERT INTO base_items VALUES(5997,$$Silver Goblet$$,$$シルバーゴブレット$$,$$Gobelet en argent$$,$$Silberkelch$$,$$034b8a9a6a1$$);
INSERT INTO items(base_item_id, hq) VALUES(5997, false),(5997, true);
INSERT INTO base_items VALUES(5998,$$Tallow Candle$$,$$獣脂蝋燭$$,$$Chandelle de suif$$,$$Talglicht$$,$$5de42072601$$);
INSERT INTO items(base_item_id, hq) VALUES(5998, false),(5998, true);
INSERT INTO base_items VALUES(5999,$$Beeswax Candle$$,$$蜜蝋蝋燭$$,$$Chandelle de cire d'abeille$$,$$Bienenwachskerze$$,$$b6aad2d058e$$);
INSERT INTO items(base_item_id, hq) VALUES(5999, false),(5999, true);
INSERT INTO base_items VALUES(6000,$$Goblin Mask$$,$$ゴブリンマスク$$,$$Masque de Gobelin$$,$$Goblin-Gasmaske$$,$$117e796c1ee$$);
INSERT INTO items(base_item_id, hq) VALUES(6000, false);
INSERT INTO base_items VALUES(6003,$$Cherry Bomb$$,$$タイニーボム$$,$$Bombino$$,$$Kirschbomber-Pfeife$$,$$30b2105bc55$$);
INSERT INTO items(base_item_id, hq) VALUES(6003, false);
INSERT INTO base_items VALUES(6004,$$Mammet #001$$,$$マメット001$$,$$Pantin P001$$,$$Marionetten-Pfeife$$,$$371611ed2f8$$);
INSERT INTO items(base_item_id, hq) VALUES(6004, false);
INSERT INTO base_items VALUES(6005,$$Wayward Hatchling$$,$$チョコチョコボ$$,$$Bébé chocobo$$,$$Chocobo-Küken-Pfeife$$,$$6848460797b$$);
INSERT INTO items(base_item_id, hq) VALUES(6005, false);
INSERT INTO base_items VALUES(6139,$$Aetheryte Ring$$,$$エーテライトリング$$,$$Anneau des éthérites$$,$$Ätheryten-Ring$$,$$567a1b26729$$);
INSERT INTO items(base_item_id, hq) VALUES(6139, false),(6139, true);
INSERT INTO base_items VALUES(6141,$$Cordial$$,$$コーディアル$$,$$Breuvage cordial$$,$$Kräutertrank$$,$$2ff3e7e028c$$);
INSERT INTO items(base_item_id, hq) VALUES(6141, false),(6141, true);
INSERT INTO base_items VALUES(6142,$$Grilled Warmwater Trout$$,$$グリルドウォームトラウト$$,$$Truite thermophile grillée$$,$$Gegrillte Warmblut-Forelle$$,$$bbadfdc5707$$);
INSERT INTO items(base_item_id, hq) VALUES(6142, false),(6142, true);
INSERT INTO base_items VALUES(6143,$$Grilled Raincaller$$,$$雨乞魚のグリル$$,$$Grillade de cherche-pluie$$,$$Gegrillter Regenrufer$$,$$3cc0314fc8f$$);
INSERT INTO items(base_item_id, hq) VALUES(6143, false),(6143, true);
INSERT INTO base_items VALUES(6144,$$Dagger Soup$$,$$ダガースープ$$,$$Soupe de dagues$$,$$Dolchfisch-Suppe$$,$$398c2529c7e$$);
INSERT INTO items(base_item_id, hq) VALUES(6144, false),(6144, true);
INSERT INTO base_items VALUES(6145,$$Noble Grapes$$,$$ノーブルグレープ$$,$$Raisin noble$$,$$Edeltraube$$,$$0c4151a9619$$);
INSERT INTO items(base_item_id, hq) VALUES(6145, false),(6145, true);
INSERT INTO base_items VALUES(6149,$$Night Milk$$,$$ワイルドミルク$$,$$Lait de bufflonne sauvage$$,$$Nachtmilch$$,$$3c78052c13a$$);
INSERT INTO items(base_item_id, hq) VALUES(6149, false),(6149, true);
INSERT INTO base_items VALUES(6150,$$Coeurl Meat$$,$$クァールの肉$$,$$Viande coeurl$$,$$Coeurl-Fleisch$$,$$326f9efd997$$);
INSERT INTO items(base_item_id, hq) VALUES(6150, false),(6150, true);
INSERT INTO base_items VALUES(6151,$$Cooking Sherry$$,$$高級クッキングワイン$$,$$Vin de cuisine de qualité$$,$$Flasche Kochsherry$$,$$6d975fe509f$$);
INSERT INTO items(base_item_id, hq) VALUES(6151, false);
INSERT INTO base_items VALUES(6152,$$Volcanic Rock Salt$$,$$ラノシア岩塩$$,$$Sel gemme noscéen$$,$$Vulkanisches Steinsalz$$,$$088fc024bd4$$);
INSERT INTO items(base_item_id, hq) VALUES(6152, false),(6152, true);
INSERT INTO base_items VALUES(6153,$$Filtered Water$$,$$純水$$,$$Eau purifiée$$,$$Gefiltertes Wasser$$,$$b372a29a277$$);
INSERT INTO items(base_item_id, hq) VALUES(6153, false);
INSERT INTO base_items VALUES(6154,$$Voidsent Blood$$,$$妖異の血$$,$$Sang d'entité$$,$$Nichtsgesandten-Blut$$,$$c44f09036fa$$);
INSERT INTO items(base_item_id, hq) VALUES(6154, false);
INSERT INTO base_items VALUES(6158,$$Ifrit's Horn$$,$$イフリートの角$$,$$Corne d'Ifrit$$,$$Ifrit-Horn$$,$$b7abafa8d54$$);
INSERT INTO items(base_item_id, hq) VALUES(6158, false);
INSERT INTO base_items VALUES(6159,$$Inferno Horn$$,$$焔神イフリートの角$$,$$Corne du Seigneur des flammes$$,$$Inferno-Horn$$,$$2d23ef72196$$);
INSERT INTO items(base_item_id, hq) VALUES(6159, false);
INSERT INTO base_items VALUES(6160,$$Garuda's Feather$$,$$ガルーダの羽根$$,$$Plume de Garuda$$,$$Garuda-Feder$$,$$d86b648a1e5$$);
INSERT INTO items(base_item_id, hq) VALUES(6160, false);
INSERT INTO base_items VALUES(6161,$$Vortex Feather$$,$$嵐神ガルーダの羽根$$,$$Plume de la Souffleuse de rafales$$,$$Sturmfeder$$,$$252e5342dbf$$);
INSERT INTO items(base_item_id, hq) VALUES(6161, false);
INSERT INTO base_items VALUES(6162,$$Titan's Heart$$,$$タイタンの岩塊$$,$$Roc de Titan$$,$$Herz des Titan$$,$$2e0b6debdf5$$);
INSERT INTO items(base_item_id, hq) VALUES(6162, false);
INSERT INTO base_items VALUES(6163,$$Crag Heart$$,$$岩神タイタンの岩塊$$,$$Roc de l'Ébranleur des terres$$,$$Felsenherz$$,$$96714e2c378$$);
INSERT INTO items(base_item_id, hq) VALUES(6163, false);
INSERT INTO base_items VALUES(6173,$$Morbol Seedling$$,$$モルボルバルブ$$,$$Bulbe de morbol$$,$$Morbol-Knolle$$,$$9c10e054167$$);
INSERT INTO items(base_item_id, hq) VALUES(6173, false);
INSERT INTO base_items VALUES(6174,$$Tiny Rat$$,$$タイニースクウィレル$$,$$Écureuil nain$$,$$Kleine Ratte$$,$$d7e61d7f158$$);
INSERT INTO items(base_item_id, hq) VALUES(6174, false);
INSERT INTO base_items VALUES(6175,$$Baby Bun$$,$$ベイビーファンガー$$,$$Fungus miniature$$,$$Mini-Pilz$$,$$a2ea6d9ccfb$$);
INSERT INTO items(base_item_id, hq) VALUES(6175, false);
INSERT INTO base_items VALUES(6177,$$Bluebird$$,$$ブルーバード$$,$$Oiseau bleu$$,$$Blaues Vögelchen$$,$$41df27c53f0$$);
INSERT INTO items(base_item_id, hq) VALUES(6177, false);
INSERT INTO base_items VALUES(6178,$$Wide-eyed Fawn$$,$$アンテロープ・フォーン$$,$$Faon aux yeux de biche$$,$$Rehkitz$$,$$2e4dd83d7e9$$);
INSERT INTO items(base_item_id, hq) VALUES(6178, false);
INSERT INTO base_items VALUES(6179,$$Infant Imp$$,$$ベイビーインプ$$,$$Bébé imp$$,$$Baby-Imp$$,$$b4c67167f01$$);
INSERT INTO items(base_item_id, hq) VALUES(6179, false);
INSERT INTO base_items VALUES(6183,$$Gravel Golem$$,$$グラベルゴーレム$$,$$Golem graveleux$$,$$Kiesgolem$$,$$24be718ee74$$);
INSERT INTO items(base_item_id, hq) VALUES(6183, false);
INSERT INTO base_items VALUES(6184,$$Wind-up Tonberry$$,$$マメット・トンベリ$$,$$Tomberry mécanique$$,$$Tomberry-Stofftier$$,$$56cef74d52a$$);
INSERT INTO items(base_item_id, hq) VALUES(6184, false);
INSERT INTO base_items VALUES(6185,$$Tiny Tortoise$$,$$タイニーアダマンタス$$,$$Tortue naine$$,$$Zwergschildkröte$$,$$1f6e0c7ccd2$$);
INSERT INTO items(base_item_id, hq) VALUES(6185, false);
INSERT INTO base_items VALUES(6186,$$Baby Raptor$$,$$ベイビーラプトル$$,$$Bébé raptor$$,$$Baby-Raptor$$,$$23e7240af0f$$);
INSERT INTO items(base_item_id, hq) VALUES(6186, false);
INSERT INTO base_items VALUES(6187,$$Baby Bat$$,$$ベイビーバット$$,$$Bébé chauve-souris$$,$$Baby-Fledermaus$$,$$6c8d68e5473$$);
INSERT INTO items(base_item_id, hq) VALUES(6187, false);
INSERT INTO base_items VALUES(6188,$$Tiny Bulb$$,$$タイニーバルブ$$,$$Bulbe miniature$$,$$Mini-Knolle$$,$$804ddbaf169$$);
INSERT INTO items(base_item_id, hq) VALUES(6188, false);
INSERT INTO base_items VALUES(6189,$$Dust Bunny$$,$$ダストバニー$$,$$Lapin mutin$$,$$Staubhäschen$$,$$6dec7e6124e$$);
INSERT INTO items(base_item_id, hq) VALUES(6189, false);
INSERT INTO base_items VALUES(6190,$$Wind-up Dullahan$$,$$マメット・デュラハン$$,$$Dullahan nain$$,$$Mechanischer Dullahan$$,$$26190631d07$$);
INSERT INTO items(base_item_id, hq) VALUES(6190, false);
INSERT INTO base_items VALUES(6191,$$Gigantpole$$,$$ギガンジャクシ$$,$$Têtard géant$$,$$Kaulquappe$$,$$fa19b9aeeeb$$);
INSERT INTO items(base_item_id, hq) VALUES(6191, false);
INSERT INTO base_items VALUES(6192,$$Pudgy Puk$$,$$パジープーク$$,$$Puk potelé$$,$$Schwabbelpuk$$,$$61b4dc23b2f$$);
INSERT INTO items(base_item_id, hq) VALUES(6192, false);
INSERT INTO base_items VALUES(6195,$$Smallshell$$,$$スモールシェル$$,$$Coquépique$$,$$Mini-Krabbe$$,$$21ed7b565db$$);
INSERT INTO items(base_item_id, hq) VALUES(6195, false);
INSERT INTO base_items VALUES(6198,$$Fledgling Dodo$$,$$タイニードードー$$,$$Dodu dodo$$,$$Dodo-Küken$$,$$afbbc224757$$);
INSERT INTO items(base_item_id, hq) VALUES(6198, false);
INSERT INTO base_items VALUES(6199,$$Coblyn Larva$$,$$コブランラーヴァ$$,$$Larve de coblyn$$,$$Kobalos-Larve$$,$$c8dd6462dec$$);
INSERT INTO items(base_item_id, hq) VALUES(6199, false);
INSERT INTO base_items VALUES(6200,$$Wind-up Aldgoat$$,$$マメット・ゴート$$,$$Mini-bouquetin$$,$$Steinbock-Stofftier$$,$$965c73ae4ec$$);
INSERT INTO items(base_item_id, hq) VALUES(6200, false);
INSERT INTO base_items VALUES(6203,$$Bite-sized Pudding$$,$$ミニプリン$$,$$Mini-pudding$$,$$Mini-Pudding$$,$$b4472590d7a$$);
INSERT INTO items(base_item_id, hq) VALUES(6203, false);
INSERT INTO base_items VALUES(6204,$$Model Vanguard$$,$$魔導ヴァンガード追従型$$,$$Maquette magitek$$,$$Aufzieh-Frontbrecher$$,$$c5778bdb671$$);
INSERT INTO items(base_item_id, hq) VALUES(6204, false);
INSERT INTO base_items VALUES(6205,$$Demon Brick$$,$$デモンズブロック$$,$$Bloc démonique$$,$$Dämonenwürfel$$,$$3ecbbcb4f29$$);
INSERT INTO items(base_item_id, hq) VALUES(6205, false);
INSERT INTO base_items VALUES(6208,$$Slime Puddle$$,$$ミニスライム$$,$$Mini-gluant$$,$$Schleimpfütze$$,$$a436efbeee4$$);
INSERT INTO items(base_item_id, hq) VALUES(6208, false);
INSERT INTO base_items VALUES(6209,$$Kidragora$$,$$ミニマンドラゴラ$$,$$Mini-mini-mandragore$$,$$Kindragora$$,$$0af6762d73f$$);
INSERT INTO items(base_item_id, hq) VALUES(6209, false);
INSERT INTO base_items VALUES(6213,$$Wind-up Airship$$,$$マメット・インビンシブル$$,$$Aéronef mécanique$$,$$Aufzieh-Luftschiff-Pfeife$$,$$a4d4069617d$$);
INSERT INTO items(base_item_id, hq) VALUES(6213, false);
INSERT INTO base_items VALUES(6214,$$Wind-up Qiqirn$$,$$マメット・キキルン$$,$$Qiqirn mécanique$$,$$Qiqirn-Stofftier$$,$$c618d787a04$$);
INSERT INTO items(base_item_id, hq) VALUES(6214, false);
INSERT INTO base_items VALUES(6218,$$ADS Plating$$,$$制御システムの外殻$$,$$Plaque du système de défense$$,$$Kontrollsystem-Abdeckung$$,$$832ba1b924f$$);
INSERT INTO items(base_item_id, hq) VALUES(6218, false);
INSERT INTO base_items VALUES(6219,$$ADS Frame$$,$$制御システムの骨格$$,$$Charpente du système de défense$$,$$Kontrollsystem-Rahmen$$,$$f80248e7a73$$);
INSERT INTO items(base_item_id, hq) VALUES(6219, false);
INSERT INTO base_items VALUES(6220,$$ADS Illuminant$$,$$制御システムの発光体$$,$$Luminaire du système de défense$$,$$Kontrollsystem-Leuchtkörper$$,$$a5995cfec34$$);
INSERT INTO items(base_item_id, hq) VALUES(6220, false);
INSERT INTO base_items VALUES(6222,$$Sylvan Silk Belt$$,$$シルフシルクサッシュ$$,$$Écharpe en soie sylphe$$,$$Sylphenseidengürtel$$,$$d6d5726217f$$);
INSERT INTO items(base_item_id, hq) VALUES(6222, false);
INSERT INTO base_items VALUES(6320,$$Riviera Cottage Permit (Wood)$$,$$権利証書:ラノシアン・ウッドコテージ$$,$$Permis: maisonnette en bois noscéenne$$,$$Riviera-Holzhütte$$,$$d4a29a6a3b1$$);
INSERT INTO items(base_item_id, hq) VALUES(6320, false);
INSERT INTO base_items VALUES(6321,$$Riviera Cottage Permit (Composite)$$,$$権利証書:ラノシアン・コンポジットコテージ$$,$$Permis: maisonnette composite noscéenne$$,$$Riviera-Komposithütte$$,$$d41e20ed508$$);
INSERT INTO items(base_item_id, hq) VALUES(6321, false);
INSERT INTO base_items VALUES(6322,$$Riviera Cottage Permit (Stone)$$,$$権利証書:ラノシアン・ストーンコテージ$$,$$Permis: maisonnette en pierre noscéenne$$,$$Riviera-Steinhütte$$,$$319b5c12a21$$);
INSERT INTO items(base_item_id, hq) VALUES(6322, false);
INSERT INTO base_items VALUES(6323,$$Riviera House Permit (Wood)$$,$$権利証書:ラノシアン・ウッドハウス$$,$$Permis: pavillon en bois noscéen$$,$$Riviera-Holzhaus$$,$$dd3fa9ce96d$$);
INSERT INTO items(base_item_id, hq) VALUES(6323, false);
INSERT INTO base_items VALUES(6324,$$Riviera House Permit (Composite)$$,$$権利証書:ラノシアン・コンポジットハウス$$,$$Permis: pavillon composite noscéen$$,$$Riviera-Komposithaus$$,$$88f91557e00$$);
INSERT INTO items(base_item_id, hq) VALUES(6324, false);
INSERT INTO base_items VALUES(6325,$$Riviera House Permit (Stone)$$,$$権利証書:ラノシアン・ストーンハウス$$,$$Permis: pavillon en pierre noscéen$$,$$Riviera-Steinhaus$$,$$84ae2c439f8$$);
INSERT INTO items(base_item_id, hq) VALUES(6325, false);
INSERT INTO base_items VALUES(6326,$$Riviera Mansion Permit (Wood)$$,$$権利証書:ラノシアン・ウッドレジデンス$$,$$Permis: villa en bois noscéenne$$,$$Riviera-Holzresidenz$$,$$830cb3c0538$$);
INSERT INTO items(base_item_id, hq) VALUES(6326, false);
INSERT INTO base_items VALUES(6327,$$Riviera Mansion Permit (Composite)$$,$$権利証書:ラノシアン・コンポジットレジデンス$$,$$Permis: villa composite noscéenne$$,$$Riviera-Kompositresidenz$$,$$fdf912f4b82$$);
INSERT INTO items(base_item_id, hq) VALUES(6327, false);
INSERT INTO base_items VALUES(6328,$$Riviera Mansion Permit (Stone)$$,$$権利証書:ラノシアン・ストーンレジデンス$$,$$Permis: villa en pierre noscéenne$$,$$Riviera-Steinresidenz$$,$$b9dad83aabb$$);
INSERT INTO items(base_item_id, hq) VALUES(6328, false);
INSERT INTO base_items VALUES(6329,$$Glade Cottage Permit (Wood)$$,$$権利証書:シュラウド・ウッドコテージ$$,$$Permis: maisonnette en bois sombrelinçoise$$,$$Wald-Holzhütte$$,$$0558a5685a6$$);
INSERT INTO items(base_item_id, hq) VALUES(6329, false);
INSERT INTO base_items VALUES(6330,$$Glade Cottage Permit (Composite)$$,$$権利証書:シュラウド・コンポジットコテージ$$,$$Permis: maisonnette composite sombrelinçoise$$,$$Wald-Komposithütte$$,$$12071c367a9$$);
INSERT INTO items(base_item_id, hq) VALUES(6330, false);
INSERT INTO base_items VALUES(6331,$$Glade Cottage Permit (Stone)$$,$$権利証書:シュラウド・ストーンコテージ$$,$$Permis: maisonnette en pierre sombrelinçoise$$,$$Wald-Steinhütte$$,$$eaa6b39f80a$$);
INSERT INTO items(base_item_id, hq) VALUES(6331, false);
INSERT INTO base_items VALUES(6332,$$Glade House Permit (Wood)$$,$$権利証書:シュラウド・ウッドハウス$$,$$Permis: pavillon en bois sombrelinçois$$,$$Wald-Holzhaus$$,$$7996c6dd3d4$$);
INSERT INTO items(base_item_id, hq) VALUES(6332, false);
INSERT INTO base_items VALUES(6333,$$Glade House Permit (Composite)$$,$$権利証書:シュラウド・コンポジットハウス$$,$$Permis: pavillon composite sombrelinçois$$,$$Wald-Komposithaus$$,$$9351cffce10$$);
INSERT INTO items(base_item_id, hq) VALUES(6333, false);
INSERT INTO base_items VALUES(6334,$$Glade House Permit (Stone)$$,$$権利証書:シュラウド・ストーンハウス$$,$$Permis: pavillon en pierre sombrelinçois$$,$$Wald-Steinhaus$$,$$f3e9509ece3$$);
INSERT INTO items(base_item_id, hq) VALUES(6334, false);
INSERT INTO base_items VALUES(6335,$$Glade Mansion Permit (Wood)$$,$$権利証書:シュラウド・ウッドレジデンス$$,$$Permis: villa en bois sombrelinçoise$$,$$Wald-Holzresidenz$$,$$714b7b09dcc$$);
INSERT INTO items(base_item_id, hq) VALUES(6335, false);
INSERT INTO base_items VALUES(6336,$$Glade Mansion Permit (Composite)$$,$$権利証書:シュラウド・コンポジットレジデンス$$,$$Permis: villa composite sombrelinçoise$$,$$Wald-Kompositresidenz$$,$$50523e13bc6$$);
INSERT INTO items(base_item_id, hq) VALUES(6336, false);
INSERT INTO base_items VALUES(6337,$$Glade Mansion Permit (Stone)$$,$$権利証書:シュラウド・ストーンレジデンス$$,$$Permis: villa en pierre sombrelinçoise$$,$$Wald-Steinresidenz$$,$$b20cf16607f$$);
INSERT INTO items(base_item_id, hq) VALUES(6337, false);
INSERT INTO base_items VALUES(6338,$$Oasis Cottage Permit (Wood)$$,$$権利証書:ザナラーン・ウッドコテージ$$,$$Permis: maisonnette en bois thanalanaise$$,$$Oasen-Holzhütte$$,$$a44b689626d$$);
INSERT INTO items(base_item_id, hq) VALUES(6338, false);
INSERT INTO base_items VALUES(6339,$$Oasis Cottage Permit (Composite)$$,$$権利証書:ザナラーン・コンポジットコテージ$$,$$Permis: maisonnette composite thanalanaise$$,$$Oasen-Komposithütte$$,$$6b4ecdee511$$);
INSERT INTO items(base_item_id, hq) VALUES(6339, false);
INSERT INTO base_items VALUES(6340,$$Oasis Cottage Permit (Stone)$$,$$権利証書:ザナラーン・ストーンコテージ$$,$$Permis: maisonnette en pierre thanalanaise$$,$$Oasen-Steinhütte$$,$$dc00dc5a91f$$);
INSERT INTO items(base_item_id, hq) VALUES(6340, false);
INSERT INTO base_items VALUES(6341,$$Oasis House Permit (Wood)$$,$$権利証書:ザナラーン・ウッドハウス$$,$$Permis: pavillon en bois thanalanais$$,$$Oasen-Holzhaus$$,$$1cd9be0c2e8$$);
INSERT INTO items(base_item_id, hq) VALUES(6341, false);
INSERT INTO base_items VALUES(6342,$$Oasis House Permit (Composite)$$,$$権利証書:ザナラーン・コンポジットハウス$$,$$Permis: pavillon composite thanalanais$$,$$Oasen-Komposithaus$$,$$0e4714a9b39$$);
INSERT INTO items(base_item_id, hq) VALUES(6342, false);
INSERT INTO base_items VALUES(6343,$$Oasis House Permit (Stone)$$,$$権利証書:ザナラーン・ストーンハウス$$,$$Permis: pavillon en pierre thanalanais$$,$$Oasen-Steinhaus$$,$$11f5a016e75$$);
INSERT INTO items(base_item_id, hq) VALUES(6343, false);
INSERT INTO base_items VALUES(6344,$$Oasis Mansion Permit (Wood)$$,$$権利証書:ザナラーン・ウッドレジデンス$$,$$Permis: villa en bois thanalanaise$$,$$Oasen-Holzresidenz$$,$$98822a43bc9$$);
INSERT INTO items(base_item_id, hq) VALUES(6344, false);
INSERT INTO base_items VALUES(6345,$$Oasis Mansion Permit (Composite)$$,$$権利証書:ザナラーン・コンポジットレジデンス$$,$$Permis: villa composite thanalanaise$$,$$Oasen-Kompositresidenz$$,$$8bede8b8308$$);
INSERT INTO items(base_item_id, hq) VALUES(6345, false);
INSERT INTO base_items VALUES(6346,$$Oasis Mansion Permit (Stone)$$,$$権利証書:ザナラーン・ストーンレジデンス$$,$$Permis: villa en pierre thanalanaise$$,$$Oasen-Steinresidenz$$,$$e52a4544a24$$);
INSERT INTO items(base_item_id, hq) VALUES(6346, false);
INSERT INTO base_items VALUES(6347,$$Riviera Cottage Roof (Wood)$$,$$ラノシアン・ウッドコテージ・ルーフ$$,$$Toit de maisonnette en bois noscéenne$$,$$Riviera-Holzhüttendach$$,$$234d989e398$$);
INSERT INTO items(base_item_id, hq) VALUES(6347, false);
INSERT INTO base_items VALUES(6348,$$Riviera Cottage Roof (Composite)$$,$$ラノシアン・コンポジットコテージ・ルーフ$$,$$Toit de maisonnette composite noscéenne$$,$$Riviera-Komposithüttendach$$,$$f0362e7ebbd$$);
INSERT INTO items(base_item_id, hq) VALUES(6348, false);
INSERT INTO base_items VALUES(6349,$$Riviera Cottage Roof (Stone)$$,$$ラノシアン・ストーンコテージ・ルーフ$$,$$Toit de maisonnette en pierre noscéenne$$,$$Riviera-Steinhüttendach$$,$$9e438f376e9$$);
INSERT INTO items(base_item_id, hq) VALUES(6349, false);
INSERT INTO base_items VALUES(6350,$$Riviera House Roof (Wood)$$,$$ラノシアン・ウッドハウス・ルーフ$$,$$Toit de pavillon en bois noscéen$$,$$Riviera-Holzhausdach$$,$$814ef56418f$$);
INSERT INTO items(base_item_id, hq) VALUES(6350, false);
INSERT INTO base_items VALUES(6351,$$Riviera House Roof (Composite)$$,$$ラノシアン・コンポジットハウス・ルーフ$$,$$Toit de pavillon composite noscéen$$,$$Riviera-Komposithausdach$$,$$9ecac5b3c46$$);
INSERT INTO items(base_item_id, hq) VALUES(6351, false);
INSERT INTO base_items VALUES(6352,$$Riviera House Roof (Stone)$$,$$ラノシアン・ストーンハウス・ルーフ$$,$$Toit de pavillon en pierre noscéen$$,$$Riviera-Steinhausdach$$,$$c7798824eb9$$);
INSERT INTO items(base_item_id, hq) VALUES(6352, false);
INSERT INTO base_items VALUES(6353,$$Riviera Mansion Roof (Wood)$$,$$ラノシアン・ウッドレジデンス・ルーフ$$,$$Toit de villa en bois noscéenne$$,$$Riviera-Holzresidenzdach$$,$$f2195f2bf43$$);
INSERT INTO items(base_item_id, hq) VALUES(6353, false);
INSERT INTO base_items VALUES(6354,$$Riviera Mansion Roof (Composite)$$,$$ラノシアン・コンポジットレジデンス・ルーフ$$,$$Toit de villa composite noscéenne$$,$$Riviera-Kompositresidenzdach$$,$$322640f4655$$);
INSERT INTO items(base_item_id, hq) VALUES(6354, false);
INSERT INTO base_items VALUES(6355,$$Riviera Mansion Roof (Stone)$$,$$ラノシアン・ストーンレジデンス・ルーフ$$,$$Toit de villa en pierre noscéenne$$,$$Riviera-Steinresidenzdach$$,$$6b34352df5e$$);
INSERT INTO items(base_item_id, hq) VALUES(6355, false);
INSERT INTO base_items VALUES(6356,$$Glade Cottage Roof (Wood)$$,$$シュラウド・ウッドコテージ・ルーフ$$,$$Toit de maisonnette en bois sombrelinçoise$$,$$Wald-Holzhüttendach$$,$$4503afb3401$$);
INSERT INTO items(base_item_id, hq) VALUES(6356, false);
INSERT INTO base_items VALUES(6357,$$Glade Cottage Roof (Composite)$$,$$シュラウド・コンポジットコテージ・ルーフ$$,$$Toit de maisonnette composite sombrelinçoise$$,$$Wald-Komposithüttendach$$,$$13b72de6811$$);
INSERT INTO items(base_item_id, hq) VALUES(6357, false);
INSERT INTO base_items VALUES(6358,$$Glade Cottage Roof (Stone)$$,$$シュラウド・ストーンコテージ・ルーフ$$,$$Toit de maisonnette en pierre sombrelinçoise$$,$$Wald-Steinhüttendach$$,$$715b9cfbc4e$$);
INSERT INTO items(base_item_id, hq) VALUES(6358, false);
INSERT INTO base_items VALUES(6359,$$Glade House Roof (Wood)$$,$$シュラウド・ウッドハウス・ルーフ$$,$$Toit de pavillon en bois sombrelinçois$$,$$Wald-Holzhausdach$$,$$1c9d0814c65$$);
INSERT INTO items(base_item_id, hq) VALUES(6359, false);
INSERT INTO base_items VALUES(6360,$$Glade House Roof (Composite)$$,$$シュラウド・コンポジットハウス・ルーフ$$,$$Toit de pavillon composite sombrelinçois$$,$$Wald-Komposithausdach$$,$$7cbed1df3a9$$);
INSERT INTO items(base_item_id, hq) VALUES(6360, false);
INSERT INTO base_items VALUES(6361,$$Glade House Roof (Stone)$$,$$シュラウド・ストーンハウス・ルーフ$$,$$Toit de pavillon en pierre sombrelinçois$$,$$Wald-Steinhausdach$$,$$0c2f3350d5f$$);
INSERT INTO items(base_item_id, hq) VALUES(6361, false);
INSERT INTO base_items VALUES(6362,$$Glade Mansion Roof (Wood)$$,$$シュラウド・ウッドレジデンス・ルーフ$$,$$Toit de villa en bois sombrelinçoise$$,$$Wald-Holzresidenzdach$$,$$d47b465b9c1$$);
INSERT INTO items(base_item_id, hq) VALUES(6362, false);
INSERT INTO base_items VALUES(6363,$$Glade Mansion Roof (Composite)$$,$$シュラウド・コンポジットレジデンス・ルーフ$$,$$Toit de villa composite sombrelinçoise$$,$$Wald-Kompositresidenzdach$$,$$7a7f4432013$$);
INSERT INTO items(base_item_id, hq) VALUES(6363, false);
INSERT INTO base_items VALUES(6364,$$Glade Mansion Roof (Stone)$$,$$シュラウド・ストーンレジデンス・ルーフ$$,$$Toit de villa en pierre sombrelinçoise$$,$$Wald-Steinresidenzdach$$,$$ff498efa224$$);
INSERT INTO items(base_item_id, hq) VALUES(6364, false);
INSERT INTO base_items VALUES(6365,$$Oasis Cottage Roof (Wood)$$,$$ザナラーン・ウッドコテージ・ルーフ$$,$$Toit de maisonnette en bois thanalanaise$$,$$Oasen-Holzhüttendach$$,$$79239a8a16d$$);
INSERT INTO items(base_item_id, hq) VALUES(6365, false);
INSERT INTO base_items VALUES(6366,$$Oasis Cottage Roof (Composite)$$,$$ザナラーン・コンポジットコテージ・ルーフ$$,$$Toit de maisonnette composite thanalanaise$$,$$Oasen-Komposithüttendach$$,$$74409f37bfc$$);
INSERT INTO items(base_item_id, hq) VALUES(6366, false);
INSERT INTO base_items VALUES(6367,$$Oasis Cottage Roof (Stone)$$,$$ザナラーン・ストーンコテージ・ルーフ$$,$$Toit de maisonnette en pierre thanalanaise$$,$$Oasen-Steinhüttendach$$,$$b65874e32ba$$);
INSERT INTO items(base_item_id, hq) VALUES(6367, false);
INSERT INTO base_items VALUES(6368,$$Oasis House Roof (Wood)$$,$$ザナラーン・ウッドハウス・ルーフ$$,$$Toit de pavillon en bois thanalanais$$,$$Oasen-Holzhausdach$$,$$f5aaa2736ed$$);
INSERT INTO items(base_item_id, hq) VALUES(6368, false);
INSERT INTO base_items VALUES(6369,$$Oasis House Roof (Composite)$$,$$ザナラーン・コンポジットハウス・ルーフ$$,$$Toit de pavillon composite thanalanais$$,$$Oasen-Komposithausdach$$,$$f965138bf46$$);
INSERT INTO items(base_item_id, hq) VALUES(6369, false);
INSERT INTO base_items VALUES(6370,$$Oasis House Roof (Stone)$$,$$ザナラーン・ストーンハウス・ルーフ$$,$$Toit de pavillon en pierre thanalanais$$,$$Oasen-Steinhausdach$$,$$28c0bc7e276$$);
INSERT INTO items(base_item_id, hq) VALUES(6370, false);
INSERT INTO base_items VALUES(6371,$$Oasis Mansion Roof (Wood)$$,$$ザナラーン・ウッドレジデンス・ルーフ$$,$$Toit de villa en bois thanalanaise$$,$$Oasen-Holzresidenzdach$$,$$99c9fd314d0$$);
INSERT INTO items(base_item_id, hq) VALUES(6371, false);
INSERT INTO base_items VALUES(6372,$$Oasis Mansion Roof (Composite)$$,$$ザナラーン・コンポジットレジデンス・ルーフ$$,$$Toit de villa composite thanalanaise$$,$$Oasen-Kompositresidenzdach$$,$$81c6c5700aa$$);
INSERT INTO items(base_item_id, hq) VALUES(6372, false);
INSERT INTO base_items VALUES(6373,$$Oasis Mansion Roof (Stone)$$,$$ザナラーン・ストーンレジデンス・ルーフ$$,$$Toit de villa en pierre thanalanaise$$,$$Oasen-Steinresidenzdach$$,$$8c73fef64dd$$);
INSERT INTO items(base_item_id, hq) VALUES(6373, false);
INSERT INTO base_items VALUES(6374,$$Riviera Cottage Wall (Wood)$$,$$ラノシアン・ウッドコテージ・ウォール$$,$$Mur de maisonnette en bois noscéenne$$,$$Riviera-Holzhüttenmauer$$,$$13d71d51cfa$$);
INSERT INTO items(base_item_id, hq) VALUES(6374, false);
INSERT INTO base_items VALUES(6375,$$Riviera Cottage Wall (Composite)$$,$$ラノシアン・コンポジットコテージ・ウォール$$,$$Mur de maisonnette composite noscéenne$$,$$Riviera-Komposithüttenmauer$$,$$b1a3e5fcfa6$$);
INSERT INTO items(base_item_id, hq) VALUES(6375, false);
INSERT INTO base_items VALUES(6376,$$Riviera Cottage Wall (Stone)$$,$$ラノシアン・ストーンコテージ・ウォール$$,$$Mur de maisonnette en pierre noscéenne$$,$$Riviera-Steinhüttenmauer$$,$$ea5a1abb9aa$$);
INSERT INTO items(base_item_id, hq) VALUES(6376, false);
INSERT INTO base_items VALUES(6377,$$Riviera House Wall (Wood)$$,$$ラノシアン・ウッドハウス・ウォール$$,$$Mur de pavillon en bois noscéen$$,$$Riviera-Holzhausmauer$$,$$16e2554bfcc$$);
INSERT INTO items(base_item_id, hq) VALUES(6377, false);
INSERT INTO base_items VALUES(6378,$$Riviera House Wall (Composite)$$,$$ラノシアン・コンポジットハウス・ウォール$$,$$Mur de pavillon composite noscéen$$,$$Riviera-Komposithausmauer$$,$$d333d64c4b8$$);
INSERT INTO items(base_item_id, hq) VALUES(6378, false);
INSERT INTO base_items VALUES(6379,$$Riviera House Wall (Stone)$$,$$ラノシアン・ストーンハウス・ウォール$$,$$Mur de pavillon en pierre noscéen$$,$$Riviera-Steinhausmauer$$,$$df78a3fa167$$);
INSERT INTO items(base_item_id, hq) VALUES(6379, false);
INSERT INTO base_items VALUES(6380,$$Riviera Mansion Wall (Wood)$$,$$ラノシアン・ウッドレジデンス・ウォール$$,$$Mur de villa en bois noscéenne$$,$$Riviera-Holzresidenzmauer$$,$$265b3b68328$$);
INSERT INTO items(base_item_id, hq) VALUES(6380, false);
INSERT INTO base_items VALUES(6381,$$Riviera Mansion Wall (Composite)$$,$$ラノシアン・コンポジットレジデンス・ウォール$$,$$Mur de villa composite noscéenne$$,$$Riviera-Kompositresidenzmauer$$,$$ea57c914aa5$$);
INSERT INTO items(base_item_id, hq) VALUES(6381, false);
INSERT INTO base_items VALUES(6382,$$Riviera Mansion Wall (Stone)$$,$$ラノシアン・ストーンレジデンス・ウォール$$,$$Mur de villa en pierre noscéenne$$,$$Riviera-Steinresidenzmauer$$,$$d0c5494888d$$);
INSERT INTO items(base_item_id, hq) VALUES(6382, false);
INSERT INTO base_items VALUES(6383,$$Glade Cottage Wall (Wood)$$,$$シュラウド・ウッドコテージ・ウォール$$,$$Mur de maisonnette en bois sombrelinçoise$$,$$Wald-Holzhüttenmauer$$,$$bc022b7e8b1$$);
INSERT INTO items(base_item_id, hq) VALUES(6383, false);
INSERT INTO base_items VALUES(6384,$$Glade Cottage Wall (Composite)$$,$$シュラウド・コンポジットコテージ・ウォール$$,$$Mur de maisonnette composite sombrelinçoise$$,$$Wald-Komposithüttenmauer$$,$$ff0256242ed$$);
INSERT INTO items(base_item_id, hq) VALUES(6384, false);
INSERT INTO base_items VALUES(6385,$$Glade Cottage Wall (Stone)$$,$$シュラウド・ストーンコテージ・ウォール$$,$$Mur de maisonnette en pierre sombrelinçoise$$,$$Wald-Steinhüttenmauer$$,$$2f823fb232e$$);
INSERT INTO items(base_item_id, hq) VALUES(6385, false);
INSERT INTO base_items VALUES(6386,$$Glade House Wall (Wood)$$,$$シュラウド・ウッドハウス・ウォール$$,$$Mur de pavillon en bois sombrelinçois$$,$$Wald-Holzhausmauer$$,$$557d065b7d0$$);
INSERT INTO items(base_item_id, hq) VALUES(6386, false);
INSERT INTO base_items VALUES(6387,$$Glade House Wall (Composite)$$,$$シュラウド・コンポジットハウス・ウォール$$,$$Mur de pavillon composite sombrelinçois$$,$$Wald-Komposithausmauer$$,$$8b3e40ffe39$$);
INSERT INTO items(base_item_id, hq) VALUES(6387, false);
INSERT INTO base_items VALUES(6388,$$Glade House Wall (Stone)$$,$$シュラウド・ストーンハウス・ウォール$$,$$Mur de pavillon en pierre sombrelinçois$$,$$Wald-Steinhausmauer$$,$$07e44b765a7$$);
INSERT INTO items(base_item_id, hq) VALUES(6388, false);
INSERT INTO base_items VALUES(6389,$$Glade Mansion Wall (Wood)$$,$$シュラウド・ウッドレジデンス・ウォール$$,$$Mur de villa en bois sombrelinçoise$$,$$Wald-Holzresidenzmauer$$,$$7458341fdd8$$);
INSERT INTO items(base_item_id, hq) VALUES(6389, false);
INSERT INTO base_items VALUES(6390,$$Glade Mansion Wall (Composite)$$,$$シュラウド・コンポジットレジデンス・ウォール$$,$$Mur de villa composite sombrelinçoise$$,$$Wald-Kompositresidenzmauer$$,$$17433c8eab6$$);
INSERT INTO items(base_item_id, hq) VALUES(6390, false);
INSERT INTO base_items VALUES(6391,$$Glade Mansion Wall (Stone)$$,$$シュラウド・ストーンレジデンス・ウォール$$,$$Mur de villa en pierre sombrelinçoise$$,$$Wald-Steinresidenzmauer$$,$$501f923ae90$$);
INSERT INTO items(base_item_id, hq) VALUES(6391, false);
INSERT INTO base_items VALUES(6392,$$Oasis Cottage Wall (Wood)$$,$$ザナラーン・ウッドコテージ・ウォール$$,$$Mur de maisonnette en bois thanalanaise$$,$$Oasen-Holzhüttenmauer$$,$$22186ca8096$$);
INSERT INTO items(base_item_id, hq) VALUES(6392, false);
INSERT INTO base_items VALUES(6393,$$Oasis Cottage Wall (Composite)$$,$$ザナラーン・コンポジットコテージ・ウォール$$,$$Mur de maisonnette composite thanalanaise$$,$$Oasen-Komposithüttenmauer$$,$$25a4aa9ca1b$$);
INSERT INTO items(base_item_id, hq) VALUES(6393, false);
INSERT INTO base_items VALUES(6394,$$Oasis Cottage Wall (Stone)$$,$$ザナラーン・ストーンコテージ・ウォール$$,$$Mur de maisonnette en pierre thanalanaise$$,$$Oasen-Steinhüttenmauer$$,$$2ef42c70034$$);
INSERT INTO items(base_item_id, hq) VALUES(6394, false);
INSERT INTO base_items VALUES(6395,$$Oasis House Wall (Wood)$$,$$ザナラーン・ウッドハウス・ウォール$$,$$Mur de pavillon en bois thanalanais$$,$$Oasen-Holzhausmauer$$,$$2ab75ef3841$$);
INSERT INTO items(base_item_id, hq) VALUES(6395, false);
INSERT INTO base_items VALUES(6396,$$Oasis House Wall (Composite)$$,$$ザナラーン・コンポジットハウス・ウォール$$,$$Mur de pavillon composite thanalanais$$,$$Oasen-Komposithausmauer$$,$$dbbd70355bb$$);
INSERT INTO items(base_item_id, hq) VALUES(6396, false);
INSERT INTO base_items VALUES(6397,$$Oasis House Wall (Stone)$$,$$ザナラーン・ストーンハウス・ウォール$$,$$Mur de pavillon en pierre thanalanais$$,$$Oasen-Steinhausmauer$$,$$8826af7b03d$$);
INSERT INTO items(base_item_id, hq) VALUES(6397, false);
INSERT INTO base_items VALUES(6398,$$Oasis Mansion Wall (Wood)$$,$$ザナラーン・ウッドレジデンス・ウォール$$,$$Mur de villa en bois thanalanaise$$,$$Oasen-Holzresidenzmauer$$,$$d1474ff1fed$$);
INSERT INTO items(base_item_id, hq) VALUES(6398, false);
INSERT INTO base_items VALUES(6399,$$Oasis Mansion Wall (Composite)$$,$$ザナラーン・コンポジットレジデンス・ウォール$$,$$Mur de villa composite thanalanaise$$,$$Oasen-Kompositresidenzmauer$$,$$5d810a6e89e$$);
INSERT INTO items(base_item_id, hq) VALUES(6399, false);
INSERT INTO base_items VALUES(6400,$$Oasis Mansion Wall (Stone)$$,$$ザナラーン・ストーンレジデンス・ウォール$$,$$Mur de villa en pierre thanalanaise$$,$$Oasen-Steinresidenzmauer$$,$$7e774cc2e05$$);
INSERT INTO items(base_item_id, hq) VALUES(6400, false);
INSERT INTO base_items VALUES(6401,$$Riviera Arched Window$$,$$ラノシアン・アーチウィンドウ$$,$$Fenêtre en plein cintre noscéenne$$,$$Riviera-Bogenfenster$$,$$d3a426c33b0$$);
INSERT INTO items(base_item_id, hq) VALUES(6401, false);
INSERT INTO base_items VALUES(6402,$$Riviera Bay Window$$,$$ラノシアン・ベイウィンドウ$$,$$Fenêtre arquée noscéenne$$,$$Riviera-Erkerfenster$$,$$5797837af83$$);
INSERT INTO items(base_item_id, hq) VALUES(6402, false);
INSERT INTO base_items VALUES(6403,$$Riviera Oblong Window$$,$$ラノシアン・オブロングウィンドウ$$,$$Fenêtre à remplage noscéenne$$,$$Riviera-Langfenster$$,$$ea45ddefa0c$$);
INSERT INTO items(base_item_id, hq) VALUES(6403, false);
INSERT INTO base_items VALUES(6404,$$Glade Classical Window$$,$$シュラウド・クラシックウィンドウ$$,$$Fenêtre classique sombrelinçoise$$,$$Wald-Langfenster$$,$$ffc4d701eed$$);
INSERT INTO items(base_item_id, hq) VALUES(6404, false);
INSERT INTO base_items VALUES(6405,$$Glade Rounded Window$$,$$シュラウド・ラウンドウィンドウ$$,$$Fenêtre ovale sombrelinçoise$$,$$Wald-Rundfenster$$,$$5edf2faf388$$);
INSERT INTO items(base_item_id, hq) VALUES(6405, false);
INSERT INTO base_items VALUES(6406,$$Glade Lancet Window$$,$$シュラウド・ランセットウィンドウ$$,$$Fenêtre à lancette sombrelinçoise$$,$$Wald-Bogenfenster$$,$$85603027ba8$$);
INSERT INTO items(base_item_id, hq) VALUES(6406, false);
INSERT INTO base_items VALUES(6407,$$Oasis Oblong Window$$,$$ザナラーン・オブロングウィンドウ$$,$$Fenêtre à croisée thanalanaise$$,$$Oasen-Langfenster$$,$$8ed38c17b55$$);
INSERT INTO items(base_item_id, hq) VALUES(6407, false);
INSERT INTO base_items VALUES(6408,$$Oasis Lancet Window$$,$$ザナラーン・ランセットウィンドウ$$,$$Fenêtre à lancette thanalanaise$$,$$Oasen-Spitzbogenfenster$$,$$5e46e670351$$);
INSERT INTO items(base_item_id, hq) VALUES(6408, false);
INSERT INTO base_items VALUES(6409,$$Oasis Octagonal Window$$,$$ザナラーン・オクタゴンウィンドウ$$,$$Fenêtre octogonale thanalanaise$$,$$Oasen-Oktagonfenster$$,$$0b32d0c7b7c$$);
INSERT INTO items(base_item_id, hq) VALUES(6409, false);
INSERT INTO base_items VALUES(6410,$$Riviera Wooden Door$$,$$ラノシアン・ウッドドア$$,$$Porte boisée noscéenne$$,$$Riviera-Holztür$$,$$de51fd0c12e$$);
INSERT INTO items(base_item_id, hq) VALUES(6410, false);
INSERT INTO base_items VALUES(6411,$$Riviera Studded Door$$,$$ラノシアン・スタッドドア$$,$$Porte cloutée noscéenne$$,$$Riviera-Beschlagtür$$,$$a45b51ae20a$$);
INSERT INTO items(base_item_id, hq) VALUES(6411, false);
INSERT INTO base_items VALUES(6412,$$Riviera Ornate Door$$,$$ラノシアン・オーネイトドア$$,$$Porte ornée noscéenne$$,$$Riviera-Ornamenttür$$,$$c1d8f192ca8$$);
INSERT INTO items(base_item_id, hq) VALUES(6412, false);
INSERT INTO base_items VALUES(6413,$$Glade Classical Door$$,$$シュラウド・クラシックドア$$,$$Porte classique sombrelinçoise$$,$$Wald-Monumentaltür$$,$$53f8c3cbd6c$$);
INSERT INTO items(base_item_id, hq) VALUES(6413, false);
INSERT INTO base_items VALUES(6414,$$Glade Lancet Door$$,$$シュラウド・ランセットドア$$,$$Porte à lancette sombrelinçoise$$,$$Wald-Spitzbogentür$$,$$0bdeed7ec02$$);
INSERT INTO items(base_item_id, hq) VALUES(6414, false);
INSERT INTO base_items VALUES(6415,$$Glade Arched Door$$,$$シュラウド・アーチドア$$,$$Porte arquée sombrelinçoise$$,$$Wald-Fächerbogenpforte$$,$$e03b11ff284$$);
INSERT INTO items(base_item_id, hq) VALUES(6415, false);
INSERT INTO base_items VALUES(6416,$$Oasis Arched Door$$,$$ザナラーン・アーチドア$$,$$Porte arquée thanalanaise$$,$$Oasen-Rundbogenpforte$$,$$43388079450$$);
INSERT INTO items(base_item_id, hq) VALUES(6416, false);
INSERT INTO base_items VALUES(6417,$$Oasis Crowned Door$$,$$ザナラーン・クラウンドア$$,$$Porte à imposte thanalanaise$$,$$Oasen-Kronentor$$,$$a0732b11af8$$);
INSERT INTO items(base_item_id, hq) VALUES(6417, false);
INSERT INTO base_items VALUES(6418,$$Oasis Classical Door$$,$$ザナラーン・クラシックドア$$,$$Porte classique thanalanaise$$,$$Oasen-Monumentaltür$$,$$4a697641a77$$);
INSERT INTO items(base_item_id, hq) VALUES(6418, false);
INSERT INTO base_items VALUES(6419,$$Riviera Rounded Chimney$$,$$ラノシアン・ラウンドチムニー$$,$$Cheminée cylindrique noscéenne$$,$$Riviera-Rundschornstein$$,$$2022205f2f1$$);
INSERT INTO items(base_item_id, hq) VALUES(6419, false);
INSERT INTO base_items VALUES(6420,$$Riviera Stone Chimney$$,$$ラノシアン・ストーンチムニー$$,$$Cheminée en pierre noscéenne$$,$$Riviera-Steinschornstein$$,$$0b727a6cd5d$$);
INSERT INTO items(base_item_id, hq) VALUES(6420, false);
INSERT INTO base_items VALUES(6421,$$Glade Thatch Chimney$$,$$シュラウド・タッチングチムニー$$,$$Cheminée en chaume sombrelinçoise$$,$$Wald-Reetschornstein$$,$$70fcec1a0d7$$);
INSERT INTO items(base_item_id, hq) VALUES(6421, false);
INSERT INTO base_items VALUES(6422,$$Glade Rounded Chimney$$,$$シュラウド・ラウンドチムニー$$,$$Cheminée cylindrique sombrelinçoise$$,$$Wald-Rundschornstein$$,$$7a608585ae6$$);
INSERT INTO items(base_item_id, hq) VALUES(6422, false);
INSERT INTO base_items VALUES(6423,$$Oasis Stone Chimney$$,$$ザナラーン・ストーンチムニー$$,$$Cheminée en pierre thanalanaise$$,$$Gemauerter Oasen-Schornstein$$,$$ca4ce90ca34$$);
INSERT INTO items(base_item_id, hq) VALUES(6423, false);
INSERT INTO base_items VALUES(6424,$$Oasis Rounded Chimney$$,$$ザナラーン・ラウンドチムニー$$,$$Cheminée cylindrique thanalanaise$$,$$Oasen-Rundschornstein$$,$$0d0f7919a7d$$);
INSERT INTO items(base_item_id, hq) VALUES(6424, false);
INSERT INTO base_items VALUES(6425,$$Chocobo Weathervane$$,$$ウェザーチョコボ$$,$$Girouette chocobo$$,$$Wetterchocobo$$,$$e81b442a727$$);
INSERT INTO items(base_item_id, hq) VALUES(6425, false);
INSERT INTO base_items VALUES(6426,$$Apkallu Weathervane$$,$$ウェザーアプカル$$,$$Girouette apkallu$$,$$Wetterapkallu$$,$$b9678467efb$$);
INSERT INTO items(base_item_id, hq) VALUES(6426, false);
INSERT INTO base_items VALUES(6427,$$Cactuar Weathervane$$,$$ウェザーサボテンダー$$,$$Girouette cactuar$$,$$Wettersabotender$$,$$c5e983fcddd$$);
INSERT INTO items(base_item_id, hq) VALUES(6427, false);
INSERT INTO base_items VALUES(6428,$$Riviera Wooden Awning$$,$$ラノシアン・ウッドオーニング$$,$$Auvent boisé noscéen$$,$$Riviera-Holzvordach$$,$$97f48baee69$$);
INSERT INTO items(base_item_id, hq) VALUES(6428, false);
INSERT INTO base_items VALUES(6429,$$Riviera Awning$$,$$ラノシアン・オーニング$$,$$Auvent noscéen$$,$$Riviera-Segelvordach$$,$$0341045d373$$);
INSERT INTO items(base_item_id, hq) VALUES(6429, false);
INSERT INTO base_items VALUES(6430,$$Glade Tiled Awning$$,$$シュラウド・タイルオーニング$$,$$Auvent en tuiles sombrelinçois$$,$$Wald-Ziegelvordach$$,$$928dd298ac8$$);
INSERT INTO items(base_item_id, hq) VALUES(6430, false);
INSERT INTO base_items VALUES(6431,$$Glade Awning$$,$$シュラウド・オーニング$$,$$Auvent sombrelinçois$$,$$Wald-Baldachinvordach$$,$$f04eca34440$$);
INSERT INTO items(base_item_id, hq) VALUES(6431, false);
INSERT INTO base_items VALUES(6432,$$Oasis Wooden Awning$$,$$ザナラーン・ウッドオーニング$$,$$Auvent boisé thanalanais$$,$$Oasen-Holzvordach$$,$$8861cb09170$$);
INSERT INTO items(base_item_id, hq) VALUES(6432, false);
INSERT INTO base_items VALUES(6433,$$Oasis Awning$$,$$ザナラーン・オーニング$$,$$Auvent thanalanais$$,$$Oasen-Baldachinvordach$$,$$0b569c186bb$$);
INSERT INTO items(base_item_id, hq) VALUES(6433, false);
INSERT INTO base_items VALUES(6434,$$Riviera Wall Chimney$$,$$ラノシアン・ウォールチムニー$$,$$Cheminée extérieure noscéenne$$,$$Riviera-Wandschornstein$$,$$0336e395990$$);
INSERT INTO items(base_item_id, hq) VALUES(6434, false);
INSERT INTO base_items VALUES(6435,$$Glade Wall Chimney$$,$$シュラウド・ウォールチムニー$$,$$Cheminée extérieure sombrelinçoise$$,$$Wald-Wandschornstein$$,$$ca9453b6964$$);
INSERT INTO items(base_item_id, hq) VALUES(6435, false);
INSERT INTO base_items VALUES(6436,$$Oasis Wall Chimney$$,$$ザナラーン・ウォールチムニー$$,$$Cheminée extérieure thanalanaise$$,$$Oasen-Wandschornstein$$,$$e0b63b92013$$);
INSERT INTO items(base_item_id, hq) VALUES(6436, false);
INSERT INTO base_items VALUES(6437,$$Riviera Placard$$,$$ラノシアン・サインボード$$,$$Enseigne murale noscéenne$$,$$Riviera-Wappenplakette$$,$$6c3735b1ca4$$);
INSERT INTO items(base_item_id, hq) VALUES(6437, false);
INSERT INTO base_items VALUES(6438,$$Glade Placard$$,$$シュラウド・サインボード$$,$$Enseigne murale sombrelinçoise$$,$$Wald-Wappenplakette$$,$$8882d299f1a$$);
INSERT INTO items(base_item_id, hq) VALUES(6438, false);
INSERT INTO base_items VALUES(6439,$$Oasis Placard$$,$$ザナラーン・サインボード$$,$$Enseigne murale thanalanaise$$,$$Oasen-Wappenplakette$$,$$30c861e63f6$$);
INSERT INTO items(base_item_id, hq) VALUES(6439, false);
INSERT INTO base_items VALUES(6440,$$Riviera Hanging Placard$$,$$ラノシアン・ハンギングボード$$,$$Enseigne à potence noscéenne$$,$$Riviera-Aushängeschild$$,$$53bcdea97b2$$);
INSERT INTO items(base_item_id, hq) VALUES(6440, false);
INSERT INTO base_items VALUES(6441,$$Glade Hanging Placard$$,$$シュラウド・ハンギングボード$$,$$Enseigne à potence sombrelinçoise$$,$$Wald-Aushängeschild$$,$$6d65d649c3d$$);
INSERT INTO items(base_item_id, hq) VALUES(6441, false);
INSERT INTO base_items VALUES(6442,$$Oasis Hanging Placard$$,$$ザナラーン・ハンギングボード$$,$$Enseigne à potence thanalanaise$$,$$Oasen-Aushängeschild$$,$$7fac16d91b3$$);
INSERT INTO items(base_item_id, hq) VALUES(6442, false);
INSERT INTO base_items VALUES(6443,$$Riviera Banner$$,$$ラノシアン・ハンギングバナー$$,$$Bannière sur mât noscéenne$$,$$Riviera-Wappenbanner$$,$$14caf168a11$$);
INSERT INTO items(base_item_id, hq) VALUES(6443, false);
INSERT INTO base_items VALUES(6444,$$Glade Banner$$,$$シュラウド・ハンギングバナー$$,$$Bannière sur mât sombrelinçoise$$,$$Wald-Wappenbanner$$,$$0e2a9c4025a$$);
INSERT INTO items(base_item_id, hq) VALUES(6444, false);
INSERT INTO base_items VALUES(6445,$$Oasis Banner$$,$$ザナラーン・ハンギングバナー$$,$$Bannière sur mât thanalanaise$$,$$Oasen-Wappenbanner$$,$$5f802e17c7b$$);
INSERT INTO items(base_item_id, hq) VALUES(6445, false);
INSERT INTO base_items VALUES(6446,$$Riviera Roofed Wall$$,$$ラノシアン・ルーフウォール$$,$$Muret à toiture noscéen$$,$$Riviera-Ziegelbogenmauer$$,$$adae472f935$$);
INSERT INTO items(base_item_id, hq) VALUES(6446, false);
INSERT INTO base_items VALUES(6447,$$Riviera Picket Wall$$,$$ラノシアン・ピケットウォール$$,$$Muret à piquets noscéen$$,$$Riviera-Steinpfeilermauer$$,$$fa66e1a78e5$$);
INSERT INTO items(base_item_id, hq) VALUES(6447, false);
INSERT INTO base_items VALUES(6448,$$Riviera Stone Wall$$,$$ラノシアン・ストーンウォール$$,$$Muret en pierre noscéen$$,$$Riviera-Steinbogenmauer$$,$$13bd97abd6f$$);
INSERT INTO items(base_item_id, hq) VALUES(6448, false);
INSERT INTO base_items VALUES(6449,$$Glade Cobblestone Wall$$,$$シュラウド・ストーンウォール$$,$$Muret en moellon sombrelinçois$$,$$Wald-Steinbogenmauer$$,$$b8c24cb16d9$$);
INSERT INTO items(base_item_id, hq) VALUES(6449, false);
INSERT INTO base_items VALUES(6450,$$Glade Thatch Wall$$,$$シュラウド・タッチウォール$$,$$Muret en chaume sombrelinçois$$,$$Wald-Schilfdachmauer$$,$$f38f731aa2d$$);
INSERT INTO items(base_item_id, hq) VALUES(6450, false);
INSERT INTO base_items VALUES(6451,$$Glade Roundpole Fence$$,$$シュラウド・ラウンドポールウォール$$,$$Muret en bois massif sombrelinçois$$,$$Wald-Rundholzzaun$$,$$b71e7d82042$$);
INSERT INTO items(base_item_id, hq) VALUES(6451, false);
INSERT INTO base_items VALUES(6452,$$Oasis Wooden Wall$$,$$ザナラーン・ウッドウォール$$,$$Muret boisé thanalanais$$,$$Oasen-Holzlattenzaun$$,$$741b8c85705$$);
INSERT INTO items(base_item_id, hq) VALUES(6452, false);
INSERT INTO base_items VALUES(6453,$$Oasis Stone Wall$$,$$ザナラーン・ストーンウォール$$,$$Muret en pierre thanalanais$$,$$Oasen-Steinblockmauer$$,$$2221af9d38b$$);
INSERT INTO items(base_item_id, hq) VALUES(6453, false);
INSERT INTO base_items VALUES(6454,$$Oasis Ornate Fence$$,$$ザナラーン・オーネイトウォール$$,$$Muret ornementé thanalanais$$,$$Oasen-Schmiedeeisenzaun$$,$$64597dd7821$$);
INSERT INTO items(base_item_id, hq) VALUES(6454, false);
INSERT INTO base_items VALUES(6455,$$Riviera Interior Wall$$,$$ラノシアン・インナーウォール$$,$$Revêtement mural noscéen$$,$$Riviera-Wandvertäfelung$$,$$77a53540450$$);
INSERT INTO items(base_item_id, hq) VALUES(6455, false);
INSERT INTO base_items VALUES(6456,$$Glade Interior Wall$$,$$シュラウド・インナーウォール$$,$$Revêtement mural sombrelinçois$$,$$Wald-Wandvertäfelung$$,$$5aa1fdef1f3$$);
INSERT INTO items(base_item_id, hq) VALUES(6456, false);
INSERT INTO base_items VALUES(6457,$$Oasis Interior Wall$$,$$ザナラーン・インナーウォール$$,$$Revêtement mural thanalanais$$,$$Oasen-Wandverkleidung$$,$$771ed17a5e7$$);
INSERT INTO items(base_item_id, hq) VALUES(6457, false);
INSERT INTO base_items VALUES(6458,$$Riviera Flooring$$,$$ラノシアン・フローリング$$,$$Parquet noscéen$$,$$Riviera-Holzboden$$,$$4749bf19992$$);
INSERT INTO items(base_item_id, hq) VALUES(6458, false);
INSERT INTO base_items VALUES(6459,$$Glade Flooring$$,$$シュラウド・フローリング$$,$$Parquet sombrelinçois$$,$$Wald-Fußboden$$,$$78ad49fee93$$);
INSERT INTO items(base_item_id, hq) VALUES(6459, false);
INSERT INTO base_items VALUES(6460,$$Oasis Flooring$$,$$ザナラーン・フローリング$$,$$Parquet thanalanais$$,$$Oasen-Parkettboden$$,$$c8e83090f6b$$);
INSERT INTO items(base_item_id, hq) VALUES(6460, false);
INSERT INTO base_items VALUES(6461,$$Riviera Pendant Lamp$$,$$ラノシアン・ペンダントランプ$$,$$Suspension noscéenne$$,$$Riviera-Deckenleuchte$$,$$0c97b25cd62$$);
INSERT INTO items(base_item_id, hq) VALUES(6461, false);
INSERT INTO base_items VALUES(6462,$$Deluxe Riviera Pendant Lamp$$,$$ラノシアン・デラックスペンダントランプ$$,$$Plafonnier noscéen$$,$$Riviera-Prachtdeckenleuchte$$,$$0cec1213652$$);
INSERT INTO items(base_item_id, hq) VALUES(6462, false);
INSERT INTO base_items VALUES(6463,$$Riviera Chandelier$$,$$ラノシアン・シャンデリア$$,$$Lustre noscéen$$,$$Riviera-Kronleuchter$$,$$8110587f054$$);
INSERT INTO items(base_item_id, hq) VALUES(6463, false);
INSERT INTO base_items VALUES(6464,$$Glade Pendant Lamp$$,$$シュラウド・ペンダントランプ$$,$$Suspension sombrelinçoise$$,$$Wald-Deckenleuchte$$,$$bf63f426ad8$$);
INSERT INTO items(base_item_id, hq) VALUES(6464, false);
INSERT INTO base_items VALUES(6465,$$Deluxe Glade Pendant Lamp$$,$$シュラウド・デラックスペンダントランプ$$,$$Plafonnier sombrelinçois$$,$$Wald-Prachtdeckenleuchte$$,$$fefc54fefe4$$);
INSERT INTO items(base_item_id, hq) VALUES(6465, false);
INSERT INTO base_items VALUES(6466,$$Glade Chandelier$$,$$シュラウド・シャンデリア$$,$$Lustre sombrelinçois$$,$$Wald-Kronleuchter$$,$$8073d8d843b$$);
INSERT INTO items(base_item_id, hq) VALUES(6466, false);
INSERT INTO base_items VALUES(6467,$$Oasis Pendant Lamp$$,$$ザナラーン・ペンダントランプ$$,$$Suspension thanalanaise$$,$$Oasen-Deckenleuchte$$,$$6d0a74bfa4b$$);
INSERT INTO items(base_item_id, hq) VALUES(6467, false);
INSERT INTO base_items VALUES(6468,$$Deluxe Oasis Pendant Lamp$$,$$ザナラーン・デラックスペンダントランプ$$,$$Plafonnier thanalanais$$,$$Oasen-Prachtdeckenleuchte$$,$$3ab6312151d$$);
INSERT INTO items(base_item_id, hq) VALUES(6468, false);
INSERT INTO base_items VALUES(6469,$$Oasis Chandelier$$,$$ザナラーン・シャンデリア$$,$$Lustre thanalanais$$,$$Oasen-Kronleuchter$$,$$2cc3c4cb239$$);
INSERT INTO items(base_item_id, hq) VALUES(6469, false);
INSERT INTO base_items VALUES(6470,$$Storm Ceiling Fan & Lamp$$,$$ロミンサン・シーリングファンライト$$,$$Plafonnier ventilateur limséen$$,$$Mahlstrom-Deckenventilator$$,$$ea446503cd9$$);
INSERT INTO items(base_item_id, hq) VALUES(6470, false);
INSERT INTO base_items VALUES(6471,$$Flame Ceiling Fan & Lamp$$,$$ウルダハン・シーリングファンライト$$,$$Plafonnier ventilateur uldien$$,$$Legions-Deckenventilator$$,$$032b9c70e85$$);
INSERT INTO items(base_item_id, hq) VALUES(6471, false);
INSERT INTO base_items VALUES(6472,$$Serpent Ceiling Fan & Lamp$$,$$グリダニアン・シーリングファンライト$$,$$Plafonnier ventilateur gridanien$$,$$Bruderschafts-Deckenventilator$$,$$68a4a756d06$$);
INSERT INTO items(base_item_id, hq) VALUES(6472, false);
INSERT INTO base_items VALUES(6473,$$Morbol Chandelier$$,$$モルボルシャンデリア$$,$$Lustre morbol$$,$$Morbol-Kronleuchter$$,$$aecf302383e$$);
INSERT INTO items(base_item_id, hq) VALUES(6473, false);
INSERT INTO base_items VALUES(6474,$$Illumination Module$$,$$照明システム$$,$$Système photogène$$,$$Illuminationsmodul$$,$$5098c371f58$$);
INSERT INTO items(base_item_id, hq) VALUES(6474, false);
INSERT INTO base_items VALUES(6475,$$Moogle Letter Box$$,$$モグレターポスト$$,$$Boîte à lettres mog$$,$$Mogry-Briefkasten$$,$$497e07fc9a8$$);
INSERT INTO items(base_item_id, hq) VALUES(6475, false);
INSERT INTO base_items VALUES(6476,$$Shroud Broadleaf$$,$$シュラウド・ブロードリーフ$$,$$Philodendron sombrelinçois$$,$$Wald-Laubbaum$$,$$0bc9f332861$$);
INSERT INTO items(base_item_id, hq) VALUES(6476, false);
INSERT INTO base_items VALUES(6477,$$Island Palm$$,$$ラノシアン・アイランドパーム$$,$$Palmier insulaire noscéen$$,$$Vylbrand-Palme$$,$$c9cf0ebe974$$);
INSERT INTO items(base_item_id, hq) VALUES(6477, false);
INSERT INTO base_items VALUES(6478,$$Desert Ironwood$$,$$ザナラーン・アイアンウッド$$,$$Bois de fer thanalanais$$,$$Wüsteneisenholz-Baum$$,$$9747e54ec5f$$);
INSERT INTO items(base_item_id, hq) VALUES(6478, false);
INSERT INTO base_items VALUES(6479,$$Unbreakable Rock$$,$$叩き割れぬ庭石$$,$$Pierre indestructible$$,$$Zierfelsen$$,$$294a6e4ff17$$);
INSERT INTO items(base_item_id, hq) VALUES(6479, false);
INSERT INTO base_items VALUES(6480,$$Mossy Rock$$,$$苔むした庭石$$,$$Pierre moussue$$,$$Moosiger Konglomeratbrocken$$,$$a96142396af$$);
INSERT INTO items(base_item_id, hq) VALUES(6480, false);
INSERT INTO base_items VALUES(6481,$$Campfire$$,$$冒険者の焚火炉$$,$$Feu de camp d'aventurier$$,$$Feuerstelle$$,$$7b7b0976d87$$);
INSERT INTO items(base_item_id, hq) VALUES(6481, false);
INSERT INTO base_items VALUES(6482,$$Linen Parasol$$,$$ガーデンパラソル$$,$$Parasol de jardin$$,$$Gartenschirm$$,$$6806f038f56$$);
INSERT INTO items(base_item_id, hq) VALUES(6482, false);
INSERT INTO base_items VALUES(6483,$$Lotus Parasol$$,$$ロータスパラソル$$,$$Parasol lotus$$,$$Lotos-Schirm$$,$$ce621dc0b2f$$);
INSERT INTO items(base_item_id, hq) VALUES(6483, false);
INSERT INTO base_items VALUES(6484,$$Walnut Table$$,$$ガーデンテーブル$$,$$Table de jardin$$,$$Mythrilverstärkter Gartentisch$$,$$0bbe0c807f6$$);
INSERT INTO items(base_item_id, hq) VALUES(6484, false);
INSERT INTO base_items VALUES(6485,$$Mythril Table$$,$$ミスリルガーデンテーブル$$,$$Table de jardin en mithril$$,$$Ovaler Nussholztisch$$,$$2639ae90c26$$);
INSERT INTO items(base_item_id, hq) VALUES(6485, false);
INSERT INTO base_items VALUES(6486,$$Brass Bench$$,$$ブラスガーデンベンチ$$,$$Banc en laiton$$,$$Messingbank$$,$$30e89593a78$$);
INSERT INTO items(base_item_id, hq) VALUES(6486, false);
INSERT INTO base_items VALUES(6487,$$Oaken Bench$$,$$オークガーデンベンチ$$,$$Banc en chêne$$,$$Eichenholzbank$$,$$c309946e75a$$);
INSERT INTO items(base_item_id, hq) VALUES(6487, false);
INSERT INTO base_items VALUES(6488,$$Half Barrel Planter$$,$$ハーフバレルプランター$$,$$Jardinière demi-tonneau$$,$$Fass-Pflanzkasten$$,$$dc32994e4fc$$);
INSERT INTO items(base_item_id, hq) VALUES(6488, false);
INSERT INTO base_items VALUES(6489,$$Low Barrel Planter$$,$$ロウバレルプランター$$,$$Jardinière bas-tonneau$$,$$Blumenkübel$$,$$d02eae9fa84$$);
INSERT INTO items(base_item_id, hq) VALUES(6489, false);
INSERT INTO base_items VALUES(6490,$$Riviera Lamppost$$,$$ラノシアン・ランプポスト$$,$$Lampadaire noscéen$$,$$Riviera-Laternenmast$$,$$d6b3c575736$$);
INSERT INTO items(base_item_id, hq) VALUES(6490, false);
INSERT INTO base_items VALUES(6491,$$Crofter's Wain$$,$$農夫の荷車$$,$$Chariot de fermier$$,$$Robuster Karren$$,$$1018d3a5143$$);
INSERT INTO items(base_item_id, hq) VALUES(6491, false);
INSERT INTO base_items VALUES(6492,$$Stump Stool$$,$$切り株の腰掛け$$,$$Souche tabouret$$,$$Baumstumpf-Stuhl$$,$$61aeac0f248$$);
INSERT INTO items(base_item_id, hq) VALUES(6492, false);
INSERT INTO base_items VALUES(6494,$$Firewood$$,$$切り出された薪$$,$$Bûches de bois$$,$$Feuerholz$$,$$277d62b76d6$$);
INSERT INTO items(base_item_id, hq) VALUES(6494, false);
INSERT INTO base_items VALUES(6495,$$Sylphic Lamp Tree$$,$$シルフランプツリー$$,$$Arbre-flambeau sylphe$$,$$Sylphen-Lampenbaum$$,$$6650d5009c7$$);
INSERT INTO items(base_item_id, hq) VALUES(6495, false);
INSERT INTO base_items VALUES(6496,$$Sylphic Lamppost$$,$$シルフランプポスト$$,$$Torche sylphe$$,$$Sylphen-Lampenpfosten$$,$$20a9ea1da7f$$);
INSERT INTO items(base_item_id, hq) VALUES(6496, false);
INSERT INTO base_items VALUES(6497,$$Cragsoul Lamp$$,$$タイタンの灯篭$$,$$Lanterne à vitrail de Titan$$,$$Licht der Felsen$$,$$a718d4db0a7$$);
INSERT INTO items(base_item_id, hq) VALUES(6497, false);
INSERT INTO base_items VALUES(6498,$$Titanic Cragsoul Lamp$$,$$岩神タイタンの灯篭$$,$$Lanterne à vitrail de l'Ébranleur des terres$$,$$Herzglut Titans$$,$$c828ab387b8$$);
INSERT INTO items(base_item_id, hq) VALUES(6498, false);
INSERT INTO base_items VALUES(6499,$$Wavesoul Fount$$,$$リヴァイアサンの噴水$$,$$Fontaine de Léviathan$$,$$Brunnen der Wogen$$,$$31585100fe7$$);
INSERT INTO items(base_item_id, hq) VALUES(6499, false);
INSERT INTO base_items VALUES(6500,$$Tidal Wavesoul Fount$$,$$水神リヴァイアサンの噴水$$,$$Fontaine du Déchaîneur des marées$$,$$Seelenquelle Leviathans$$,$$5329f386ae5$$);
INSERT INTO items(base_item_id, hq) VALUES(6500, false);
INSERT INTO base_items VALUES(6501,$$Dark Divinity Falleth$$,$$オーディン戦勝記念碑$$,$$Monument de la victoire sur Odin$$,$$Monument in Gedenken des Dunklen Reiters$$,$$da8224f60bb$$);
INSERT INTO items(base_item_id, hq) VALUES(6501, false);
INSERT INTO base_items VALUES(6502,$$Savage Arc of Triumph$$,$$次元刀の凱旋門$$,$$Arche en lame dimensionnelle$$,$$Phlegethon-Triumphbogen$$,$$909e23baa39$$);
INSERT INTO items(base_item_id, hq) VALUES(6502, false);
INSERT INTO base_items VALUES(6503,$$Blue Coral Formation$$,$$浸食洞の青珊瑚$$,$$Corail bleu sastashien$$,$$Blaues Korallen-Gebilde$$,$$e0dbc429b3e$$);
INSERT INTO items(base_item_id, hq) VALUES(6503, false);
INSERT INTO base_items VALUES(6504,$$Bertha Cannon$$,$$四連装対竜カノン砲$$,$$Canon anti-dragon à tourelle quadruple$$,$$Drachenhaubitze$$,$$c5c5c708f29$$);
INSERT INTO items(base_item_id, hq) VALUES(6504, false);
INSERT INTO base_items VALUES(6505,$$Cannonballs$$,$$対竜砲弾箱$$,$$Caisse à boulets anti-dragon$$,$$Kanonenkugeln$$,$$2fe9dfb5e34$$);
INSERT INTO items(base_item_id, hq) VALUES(6505, false);
INSERT INTO base_items VALUES(6506,$$Stone Vigil Beacon$$,$$対竜要塞のかがり$$,$$Torchère anti-dragon$$,$$Wachfeuer der Steinernen Wacht$$,$$1a18d03f3c9$$);
INSERT INTO items(base_item_id, hq) VALUES(6506, false);
INSERT INTO base_items VALUES(6507,$$Bloodblossoms$$,$$オーラムヴェイルの鮮血草$$,$$Parterre de boutons-de-sang du Val$$,$$Goldklamm-Blutblüten$$,$$1963f691d1e$$);
INSERT INTO items(base_item_id, hq) VALUES(6507, false);
INSERT INTO base_items VALUES(6508,$$Death's Fingers$$,$$オーラムヴェイルの白骨樹$$,$$Massif de cornouiller squelette du Val$$,$$Todfinger-Strauch$$,$$110a3cecee2$$);
INSERT INTO items(base_item_id, hq) VALUES(6508, false);
INSERT INTO base_items VALUES(6509,$$Turnkey's Cups$$,$$千獄の看守草$$,$$Anémone gardienne de Toto-Rak$$,$$Kerker-Kelchblume$$,$$0854923e7ce$$);
INSERT INTO items(base_item_id, hq) VALUES(6509, false);
INSERT INTO base_items VALUES(6510,$$Pyrepods$$,$$千獄の火葬花$$,$$Faucheuse de Toto-Rak$$,$$Höllentau-Gras$$,$$9df6efe9449$$);
INSERT INTO items(base_item_id, hq) VALUES(6510, false);
INSERT INTO base_items VALUES(6511,$$Ghostmaws$$,$$千獄の亡者草$$,$$Necrangée de Toto-Rak$$,$$Tausendschlündekraut$$,$$fd4f1c9b6e0$$);
INSERT INTO items(base_item_id, hq) VALUES(6511, false);
INSERT INTO base_items VALUES(6512,$$Amdapori Beacon$$,$$古城のかがり$$,$$Fanal de pierre du château$$,$$Amdapor-Feuerbecken$$,$$4e5942f0ff0$$);
INSERT INTO items(base_item_id, hq) VALUES(6512, false);
INSERT INTO base_items VALUES(6513,$$Riviera Chair$$,$$ラノシアン・ウッドチェア$$,$$Chaise en bois noscéenne$$,$$Riviera-Stuhl$$,$$525b53b7905$$);
INSERT INTO items(base_item_id, hq) VALUES(6513, false);
INSERT INTO base_items VALUES(6514,$$Glade Chair$$,$$シュラウド・ウッドチェア$$,$$Chaise en bois sombrelinçoise$$,$$Wald-Stuhl$$,$$7e8f1368a38$$);
INSERT INTO items(base_item_id, hq) VALUES(6514, false);
INSERT INTO base_items VALUES(6515,$$Oasis Chair$$,$$ザナラーン・ウッドチェア$$,$$Chaise en bois thanalanaise$$,$$Oasen-Stuhl$$,$$a64384bff73$$);
INSERT INTO items(base_item_id, hq) VALUES(6515, false);
INSERT INTO base_items VALUES(6516,$$Morbol Chair$$,$$モルボルチェア$$,$$Siège morbol$$,$$Morbol-Hocker$$,$$cce485a6367$$);
INSERT INTO items(base_item_id, hq) VALUES(6516, false);
INSERT INTO base_items VALUES(6517,$$Ahriman Chair$$,$$アーリマンチェア$$,$$Siège ahriman$$,$$Ahriman-Stuhl$$,$$7c5c76111ae$$);
INSERT INTO items(base_item_id, hq) VALUES(6517, false);
INSERT INTO base_items VALUES(6518,$$Sylphic Chair$$,$$シルフチェア$$,$$Chaise sylphe$$,$$Sylphen-Stuhl$$,$$cd1496f3220$$);
INSERT INTO items(base_item_id, hq) VALUES(6518, false);
INSERT INTO base_items VALUES(6519,$$Manor Stool$$,$$御用邸の腰掛け$$,$$Tabouret du Manoir$$,$$Herrenhaus-Hocker$$,$$23acdf5d2b8$$);
INSERT INTO items(base_item_id, hq) VALUES(6519, false);
INSERT INTO base_items VALUES(6520,$$Manor Highback Chair$$,$$御用邸の椅子$$,$$Chaise du Manoir$$,$$Haukke-Lehnstuhl$$,$$31b25ed253f$$);
INSERT INTO items(base_item_id, hq) VALUES(6520, false);
INSERT INTO base_items VALUES(6521,$$Knight Captain's Chair$$,$$対竜要塞の指揮椅子$$,$$Fauteuil anti-dragon$$,$$Ritter-Kommandostuhl$$,$$6c099761994$$);
INSERT INTO items(base_item_id, hq) VALUES(6521, false);
INSERT INTO base_items VALUES(6522,$$Seating Module$$,$$着席システム$$,$$Module pour station assise$$,$$Sitzmodul$$,$$7f3e1f4e5c7$$);
INSERT INTO items(base_item_id, hq) VALUES(6522, false);
INSERT INTO base_items VALUES(6523,$$Riviera Bench$$,$$ラノシアン・ベンチ$$,$$Banc noscéen$$,$$Riviera-Bank$$,$$e80737c9a0c$$);
INSERT INTO items(base_item_id, hq) VALUES(6523, false);
INSERT INTO base_items VALUES(6524,$$Glade Bench$$,$$シュラウド・ベンチ$$,$$Banc sombrelinçois$$,$$Wald-Bank$$,$$0aaf0a5cb5c$$);
INSERT INTO items(base_item_id, hq) VALUES(6524, false);
INSERT INTO base_items VALUES(6525,$$Oasis Bench$$,$$ザナラーン・ベンチ$$,$$Banc thanalanais$$,$$Oasen-Bank$$,$$9728041c925$$);
INSERT INTO items(base_item_id, hq) VALUES(6525, false);
INSERT INTO base_items VALUES(6526,$$Storm Storage Bench$$,$$ロミンサン・ベンチチェスト$$,$$Banc-coffre limséen$$,$$Mahlstrom-Truhenbank$$,$$42c939d8855$$);
INSERT INTO items(base_item_id, hq) VALUES(6526, false);
INSERT INTO base_items VALUES(6527,$$Flame Storage Bench$$,$$ウルダハン・ベンチチェスト$$,$$Banc-coffre uldien$$,$$Legions-Truhenbank$$,$$8ab34212360$$);
INSERT INTO items(base_item_id, hq) VALUES(6527, false);
INSERT INTO base_items VALUES(6528,$$Serpent Storage Bench$$,$$グリダニアン・ベンチチェスト$$,$$Banc-coffre gridanien$$,$$Bruderschafts-Truhenbank$$,$$d431537dbd5$$);
INSERT INTO items(base_item_id, hq) VALUES(6528, false);
INSERT INTO base_items VALUES(6529,$$Riviera Armchair$$,$$ラノシアン・ソファー$$,$$Fauteuil noscéen$$,$$Riviera-Polstersessel$$,$$23d6539300c$$);
INSERT INTO items(base_item_id, hq) VALUES(6529, false);
INSERT INTO base_items VALUES(6530,$$Glade Armchair$$,$$シュラウド・ソファー$$,$$Fauteuil sombrelinçois$$,$$Wald-Polstersessel$$,$$14a2b541c02$$);
INSERT INTO items(base_item_id, hq) VALUES(6530, false);
INSERT INTO base_items VALUES(6531,$$Oasis Armchair$$,$$ザナラーン・ソファー$$,$$Fauteuil thanalanais$$,$$Oasen-Polstersessel$$,$$57e12db9edb$$);
INSERT INTO items(base_item_id, hq) VALUES(6531, false);
INSERT INTO base_items VALUES(6532,$$Riviera Couch$$,$$ラノシアン・カウチ$$,$$Canapé noscéen$$,$$Riviera-Couch$$,$$a2e4a902527$$);
INSERT INTO items(base_item_id, hq) VALUES(6532, false);
INSERT INTO base_items VALUES(6533,$$Glade Couch$$,$$シュラウド・カウチ$$,$$Canapé sombrelinçois$$,$$Wald-Couch$$,$$4b4171cac1e$$);
INSERT INTO items(base_item_id, hq) VALUES(6533, false);
INSERT INTO base_items VALUES(6534,$$Oasis Couch$$,$$ザナラーン・カウチ$$,$$Canapé thanalanais$$,$$Oasen-Couch$$,$$102984d53c1$$);
INSERT INTO items(base_item_id, hq) VALUES(6534, false);
INSERT INTO base_items VALUES(6535,$$Manor Couch$$,$$御用邸の長椅子$$,$$Canapé du Manoir$$,$$Herrenhaus-Sofa$$,$$4d55675f70f$$);
INSERT INTO items(base_item_id, hq) VALUES(6535, false);
INSERT INTO base_items VALUES(6536,$$Vortex Couch$$,$$ガルーダの長椅子$$,$$Sofa de Garuda$$,$$Garuda-Couch$$,$$fd31140caeb$$);
INSERT INTO items(base_item_id, hq) VALUES(6536, false);
INSERT INTO base_items VALUES(6537,$$Raging Vortex Couch$$,$$嵐神ガルーダの長椅子$$,$$Sofa de la Souffleuse de rafales$$,$$Windgewalten-Couch$$,$$8f8eb4bd78e$$);
INSERT INTO items(base_item_id, hq) VALUES(6537, false);
INSERT INTO base_items VALUES(6538,$$Storm Desk$$,$$ロミンサン・デスク$$,$$Bureau limséen$$,$$Mahlstrom-Tisch$$,$$289c684c0a0$$);
INSERT INTO items(base_item_id, hq) VALUES(6538, false);
INSERT INTO base_items VALUES(6539,$$Serpent Desk$$,$$グリダニアン・デスク$$,$$Bureau gridanien$$,$$Bruderschafts-Tisch$$,$$fcc1cf5edad$$);
INSERT INTO items(base_item_id, hq) VALUES(6539, false);
INSERT INTO base_items VALUES(6540,$$Flame Desk$$,$$ウルダハン・デスク$$,$$Bureau uldien$$,$$Legions-Tisch$$,$$4e404a7b187$$);
INSERT INTO items(base_item_id, hq) VALUES(6540, false);
INSERT INTO base_items VALUES(6542,$$Riviera Bed$$,$$ラノシアン・ベッド$$,$$Lit noscéen$$,$$Riviera-Bett$$,$$9984b856372$$);
INSERT INTO items(base_item_id, hq) VALUES(6542, false);
INSERT INTO base_items VALUES(6543,$$Glade Bed$$,$$シュラウド・ベッド$$,$$Lit sombrelinçois$$,$$Wald-Bett$$,$$2ae733d2825$$);
INSERT INTO items(base_item_id, hq) VALUES(6543, false);
INSERT INTO base_items VALUES(6544,$$Oasis Bed$$,$$ザナラーン・ベッド$$,$$Lit thanalanais$$,$$Oasen-Bett$$,$$211fb441bad$$);
INSERT INTO items(base_item_id, hq) VALUES(6544, false);
INSERT INTO base_items VALUES(6545,$$Storm Utility Cot$$,$$ロミンサン・ユーティリティコット$$,$$Couchette limséenne$$,$$Mahlstrom-Feldbett$$,$$beb990c4da2$$);
INSERT INTO items(base_item_id, hq) VALUES(6545, false);
INSERT INTO base_items VALUES(6546,$$Serpent Utility Cot$$,$$グリダニアン・ユーティリティコット$$,$$Couchette gridanienne$$,$$Bruderschafts-Feldbett$$,$$90fc1c25678$$);
INSERT INTO items(base_item_id, hq) VALUES(6546, false);
INSERT INTO base_items VALUES(6547,$$Flame Utility Cot$$,$$ウルダハン・ユーティリティコット$$,$$Couchette uldienne$$,$$Legions-Feldbett$$,$$b3861bea49f$$);
INSERT INTO items(base_item_id, hq) VALUES(6547, false);
INSERT INTO base_items VALUES(6548,$$Ash Cabinet$$,$$ウッドキャビネット$$,$$Cabinet en bois$$,$$Eschenholz-Schrank$$,$$60d66734a81$$);
INSERT INTO items(base_item_id, hq) VALUES(6548, false);
INSERT INTO base_items VALUES(6549,$$Riviera Wardrobe$$,$$ラノシアン・ワードローブ$$,$$Penderie noscéenne$$,$$Riviera-Kleiderschrank$$,$$0feb1e2a5ce$$);
INSERT INTO items(base_item_id, hq) VALUES(6549, false);
INSERT INTO base_items VALUES(6550,$$Glade Wardrobe$$,$$シュラウド・ワードローブ$$,$$Penderie sombrelinçoise$$,$$Wald-Kleiderschrank$$,$$281e24e2d55$$);
INSERT INTO items(base_item_id, hq) VALUES(6550, false);
INSERT INTO base_items VALUES(6551,$$Oasis Wardrobe$$,$$ザナラーン・ワードローブ$$,$$Penderie thanalanaise$$,$$Oasen-Kleiderschrank$$,$$850ece8e95c$$);
INSERT INTO items(base_item_id, hq) VALUES(6551, false);
INSERT INTO base_items VALUES(6552,$$Manor Wardrobe$$,$$御用邸の衣装箪笥$$,$$Garde-robe du Manoir$$,$$Herrenhaus-Kleiderschrank$$,$$b153c6a0ec7$$);
INSERT INTO items(base_item_id, hq) VALUES(6552, false);
INSERT INTO base_items VALUES(6553,$$Storm Armoire$$,$$ロミンサン・アルモアール$$,$$Armoire limséenne$$,$$Mahlstrom-Spind$$,$$5eb22869119$$);
INSERT INTO items(base_item_id, hq) VALUES(6553, false);
INSERT INTO base_items VALUES(6554,$$Serpent Armoire$$,$$グリダニアン・アルモアール$$,$$Armoire gridanienne$$,$$Bruderschafts-Spind$$,$$3a1e8a25af3$$);
INSERT INTO items(base_item_id, hq) VALUES(6554, false);
INSERT INTO base_items VALUES(6555,$$Flame Armoire$$,$$ウルダハン・アルモアール$$,$$Armoire uldienne$$,$$Legions-Spind$$,$$81635bd535e$$);
INSERT INTO items(base_item_id, hq) VALUES(6555, false);
INSERT INTO base_items VALUES(6556,$$Storm Strongbox$$,$$ロミンサン・ストロングボックス$$,$$Coffre limséen$$,$$Mahlstrom-Feldkiste$$,$$1a861b94b51$$);
INSERT INTO items(base_item_id, hq) VALUES(6556, false);
INSERT INTO base_items VALUES(6557,$$Serpent Strongbox$$,$$グリダニアン・ストロングボックス$$,$$Coffre gridanien$$,$$Bruderschafts-Feldkiste$$,$$c9f1336f834$$);
INSERT INTO items(base_item_id, hq) VALUES(6557, false);
INSERT INTO base_items VALUES(6558,$$Flame Strongbox$$,$$ウルダハン・ストロングボックス$$,$$Coffre uldien$$,$$Legions-Feldkiste$$,$$f97204f1134$$);
INSERT INTO items(base_item_id, hq) VALUES(6558, false);
INSERT INTO base_items VALUES(6559,$$Company Chest$$,$$カンパニーチェスト$$,$$Coffre de compagnie libre$$,$$Truhe der Gesellschaft$$,$$c8f4f1c1e32$$);
INSERT INTO items(base_item_id, hq) VALUES(6559, false);
INSERT INTO base_items VALUES(6560,$$Riviera Cupboard$$,$$ラノシアン・カップボード$$,$$Buffet noscéen$$,$$Riviera-Geschirrschrank$$,$$2fa51c4e129$$);
INSERT INTO items(base_item_id, hq) VALUES(6560, false);
INSERT INTO base_items VALUES(6561,$$Glade Cupboard$$,$$シュラウド・カップボード$$,$$Buffet sombrelinçois$$,$$Wald-Geschirrschrank$$,$$8601bdbac71$$);
INSERT INTO items(base_item_id, hq) VALUES(6561, false);
INSERT INTO base_items VALUES(6562,$$Oasis Cupboard$$,$$ザナラーン・カップボード$$,$$Buffet thanalanais$$,$$Oasen-Geschirrschrank$$,$$716d09ee535$$);
INSERT INTO items(base_item_id, hq) VALUES(6562, false);
INSERT INTO base_items VALUES(6563,$$Manor Cupboard$$,$$御用邸の食器棚$$,$$Vaisselier du Manoir$$,$$Herrenhaus-Geschirrschrank$$,$$82d1bb607a4$$);
INSERT INTO items(base_item_id, hq) VALUES(6563, false);
INSERT INTO base_items VALUES(6564,$$Ahriman Cupboard$$,$$アーリマンカップボード$$,$$Vaisselier ahriman$$,$$Ahriman-Geschirrschrank$$,$$90c87a6969b$$);
INSERT INTO items(base_item_id, hq) VALUES(6564, false);
INSERT INTO base_items VALUES(6565,$$Sylphic Cupboard$$,$$シルフカップボード$$,$$Buffet sylphe$$,$$Sylphen-Geschirrschrank$$,$$3196f67efce$$);
INSERT INTO items(base_item_id, hq) VALUES(6565, false);
INSERT INTO base_items VALUES(6566,$$Riviera Bookshelf$$,$$ラノシアン・ブックシェルフ$$,$$Bibliothèque noscéenne$$,$$Riviera-Bücherregal$$,$$02e3127dc5c$$);
INSERT INTO items(base_item_id, hq) VALUES(6566, false);
INSERT INTO base_items VALUES(6567,$$Glade Bookshelf$$,$$シュラウド・ブックシェルフ$$,$$Bibliothèque sombrelinçoise$$,$$Wald-Bücherregal$$,$$dc48f29144b$$);
INSERT INTO items(base_item_id, hq) VALUES(6567, false);
INSERT INTO base_items VALUES(6568,$$Oasis Bookshelf$$,$$ザナラーン・ブックシェルフ$$,$$Bibliothèque thanalanaise$$,$$Oasen-Bücherregal$$,$$443af8d517e$$);
INSERT INTO items(base_item_id, hq) VALUES(6568, false);
INSERT INTO base_items VALUES(6569,$$Manor Bookshelf$$,$$御用邸の本棚$$,$$Bibliothèque du Manoir$$,$$Herrenhaus-Bücherregal$$,$$39c0db3d40d$$);
INSERT INTO items(base_item_id, hq) VALUES(6569, false);
INSERT INTO base_items VALUES(6570,$$Ahriman Bookshelf$$,$$アーリマンブックシェルフ$$,$$Bibliothèque ahriman$$,$$Ahriman-Bücherregal$$,$$027d6973f9c$$);
INSERT INTO items(base_item_id, hq) VALUES(6570, false);
INSERT INTO base_items VALUES(6571,$$Sylphic Bookshelf$$,$$シルフブックシェルフ$$,$$Bibliothèque sylphe$$,$$Sylphen-Bücherregal$$,$$d81f7d7b2eb$$);
INSERT INTO items(base_item_id, hq) VALUES(6571, false);
INSERT INTO base_items VALUES(6572,$$Morbol Bookshelf$$,$$モルボルブックシェルフ$$,$$Bibliothèque morbol$$,$$Morbol-Bücherregal$$,$$d90f59a74df$$);
INSERT INTO items(base_item_id, hq) VALUES(6572, false);
INSERT INTO base_items VALUES(6573,$$Riviera Pillar$$,$$ラノシアン・ピラー$$,$$Colonne noscéenne$$,$$Riviera-Säule$$,$$ad7526c0372$$);
INSERT INTO items(base_item_id, hq) VALUES(6573, false);
INSERT INTO base_items VALUES(6574,$$Glade Pillar$$,$$シュラウド・ピラー$$,$$Colonne sombrelinçoise$$,$$Wald-Säule$$,$$8ae5a0d8034$$);
INSERT INTO items(base_item_id, hq) VALUES(6574, false);
INSERT INTO base_items VALUES(6575,$$Oasis Pillar$$,$$ザナラーン・ピラー$$,$$Colonne thanalanaise$$,$$Oasen-Säule$$,$$68867ce9e6e$$);
INSERT INTO items(base_item_id, hq) VALUES(6575, false);
INSERT INTO base_items VALUES(6576,$$Riviera Partition$$,$$ラノシアン・パーティション$$,$$Cloison noscéenne$$,$$Riviera-Raumteiler$$,$$eb7eed930fb$$);
INSERT INTO items(base_item_id, hq) VALUES(6576, false);
INSERT INTO base_items VALUES(6577,$$Glade Partition$$,$$シュラウド・パーティション$$,$$Cloison sombrelinçoise$$,$$Wald-Raumteiler$$,$$a95c9e2750a$$);
INSERT INTO items(base_item_id, hq) VALUES(6577, false);
INSERT INTO base_items VALUES(6578,$$Oasis Partition$$,$$ザナラーン・パーティション$$,$$Cloison thanalanaise$$,$$Oasen-Raumteiler$$,$$c89864b2372$$);
INSERT INTO items(base_item_id, hq) VALUES(6578, false);
INSERT INTO base_items VALUES(6579,$$Mahogany Screen$$,$$ウッドスクリーン$$,$$Cloison de séparation en bois$$,$$Mahagoni-Wandschirm$$,$$24a7d32fb39$$);
INSERT INTO items(base_item_id, hq) VALUES(6579, false);
INSERT INTO base_items VALUES(6580,$$Ahriman Screen$$,$$アーリマンスクリーン$$,$$Panneau ahriman$$,$$Ahriman-Wandschirm$$,$$1be3d38bcb5$$);
INSERT INTO items(base_item_id, hq) VALUES(6580, false);
INSERT INTO base_items VALUES(6581,$$Sylphic Screen$$,$$シルフスクリーン$$,$$Paravent sylphe$$,$$Sylphen-Wandschirm$$,$$bd1dbceeec6$$);
INSERT INTO items(base_item_id, hq) VALUES(6581, false);
INSERT INTO base_items VALUES(6582,$$Morbol Screen$$,$$モルボルスクリーン$$,$$Portique morbol$$,$$Morbol-Raumvorhang$$,$$56ab1ef4a45$$);
INSERT INTO items(base_item_id, hq) VALUES(6582, false);
INSERT INTO base_items VALUES(6583,$$Riviera Floor Lamp$$,$$ラノシアン・フロアランプ$$,$$Lampe noscéenne$$,$$Riviera-Stehlampe$$,$$102b8743360$$);
INSERT INTO items(base_item_id, hq) VALUES(6583, false);
INSERT INTO base_items VALUES(6584,$$Glade Floor Lamp$$,$$シュラウド・フロアランプ$$,$$Lampe sombrelinçoise$$,$$Wald-Stehlampe$$,$$ed4635edfac$$);
INSERT INTO items(base_item_id, hq) VALUES(6584, false);
INSERT INTO base_items VALUES(6585,$$Oasis Floor Lamp$$,$$ザナラーン・フロアランプ$$,$$Lampe thanalanaise$$,$$Oasen-Stehlampe$$,$$1efc0d28a41$$);
INSERT INTO items(base_item_id, hq) VALUES(6585, false);
INSERT INTO base_items VALUES(6586,$$Manor Candelabra$$,$$御用邸の燭台$$,$$Candélabre du Manoir$$,$$Herrenhaus-Kandelaber$$,$$18c6904575b$$);
INSERT INTO items(base_item_id, hq) VALUES(6586, false);
INSERT INTO base_items VALUES(6587,$$Tonberry Floor Lamp$$,$$トンベリフロアランプ$$,$$Lampe tomberry$$,$$Tomberry-Stehlampe$$,$$f3bdd8fa98a$$);
INSERT INTO items(base_item_id, hq) VALUES(6587, false);
INSERT INTO base_items VALUES(6588,$$Mandragora Floor Lamp$$,$$マンドラゴラフロアランプ$$,$$Lampe mandragore$$,$$Mandragora-Stehlampe$$,$$cf52b57b565$$);
INSERT INTO items(base_item_id, hq) VALUES(6588, false);
INSERT INTO base_items VALUES(6589,$$Amigo Cactus Floor Lamp$$,$$カクトアミーゴ$$,$$Lampe cactuar amigo$$,$$Sabotender-Stehlampe$$,$$afc1d9f5293$$);
INSERT INTO items(base_item_id, hq) VALUES(6589, false);
INSERT INTO base_items VALUES(6590,$$Deluxe Manor Fireplace$$,$$御用邸の豪奢な暖炉$$,$$Âtre luxueux du Manoir$$,$$Luxus-Herrenhauskamin$$,$$194bc34f936$$);
INSERT INTO items(base_item_id, hq) VALUES(6590, false);
INSERT INTO base_items VALUES(6591,$$Riviera Bathtub$$,$$ラノシアン・バスタブ$$,$$Baignoire noscéenne$$,$$Riviera-Badebecken$$,$$d7d2ee7bd63$$);
INSERT INTO items(base_item_id, hq) VALUES(6591, false);
INSERT INTO base_items VALUES(6592,$$Glade Bathtub$$,$$シュラウド・バスタブ$$,$$Baignoire sombrelinçoise$$,$$Wald-Badebecken$$,$$d19334f0946$$);
INSERT INTO items(base_item_id, hq) VALUES(6592, false);
INSERT INTO base_items VALUES(6593,$$Oasis Bathtub$$,$$ザナラーン・バスタブ$$,$$Baignoire thanalanaise$$,$$Oasen-Badebecken$$,$$89ba701ebc9$$);
INSERT INTO items(base_item_id, hq) VALUES(6593, false);
INSERT INTO base_items VALUES(6594,$$Terracotta Pot$$,$$素焼きの壺$$,$$Pot en terre cuite$$,$$Terrakotta-Topf$$,$$08f2c416bed$$);
INSERT INTO items(base_item_id, hq) VALUES(6594, false);
INSERT INTO base_items VALUES(6595,$$Potted Maguey$$,$$マゲイの鉢植$$,$$Pot de maguey$$,$$Agave$$,$$52826c4f895$$);
INSERT INTO items(base_item_id, hq) VALUES(6595, false);
INSERT INTO base_items VALUES(6596,$$Astroscope$$,$$アストロスコープ$$,$$Astroscope$$,$$Astroskop$$,$$19369a6cab0$$);
INSERT INTO items(base_item_id, hq) VALUES(6596, false);
INSERT INTO base_items VALUES(6597,$$Vodoriga Sculpture$$,$$ヴォドリガの彫像$$,$$Statue de vodoriga$$,$$Vodoriga-Skulptur$$,$$3e066bc03d5$$);
INSERT INTO items(base_item_id, hq) VALUES(6597, false);
INSERT INTO base_items VALUES(6598,$$Gargoyle Sculpture$$,$$ガーゴイルの彫像$$,$$Statue de gargouille$$,$$Gargoyle-Skulptur$$,$$f24a17d5f61$$);
INSERT INTO items(base_item_id, hq) VALUES(6598, false);
INSERT INTO base_items VALUES(6599,$$Llymlaen's Embrace$$,$$リムレーンの祝福$$,$$Bénédiction de Llymlaen$$,$$„Llymlaens Umarmung“$$,$$e93bbdd9e6d$$);
INSERT INTO items(base_item_id, hq) VALUES(6599, false);
INSERT INTO base_items VALUES(6600,$$Miniature Aetheryte$$,$$プライベート・エーテライト$$,$$Éthérite privée$$,$$Miniatur-Ätheryt$$,$$aeeb4ad3360$$);
INSERT INTO items(base_item_id, hq) VALUES(6600, false);
INSERT INTO base_items VALUES(6601,$$Riviera Round Table$$,$$ラノシアン・ラウンドテーブル$$,$$Table ronde noscéenne$$,$$Riviera-Rundtisch$$,$$5bed6f6056e$$);
INSERT INTO items(base_item_id, hq) VALUES(6601, false);
INSERT INTO base_items VALUES(6602,$$Oasis Round Table$$,$$ザナラーン・ラウンドテーブル$$,$$Table ronde thanalanaise$$,$$Oasen-Rundtisch$$,$$099ac3f8c13$$);
INSERT INTO items(base_item_id, hq) VALUES(6602, false);
INSERT INTO base_items VALUES(6603,$$Glade Round Table$$,$$シュラウド・ラウンドテーブル$$,$$Table ronde sombrelinçoise$$,$$Wald-Rundtisch$$,$$666a0d40688$$);
INSERT INTO items(base_item_id, hq) VALUES(6603, false);
INSERT INTO base_items VALUES(6604,$$Ahriman Round Table$$,$$アーリマンラウンドテーブル$$,$$Table ronde ahriman$$,$$Ahriman-Rundtisch$$,$$214d5adbc9d$$);
INSERT INTO items(base_item_id, hq) VALUES(6604, false);
INSERT INTO base_items VALUES(6605,$$Diagnostics Module$$,$$分析システム$$,$$Module analytique$$,$$Analysemodul$$,$$5a39e45b4cd$$);
INSERT INTO items(base_item_id, hq) VALUES(6605, false);
INSERT INTO base_items VALUES(6606,$$Riviera Table$$,$$ラノシアン・テーブル$$,$$Table noscéenne$$,$$Riviera-Tisch$$,$$6351dc0e9e7$$);
INSERT INTO items(base_item_id, hq) VALUES(6606, false);
INSERT INTO base_items VALUES(6607,$$Glade Table$$,$$シュラウド・テーブル$$,$$Table sombrelinçoise$$,$$Wald-Tisch$$,$$15f2b874db5$$);
INSERT INTO items(base_item_id, hq) VALUES(6607, false);
INSERT INTO base_items VALUES(6608,$$Oasis Table$$,$$ザナラーン・テーブル$$,$$Table thanalanaise$$,$$Oasen-Tisch$$,$$a0a5d140458$$);
INSERT INTO items(base_item_id, hq) VALUES(6608, false);
INSERT INTO base_items VALUES(6609,$$Sylphic Table$$,$$シルフテーブル$$,$$Table sylphe$$,$$Sylphen-Tisch$$,$$ecc6d491b0e$$);
INSERT INTO items(base_item_id, hq) VALUES(6609, false);
INSERT INTO base_items VALUES(6610,$$Riviera Dining Table$$,$$ラノシアン・ダイニングテーブル$$,$$Table à manger noscéenne$$,$$Riviera-Esstisch$$,$$b9c8054e0bc$$);
INSERT INTO items(base_item_id, hq) VALUES(6610, false);
INSERT INTO base_items VALUES(6611,$$Glade Dining Table$$,$$シュラウド・ダイニングテーブル$$,$$Table à manger sombrelinçoise$$,$$Wald-Esstisch$$,$$eaa3e712756$$);
INSERT INTO items(base_item_id, hq) VALUES(6611, false);
INSERT INTO base_items VALUES(6612,$$Oasis Dining Table$$,$$ザナラーン・ダイニングテーブル$$,$$Table à manger thanalanaise$$,$$Oasen-Esstisch$$,$$d13bb376928$$);
INSERT INTO items(base_item_id, hq) VALUES(6612, false);
INSERT INTO base_items VALUES(6613,$$Walnut Dining Table$$,$$ダイニングテーブル$$,$$Table à manger$$,$$Walnuss-Esstisch$$,$$b29258af129$$);
INSERT INTO items(base_item_id, hq) VALUES(6613, false);
INSERT INTO base_items VALUES(6614,$$Sylphic Dining Table$$,$$シルフダイニングテーブル$$,$$Table à manger sylphe$$,$$Sylphen-Esstisch$$,$$4c2fbfefc89$$);
INSERT INTO items(base_item_id, hq) VALUES(6614, false);
INSERT INTO base_items VALUES(6615,$$Manor Table$$,$$御用邸の卓子$$,$$Table basse du Manoir$$,$$Herrenhaus-Tisch$$,$$f53fcc85e7e$$);
INSERT INTO items(base_item_id, hq) VALUES(6615, false);
INSERT INTO base_items VALUES(6616,$$Riviera Desk$$,$$ラノシアン・デスク$$,$$Bureau noscéen$$,$$Riviera-Schreibtisch$$,$$52d09ea71d6$$);
INSERT INTO items(base_item_id, hq) VALUES(6616, false);
INSERT INTO base_items VALUES(6617,$$Oasis Desk$$,$$ザナラーン・デスク$$,$$Bureau thanalanais$$,$$Oasen-Schreibtisch$$,$$33c136a4493$$);
INSERT INTO items(base_item_id, hq) VALUES(6617, false);
INSERT INTO base_items VALUES(6618,$$Glade Desk$$,$$シュラウド・デスク$$,$$Bureau sombrelinçois$$,$$Wald-Schreibtisch$$,$$97bf332c378$$);
INSERT INTO items(base_item_id, hq) VALUES(6618, false);
INSERT INTO base_items VALUES(6619,$$Manor Desk$$,$$御用邸の書斎机$$,$$Écritoire du Manoir$$,$$Herrenhaus-Studiertisch$$,$$6571d34700f$$);
INSERT INTO items(base_item_id, hq) VALUES(6619, false);
INSERT INTO base_items VALUES(6620,$$Knight Captain's Desk$$,$$対竜要塞の指揮机$$,$$Bureau d'officier anti-dragon$$,$$Ritter-Kommandotisch$$,$$e516a1033f1$$);
INSERT INTO items(base_item_id, hq) VALUES(6620, false);
INSERT INTO base_items VALUES(6621,$$Walnut Cartonnier$$,$$カルトニエ$$,$$Cartonnier$$,$$Walnuss-Kommode$$,$$5de54215ebe$$);
INSERT INTO items(base_item_id, hq) VALUES(6621, false);
INSERT INTO base_items VALUES(6622,$$Glade Cartonnier$$,$$シュラウド・カルトニエ$$,$$Cartonnier sombrelinçois$$,$$Wald-Kommode$$,$$b883804a7dd$$);
INSERT INTO items(base_item_id, hq) VALUES(6622, false);
INSERT INTO base_items VALUES(6623,$$Glade Sideboard$$,$$シュラウド・サイドボード$$,$$Dressoir sombrelinçois$$,$$Wald-Kommodentisch$$,$$33b0eee0ae8$$);
INSERT INTO items(base_item_id, hq) VALUES(6623, false);
INSERT INTO base_items VALUES(6624,$$Glade Drawer Table$$,$$シュラウド・ドロワーテーブル$$,$$Table à tiroirs sombrelinçoise$$,$$Wald-Sekretär$$,$$d10f96ba958$$);
INSERT INTO items(base_item_id, hq) VALUES(6624, false);
INSERT INTO base_items VALUES(6625,$$Manor Flower Stand$$,$$御用邸の花台$$,$$Sellette du Manoir$$,$$Herrenhaus-Blumenbord$$,$$80012e92750$$);
INSERT INTO items(base_item_id, hq) VALUES(6625, false);
INSERT INTO base_items VALUES(6626,$$Ahriman Sideboard$$,$$アーリマンサイドボード$$,$$Dressoir ahriman$$,$$Ahriman-Anrichte$$,$$a11ac98f35a$$);
INSERT INTO items(base_item_id, hq) VALUES(6626, false);
INSERT INTO base_items VALUES(6627,$$Riviera Stall$$,$$ラノシアン・ストール$$,$$Bar noscéen$$,$$Riviera-Theke$$,$$3f872b179dd$$);
INSERT INTO items(base_item_id, hq) VALUES(6627, false);
INSERT INTO base_items VALUES(6628,$$Glade Stall$$,$$シュラウド・ストール$$,$$Bar sombrelinçois$$,$$Wald-Theke$$,$$108d28e2898$$);
INSERT INTO items(base_item_id, hq) VALUES(6628, false);
INSERT INTO base_items VALUES(6629,$$Oasis Stall$$,$$ザナラーン・ストール$$,$$Bar thanalanais$$,$$Oasen-Theke$$,$$e8e5caca1d1$$);
INSERT INTO items(base_item_id, hq) VALUES(6629, false);
INSERT INTO base_items VALUES(6630,$$Riviera Counter$$,$$ラノシアン・カウンター$$,$$Comptoir noscéen$$,$$Riviera-Audienztisch$$,$$004d8727984$$);
INSERT INTO items(base_item_id, hq) VALUES(6630, false);
INSERT INTO base_items VALUES(6631,$$Glade Counter$$,$$シュラウド・カウンター$$,$$Comptoir sombrelinçois$$,$$Wald-Audienztisch$$,$$00d32e22904$$);
INSERT INTO items(base_item_id, hq) VALUES(6631, false);
INSERT INTO base_items VALUES(6632,$$Oasis Counter$$,$$ザナラーン・カウンター$$,$$Comptoir thanalanais$$,$$Oasen-Audienztisch$$,$$8df49e93476$$);
INSERT INTO items(base_item_id, hq) VALUES(6632, false);
INSERT INTO base_items VALUES(6633,$$Sylphic Counter$$,$$シルフカウンター$$,$$Comptoir sylphe$$,$$Sylphen-Empfangstisch$$,$$f267fa1b750$$);
INSERT INTO items(base_item_id, hq) VALUES(6633, false);
INSERT INTO base_items VALUES(6634,$$Manor Fireplace$$,$$御用邸の暖炉$$,$$Cheminée du Manoir$$,$$Herrenhaus-Kamin$$,$$d743adf6b14$$);
INSERT INTO items(base_item_id, hq) VALUES(6634, false);
INSERT INTO base_items VALUES(6635,$$Brass Pricket$$,$$プリケット$$,$$Chandelier$$,$$Messing-Kerzenständer$$,$$3c8fdb56cd8$$);
INSERT INTO items(base_item_id, hq) VALUES(6635, false);
INSERT INTO base_items VALUES(6636,$$Riviera Lantern$$,$$ラノシアン・ランタン$$,$$Lanterne noscéenne$$,$$Riviera-Tischlampe$$,$$eb1bac21430$$);
INSERT INTO items(base_item_id, hq) VALUES(6636, false);
INSERT INTO base_items VALUES(6637,$$Glade Lantern$$,$$シュラウド・ランタン$$,$$Lanterne sombrelinçoise$$,$$Wald-Tischlampe$$,$$9b1d33030c5$$);
INSERT INTO items(base_item_id, hq) VALUES(6637, false);
INSERT INTO base_items VALUES(6638,$$Oasis Lantern$$,$$ザナラーン・ランタン$$,$$Lanterne thanalanaise$$,$$Oasen-Tischlampe$$,$$474fc103058$$);
INSERT INTO items(base_item_id, hq) VALUES(6638, false);
INSERT INTO base_items VALUES(6639,$$Riviera Flower Vase$$,$$ラノシアン・フラワーベース$$,$$Vase de fleurs noscéen$$,$$Riviera-Blumenvase$$,$$02ef6352ccf$$);
INSERT INTO items(base_item_id, hq) VALUES(6639, false);
INSERT INTO base_items VALUES(6640,$$Glade Flower Vase$$,$$シュラウド・フラワーベース$$,$$Vase de fleurs sombrelinçois$$,$$Wald-Blumenvase$$,$$8ddb4157c6a$$);
INSERT INTO items(base_item_id, hq) VALUES(6640, false);
INSERT INTO base_items VALUES(6641,$$Oasis Flower Vase$$,$$ザナラーン・フラワーベース$$,$$Vase de fleurs thanalanais$$,$$Oasen-Blumenvase$$,$$cf73362787a$$);
INSERT INTO items(base_item_id, hq) VALUES(6641, false);
INSERT INTO base_items VALUES(6642,$$Sylphic Flower Vase$$,$$シルフフラワーベース$$,$$Vase de fleurs sylphe$$,$$Sylphen-Blumenvase$$,$$79826a3c805$$);
INSERT INTO items(base_item_id, hq) VALUES(6642, false);
INSERT INTO base_items VALUES(6643,$$Ahriman Flower Vase$$,$$アーリマンフラワーベース$$,$$Vase de fleurs ahriman$$,$$Ahriman-Blumenvase$$,$$a0dbe94e153$$);
INSERT INTO items(base_item_id, hq) VALUES(6643, false);
INSERT INTO base_items VALUES(6644,$$Potted Axilflower$$,$$アクシルフラワーの鉢植$$,$$Vasque de mercadonies$$,$$Mecardonia-Stock$$,$$61f48edab3b$$);
INSERT INTO items(base_item_id, hq) VALUES(6644, false);
INSERT INTO base_items VALUES(6645,$$Potted Azalea$$,$$アザレアの鉢植$$,$$Pot d'azalées$$,$$Azalee$$,$$8ccfff041e6$$);
INSERT INTO items(base_item_id, hq) VALUES(6645, false);
INSERT INTO base_items VALUES(6646,$$Potted Spider Plant$$,$$スパイダープラントの鉢植$$,$$Pot de phalangère$$,$$Grünlilie$$,$$fb784cf18b4$$);
INSERT INTO items(base_item_id, hq) VALUES(6646, false);
INSERT INTO base_items VALUES(6647,$$Table Chronometer$$,$$テーブルクロノメーター$$,$$Horloge de table$$,$$Tisch-Chronometer$$,$$155e2613011$$);
INSERT INTO items(base_item_id, hq) VALUES(6647, false);
INSERT INTO base_items VALUES(6648,$$Ahriman Chronometer$$,$$アーリマンクロノメーター$$,$$Horloge ahriman$$,$$Ahriman-Chronometer$$,$$72fab840eb0$$);
INSERT INTO items(base_item_id, hq) VALUES(6648, false);
INSERT INTO base_items VALUES(6649,$$Ink & Quill$$,$$文房具一式$$,$$Nécessaire de bureau$$,$$Schreibset$$,$$6453cb73493$$);
INSERT INTO items(base_item_id, hq) VALUES(6649, false);
INSERT INTO base_items VALUES(6650,$$Weighing Scale$$,$$バランススケール$$,$$Balance$$,$$Waage$$,$$aa4c7581d90$$);
INSERT INTO items(base_item_id, hq) VALUES(6650, false);
INSERT INTO base_items VALUES(6651,$$Gemscope$$,$$ジェムスコープ$$,$$Microscope ouvragé$$,$$Edelsteinlupe$$,$$804f2507fbf$$);
INSERT INTO items(base_item_id, hq) VALUES(6651, false);
INSERT INTO base_items VALUES(6652,$$Miniature Magitek Reaper$$,$$MG魔導リーパー$$,$$Modèle réduit magitek$$,$$Miniatur-Magitek-Schnitter$$,$$7374688bb38$$);
INSERT INTO items(base_item_id, hq) VALUES(6652, false);
INSERT INTO base_items VALUES(6653,$$Stuffed Moogle$$,$$モーグリのぬいぐるみ$$,$$Mog en peluche$$,$$Stoff-Mogry$$,$$f52163a0a5e$$);
INSERT INTO items(base_item_id, hq) VALUES(6653, false);
INSERT INTO base_items VALUES(6654,$$Stuffed Chocobo$$,$$チョコボのぬいぐるみ$$,$$Chocobo en peluche$$,$$Stoff-Chocobo$$,$$993e8a19c85$$);
INSERT INTO items(base_item_id, hq) VALUES(6654, false);
INSERT INTO base_items VALUES(6655,$$Drinking Apkallu$$,$$ドリンキングアプカル$$,$$Apkallu buveur$$,$$Trinkender Apkallu$$,$$49a0fe0cf08$$);
INSERT INTO items(base_item_id, hq) VALUES(6655, false);
INSERT INTO base_items VALUES(6656,$$Maelstrom Banner$$,$$ロミンサン・バナー$$,$$Bannière limséenne$$,$$Mahlstrom-Fahne$$,$$a92ab8858cc$$);
INSERT INTO items(base_item_id, hq) VALUES(6656, false);
INSERT INTO base_items VALUES(6657,$$Twin Adder Banner$$,$$グリダニアン・バナー$$,$$Bannière gridanienne$$,$$Bruderschafts-Fahne$$,$$9901ae388fd$$);
INSERT INTO items(base_item_id, hq) VALUES(6657, false);
INSERT INTO base_items VALUES(6658,$$Immortal Flames Banner$$,$$ウルダハン・バナー$$,$$Bannière uldienne$$,$$Legions-Fahne$$,$$2fefbae3ada$$);
INSERT INTO items(base_item_id, hq) VALUES(6658, false);
INSERT INTO base_items VALUES(6659,$$Lominsan Cityscape$$,$$海都の風景画$$,$$Paysage maritime$$,$$Limsisches Landschaftsbild$$,$$6551e51d177$$);
INSERT INTO items(base_item_id, hq) VALUES(6659, false);
INSERT INTO base_items VALUES(6660,$$Gridanian Cityscape$$,$$森都の風景画$$,$$Paysage sylvestre$$,$$Gridanisches Landschaftsbild$$,$$0188b5d95f0$$);
INSERT INTO items(base_item_id, hq) VALUES(6660, false);
INSERT INTO base_items VALUES(6661,$$Ul'dahn Cityscape$$,$$砂都の風景画$$,$$Paysage aride$$,$$Ul'dhisches Landschaftsbild$$,$$e3a3fb3216e$$);
INSERT INTO items(base_item_id, hq) VALUES(6661, false);
INSERT INTO base_items VALUES(6662,$$Eorzean Map$$,$$エオルゼア全図$$,$$Mappemonde d'Éorzéa$$,$$Karte Eorzeas$$,$$6acb90acb80$$);
INSERT INTO items(base_item_id, hq) VALUES(6662, false);
INSERT INTO base_items VALUES(6663,$$Galleass Wheel$$,$$ガレアス船の操舵輪$$,$$Roue de galéasse$$,$$Galeassen-Steuerrad$$,$$c7130d32197$$);
INSERT INTO items(base_item_id, hq) VALUES(6663, false);
INSERT INTO base_items VALUES(6664,$$Demon Wall Sculpture$$,$$デモンズウォールの彫像$$,$$Statue du mur démonique$$,$$Dämonenwand-Skulptur$$,$$34297fd175e$$);
INSERT INTO items(base_item_id, hq) VALUES(6664, false);
INSERT INTO base_items VALUES(6665,$$Inferno Wall Lamp$$,$$イフリートの瓦灯$$,$$Flambeau d'Ifrit$$,$$Inferno-Wandlampe$$,$$59da9921ff8$$);
INSERT INTO items(base_item_id, hq) VALUES(6665, false);
INSERT INTO base_items VALUES(6666,$$Blazing Inferno Wall Lamp$$,$$焔神イフリートの瓦灯$$,$$Flambeau du Seigneur des flammes$$,$$Lodernde Inferno-Wandlampe$$,$$8d36456c1a7$$);
INSERT INTO items(base_item_id, hq) VALUES(6666, false);
INSERT INTO base_items VALUES(6667,$$Sylphic Wall Lantern$$,$$シルフウォールランタン$$,$$Lanterne murale sylphe$$,$$Sylphen-Wandlaterne$$,$$e86c1699875$$);
INSERT INTO items(base_item_id, hq) VALUES(6667, false);
INSERT INTO base_items VALUES(6668,$$Nymian Wall Lantern$$,$$ニームウォールランタン$$,$$Quinquet de Nym$$,$$Nymische Wandlaterne$$,$$86e7103ba36$$);
INSERT INTO items(base_item_id, hq) VALUES(6668, false);
INSERT INTO base_items VALUES(6669,$$Amdapori Wall Lantern$$,$$アムダプールウォールランタン$$,$$Lanterne murale du château$$,$$Amdapor-Wandlampe$$,$$9b7f520953b$$);
INSERT INTO items(base_item_id, hq) VALUES(6669, false);
INSERT INTO base_items VALUES(6670,$$Belah'dian Crystal Lantern$$,$$ベラフディアン・クリスタルランタン$$,$$Girandole belahdienne$$,$$Belah'dische Kristall-Laterne$$,$$c0186caa75c$$);
INSERT INTO items(base_item_id, hq) VALUES(6670, false);
INSERT INTO base_items VALUES(6671,$$Wall Chronometer$$,$$ウォールクロノメーター$$,$$Horloge murale$$,$$Wand-Chronometer$$,$$90a2b3346c6$$);
INSERT INTO items(base_item_id, hq) VALUES(6671, false);
INSERT INTO base_items VALUES(6672,$$Behemoth Wall Trophy$$,$$ベヒーモスウォールトロフィー$$,$$Massacre de béhémoth$$,$$Behemoth-Trophäe$$,$$a3f32fb120c$$);
INSERT INTO items(base_item_id, hq) VALUES(6672, false);
INSERT INTO base_items VALUES(6673,$$Riviera Rug$$,$$ラノシアン・ラグ$$,$$Tapis noscéen$$,$$Riviera-Teppich$$,$$5ebbc9f174a$$);
INSERT INTO items(base_item_id, hq) VALUES(6673, false);
INSERT INTO base_items VALUES(6674,$$Riviera Fringed Rug$$,$$ラノシアン・フリンジドラグ$$,$$Tapis à franges noscéen$$,$$Riviera-Fransenteppich$$,$$f5164fd7616$$);
INSERT INTO items(base_item_id, hq) VALUES(6674, false);
INSERT INTO base_items VALUES(6675,$$Riviera Oval Rug$$,$$ラノシアン・オーバルラグ$$,$$Tapis ovale noscéen$$,$$Riviera-Ovalteppich$$,$$1079dc8513c$$);
INSERT INTO items(base_item_id, hq) VALUES(6675, false);
INSERT INTO base_items VALUES(6676,$$Glade Rug$$,$$シュラウド・ラグ$$,$$Tapis sombrelinçois$$,$$Wald-Teppich$$,$$01115cc6d4a$$);
INSERT INTO items(base_item_id, hq) VALUES(6676, false);
INSERT INTO base_items VALUES(6677,$$Glade Fringed Rug$$,$$シュラウド・フリンジドラグ$$,$$Tapis à franges sombrelinçois$$,$$Wald-Fransenteppich$$,$$5efeffc3de3$$);
INSERT INTO items(base_item_id, hq) VALUES(6677, false);
INSERT INTO base_items VALUES(6678,$$Glade Blossom Rug$$,$$シュラウド・ラウンドラグ$$,$$Tapis rond sombrelinçois$$,$$Wald-Blütenteppich$$,$$da7674c8cf2$$);
INSERT INTO items(base_item_id, hq) VALUES(6678, false);
INSERT INTO base_items VALUES(6679,$$Oasis Rug$$,$$ザナラーン・ラグ$$,$$Tapis thanalanais$$,$$Oasen-Teppich$$,$$ba1bc14b033$$);
INSERT INTO items(base_item_id, hq) VALUES(6679, false);
INSERT INTO base_items VALUES(6680,$$Oasis Argyle Rug$$,$$ザナラーン・アーガイルラグ$$,$$Tapis composé thanalanais$$,$$Oasen-Argyle-Teppich$$,$$4b8e0e7a757$$);
INSERT INTO items(base_item_id, hq) VALUES(6680, false);
INSERT INTO base_items VALUES(6681,$$Oasis Leaf Rug$$,$$ザナラーン・リーフラグ$$,$$Tapis feuillu thanalanais$$,$$Oasen-Vierblattteppich$$,$$59e17897ce2$$);
INSERT INTO items(base_item_id, hq) VALUES(6681, false);
INSERT INTO base_items VALUES(6682,$$Sheep Rug$$,$$シープラグ$$,$$Tapis moutonnant$$,$$Hirtenteppich$$,$$df77bc6322f$$);
INSERT INTO items(base_item_id, hq) VALUES(6682, false);
INSERT INTO base_items VALUES(6683,$$Goobbue Rug$$,$$グゥーブーラグ$$,$$Tapis goobbue$$,$$Goobbue-Teppich$$,$$828e7b5360a$$);
INSERT INTO items(base_item_id, hq) VALUES(6683, false);
INSERT INTO base_items VALUES(6684,$$Moogle Rug$$,$$モグモグラグ$$,$$Tapis mog moelleux$$,$$Mogry-Teppich$$,$$cf2a19c3c72$$);
INSERT INTO items(base_item_id, hq) VALUES(6684, false);
INSERT INTO base_items VALUES(6685,$$Morbol Rug$$,$$モルボルラグ$$,$$Jonchée morbol$$,$$Morbol-Teppich$$,$$9d2d0437bb5$$);
INSERT INTO items(base_item_id, hq) VALUES(6685, false);
INSERT INTO base_items VALUES(6686,$$Amalj'aa Supply Carriage$$,$$アマルジャ軍装甲輸送車$$,$$Fardier amalj'aa$$,$$Amalj'aa-Nachschubwagen$$,$$f4d8d04b871$$);
INSERT INTO items(base_item_id, hq) VALUES(6686, false);
INSERT INTO base_items VALUES(6687,$$Amalj'aa Pavis Shield$$,$$アマルジャ軍式矢盾$$,$$Pavois amalj'aa$$,$$Amalj'aa-Pavesenschild$$,$$36f5b6600c9$$);
INSERT INTO items(base_item_id, hq) VALUES(6687, false);
INSERT INTO base_items VALUES(6688,$$Timeworn Leather Map$$,$$古ぼけた地図G1$$,$$Vieille carte en cuir$$,$$Vergilbte Lederkarte$$,$$f4b9f5155f0$$);
INSERT INTO items(base_item_id, hq) VALUES(6688, false);
INSERT INTO base_items VALUES(6689,$$Timeworn Goatskin Map$$,$$古ぼけた地図G2$$,$$Vieille carte en peau de bouquetin$$,$$Vergilbte Steinbockleder-Karte$$,$$76f9374bc57$$);
INSERT INTO items(base_item_id, hq) VALUES(6689, false);
INSERT INTO base_items VALUES(6690,$$Timeworn Toadskin Map$$,$$古ぼけた地図G3$$,$$Vieille carte en peau de crapaud$$,$$Vergilbte Krötenleder-Karte$$,$$9afcb0cf565$$);
INSERT INTO items(base_item_id, hq) VALUES(6690, false);
INSERT INTO base_items VALUES(6691,$$Timeworn Boarskin Map$$,$$古ぼけた地図G4$$,$$Vieille carte en peau de sanglier$$,$$Vergilbte Keilerleder-Karte$$,$$7a6e0fe7018$$);
INSERT INTO items(base_item_id, hq) VALUES(6691, false);
INSERT INTO base_items VALUES(6692,$$Timeworn Peisteskin Map$$,$$古ぼけた地図G5$$,$$Vieille carte en peau de peiste$$,$$Vergilbte Basiliskenleder-Karte$$,$$4fefa2f876c$$);
INSERT INTO items(base_item_id, hq) VALUES(6692, false);
INSERT INTO base_items VALUES(6739,$$Wolf Winglet$$,$$ウルフウィングレット$$,$$Espafut de loup$$,$$Wolf-Zeremonialschwert$$,$$d426209188d$$);
INSERT INTO items(base_item_id, hq) VALUES(6739, false),(6739, true);
INSERT INTO base_items VALUES(6740,$$Wolf Claws$$,$$ウルフクロー$$,$$Griffes de loup$$,$$Wolf-Klauen$$,$$f9db601b828$$);
INSERT INTO items(base_item_id, hq) VALUES(6740, false),(6740, true);
INSERT INTO base_items VALUES(6741,$$Wolf Labrys$$,$$ウルフラブリュス$$,$$Labrys de loup$$,$$Wolf-Labrys$$,$$b5024eadd44$$);
INSERT INTO items(base_item_id, hq) VALUES(6741, false),(6741, true);
INSERT INTO base_items VALUES(6742,$$Wolf Guisarme$$,$$ウルフギザルメ$$,$$Guisarme de loup$$,$$Wolf-Guisarme$$,$$f9d5739f869$$);
INSERT INTO items(base_item_id, hq) VALUES(6742, false),(6742, true);
INSERT INTO base_items VALUES(6743,$$Wolf Bow$$,$$ウルフボウ$$,$$Arc de loup$$,$$Wolf-Bogen$$,$$d8761b05232$$);
INSERT INTO items(base_item_id, hq) VALUES(6743, false),(6743, true);
INSERT INTO base_items VALUES(6744,$$Wolf Cane$$,$$ウルフケーン$$,$$Canne de loup$$,$$Wolf-Stock$$,$$6d548f1a053$$);
INSERT INTO items(base_item_id, hq) VALUES(6744, false),(6744, true);
INSERT INTO base_items VALUES(6745,$$Wolf Staff$$,$$ウルフスタッフ$$,$$Bâton de loup$$,$$Wolf-Stab$$,$$e3b00f64575$$);
INSERT INTO items(base_item_id, hq) VALUES(6745, false),(6745, true);
INSERT INTO base_items VALUES(6746,$$Wolf Grimoire of Casting$$,$$ウルフグリモア・オブ・キャスト$$,$$Grimoire d'incantateur de loup$$,$$Wolf-Grimoire der Magie$$,$$7a1f6a5ce8b$$);
INSERT INTO items(base_item_id, hq) VALUES(6746, false),(6746, true);
INSERT INTO base_items VALUES(6747,$$Wolf Grimoire of Healing$$,$$ウルフグリモア・オブ・ヒール$$,$$Grimoire de soigneur de loup$$,$$Wolf-Grimoire der Heilung$$,$$5d13165ecb5$$);
INSERT INTO items(base_item_id, hq) VALUES(6747, false),(6747, true);
INSERT INTO base_items VALUES(6748,$$Wolf Kite Shield$$,$$ウルフカイトシールド$$,$$Écu mandorle de loup$$,$$Wolf-Drachenschild$$,$$4b66fa3c4ca$$);
INSERT INTO items(base_item_id, hq) VALUES(6748, false),(6748, true);
INSERT INTO base_items VALUES(6749,$$Wolf Celata$$,$$ウルフチェラータ$$,$$Celata de loup$$,$$Wolf-Sturmhaube$$,$$3f9fa7e490d$$);
INSERT INTO items(base_item_id, hq) VALUES(6749, false),(6749, true);
INSERT INTO base_items VALUES(6750,$$Wolf Elmo$$,$$ウルフエルモ$$,$$Elmo de loup$$,$$Elmo-Wolfshelm$$,$$33efb0b32d2$$);
INSERT INTO items(base_item_id, hq) VALUES(6750, false),(6750, true);
INSERT INTO base_items VALUES(6751,$$Wolf Sallet$$,$$ウルフサレット$$,$$Sallet de loup$$,$$Wolf-Schaller$$,$$2791cfdf37b$$);
INSERT INTO items(base_item_id, hq) VALUES(6751, false),(6751, true);
INSERT INTO base_items VALUES(6752,$$Wolf Ranger's Hat$$,$$ウルフレンジャーハット$$,$$Chapeau de chasseur de loup$$,$$Wolf-Försterhut$$,$$f7ffbe35ad5$$);
INSERT INTO items(base_item_id, hq) VALUES(6752, false),(6752, true);
INSERT INTO base_items VALUES(6753,$$Wolf Cavalier's Hat$$,$$ウルフキャバリエハット$$,$$Chapeau de cavalier de loup$$,$$Wolf-Kavaliershut$$,$$89de6733bf5$$);
INSERT INTO items(base_item_id, hq) VALUES(6753, false),(6753, true);
INSERT INTO base_items VALUES(6754,$$Wolf Hat$$,$$ウルフハット$$,$$Chapeau de loup$$,$$Wolf-Hut$$,$$4d9a64ae830$$);
INSERT INTO items(base_item_id, hq) VALUES(6754, false),(6754, true);
INSERT INTO base_items VALUES(6755,$$Wolf Cuirass$$,$$ウルフキュイラス$$,$$Cuirasse de loup$$,$$Wolf-Kürass$$,$$3d6acc22af0$$);
INSERT INTO items(base_item_id, hq) VALUES(6755, false),(6755, true);
INSERT INTO base_items VALUES(6756,$$Wolf Scale Mail$$,$$ウルフスケイルメイル$$,$$Armure d'écailles de loup$$,$$Wolf-Schuppenpanzer$$,$$4dffb4453fd$$);
INSERT INTO items(base_item_id, hq) VALUES(6756, false),(6756, true);
INSERT INTO base_items VALUES(6757,$$Wolf Jacket$$,$$ウルフジャケット$$,$$Jaque de loup$$,$$Wolf-Jacke$$,$$73d0a1509ac$$);
INSERT INTO items(base_item_id, hq) VALUES(6757, false),(6757, true);
INSERT INTO base_items VALUES(6758,$$Wolf Tunic$$,$$ウルフチュニック$$,$$Tunique de loup$$,$$Wolf-Tunika$$,$$088d007b279$$);
INSERT INTO items(base_item_id, hq) VALUES(6758, false),(6758, true);
INSERT INTO base_items VALUES(6759,$$Wolf Bliaud$$,$$ウルフブリオー$$,$$Bliaud de loup$$,$$Wolf-Bliaud$$,$$2774cb3c623$$);
INSERT INTO items(base_item_id, hq) VALUES(6759, false),(6759, true);
INSERT INTO base_items VALUES(6760,$$Wolf Robe$$,$$ウルフローブ$$,$$Robe de loup$$,$$Wolf-Robe$$,$$9a0e571fc08$$);
INSERT INTO items(base_item_id, hq) VALUES(6760, false),(6760, true);
INSERT INTO base_items VALUES(6761,$$Wolf Trousers$$,$$ウルフトラウザー$$,$$Pantalon de loup$$,$$Wolf-Hose$$,$$b81f95efcd8$$);
INSERT INTO items(base_item_id, hq) VALUES(6761, false),(6761, true);
INSERT INTO base_items VALUES(6762,$$Wolf Breeches$$,$$ウルフブリーチ$$,$$Braies de loup$$,$$Wolf-Reiterhose$$,$$7aa7dc14fba$$);
INSERT INTO items(base_item_id, hq) VALUES(6762, false),(6762, true);
INSERT INTO base_items VALUES(6763,$$Wolf Brais$$,$$ウルフブレー$$,$$Brailles de loup$$,$$Wolf-Braies$$,$$e1876063293$$);
INSERT INTO items(base_item_id, hq) VALUES(6763, false),(6763, true);
INSERT INTO base_items VALUES(6764,$$Wolf Kecks$$,$$ウルフケクス$$,$$Bénard de loup$$,$$Wolf-Kecks$$,$$4a77faae29f$$);
INSERT INTO items(base_item_id, hq) VALUES(6764, false),(6764, true);
INSERT INTO base_items VALUES(6765,$$Wolf Gaskins$$,$$ウルフガスキン$$,$$Grègues de loup$$,$$Wolf-Gaskin$$,$$eb75b94b385$$);
INSERT INTO items(base_item_id, hq) VALUES(6765, false),(6765, true);
INSERT INTO base_items VALUES(6766,$$Wolf Tights$$,$$ウルフタイツ$$,$$Collants de loup$$,$$Wolf-Strumpfhose$$,$$901cb4233be$$);
INSERT INTO items(base_item_id, hq) VALUES(6766, false),(6766, true);
INSERT INTO base_items VALUES(6767,$$Wolf Gauntlets$$,$$ウルフガントレット$$,$$Gantelets de loup$$,$$Wolf-Panzerhandschuhe$$,$$420656265a4$$);
INSERT INTO items(base_item_id, hq) VALUES(6767, false),(6767, true);
INSERT INTO base_items VALUES(6768,$$Wolf Scale Fingers$$,$$ウルフスケイルフィンガー$$,$$Garde-doigts d'écailles de loup$$,$$Wolf-Fingerhandschuhe$$,$$2d3190fee08$$);
INSERT INTO items(base_item_id, hq) VALUES(6768, false),(6768, true);
INSERT INTO base_items VALUES(6769,$$Wolf Armguards$$,$$ウルフアームガード$$,$$Garde-bras de loup$$,$$Wolf-Armschützer$$,$$4241e2699b6$$);
INSERT INTO items(base_item_id, hq) VALUES(6769, false),(6769, true);
INSERT INTO base_items VALUES(6770,$$Wolf Bracers$$,$$ウルフブレーサー$$,$$Brassières de loup$$,$$Wolf-Armschienen$$,$$c798c52f96a$$);
INSERT INTO items(base_item_id, hq) VALUES(6770, false),(6770, true);
INSERT INTO base_items VALUES(6771,$$Wolf Dress Gloves$$,$$ウルフドレスグローブ$$,$$Gants d'apparat de loup$$,$$Wolf-Galahandschuhe$$,$$b843e2108eb$$);
INSERT INTO items(base_item_id, hq) VALUES(6771, false),(6771, true);
INSERT INTO base_items VALUES(6772,$$Wolf Ringbands$$,$$ウルフリングバンド$$,$$Palettes sanglées de loup$$,$$Wolf-Ringband$$,$$7c39131c68b$$);
INSERT INTO items(base_item_id, hq) VALUES(6772, false),(6772, true);
INSERT INTO base_items VALUES(6773,$$Wolf Sabatons$$,$$ウルフサバトン$$,$$Sabatons de loup$$,$$Wolf-Bärlatschen$$,$$a6e0355d5b3$$);
INSERT INTO items(base_item_id, hq) VALUES(6773, false),(6773, true);
INSERT INTO base_items VALUES(6774,$$Wolf Scale Greaves$$,$$ウルフスケイルグリーヴ$$,$$Jambards d'écailles de loup$$,$$Wolf-Beinschienen$$,$$84244aa6361$$);
INSERT INTO items(base_item_id, hq) VALUES(6774, false),(6774, true);
INSERT INTO base_items VALUES(6775,$$Wolf Leg Guards$$,$$ウルフレッグガード$$,$$Protège-jambes de loup$$,$$Wolf-Beinschützer$$,$$3fc024cdb93$$);
INSERT INTO items(base_item_id, hq) VALUES(6775, false),(6775, true);
INSERT INTO base_items VALUES(6776,$$Wolf Moccasins$$,$$ウルフモカシン$$,$$Mocassins de loup$$,$$Wolf-Mokassins$$,$$62a300994f4$$);
INSERT INTO items(base_item_id, hq) VALUES(6776, false),(6776, true);
INSERT INTO base_items VALUES(6777,$$Wolf Dress Shoes$$,$$ウルフドレスシューズ$$,$$Chaussures d'apparat de loup$$,$$Wolf-Galaschuhe$$,$$7a41c2ac7cc$$);
INSERT INTO items(base_item_id, hq) VALUES(6777, false),(6777, true);
INSERT INTO base_items VALUES(6778,$$Wolf Duckbills$$,$$ウルフダックビル$$,$$Sandales bec d'oie de loup$$,$$Wolf-Schnabelschuhe$$,$$f895236af91$$);
INSERT INTO items(base_item_id, hq) VALUES(6778, false),(6778, true);
INSERT INTO base_items VALUES(6779,$$Wolf Plate Belt$$,$$ウルフプレートベルト$$,$$Ceinture de plaques de loup$$,$$Wolf-Plattengürtel$$,$$fed574d2ea6$$);
INSERT INTO items(base_item_id, hq) VALUES(6779, false),(6779, true);
INSERT INTO base_items VALUES(6780,$$Wolf Tassets$$,$$ウルフタセット$$,$$Tassette de loup$$,$$Wolf-Bauchreifen$$,$$4e874a451f5$$);
INSERT INTO items(base_item_id, hq) VALUES(6780, false),(6780, true);
INSERT INTO base_items VALUES(6781,$$Wolf Whipping Belt$$,$$ウルフウィップベルト$$,$$Ceinture-fouet de loup$$,$$Wolf-Peitschengürtel$$,$$f42282f9bbc$$);
INSERT INTO items(base_item_id, hq) VALUES(6781, false),(6781, true);
INSERT INTO base_items VALUES(6782,$$Wolf Belt$$,$$ウルフベルト$$,$$Ceinture de loup$$,$$Wolf-Gürtel$$,$$09a1433d9e1$$);
INSERT INTO items(base_item_id, hq) VALUES(6782, false),(6782, true);
INSERT INTO base_items VALUES(6783,$$Wolf Sash$$,$$ウルフサッシュ$$,$$Écharpe de loup$$,$$Wolf-Schärpe$$,$$40319e848d1$$);
INSERT INTO items(base_item_id, hq) VALUES(6783, false),(6783, true);
INSERT INTO base_items VALUES(6784,$$Wolf Satchel Belt$$,$$ウルフサッチェルベルト$$,$$Ceinture à sacoche de loup$$,$$Wolf-Leibriemen$$,$$23fca80a914$$);
INSERT INTO items(base_item_id, hq) VALUES(6784, false),(6784, true);
INSERT INTO base_items VALUES(6785,$$Wolf Rubellite Bracelet$$,$$ウルフルベライトブレスレット$$,$$Bracelet de rubellites de loup$$,$$Wolf-Rubellit-Armreif$$,$$4513c3e5ddd$$);
INSERT INTO items(base_item_id, hq) VALUES(6785, false),(6785, true);
INSERT INTO base_items VALUES(6786,$$Wolf Zircon Bracelet$$,$$ウルフジルコンブレスレット$$,$$Bracelet de zircons de loup$$,$$Wolf-Zirkon-Armreif$$,$$2388ba253d5$$);
INSERT INTO items(base_item_id, hq) VALUES(6786, false),(6786, true);
INSERT INTO base_items VALUES(6787,$$Wolf Tourmaline Bracelet$$,$$ウルフトルマリンブレスレット$$,$$Bracelet de tourmalines de loup$$,$$Wolf-Turmalit-Armreif$$,$$d6427d13a57$$);
INSERT INTO items(base_item_id, hq) VALUES(6787, false),(6787, true);
INSERT INTO base_items VALUES(6788,$$Wolf Amber Bracelet$$,$$ウルフアンバーブレスレット$$,$$Bracelet d'ambres de loup$$,$$Wolf-Bernstein-Armreif$$,$$f62a3abce7e$$);
INSERT INTO items(base_item_id, hq) VALUES(6788, false),(6788, true);
INSERT INTO base_items VALUES(6789,$$Wolf Spinel Bracelet$$,$$ウルフスピネルブレスレット$$,$$Bracelet de spinelles de loup$$,$$Wolf-Spinell-Armreif$$,$$941b3d0bc6d$$);
INSERT INTO items(base_item_id, hq) VALUES(6789, false),(6789, true);
INSERT INTO base_items VALUES(6790,$$Wolf Turquoise Bracelet$$,$$ウルフターコイズブレスレット$$,$$Bracelet de turquoises de loup$$,$$Wolf-Türkis-Armreif$$,$$68e0c7a3a8b$$);
INSERT INTO items(base_item_id, hq) VALUES(6790, false),(6790, true);
INSERT INTO base_items VALUES(6791,$$Wolf Rubellite Earrings$$,$$ウルフルベライトイヤリング$$,$$Boucles d'oreilles de rubellites de loup$$,$$Wolf-Rubellit-Ohrringe$$,$$8acc7512f91$$);
INSERT INTO items(base_item_id, hq) VALUES(6791, false),(6791, true);
INSERT INTO base_items VALUES(6792,$$Wolf Zircon Earrings$$,$$ウルフジルコンイヤリング$$,$$Boucles d'oreilles de zircons de loup$$,$$Wolf-Zirkon-Ohrringe$$,$$736134f8221$$);
INSERT INTO items(base_item_id, hq) VALUES(6792, false),(6792, true);
INSERT INTO base_items VALUES(6793,$$Wolf Tourmaline Earrings$$,$$ウルフトルマリンイヤリング$$,$$Boucles d'oreilles de tourmalines de loup$$,$$Wolf-Turmalit-Ohrringe$$,$$13052948dd5$$);
INSERT INTO items(base_item_id, hq) VALUES(6793, false),(6793, true);
INSERT INTO base_items VALUES(6794,$$Wolf Amber Earrings$$,$$ウルフアンバーイヤリング$$,$$Boucles d'oreilles d'ambres de loup$$,$$Wolf-Bernstein-Ohrringe$$,$$c27741929af$$);
INSERT INTO items(base_item_id, hq) VALUES(6794, false),(6794, true);
INSERT INTO base_items VALUES(6795,$$Wolf Spinel Earrings$$,$$ウルフスピネルイヤリング$$,$$Boucles d'oreilles de spinelles de loup$$,$$Wolf-Spinell-Ohrringe$$,$$1ae1d87877b$$);
INSERT INTO items(base_item_id, hq) VALUES(6795, false),(6795, true);
INSERT INTO base_items VALUES(6796,$$Wolf Turquoise Earrings$$,$$ウルフターコイズイヤリング$$,$$Boucles d'oreilles de turquoises de loup$$,$$Wolf-Türkis-Ohrringe$$,$$a1cb4fedc8d$$);
INSERT INTO items(base_item_id, hq) VALUES(6796, false),(6796, true);
INSERT INTO base_items VALUES(6797,$$Wolf Rubellite Choker$$,$$ウルフルベライトチョーカー$$,$$Ras de cou en rubellite de loup$$,$$Wolf-Rubellit-Halsberge$$,$$2f79f80e3ac$$);
INSERT INTO items(base_item_id, hq) VALUES(6797, false),(6797, true);
INSERT INTO base_items VALUES(6798,$$Wolf Zircon Choker$$,$$ウルフジルコンチョーカー$$,$$Ras de cou en zircon de loup$$,$$Wolf-Zirkon-Halsberge$$,$$58dedf7717b$$);
INSERT INTO items(base_item_id, hq) VALUES(6798, false),(6798, true);
INSERT INTO base_items VALUES(6799,$$Wolf Tourmaline Choker$$,$$ウルフトルマリンチョーカー$$,$$Ras de cou en tourmaline de loup$$,$$Wolf-Turmalit-Halsberge$$,$$0ab1eebf7d0$$);
INSERT INTO items(base_item_id, hq) VALUES(6799, false),(6799, true);
INSERT INTO base_items VALUES(6800,$$Wolf Amber Choker$$,$$ウルフアンバーチョーカー$$,$$Ras de cou en ambre de loup$$,$$Wolf-Bernstein-Halsberge$$,$$4f3140328d8$$);
INSERT INTO items(base_item_id, hq) VALUES(6800, false),(6800, true);
INSERT INTO base_items VALUES(6801,$$Wolf Spinel Choker$$,$$ウルフスピネルチョーカー$$,$$Ras de cou en spinelle de loup$$,$$Wolf-Spinell-Halsberge$$,$$a56889d8997$$);
INSERT INTO items(base_item_id, hq) VALUES(6801, false),(6801, true);
INSERT INTO base_items VALUES(6802,$$Wolf Turquoise Choker$$,$$ウルフターコイズチョーカー$$,$$Ras de cou en turquoise de loup$$,$$Wolf-Türkis-Halsberge$$,$$0004d2ae0c2$$);
INSERT INTO items(base_item_id, hq) VALUES(6802, false),(6802, true);
INSERT INTO base_items VALUES(6803,$$Wolf Rubellite Ring$$,$$ウルフルベライトリング$$,$$Bague en rubellite de loup$$,$$Wolf-Rubellit-Ring$$,$$715ee10493e$$);
INSERT INTO items(base_item_id, hq) VALUES(6803, false),(6803, true);
INSERT INTO base_items VALUES(6804,$$Wolf Zircon Ring$$,$$ウルフジルコンリング$$,$$Bague en zircon de loup$$,$$Wolf-Zirkon-Ring$$,$$6cf34ee9a9f$$);
INSERT INTO items(base_item_id, hq) VALUES(6804, false),(6804, true);
INSERT INTO base_items VALUES(6805,$$Wolf Tourmaline Ring$$,$$ウルフトルマリンリング$$,$$Bague en tourmaline de loup$$,$$Wolf-Turmalit-Ring$$,$$e2045f1b8e2$$);
INSERT INTO items(base_item_id, hq) VALUES(6805, false),(6805, true);
INSERT INTO base_items VALUES(6806,$$Wolf Amber Ring$$,$$ウルフアンバーリング$$,$$Bague en ambre de loup$$,$$Wolf-Bernstein-Ring$$,$$ad6d8f4d9bd$$);
INSERT INTO items(base_item_id, hq) VALUES(6806, false),(6806, true);
INSERT INTO base_items VALUES(6807,$$Wolf Spinel Ring$$,$$ウルフスピネルリング$$,$$Bague en spinelle de loup$$,$$Wolf-Spinell-Ring$$,$$556460761cb$$);
INSERT INTO items(base_item_id, hq) VALUES(6807, false),(6807, true);
INSERT INTO base_items VALUES(6808,$$Wolf Turquoise Ring$$,$$ウルフターコイズリング$$,$$Bague en turquoise de loup$$,$$Wolf-Türkis-Ring$$,$$b23e222e540$$);
INSERT INTO items(base_item_id, hq) VALUES(6808, false),(6808, true);
INSERT INTO base_items VALUES(6946,$$Slow Ward Potion$$,$$抗遅延剤$$,$$Sérum anti lenteur$$,$$Trank gegen Gemach$$,$$e424bf02a17$$);
INSERT INTO items(base_item_id, hq) VALUES(6946, false),(6946, true);
INSERT INTO base_items VALUES(6947,$$Silence Ward Potion$$,$$抗沈黙剤$$,$$Sérum anti silence$$,$$Trank gegen Stumm$$,$$5aef4866198$$);
INSERT INTO items(base_item_id, hq) VALUES(6947, false),(6947, true);
INSERT INTO base_items VALUES(6948,$$Blind Ward Potion$$,$$抗暗闇剤$$,$$Sérum anti cécité$$,$$Trank gegen Blind$$,$$2f457bdd9ef$$);
INSERT INTO items(base_item_id, hq) VALUES(6948, false),(6948, true);
INSERT INTO base_items VALUES(6949,$$Poison Ward Potion$$,$$抗毒剤$$,$$Sérum anti poison$$,$$Trank gegen Gift$$,$$f005e589beb$$);
INSERT INTO items(base_item_id, hq) VALUES(6949, false),(6949, true);
INSERT INTO base_items VALUES(6950,$$Stun Ward Potion$$,$$抗衝撃剤$$,$$Sérum anti étourdissement$$,$$Trank gegen Betäubung$$,$$4cf4b3d49f4$$);
INSERT INTO items(base_item_id, hq) VALUES(6950, false),(6950, true);
INSERT INTO base_items VALUES(6951,$$Sleep Ward Potion$$,$$抗睡眠剤$$,$$Sérum anti sommeil$$,$$Trank gegen Schlaf$$,$$1e5ff3150dd$$);
INSERT INTO items(base_item_id, hq) VALUES(6951, false),(6951, true);
INSERT INTO base_items VALUES(6952,$$Bind Ward Potion$$,$$抗呪縛剤$$,$$Sérum anti entrave$$,$$Trank gegen Fessel$$,$$231d1bf8b54$$);
INSERT INTO items(base_item_id, hq) VALUES(6952, false),(6952, true);
INSERT INTO base_items VALUES(6953,$$Heavy Ward Potion$$,$$抗重力剤$$,$$Sérum anti pesanteur$$,$$Trank gegen Gewicht$$,$$e0cc2deaaef$$);
INSERT INTO items(base_item_id, hq) VALUES(6953, false),(6953, true);
INSERT INTO base_items VALUES(6954,$$Icarus Wing$$,$$イカロスウィング$$,$$Aile d'Icare$$,$$Ikarus-Schwinge$$,$$7625d4fbb7b$$);
INSERT INTO items(base_item_id, hq) VALUES(6954, false);
INSERT INTO base_items VALUES(6955,$$Regain Feather$$,$$リゲインフェザー$$,$$Plume de regain$$,$$Wiedererlangen-Feder$$,$$56711862c80$$);
INSERT INTO items(base_item_id, hq) VALUES(6955, false);
INSERT INTO base_items VALUES(6956,$$Red Drop$$,$$レッドドロップ$$,$$Bonbon rouge$$,$$Roter Drops$$,$$a7f006098c9$$);
INSERT INTO items(base_item_id, hq) VALUES(6956, false),(6956, true);
INSERT INTO base_items VALUES(6957,$$Blue Drop$$,$$ブルードロップ$$,$$Bonbon bleu$$,$$Blauer Drops$$,$$7e02dc3328a$$);
INSERT INTO items(base_item_id, hq) VALUES(6957, false),(6957, true);
INSERT INTO base_items VALUES(6958,$$Clear Drop$$,$$クリアドロップ$$,$$Bonbon transparent$$,$$Transparenter Drops$$,$$2ed297ff320$$);
INSERT INTO items(base_item_id, hq) VALUES(6958, false),(6958, true);
INSERT INTO base_items VALUES(6959,$$Purple Drop$$,$$パープルドロップ$$,$$Bonbon violet$$,$$Violetter Drops$$,$$dc26702f0f1$$);
INSERT INTO items(base_item_id, hq) VALUES(6959, false),(6959, true);
INSERT INTO base_items VALUES(6960,$$White Drop$$,$$ホワイトドロップ$$,$$Bonbon blanc$$,$$Weißer Drops$$,$$aaa769746a4$$);
INSERT INTO items(base_item_id, hq) VALUES(6960, false),(6960, true);
INSERT INTO base_items VALUES(6961,$$Black Drop$$,$$ブラックドロップ$$,$$Bonbon noir$$,$$Schwarzer Drops$$,$$f40af83f76f$$);
INSERT INTO items(base_item_id, hq) VALUES(6961, false),(6961, true);
INSERT INTO base_items VALUES(6962,$$Yellow Drop$$,$$イエロードロップ$$,$$Bonbon jaune$$,$$Gelber Drops$$,$$bfbe532628d$$);
INSERT INTO items(base_item_id, hq) VALUES(6962, false),(6962, true);
INSERT INTO base_items VALUES(6963,$$Green Drop$$,$$グリーンドロップ$$,$$Bonbon vert$$,$$Grüner Drops$$,$$9345f7958be$$);
INSERT INTO items(base_item_id, hq) VALUES(6963, false),(6963, true);
INSERT INTO base_items VALUES(6978,$$Highland Hood$$,$$ハイランドフード$$,$$Capuche des hautes terres$$,$$Hochland-Kapuze$$,$$c26e0bae2a5$$);
INSERT INTO items(base_item_id, hq) VALUES(6978, false),(6978, true);
INSERT INTO base_items VALUES(6979,$$Highland Smock$$,$$ハイランドスモック$$,$$Anorak des hautes terres$$,$$Hochlandkittel$$,$$d1e8b0d8959$$);
INSERT INTO items(base_item_id, hq) VALUES(6979, false),(6979, true);
INSERT INTO base_items VALUES(6980,$$Highland Mitts$$,$$ハイランドミトン$$,$$Moufles des hautes terres$$,$$Hochland-Fäustlinge$$,$$d0972ee1033$$);
INSERT INTO items(base_item_id, hq) VALUES(6980, false),(6980, true);
INSERT INTO base_items VALUES(6981,$$Highland Boots$$,$$ハイランドブーツ$$,$$Bottines des hautes terres$$,$$Hochland-Stiefel$$,$$46871c923cf$$);
INSERT INTO items(base_item_id, hq) VALUES(6981, false),(6981, true);
INSERT INTO base_items VALUES(6982,$$Glacial Coat$$,$$グレイシャルコート$$,$$Parka arctique$$,$$Gletscher-Mantel$$,$$12534a88bd3$$);
INSERT INTO items(base_item_id, hq) VALUES(6982, false),(6982, true);
INSERT INTO base_items VALUES(6983,$$Glacial Boots$$,$$グレイシャルブーツ$$,$$Bottes arctiques$$,$$Gletscher-Stiefel$$,$$f976b0e4387$$);
INSERT INTO items(base_item_id, hq) VALUES(6983, false),(6983, true);
INSERT INTO base_items VALUES(6996,$$Prismatic Heart (Left)$$,$$マジックプリズム:レフトハート$$,$$Prisme magique: moitié gauche de cœur$$,$$Linke Hälfte des prismatischen Herzens$$,$$559f1d06dcc$$);
INSERT INTO items(base_item_id, hq) VALUES(6996, false);
INSERT INTO base_items VALUES(6997,$$Prismatic Heart (Right)$$,$$マジックプリズム:ライトハート$$,$$Prisme magique: moitié droite de cœur$$,$$Rechte Hälfte des prismatischen Herzens$$,$$eed5da5702c$$);
INSERT INTO items(base_item_id, hq) VALUES(6997, false);
INSERT INTO base_items VALUES(7006,$$Dimension Blade Fragment$$,$$次元刀の欠片$$,$$Fragment de lame dimensionnelle$$,$$Fragment der Dimensionsklinge$$,$$75ceacfd639$$);
INSERT INTO items(base_item_id, hq) VALUES(7006, false);
INSERT INTO base_items VALUES(7007,$$Moggle Mog XII's Whisker$$,$$モグル・モグのヒゲ$$,$$Moustache de Moggle Mog$$,$$Königliches Schnurrhaar$$,$$7d53b50c8fe$$);
INSERT INTO items(base_item_id, hq) VALUES(7007, false);
INSERT INTO base_items VALUES(7008,$$Granite$$,$$御影石$$,$$Granit$$,$$Granit$$,$$6a44cd1fc34$$);
INSERT INTO items(base_item_id, hq) VALUES(7008, false),(7008, true);
INSERT INTO base_items VALUES(7009,$$Cut Stone$$,$$切石$$,$$Pierre de pavement$$,$$Behauener Stein$$,$$224b3225f67$$);
INSERT INTO items(base_item_id, hq) VALUES(7009, false),(7009, true);
INSERT INTO base_items VALUES(7010,$$Marble$$,$$大理石$$,$$Marbre$$,$$Marmor$$,$$5f6fb51505d$$);
INSERT INTO items(base_item_id, hq) VALUES(7010, false),(7010, true);
INSERT INTO base_items VALUES(7011,$$Bloodgrass$$,$$ブラッドグラス$$,$$Baron rouge$$,$$Blutgras$$,$$21e5fa13f5b$$);
INSERT INTO items(base_item_id, hq) VALUES(7011, false),(7011, true);
INSERT INTO base_items VALUES(7012,$$Maiden Grass$$,$$メイデングラス$$,$$Eulalie$$,$$Zofengras$$,$$797d9ae519d$$);
INSERT INTO items(base_item_id, hq) VALUES(7012, false),(7012, true);
INSERT INTO base_items VALUES(7013,$$Firebricks$$,$$煉瓦$$,$$Brique$$,$$Ziegelstein$$,$$073abffe4b1$$);
INSERT INTO items(base_item_id, hq) VALUES(7013, false),(7013, true);
INSERT INTO base_items VALUES(7014,$$Clinker Bricks$$,$$焼過煉瓦$$,$$Brique klinker$$,$$Glasierter Ziegelstein$$,$$6007fe434c9$$);
INSERT INTO items(base_item_id, hq) VALUES(7014, false),(7014, true);
INSERT INTO base_items VALUES(7015,$$Roof Tile$$,$$ルーフタイル$$,$$Tuile$$,$$Dachziegel$$,$$31e75939bcd$$);
INSERT INTO items(base_item_id, hq) VALUES(7015, false),(7015, true);
INSERT INTO base_items VALUES(7016,$$Mortar$$,$$漆喰$$,$$Pot de mortier$$,$$Mörtel$$,$$79dfcfe85e5$$);
INSERT INTO items(base_item_id, hq) VALUES(7016, false),(7016, true);
INSERT INTO base_items VALUES(7017,$$Varnish$$,$$ワニス$$,$$Vernis$$,$$Lack$$,$$d46b5e64291$$);
INSERT INTO items(base_item_id, hq) VALUES(7017, false),(7017, true);
INSERT INTO base_items VALUES(7018,$$Iron Nails$$,$$アイアンネイル$$,$$Clou en fer$$,$$Eisennägel$$,$$624bee52d8b$$);
INSERT INTO items(base_item_id, hq) VALUES(7018, false),(7018, true);
INSERT INTO base_items VALUES(7019,$$Steel Nails$$,$$スチールネイル$$,$$Clou en acier$$,$$Stahlnägel$$,$$ea68645aebd$$);
INSERT INTO items(base_item_id, hq) VALUES(7019, false),(7019, true);
INSERT INTO base_items VALUES(7020,$$Cobalt Nails$$,$$コバルトネイル$$,$$Clou en cobalt$$,$$Koboldeisennägel$$,$$159c90fb258$$);
INSERT INTO items(base_item_id, hq) VALUES(7020, false),(7020, true);
INSERT INTO base_items VALUES(7021,$$Iron Joint Plate$$,$$アイアンフィッティング$$,$$Patte en fer$$,$$Eisen-Winkeleisen$$,$$29abdedc410$$);
INSERT INTO items(base_item_id, hq) VALUES(7021, false),(7021, true);
INSERT INTO base_items VALUES(7022,$$Steel Joint Plate$$,$$スチールフィッティング$$,$$Patte en acier$$,$$Stahl-Winkeleisen$$,$$cfcc919561a$$);
INSERT INTO items(base_item_id, hq) VALUES(7022, false),(7022, true);
INSERT INTO base_items VALUES(7023,$$Cobalt Joint Plate$$,$$コバルトフィッティング$$,$$Patte en cobalt$$,$$Koboldeisen-Winkeleisen$$,$$fb8646a854e$$);
INSERT INTO items(base_item_id, hq) VALUES(7023, false),(7023, true);
INSERT INTO base_items VALUES(7024,$$Steel Hinge$$,$$スチールヒンジ$$,$$Charnière en acier$$,$$Stahl-Scharnier$$,$$6a81c686c41$$);
INSERT INTO items(base_item_id, hq) VALUES(7024, false),(7024, true);
INSERT INTO base_items VALUES(7025,$$Cotton Canvas$$,$$コットンカンバス$$,$$Canevas de coton$$,$$Baumwolltuch$$,$$b79ab071beb$$);
INSERT INTO items(base_item_id, hq) VALUES(7025, false),(7025, true);
INSERT INTO base_items VALUES(7026,$$Linen Canvas$$,$$リネンカンバス$$,$$Canevas de lin$$,$$Leinentuch$$,$$ff5064c016c$$);
INSERT INTO items(base_item_id, hq) VALUES(7026, false),(7026, true);
INSERT INTO base_items VALUES(7027,$$Felt Lining$$,$$フェルトシート$$,$$Isolant en feutre$$,$$Filzdämmmaterial$$,$$0a858329359$$);
INSERT INTO items(base_item_id, hq) VALUES(7027, false),(7027, true);
INSERT INTO base_items VALUES(7028,$$Sylphic Silk$$,$$シルフシルク$$,$$Étoffe de soie sylphe$$,$$Sylphen-Seide$$,$$524693bfe45$$);
INSERT INTO items(base_item_id, hq) VALUES(7028, false);
INSERT INTO base_items VALUES(7029,$$Island Seedling$$,$$ラノシアの苗$$,$$Pousse noscéenne$$,$$Insel-Setzling$$,$$4b44621482d$$);
INSERT INTO items(base_item_id, hq) VALUES(7029, false),(7029, true);
INSERT INTO base_items VALUES(7030,$$Shroud Seedling$$,$$黒衣森の苗$$,$$Pousse sombrelinçoise$$,$$Wald-Setzling$$,$$6cfb1557b05$$);
INSERT INTO items(base_item_id, hq) VALUES(7030, false),(7030, true);
INSERT INTO base_items VALUES(7031,$$Desert Seedling$$,$$ザナラーンの苗$$,$$Pousse thanalanaise$$,$$Wüsten-Setzling$$,$$238eddd31eb$$);
INSERT INTO items(base_item_id, hq) VALUES(7031, false),(7031, true);
INSERT INTO base_items VALUES(7032,$$Lotus Leaf$$,$$ロータスリーフ$$,$$Feuille de lotus$$,$$Lotusblatt$$,$$87650b61d4c$$);
INSERT INTO items(base_item_id, hq) VALUES(7032, false);
INSERT INTO base_items VALUES(7033,$$Ishgardian Steel Ingot$$,$$戦神鋼$$,$$Lingot d'acier ishgardais$$,$$Ishgarder Stahlbarren$$,$$a6d63ad9332$$);
INSERT INTO items(base_item_id, hq) VALUES(7033, false);
INSERT INTO base_items VALUES(7034,$$Carnivorous Seedling$$,$$食虫植物の苗$$,$$Pousse de plante carnivore du Val$$,$$Fleischfressender Setzling$$,$$da88def0ee4$$);
INSERT INTO items(base_item_id, hq) VALUES(7034, false);
INSERT INTO base_items VALUES(7035,$$Dungeon Seedling$$,$$千獄の苗$$,$$Pousse de plante de Toto-Rak$$,$$Kerker-Setzling$$,$$9ecf2d69ffc$$);
INSERT INTO items(base_item_id, hq) VALUES(7035, false);
INSERT INTO base_items VALUES(7036,$$Seagrot Water$$,$$浸食洞の汽水$$,$$Eau saumâtre de Sastasha$$,$$Grottenwasser$$,$$91f7fc7b909$$);
INSERT INTO items(base_item_id, hq) VALUES(7036, false);
INSERT INTO base_items VALUES(7037,$$Amdapori Stone$$,$$アムダプールの石材$$,$$Pierre d'Amdapor$$,$$Amdapor-Stein$$,$$5c4e83a1158$$);
INSERT INTO items(base_item_id, hq) VALUES(7037, false);
INSERT INTO base_items VALUES(7038,$$Fine Wax$$,$$御用邸のワックス$$,$$Cire du Manoir$$,$$Feinpolitur$$,$$d676eb23eaf$$);
INSERT INTO items(base_item_id, hq) VALUES(7038, false);
INSERT INTO base_items VALUES(7039,$$Nymian Orb$$,$$ニームのオーブ$$,$$Orbe de Nym$$,$$Nym-Kugel$$,$$681608ea5e6$$);
INSERT INTO items(base_item_id, hq) VALUES(7039, false);
INSERT INTO base_items VALUES(7040,$$Belah'dian Glass$$,$$ベラフディアンガラス$$,$$Verre belahdien$$,$$Belah'dische Glasscherbe$$,$$0fd9db4852f$$);
INSERT INTO items(base_item_id, hq) VALUES(7040, false);
INSERT INTO base_items VALUES(7041,$$Blue Fox Hide$$,$$ブルーフォックスの毛皮$$,$$Fourrure de renard bleu$$,$$Blaufuchsfell$$,$$dd010a613ac$$);
INSERT INTO items(base_item_id, hq) VALUES(7041, false);
INSERT INTO base_items VALUES(7042,$$Chinchilla Hide$$,$$チンチラの毛皮$$,$$Fourrure de chinchilla$$,$$Chinchillafell$$,$$d63df53ffd1$$);
INSERT INTO items(base_item_id, hq) VALUES(7042, false);
INSERT INTO base_items VALUES(7043,$$Ahriman Tears$$,$$アーリマンの涙$$,$$Larmes d'ahriman$$,$$Ahriman-Tränen$$,$$dad30e935c4$$);
INSERT INTO items(base_item_id, hq) VALUES(7043, false);
INSERT INTO base_items VALUES(7044,$$Exquisite Buttons$$,$$オシャレなボタン$$,$$Bouton élégant$$,$$Hochwertige Knöpfe$$,$$5bf751234f4$$);
INSERT INTO items(base_item_id, hq) VALUES(7044, false);
INSERT INTO base_items VALUES(7045,$$Morbol Saliva$$,$$モルボルの唾液$$,$$Salive de morbol$$,$$Morbol-Speichel$$,$$48cb0b0bec7$$);
INSERT INTO items(base_item_id, hq) VALUES(7045, false);
INSERT INTO base_items VALUES(7046,$$Cutting Oil$$,$$切削油$$,$$Liquide de coupe$$,$$Schneidöl$$,$$64fa1e3b083$$);
INSERT INTO items(base_item_id, hq) VALUES(7046, false);
INSERT INTO base_items VALUES(7047,$$Frosted Glass Lens$$,$$磨りガラス板$$,$$Verre dépoli$$,$$Milchige Linse$$,$$b5cf3b86f04$$);
INSERT INTO items(base_item_id, hq) VALUES(7047, false);
INSERT INTO base_items VALUES(7056,$$Starlight Barding$$,$$スターライト・バード$$,$$Barde de la fête des étoiles$$,$$Sternenlicht-Rossharnisch$$,$$b5f97ee8565$$);
INSERT INTO items(base_item_id, hq) VALUES(7056, false);
INSERT INTO base_items VALUES(7059,$$Spiritbond Potion$$,$$錬精薬$$,$$Essence de symbiose$$,$$Trank der Bindung$$,$$a64a481ba31$$);
INSERT INTO items(base_item_id, hq) VALUES(7059, false);
INSERT INTO base_items VALUES(7064,$$Summoning Bell$$,$$リテイナーベル$$,$$Sonnette$$,$$Krämerklingel$$,$$78f78d18b17$$);
INSERT INTO items(base_item_id, hq) VALUES(7064, false);
INSERT INTO base_items VALUES(7065,$$Woodworking Bench$$,$$ウッドワークベンチ$$,$$Établi de menuiserie$$,$$Zimmerer-Werkbank$$,$$5e0789a8490$$);
INSERT INTO items(base_item_id, hq) VALUES(7065, false);
INSERT INTO base_items VALUES(7066,$$Smithing Bench$$,$$スミシングベンチ$$,$$Établi de métallurgie$$,$$Esse$$,$$5ca4024174a$$);
INSERT INTO items(base_item_id, hq) VALUES(7066, false);
INSERT INTO base_items VALUES(7067,$$Armorcraft Forge$$,$$メタルワークフォージ$$,$$Forge d'armurerie$$,$$Plattner-Ofen$$,$$6adeef21ab7$$);
INSERT INTO items(base_item_id, hq) VALUES(7067, false);
INSERT INTO base_items VALUES(7068,$$Goldsmithing Bench$$,$$ゴールドワークベンチ$$,$$Établi d'orfèvrerie$$,$$Goldschmied-Werkbank$$,$$777cf175391$$);
INSERT INTO items(base_item_id, hq) VALUES(7068, false);
INSERT INTO base_items VALUES(7069,$$Leatherworking Bench$$,$$レザーワークベンチ$$,$$Établi de tannerie$$,$$Gerber-Werkbank$$,$$92fda901ffa$$);
INSERT INTO items(base_item_id, hq) VALUES(7069, false);
INSERT INTO base_items VALUES(7070,$$Clothcraft Loom$$,$$クロースクラフトルーム$$,$$Métier de couture$$,$$Webstuhl$$,$$42fc8d33d51$$);
INSERT INTO items(base_item_id, hq) VALUES(7070, false);
INSERT INTO base_items VALUES(7071,$$Alchemy Furnace$$,$$アルケミーファーナス$$,$$Creuset d'alchimie$$,$$Alchemisten-Kessel$$,$$e9d4b6131b1$$);
INSERT INTO items(base_item_id, hq) VALUES(7071, false);
INSERT INTO base_items VALUES(7072,$$Cooking Stove$$,$$クッキングストーブ$$,$$Fourneau de cuisine$$,$$Herd$$,$$b762b2fcf28$$);
INSERT INTO items(base_item_id, hq) VALUES(7072, false);
INSERT INTO base_items VALUES(7073,$$Riviera Table Chronometer$$,$$ラノシアン・テーブルクロノメーター$$,$$Horloge de table noscéenne$$,$$Riviera-Chronometer$$,$$0fd90b61cd6$$);
INSERT INTO items(base_item_id, hq) VALUES(7073, false);
INSERT INTO base_items VALUES(7074,$$Glade Wall Chronometer$$,$$シュラウド・ウォールクロノメーター$$,$$Horloge murale sombrelinçoise$$,$$Wald-Chronometer$$,$$8344f0d55ee$$);
INSERT INTO items(base_item_id, hq) VALUES(7074, false);
INSERT INTO base_items VALUES(7075,$$Tonberry Round Table$$,$$トンベリラウンドテーブル$$,$$Table ronde tomberry$$,$$Tomberry-Rundtisch$$,$$7de8a6c796b$$);
INSERT INTO items(base_item_id, hq) VALUES(7075, false);
INSERT INTO base_items VALUES(7076,$$Tonberry Dining Table$$,$$トンベリダイニングテーブル$$,$$Table à manger tomberry$$,$$Tomberry-Esstisch$$,$$66f670ab270$$);
INSERT INTO items(base_item_id, hq) VALUES(7076, false);
INSERT INTO base_items VALUES(7077,$$Tonberry Armchair$$,$$トンベリソファー$$,$$Fauteuil tomberry$$,$$Tomberry-Polstersessel$$,$$357761578aa$$);
INSERT INTO items(base_item_id, hq) VALUES(7077, false);
INSERT INTO base_items VALUES(7078,$$Tonberry Couch$$,$$トンベリカウチ$$,$$Canapé tomberry$$,$$Tomberry-Couch$$,$$a3dea7d3fdc$$);
INSERT INTO items(base_item_id, hq) VALUES(7078, false);
INSERT INTO base_items VALUES(7079,$$Tonberry Bookshelf$$,$$トンベリブックシェルフ$$,$$Bibliothèque tomberry$$,$$Tomberry-Bücherregal$$,$$e7def26bfbd$$);
INSERT INTO items(base_item_id, hq) VALUES(7079, false);
INSERT INTO base_items VALUES(7080,$$Tonberry Bed$$,$$トンベリベッド$$,$$Lit tomberry$$,$$Tomberry-Bett$$,$$a0f8580b805$$);
INSERT INTO items(base_item_id, hq) VALUES(7080, false);
INSERT INTO base_items VALUES(7081,$$Tonberry Screen$$,$$トンベリスクリーン$$,$$Cloison de séparation tomberry$$,$$Tomberry-Wandschirm$$,$$330efb9251c$$);
INSERT INTO items(base_item_id, hq) VALUES(7081, false);
INSERT INTO base_items VALUES(7082,$$Tonberry Wall Lantern$$,$$トンベリウォールランタン$$,$$Flambeau tomberry$$,$$Tomberry-Wandlaterne$$,$$16354c6e65f$$);
INSERT INTO items(base_item_id, hq) VALUES(7082, false);
INSERT INTO base_items VALUES(7083,$$Tonberry Oval Rug$$,$$トンベリオーバルラグ$$,$$Tapis ovale tomberry$$,$$Tomberry-Ovalteppich$$,$$b842a4d0b99$$);
INSERT INTO items(base_item_id, hq) VALUES(7083, false);
INSERT INTO base_items VALUES(7084,$$Lalafellin Step Stool$$,$$ララフェルステップ$$,$$Marchepied lalafell$$,$$Lalafell-Podest$$,$$c66056471d4$$);
INSERT INTO items(base_item_id, hq) VALUES(7084, false);
INSERT INTO base_items VALUES(7085,$$Stuffed Ahriman$$,$$アーリマンのぬいぐるみ$$,$$Ahriman en peluche$$,$$Stoff-Ahriman$$,$$e6110c67be3$$);
INSERT INTO items(base_item_id, hq) VALUES(7085, false);
INSERT INTO base_items VALUES(7086,$$Ahriman Vase$$,$$アーリマンベース$$,$$Vase ahriman$$,$$Ahriman-Vase$$,$$20a1a952079$$);
INSERT INTO items(base_item_id, hq) VALUES(7086, false);
INSERT INTO base_items VALUES(7087,$$Carbuncle Round Table$$,$$カーバンクルラウンドテーブル$$,$$Table ronde Carbuncle$$,$$Karfunkel-Rundtisch$$,$$580a071977d$$);
INSERT INTO items(base_item_id, hq) VALUES(7087, false);
INSERT INTO base_items VALUES(7088,$$Carbuncle Armchair$$,$$カーバンクルソファー$$,$$Fauteuil Carbuncle$$,$$Karfunkel-Polstersessel$$,$$79902f86a80$$);
INSERT INTO items(base_item_id, hq) VALUES(7088, false);
INSERT INTO base_items VALUES(7089,$$Carbuncle Desk$$,$$カーバンクルデスク$$,$$Bureau Carbuncle$$,$$Karfunkel-Tisch$$,$$ce890cd1c35$$);
INSERT INTO items(base_item_id, hq) VALUES(7089, false);
INSERT INTO base_items VALUES(7090,$$Carbuncle Chair$$,$$カーバンクルチェア$$,$$Chaise Carbuncle$$,$$Karfunkel-Stuhl$$,$$c7a6a40064b$$);
INSERT INTO items(base_item_id, hq) VALUES(7090, false);
INSERT INTO base_items VALUES(7091,$$Carbuncle Wardrobe$$,$$カーバンクルワードローブ$$,$$Penderie Carbuncle$$,$$Karfunkel-Kleiderschrank$$,$$218e7f32648$$);
INSERT INTO items(base_item_id, hq) VALUES(7091, false);
INSERT INTO base_items VALUES(7092,$$Carbuncle Rug$$,$$カーバンクルラグ$$,$$Tapis Carbuncle$$,$$Karfunkel-Teppich$$,$$05ab194b9d8$$);
INSERT INTO items(base_item_id, hq) VALUES(7092, false);
INSERT INTO base_items VALUES(7093,$$Carbuncle Chronometer$$,$$カーバンクル・ウォールクロノメーター$$,$$Horloge murale Carbuncle$$,$$Karfunkel-Chronometer$$,$$c0233cf853a$$);
INSERT INTO items(base_item_id, hq) VALUES(7093, false);
INSERT INTO base_items VALUES(7094,$$Carbuncle Lantern$$,$$カーバンクルランタン$$,$$Lanterne Carbuncle$$,$$Karfunkel-Tischlampe$$,$$07a8802de06$$);
INSERT INTO items(base_item_id, hq) VALUES(7094, false);
INSERT INTO base_items VALUES(7095,$$Admiral Portrait$$,$$提督の肖像画$$,$$Portrait de l'Amirale$$,$$Porträt von Admiral Merlwyb$$,$$01f36c545e1$$);
INSERT INTO items(base_item_id, hq) VALUES(7095, false);
INSERT INTO base_items VALUES(7096,$$Sultana and Flame General Portrait$$,$$女王と局長の肖像画$$,$$Portrait de la Sultane et du général Aldynn$$,$$Porträt von Nanamo und Raubahn$$,$$0b496e66f9d$$);
INSERT INTO items(base_item_id, hq) VALUES(7096, false);
INSERT INTO base_items VALUES(7097,$$Elder Seedseer Portrait$$,$$幻術皇の肖像画$$,$$Portrait de l'Oracle aînée$$,$$Porträt von Kan-E-Senna$$,$$58507db3735$$);
INSERT INTO items(base_item_id, hq) VALUES(7097, false);
INSERT INTO base_items VALUES(7098,$$Looming Tonberry Screen$$,$$トンベリヘッドスクリーン$$,$$Panneau tomberry inquiétant$$,$$Tomberry-Stellschirm$$,$$fbebd4eb2e7$$);
INSERT INTO items(base_item_id, hq) VALUES(7098, false);
INSERT INTO base_items VALUES(7099,$$Tonberry Square Rug$$,$$トンベリスクエアラグ$$,$$Tapis carré tomberry$$,$$Quadratischer Tomberry-Teppich$$,$$c862ead0941$$);
INSERT INTO items(base_item_id, hq) VALUES(7099, false);
INSERT INTO base_items VALUES(7100,$$Projection Module$$,$$投射システム$$,$$Module de projection$$,$$Projektionsmodul$$,$$049c7095bab$$);
INSERT INTO items(base_item_id, hq) VALUES(7100, false);
INSERT INTO base_items VALUES(7101,$$Purification Module$$,$$滅菌システム$$,$$Module de purification$$,$$Purifikationsmodul$$,$$3cbfea5137d$$);
INSERT INTO items(base_item_id, hq) VALUES(7101, false);
INSERT INTO base_items VALUES(7102,$$Eorzean Map Table$$,$$対竜要塞の作戦卓$$,$$Table tactique anti-dragon$$,$$Strategietisch mit Eorzea-Karte$$,$$3e373fcabcd$$);
INSERT INTO items(base_item_id, hq) VALUES(7102, false);
INSERT INTO base_items VALUES(7103,$$Dragon Piece$$,$$ドラゴンピース$$,$$Pièce dragon$$,$$Drachen-Spielfigur$$,$$9c86ec56fe7$$);
INSERT INTO items(base_item_id, hq) VALUES(7103, false);
INSERT INTO base_items VALUES(7104,$$Wyvern Piece$$,$$ワイバーンピース$$,$$Pièce wyverne$$,$$Wyvern-Spielfigur$$,$$d192be1527c$$);
INSERT INTO items(base_item_id, hq) VALUES(7104, false);
INSERT INTO base_items VALUES(7105,$$Vigil Piece$$,$$ヴィジルピース$$,$$Pièce vigile$$,$$Wacht-Spielfigur$$,$$21ea150241b$$);
INSERT INTO items(base_item_id, hq) VALUES(7105, false);
INSERT INTO base_items VALUES(7106,$$Temple Knight Piece$$,$$テンプルナイトピース$$,$$Pièce ishgardaise$$,$$Ishgard-Spielfigur$$,$$befb0e7e0ab$$);
INSERT INTO items(base_item_id, hq) VALUES(7106, false);
INSERT INTO base_items VALUES(7107,$$Dragoon Piece$$,$$ドラグーンピース$$,$$Pièce chevalier dragon$$,$$Dragoon-Spielfigur$$,$$5278f47dff9$$);
INSERT INTO items(base_item_id, hq) VALUES(7107, false);
INSERT INTO base_items VALUES(7108,$$Manor Harpsichord$$,$$御用邸のハープシコード$$,$$Clavecin du manoir$$,$$Cembalo$$,$$3dbfd01c2d9$$);
INSERT INTO items(base_item_id, hq) VALUES(7108, false);
INSERT INTO base_items VALUES(7109,$$Manor Music Stool$$,$$御用邸の演奏椅子$$,$$Banc musical du manoir$$,$$Klavierhocker$$,$$9117d82060a$$);
INSERT INTO items(base_item_id, hq) VALUES(7109, false);
INSERT INTO base_items VALUES(7110,$$Manor Timpani$$,$$御用邸のティンパニー$$,$$Timbales du manoir$$,$$Kesselpauke$$,$$4ea454229cd$$);
INSERT INTO items(base_item_id, hq) VALUES(7110, false);
INSERT INTO base_items VALUES(7111,$$Manor Marching Horn$$,$$御用邸のホルン$$,$$Cor du manoir$$,$$Horn$$,$$32929c3cb92$$);
INSERT INTO items(base_item_id, hq) VALUES(7111, false);
INSERT INTO base_items VALUES(7112,$$Manor Cello$$,$$御用邸のチェロ$$,$$Violoncelle du manoir$$,$$Cello$$,$$aa2e42137fb$$);
INSERT INTO items(base_item_id, hq) VALUES(7112, false);
INSERT INTO base_items VALUES(7113,$$Manor Harp$$,$$御用邸のハープ$$,$$Harpe du manoir$$,$$Harfe$$,$$84b5b3a68d0$$);
INSERT INTO items(base_item_id, hq) VALUES(7113, false);
INSERT INTO base_items VALUES(7114,$$Manor Music Stand$$,$$御用邸の譜面台$$,$$Pupitre du manoir$$,$$Notenständer$$,$$8f2d3630738$$);
INSERT INTO items(base_item_id, hq) VALUES(7114, false);
INSERT INTO base_items VALUES(7115,$$Regal Letter Box$$,$$モグル・モグポスト$$,$$Boîte à lettres Moggle Mog$$,$$Mogul Mog-Briefkasten$$,$$bcb8295fe9e$$);
INSERT INTO items(base_item_id, hq) VALUES(7115, false);
INSERT INTO base_items VALUES(7116,$$Carbuncle Garden Table$$,$$カーバンクルガーデンテーブル$$,$$Table de jardin Carbuncle$$,$$Karfunkel-Gartentisch$$,$$788e13b9b58$$);
INSERT INTO items(base_item_id, hq) VALUES(7116, false);
INSERT INTO base_items VALUES(7117,$$Carbuncle Garden Bench$$,$$カーバンクルガーデンベンチ$$,$$Banc de jardin Carbuncle$$,$$Karfunkel-Bank$$,$$9df98e5d8f6$$);
INSERT INTO items(base_item_id, hq) VALUES(7117, false);
INSERT INTO base_items VALUES(7118,$$Riviera Striking Dummy$$,$$ラノシアンダミー$$,$$Mannequin d'entraînement noscéen$$,$$Riviera-Holzpuppe$$,$$d490ff46681$$);
INSERT INTO items(base_item_id, hq) VALUES(7118, false);
INSERT INTO base_items VALUES(7119,$$Oasis Striking Dummy$$,$$ザナラーンダミー$$,$$Mannequin d'entraînement thanalanais$$,$$Oasen-Holzpuppe$$,$$f2d00d6c3ea$$);
INSERT INTO items(base_item_id, hq) VALUES(7119, false);
INSERT INTO base_items VALUES(7120,$$Glade Striking Dummy$$,$$シュラウドダミー$$,$$Mannequin d'entraînement sombrelinçois$$,$$Wald-Holzpuppe$$,$$89dfdd4060d$$);
INSERT INTO items(base_item_id, hq) VALUES(7120, false);
INSERT INTO base_items VALUES(7121,$$Alps Striking Dummy$$,$$クルザスダミー$$,$$Mannequin d'entraînement coerthien$$,$$Gebirgs-Holzpuppe$$,$$8d4194b5ca1$$);
INSERT INTO items(base_item_id, hq) VALUES(7121, false);
INSERT INTO base_items VALUES(7122,$$Sahagin Living Lamp$$,$$サハギン風の燭台$$,$$Luminaire sahuagin$$,$$Sahagin-Leuchtkörper$$,$$b91701caf9a$$);
INSERT INTO items(base_item_id, hq) VALUES(7122, false);
INSERT INTO base_items VALUES(7123,$$Sahagin Hanging Larder$$,$$サハギン風の食台$$,$$Présentoir sahuagin$$,$$Sahagin-Vorratskammer$$,$$fb7683b447d$$);
INSERT INTO items(base_item_id, hq) VALUES(7123, false);
INSERT INTO base_items VALUES(7124,$$Ixali Shelter$$,$$イクサルシェルター$$,$$Abri ixal$$,$$Ixal-Unterschlupf$$,$$65313841af9$$);
INSERT INTO items(base_item_id, hq) VALUES(7124, false);
INSERT INTO base_items VALUES(7125,$$Ixali Banner$$,$$イクサルバナー$$,$$Bannière ixale$$,$$Ixal-Standarte$$,$$5b2fcc77164$$);
INSERT INTO items(base_item_id, hq) VALUES(7125, false);
INSERT INTO base_items VALUES(7126,$$Automaton Digger$$,$$コボルド式掘削機$$,$$Foreuse kobolde$$,$$Grabmaschine$$,$$94a4b958a74$$);
INSERT INTO items(base_item_id, hq) VALUES(7126, false);
INSERT INTO base_items VALUES(7127,$$Kobold Furnace$$,$$コボルドファーナス$$,$$Fournaise kobolde$$,$$Kobold-Schmelzofen$$,$$5d0525e10d8$$);
INSERT INTO items(base_item_id, hq) VALUES(7127, false);
INSERT INTO base_items VALUES(7128,$$Round Garden Patch$$,$$ラウンドガーデンパッチ$$,$$Potager rond$$,$$Rundes Gartenbeet$$,$$d33f40cad75$$);
INSERT INTO items(base_item_id, hq) VALUES(7128, false);
INSERT INTO base_items VALUES(7129,$$Oblong Garden Patch$$,$$スクエアガーデンパッチ$$,$$Potager rectangulaire$$,$$Eckiges Gartenbeet$$,$$a86f74cb8d7$$);
INSERT INTO items(base_item_id, hq) VALUES(7129, false);
INSERT INTO base_items VALUES(7130,$$Deluxe Garden Patch$$,$$デラックスガーデンパッチ$$,$$Potager de luxe$$,$$Luxus-Gartenbeet$$,$$3192b41655b$$);
INSERT INTO items(base_item_id, hq) VALUES(7130, false);
INSERT INTO base_items VALUES(7131,$$Country Interior Wall$$,$$カントリーインナーウォール$$,$$Revêtement mural rustique$$,$$Landhaus-Innenwand$$,$$c563ca3f1a8$$);
INSERT INTO items(base_item_id, hq) VALUES(7131, false);
INSERT INTO base_items VALUES(7132,$$Stone Interior Wall$$,$$ストーンインナーウォール$$,$$Revêtement mural en pierre$$,$$Stein-Innenwand$$,$$a04e2dd9701$$);
INSERT INTO items(base_item_id, hq) VALUES(7132, false);
INSERT INTO base_items VALUES(7133,$$Storm Interior Wall$$,$$ロミンサン・インナーウォール$$,$$Revêtement mural limséen$$,$$Mahlstrom-Innenwand$$,$$93667de20d2$$);
INSERT INTO items(base_item_id, hq) VALUES(7133, false);
INSERT INTO base_items VALUES(7134,$$Serpent Interior Wall$$,$$グリダニアン・インナーウォール$$,$$Revêtement mural gridanien$$,$$Bruderschafts-Innenwand$$,$$53b5c5fde38$$);
INSERT INTO items(base_item_id, hq) VALUES(7134, false);
INSERT INTO base_items VALUES(7135,$$Flame Interior Wall$$,$$ウルダハン・インナーウォール$$,$$Revêtement mural uldien$$,$$Legions-Innenwand$$,$$2de0056659c$$);
INSERT INTO items(base_item_id, hq) VALUES(7135, false);
INSERT INTO base_items VALUES(7136,$$Tiled Interior Wall$$,$$タイルインナーウォール$$,$$Revêtement mural carrelé$$,$$Azurblaue Fliesenwand$$,$$823c79a7caa$$);
INSERT INTO items(base_item_id, hq) VALUES(7136, false);
INSERT INTO base_items VALUES(7137,$$Metal Interior Wall$$,$$メタルインナーウォール$$,$$Revêtement mural métallique$$,$$Metall-Wandverkleidung$$,$$7c48fe4ceac$$);
INSERT INTO items(base_item_id, hq) VALUES(7137, false);
INSERT INTO base_items VALUES(7138,$$Arbor Interior Wall$$,$$フォレストインナーウォール$$,$$Revêtement mural sylvestre$$,$$Blätterranken-Wandvertäfelung$$,$$b673d3284be$$);
INSERT INTO items(base_item_id, hq) VALUES(7138, false);
INSERT INTO base_items VALUES(7139,$$Chocobo Interior Wall$$,$$チョコボインナーウォール$$,$$Revêtement mural chocobo$$,$$Chocobo-Tapete$$,$$1b6129c4b0b$$);
INSERT INTO items(base_item_id, hq) VALUES(7139, false);
INSERT INTO base_items VALUES(7140,$$Moogle Interior Wall$$,$$モーグリインナーウォール$$,$$Revêtement mural mog$$,$$Mogry-Tapete$$,$$17066dd0258$$);
INSERT INTO items(base_item_id, hq) VALUES(7140, false);
INSERT INTO base_items VALUES(7141,$$Country Flooring$$,$$カントリーフローリング$$,$$Parquet rustique$$,$$Landhaus-Marmorboden$$,$$a9052a540c6$$);
INSERT INTO items(base_item_id, hq) VALUES(7141, false);
INSERT INTO base_items VALUES(7142,$$Stone Flooring$$,$$ストーンフローリング$$,$$Parquet en pierre$$,$$Steinboden$$,$$93727b3a6e9$$);
INSERT INTO items(base_item_id, hq) VALUES(7142, false);
INSERT INTO base_items VALUES(7143,$$Storm Flooring$$,$$ロミンサン・フローリング$$,$$Parquet des tempêtes$$,$$Mahlstrom-Holzboden$$,$$a0ff22d2386$$);
INSERT INTO items(base_item_id, hq) VALUES(7143, false);
INSERT INTO base_items VALUES(7144,$$Serpent Flooring$$,$$グリダニアン・フローリング$$,$$Parquet gridanien$$,$$Bruderschafts-Holzboden$$,$$769f1334d4d$$);
INSERT INTO items(base_item_id, hq) VALUES(7144, false);
INSERT INTO base_items VALUES(7145,$$Flame Flooring$$,$$ウルダハン・フローリング$$,$$Parquet uldien$$,$$Legions-Holzboden$$,$$a402309a938$$);
INSERT INTO items(base_item_id, hq) VALUES(7145, false);
INSERT INTO base_items VALUES(7146,$$Tiled Flooring$$,$$タイルフローリング$$,$$Parquet carrelé$$,$$Azurblauer Fliesenboden$$,$$7ac4d9207e3$$);
INSERT INTO items(base_item_id, hq) VALUES(7146, false);
INSERT INTO base_items VALUES(7147,$$Metal Flooring$$,$$メタルフローリング$$,$$Parquet métallique$$,$$Metallboden$$,$$2267efb819c$$);
INSERT INTO items(base_item_id, hq) VALUES(7147, false);
INSERT INTO base_items VALUES(7148,$$Arbor Flooring$$,$$フォレストフローリング$$,$$Parquet sylvestre$$,$$Moosweicher Waldboden$$,$$617f82c2de8$$);
INSERT INTO items(base_item_id, hq) VALUES(7148, false);
INSERT INTO base_items VALUES(7149,$$Chocobo Flooring$$,$$チョコボフローリング$$,$$Parquet chocobo$$,$$Chocobo-Boden$$,$$db7081e92e3$$);
INSERT INTO items(base_item_id, hq) VALUES(7149, false);
INSERT INTO base_items VALUES(7150,$$Moogle Flooring$$,$$モーグリフローリング$$,$$Parquet mog$$,$$Mogry-Boden$$,$$bc74a66a59e$$);
INSERT INTO items(base_item_id, hq) VALUES(7150, false);
INSERT INTO base_items VALUES(7151,$$Tonberry Chandelier$$,$$トンベリシャンデリア$$,$$Lustre tomberry$$,$$Tomberry-Kronleuchter$$,$$14bad22869f$$);
INSERT INTO items(base_item_id, hq) VALUES(7151, false);
INSERT INTO base_items VALUES(7152,$$Sultana Portrait$$,$$女王の肖像画$$,$$Portrait de la Sultane$$,$$Porträt von Nanamo Ul Namo$$,$$33fc4cc46b0$$);
INSERT INTO items(base_item_id, hq) VALUES(7152, false);
INSERT INTO base_items VALUES(7153,$$Material Supplier Permit$$,$$雇用証書:素材屋$$,$$Licence de recrutement: vendeur de matériaux$$,$$Materiallieferanten-Vertrag$$,$$d3b13a1650a$$);
INSERT INTO items(base_item_id, hq) VALUES(7153, false);
INSERT INTO base_items VALUES(7154,$$Junkmonger Permit$$,$$雇用証書:よろず屋$$,$$Licence de recrutement: quincaillier$$,$$Trödler-Vertrag$$,$$e4799ae121c$$);
INSERT INTO items(base_item_id, hq) VALUES(7154, false);
INSERT INTO base_items VALUES(7156,$$Mender Permit$$,$$雇用証書:修理屋$$,$$Licence de recrutement: réparateur$$,$$Reparateur-Vertrag$$,$$5de77db1b92$$);
INSERT INTO items(base_item_id, hq) VALUES(7156, false);
INSERT INTO base_items VALUES(7157,$$White Raven Armor Fragment$$,$$白銀の甲冑片$$,$$Fragment d'armure du rapace argenté$$,$$Rüstungsfragment von Silberschwinge$$,$$f84101f6d09$$);
INSERT INTO items(base_item_id, hq) VALUES(7157, false);
INSERT INTO base_items VALUES(7158,$$Stone Vigil Lumber$$,$$対竜要塞の木材$$,$$Madrier anti-dragon$$,$$Holzscheit der Steinernen Wacht$$,$$ccef92f964b$$);
INSERT INTO items(base_item_id, hq) VALUES(7158, false);
INSERT INTO base_items VALUES(7159,$$Leviathan's Barb$$,$$リヴァイアサンの棘$$,$$Barbillon de Léviathan$$,$$Bartel Leviathans$$,$$68c4f37afe0$$);
INSERT INTO items(base_item_id, hq) VALUES(7159, false);
INSERT INTO base_items VALUES(7160,$$Barb of the Whorl$$,$$水神リヴァイアサンの棘$$,$$Barbillon du Déchaîneur des marées$$,$$Beseelte Bartel Leviathans$$,$$b7b1afdd647$$);
INSERT INTO items(base_item_id, hq) VALUES(7160, false);
INSERT INTO base_items VALUES(7161,$$Kingly Whisker$$,$$極王モグル・モグのヒゲ$$,$$Moustache royale$$,$$Königliches Barthaar$$,$$a31e67c61b1$$);
INSERT INTO items(base_item_id, hq) VALUES(7161, false);
INSERT INTO base_items VALUES(7480,$$Heavy Wolfram Helm$$,$$ヘヴィウォルフラムヘルム$$,$$Casque lourd en tungstène$$,$$Schwerer Wolfram-Helm$$,$$04537ca284d$$);
INSERT INTO items(base_item_id, hq) VALUES(7480, false),(7480, true);
INSERT INTO base_items VALUES(7481,$$Heavy Wolfram Cuirass$$,$$ヘヴィウォルフラムキュイラス$$,$$Cuirasse lourde en tungstène$$,$$Schwerer Wolfram-Kürass$$,$$b4d35586a77$$);
INSERT INTO items(base_item_id, hq) VALUES(7481, false),(7481, true);
INSERT INTO base_items VALUES(7482,$$Heavy Wolfram Gauntlets$$,$$ヘヴィウォルフラムガントレット$$,$$Gantelets lourds en tungstène$$,$$Schwere Wolfram-Panzerhandschuhe$$,$$caa6af54f3d$$);
INSERT INTO items(base_item_id, hq) VALUES(7482, false),(7482, true);
INSERT INTO base_items VALUES(7483,$$Heavy Wolfram Cuisses$$,$$ヘヴィウォルフラムクウィス$$,$$Cuissots lourds en tungstène$$,$$Schwere Wolfram-Schenkelschützer$$,$$9401c326fa9$$);
INSERT INTO items(base_item_id, hq) VALUES(7483, false),(7483, true);
INSERT INTO base_items VALUES(7484,$$Heavy Wolfram Sabatons$$,$$ヘヴィウォルフラムサバトン$$,$$Sabatons lourds en tungstène$$,$$Schwere Wolfram-Bärlatschen$$,$$95bcd415b64$$);
INSERT INTO items(base_item_id, hq) VALUES(7484, false),(7484, true);
INSERT INTO base_items VALUES(7485,$$Heavy Wolfram Plate Belt$$,$$ヘヴィ・ウォルフラムプレートベルト$$,$$Ceinture de plaques lourde en tungstène$$,$$Schwerer Wolfram-Plattengürtel$$,$$89daaa6c96c$$);
INSERT INTO items(base_item_id, hq) VALUES(7485, false),(7485, true);
INSERT INTO base_items VALUES(7486,$$Wolfram Mask$$,$$ウォルフラムマスク$$,$$Masque en tungstène$$,$$Wolfram-Maske$$,$$8418d70b646$$);
INSERT INTO items(base_item_id, hq) VALUES(7486, false),(7486, true);
INSERT INTO base_items VALUES(7487,$$Wolfram Cuirass$$,$$ウォルフラムキュイラス$$,$$Cuirasse en tungstène$$,$$Wolfram-Kürass$$,$$9881bbe89da$$);
INSERT INTO items(base_item_id, hq) VALUES(7487, false),(7487, true);
INSERT INTO base_items VALUES(7488,$$Wolfram Gauntlets$$,$$ウォルフラムガントレット$$,$$Gantelets en tungstène$$,$$Wolfram-Panzerhandschuhe$$,$$790fa55bbe5$$);
INSERT INTO items(base_item_id, hq) VALUES(7488, false),(7488, true);
INSERT INTO base_items VALUES(7489,$$Saurian Trousers$$,$$ソーリアントラウザー$$,$$Pantalon en cuir de saurien$$,$$Echsen-Hose$$,$$3c0015a198f$$);
INSERT INTO items(base_item_id, hq) VALUES(7489, false),(7489, true);
INSERT INTO base_items VALUES(7490,$$Wolfram Sabatons$$,$$ウォルフラムサバトン$$,$$Sabatons en tungstène$$,$$Wolfram-Bärlatschen$$,$$1a194f23c58$$);
INSERT INTO items(base_item_id, hq) VALUES(7490, false),(7490, true);
INSERT INTO base_items VALUES(7491,$$Wolfram Tassets$$,$$ウォルフラムタセット$$,$$Tassette en tungstène$$,$$Wolfram-Bauchreifen$$,$$862c85caafa$$);
INSERT INTO items(base_item_id, hq) VALUES(7491, false),(7491, true);
INSERT INTO base_items VALUES(7492,$$Saurian Bandana of Striking$$,$$ソーリアンストライカーバンダナ$$,$$Bandana d'agresseur en cuir de saurien$$,$$Echsen-Bandana des Schlagens$$,$$56b64c42907$$);
INSERT INTO items(base_item_id, hq) VALUES(7492, false),(7492, true);
INSERT INTO base_items VALUES(7493,$$Saurian Shirt of Striking$$,$$ソーリアンストライカーシャツ$$,$$Chemise d'agresseur en cuir de saurien$$,$$Echsen-Hemd des Schlagens$$,$$807dc818d14$$);
INSERT INTO items(base_item_id, hq) VALUES(7493, false),(7493, true);
INSERT INTO base_items VALUES(7494,$$Saurian Gloves of Striking$$,$$ソーリアンストライカーグローブ$$,$$Gants d'agresseur en cuir de saurien$$,$$Echsen-Handschuhe des Schlagens$$,$$ef3a209eb5d$$);
INSERT INTO items(base_item_id, hq) VALUES(7494, false),(7494, true);
INSERT INTO base_items VALUES(7495,$$Cashmere Skirt of Striking$$,$$カシミヤストライカースカート$$,$$Jupe d'agresseur en cachemire$$,$$Kaschmir-Rock des Schlagens$$,$$0f010457334$$);
INSERT INTO items(base_item_id, hq) VALUES(7495, false),(7495, true);
INSERT INTO base_items VALUES(7496,$$Saurian Boots of Striking$$,$$ソーリアンストライカーブーツ$$,$$Bottes d'agresseur en cuir de saurien$$,$$Echsen-Stiefel des Schlagens$$,$$7055173c2a5$$);
INSERT INTO items(base_item_id, hq) VALUES(7496, false),(7496, true);
INSERT INTO base_items VALUES(7497,$$Saurian Belt of Striking$$,$$ソーリアンストライカーベルト$$,$$Ceinture d'agresseur en cuir de saurien$$,$$Echsen-Gürtel des Schlagens$$,$$9ddfa563469$$);
INSERT INTO items(base_item_id, hq) VALUES(7497, false),(7497, true);
INSERT INTO base_items VALUES(7498,$$Cashmere Hat of Aiming$$,$$カシミヤレンジャーハット$$,$$Chapeau de pisteur en cachemire$$,$$Kaschmir-Hut des Zielens$$,$$657c6505767$$);
INSERT INTO items(base_item_id, hq) VALUES(7498, false),(7498, true);
INSERT INTO base_items VALUES(7499,$$Saurian Tabard of Aiming$$,$$ソーリアンレンジャータバード$$,$$Tabard de pisteur en cuir de saurien$$,$$Echsen-Wappenrock des Zielens$$,$$cdb8fb839d8$$);
INSERT INTO items(base_item_id, hq) VALUES(7499, false),(7499, true);
INSERT INTO base_items VALUES(7500,$$Saurian Gloves of Aiming$$,$$ソーリアンレンジャーグローブ$$,$$Gants de pisteur en cuir de saurien$$,$$Echsen-Handschuhe des Zielens$$,$$a0cc1c05cfc$$);
INSERT INTO items(base_item_id, hq) VALUES(7500, false),(7500, true);
INSERT INTO base_items VALUES(7501,$$Cashmere Skirt of Aiming$$,$$カシミヤレンジャースカート$$,$$Jupe de pisteur en cachemire$$,$$Kaschmir-Rock des Zielens$$,$$8474c858ad9$$);
INSERT INTO items(base_item_id, hq) VALUES(7501, false),(7501, true);
INSERT INTO base_items VALUES(7502,$$Saurian Boots of Aiming$$,$$ソーリアンレンジャーブーツ$$,$$Bottes de pisteur en cuir de saurien$$,$$Echsen-Stiefel des Zielens$$,$$fef3a2963c3$$);
INSERT INTO items(base_item_id, hq) VALUES(7502, false),(7502, true);
INSERT INTO base_items VALUES(7503,$$Saurian Belt of Aiming$$,$$ソーリアンレンジャーベルト$$,$$Ceinture de pisteur en cuir de saurien$$,$$Echsen-Gürtel des Zielens$$,$$7d71e9acc26$$);
INSERT INTO items(base_item_id, hq) VALUES(7503, false),(7503, true);
INSERT INTO base_items VALUES(7504,$$Gold Spectacles$$,$$ゴールドスペクタクルズ$$,$$Lunettes en or$$,$$Goldbrille$$,$$217fb3c4a6f$$);
INSERT INTO items(base_item_id, hq) VALUES(7504, false),(7504, true);
INSERT INTO base_items VALUES(7505,$$Cashmere Robe of Healing$$,$$カシミヤヒーラーローブ$$,$$Robe de soigneur en cachemire$$,$$Kaschmir-Robe der Heilung$$,$$5ef3a428cb2$$);
INSERT INTO items(base_item_id, hq) VALUES(7505, false),(7505, true);
INSERT INTO base_items VALUES(7506,$$Saurian Gloves of Healing$$,$$ソーリアンヒーラーグローブ$$,$$Gants de soigneur en cuir de saurien$$,$$Echsen-Handschuhe der Heilung$$,$$62123c0852e$$);
INSERT INTO items(base_item_id, hq) VALUES(7506, false),(7506, true);
INSERT INTO base_items VALUES(7507,$$Cashmere Skirt of Healing$$,$$カシミヤヒーラースカート$$,$$Jupe de soigneur en cachemire$$,$$Kaschmir-Rock der Heilung$$,$$bd049dbf328$$);
INSERT INTO items(base_item_id, hq) VALUES(7507, false),(7507, true);
INSERT INTO base_items VALUES(7508,$$Saurian Boots of Healing$$,$$ソーリアンヒーラーブーツ$$,$$Bottes de soigneur en cuir de saurien$$,$$Echsen-Stiefel der Heilung$$,$$a847212eb13$$);
INSERT INTO items(base_item_id, hq) VALUES(7508, false),(7508, true);
INSERT INTO base_items VALUES(7509,$$Saurian Belt of Healing$$,$$ソーリアンヒーラーベルト$$,$$Ceinture de soigneur en cuir de saurien$$,$$Echsen-Gürtel der Heilung$$,$$a4262ce35bf$$);
INSERT INTO items(base_item_id, hq) VALUES(7509, false),(7509, true);
INSERT INTO base_items VALUES(7510,$$Cashmere Hat of Casting$$,$$カシミヤキャスターハット$$,$$Chapeau d'incantateur en cachemire$$,$$Kaschmir-Hut der Magie$$,$$da403f9379b$$);
INSERT INTO items(base_item_id, hq) VALUES(7510, false),(7510, true);
INSERT INTO base_items VALUES(7511,$$Cashmere Robe of Casting$$,$$カシミヤキャスターローブ$$,$$Robe d'incantateur en cachemire$$,$$Kaschmir-Robe der Magie$$,$$aef05f1ebd4$$);
INSERT INTO items(base_item_id, hq) VALUES(7511, false),(7511, true);
INSERT INTO base_items VALUES(7512,$$Saurian Gloves of Casting$$,$$ソーリアンキャスターグローブ$$,$$Gants d'incantateur en cuir de saurien$$,$$Echsen-Handschuhe der Magie$$,$$6910fca7ebc$$);
INSERT INTO items(base_item_id, hq) VALUES(7512, false),(7512, true);
INSERT INTO base_items VALUES(7513,$$Cashmere Breeches of Casting$$,$$カシミヤキャスターブリーチ$$,$$Braies d'incantateur en cachemire$$,$$Kaschmir-Reiterhose der Magie$$,$$1ff9618a0d8$$);
INSERT INTO items(base_item_id, hq) VALUES(7513, false),(7513, true);
INSERT INTO base_items VALUES(7514,$$Saurian Crakows of Casting$$,$$ソーリアンキャスタークラコー$$,$$Souliers à poulaine d'incantateur en cuir de saurien$$,$$Echsen-Poulaines der Magie$$,$$132a12c415b$$);
INSERT INTO items(base_item_id, hq) VALUES(7514, false),(7514, true);
INSERT INTO base_items VALUES(7515,$$Saurian Belt of Casting$$,$$ソーリアンキャスターベルト$$,$$Ceinture d'incantateur en cuir de saurien$$,$$Echsen-Gürtel der Magie$$,$$8e40106660e$$);
INSERT INTO items(base_item_id, hq) VALUES(7515, false),(7515, true);
INSERT INTO base_items VALUES(7534,$$Coronal Straw Hat$$,$$コロナルストローハット$$,$$Chapeau de paille coronaire$$,$$Koronal-Strohhut$$,$$112fadb6b96$$);
INSERT INTO items(base_item_id, hq) VALUES(7534, false),(7534, true);
INSERT INTO base_items VALUES(7535,$$Sailor Shirt$$,$$セーラーシャツ$$,$$Vareuse de marin$$,$$Seemanns-Hemd$$,$$070f23d5a9e$$);
INSERT INTO items(base_item_id, hq) VALUES(7535, false),(7535, true);
INSERT INTO base_items VALUES(7536,$$Coronal Wristband$$,$$コロナルリストバンド$$,$$Poignets coronaires$$,$$Koronal-Armbänder$$,$$f51514098d5$$);
INSERT INTO items(base_item_id, hq) VALUES(7536, false),(7536, true);
INSERT INTO base_items VALUES(7537,$$Sailor Brais$$,$$セーラーブレー$$,$$Brailles de marin$$,$$Seemanns-Braies$$,$$18d2a7278e2$$);
INSERT INTO items(base_item_id, hq) VALUES(7537, false),(7537, true);
INSERT INTO base_items VALUES(7538,$$Sailor Deck Shoes$$,$$セーラーデッキシューズ$$,$$Chaussures bateau de marin$$,$$Seemanns-Bootsschuhe$$,$$c767de3e4fc$$);
INSERT INTO items(base_item_id, hq) VALUES(7538, false),(7538, true);
INSERT INTO base_items VALUES(7539,$$Spring Straw Hat$$,$$スプリングストローハット$$,$$Chapeau de paille printanier$$,$$Frühlings-Strohhut$$,$$2f3711a149f$$);
INSERT INTO items(base_item_id, hq) VALUES(7539, false),(7539, true);
INSERT INTO base_items VALUES(7540,$$Spring Dress$$,$$スプリングドレス$$,$$Robe printanière$$,$$Frühlings-Kleid$$,$$363608aee1f$$);
INSERT INTO items(base_item_id, hq) VALUES(7540, false),(7540, true);
INSERT INTO base_items VALUES(7541,$$Spring Skirt$$,$$スプリングスカート$$,$$Jupe printanière$$,$$Frühlings-Rock$$,$$64869ab81f8$$);
INSERT INTO items(base_item_id, hq) VALUES(7541, false),(7541, true);
INSERT INTO base_items VALUES(7542,$$Spring Dress Shoes$$,$$スプリングドレスシューズ$$,$$Chaussures d'apparat printanières$$,$$Frühlings-Gamaschenschuhe$$,$$685a9827007$$);
INSERT INTO items(base_item_id, hq) VALUES(7542, false),(7542, true);
INSERT INTO base_items VALUES(7543,$$Cloche$$,$$クローシュ$$,$$Chapeau cloche$$,$$Eleganter Strohhut$$,$$99b8598defe$$);
INSERT INTO items(base_item_id, hq) VALUES(7543, false),(7543, true);
INSERT INTO base_items VALUES(7544,$$Spriggan Cap$$,$$スプリガンキャップ$$,$$Chapeau de spriggan$$,$$Spriggan-Kappe$$,$$ca7fc950aec$$);
INSERT INTO items(base_item_id, hq) VALUES(7544, false);
INSERT INTO base_items VALUES(7546,$$Light Steel Galerus$$,$$ライトスチールガレルース$$,$$Épaulière en acier léger$$,$$Leichtstahl-Galerus$$,$$9e5e219b426$$);
INSERT INTO items(base_item_id, hq) VALUES(7546, false),(7546, true);
INSERT INTO base_items VALUES(7547,$$Light Steel Subligar$$,$$ライトスチールサブリガ$$,$$Subligar en acier léger$$,$$Leichtstahl-Lendenschurz$$,$$06752b24641$$);
INSERT INTO items(base_item_id, hq) VALUES(7547, false),(7547, true);
INSERT INTO base_items VALUES(7548,$$Taffeta Shawl$$,$$タフタショール$$,$$Pelisse en taffetas$$,$$Taft-Stola$$,$$c0cddf873b7$$);
INSERT INTO items(base_item_id, hq) VALUES(7548, false),(7548, true);
INSERT INTO base_items VALUES(7549,$$Taffeta Loincloth$$,$$タフタロインクロス$$,$$Pagne en taffetas$$,$$Taft-Schurz$$,$$e2fe3706169$$);
INSERT INTO items(base_item_id, hq) VALUES(7549, false),(7549, true);
INSERT INTO base_items VALUES(7550,$$Egg Harness$$,$$エッガー・バード$$,$$Chanfrein ovoïde$$,$$Saliah-Rossstirn$$,$$ef152ad9e8d$$);
INSERT INTO items(base_item_id, hq) VALUES(7550, false);
INSERT INTO base_items VALUES(7552,$$Tidal Barding$$,$$リヴァイアサン・バード$$,$$Barde de Léviathan$$,$$Wogen-Rossharnisch$$,$$946f8185db9$$);
INSERT INTO items(base_item_id, hq) VALUES(7552, false);
INSERT INTO base_items VALUES(7559,$$Plush Cushion$$,$$ふかふかクッション$$,$$Coussin moelleux$$,$$Sitzkissen$$,$$0f9fc7b7dd3$$);
INSERT INTO items(base_item_id, hq) VALUES(7559, false);
INSERT INTO base_items VALUES(7564,$$Baby Opo-opo$$,$$ベイビーオポオポ$$,$$Bébé opo-opo$$,$$Stoff-Opo-Opo$$,$$ed46ff76baf$$);
INSERT INTO items(base_item_id, hq) VALUES(7564, false);
INSERT INTO base_items VALUES(7566,$$Minute Mindflayer$$,$$カインドフレア$$,$$Gentil flagelleur$$,$$Mini-Gedankenschinder$$,$$2195e270827$$);
INSERT INTO items(base_item_id, hq) VALUES(7566, false);
INSERT INTO base_items VALUES(7567,$$Tight-beaked Parrot$$,$$アントーキング・コリブリ$$,$$Perroquet taciturne$$,$$Schnatterfauler Kolibri$$,$$6836471de81$$);
INSERT INTO items(base_item_id, hq) VALUES(7567, false);
INSERT INTO base_items VALUES(7568,$$Magic Broom$$,$$マメット・ブルーム$$,$$Balai enchanté$$,$$Emsiger Besen$$,$$1b46926116a$$);
INSERT INTO items(base_item_id, hq) VALUES(7568, false);
INSERT INTO base_items VALUES(7570,$$Steamed Catfish$$,$$ナマズのワイン蒸$$,$$Poisson-chat vapeur$$,$$Gedünsteter Katfisch$$,$$0c76090a778$$);
INSERT INTO items(base_item_id, hq) VALUES(7570, false),(7570, true);
INSERT INTO base_items VALUES(7571,$$Popoto Pancakes$$,$$ポポトパンケーキ$$,$$Crique$$,$$Toffelpuffer$$,$$5310374fa2e$$);
INSERT INTO items(base_item_id, hq) VALUES(7571, false),(7571, true);
INSERT INTO base_items VALUES(7572,$$Roast Canard$$,$$ローストカナール$$,$$Canard à l'orange$$,$$Röstente$$,$$5df63e40d7d$$);
INSERT INTO items(base_item_id, hq) VALUES(7572, false),(7572, true);
INSERT INTO base_items VALUES(7573,$$Sachertorte$$,$$ザッハトルテ$$,$$Sachertorte$$,$$Sachertorte$$,$$2df310ed9cd$$);
INSERT INTO items(base_item_id, hq) VALUES(7573, false),(7573, true);
INSERT INTO base_items VALUES(7574,$$Chilled Popoto Soup$$,$$冷製ポポトスープ$$,$$Soupe de popotos glacée$$,$$Kalte Toffelsuppe$$,$$858982437ec$$);
INSERT INTO items(base_item_id, hq) VALUES(7574, false),(7574, true);
INSERT INTO base_items VALUES(7575,$$Spinach Quiche$$,$$スピナッチキッシュ$$,$$Quiche aux épinards$$,$$Spinat-Quiche$$,$$bc08c52906f$$);
INSERT INTO items(base_item_id, hq) VALUES(7575, false),(7575, true);
INSERT INTO base_items VALUES(7579,$$Mossy Stone Sword$$,$$苔むした石剣$$,$$Épée en pierre moussue$$,$$Moosiges Steinschwert$$,$$7e993388dd6$$);
INSERT INTO items(base_item_id, hq) VALUES(7579, false);
INSERT INTO base_items VALUES(7580,$$Mossy Stone Axe$$,$$苔むした石斧$$,$$Hache en pierre moussue$$,$$Moosige Steinaxt$$,$$4305d37b552$$);
INSERT INTO items(base_item_id, hq) VALUES(7580, false);
INSERT INTO base_items VALUES(7581,$$Mossy Stone Claws$$,$$苔むした石爪$$,$$Paire de griffes en pierre moussue$$,$$Moosige Steinklauen$$,$$216f929f2d0$$);
INSERT INTO items(base_item_id, hq) VALUES(7581, false);
INSERT INTO base_items VALUES(7582,$$Mossy Stone Spear$$,$$苔むした石槍$$,$$Lance en pierre moussue$$,$$Moosiger Steinspeer$$,$$ca06759da36$$);
INSERT INTO items(base_item_id, hq) VALUES(7582, false);
INSERT INTO base_items VALUES(7583,$$Mossy Stone Bow$$,$$苔むした石弓$$,$$Arc en pierre moussu$$,$$Moosiger Steinbogen$$,$$4ea9a7cbfd4$$);
INSERT INTO items(base_item_id, hq) VALUES(7583, false);
INSERT INTO base_items VALUES(7584,$$Mossy Stone Staff$$,$$苔むした石杖$$,$$Bâton en pierre moussu$$,$$Moosiger Steinstab$$,$$bbbd405aa5c$$);
INSERT INTO items(base_item_id, hq) VALUES(7584, false);
INSERT INTO base_items VALUES(7585,$$Mossy Stone Rod$$,$$苔むした石棒$$,$$Sceptre en pierre moussu$$,$$Moosige Steinrute$$,$$0649cf5b930$$);
INSERT INTO items(base_item_id, hq) VALUES(7585, false);
INSERT INTO base_items VALUES(7586,$$Weathered Tome$$,$$色あせた古書$$,$$Grimoire délavé$$,$$Verschlissener Foliant$$,$$81bc8504a97$$);
INSERT INTO items(base_item_id, hq) VALUES(7586, false);
INSERT INTO base_items VALUES(7587,$$Faded Tome$$,$$色あせた稀書$$,$$Grimoire décoloré$$,$$Ausgeblichener Foliant$$,$$1c90205dbe6$$);
INSERT INTO items(base_item_id, hq) VALUES(7587, false);
INSERT INTO base_items VALUES(7588,$$Ferberite$$,$$鉄重石$$,$$Minerai de ferbérite$$,$$Ferberit$$,$$45b6dfeccce$$);
INSERT INTO items(base_item_id, hq) VALUES(7588, false),(7588, true);
INSERT INTO base_items VALUES(7589,$$Native Gold$$,$$自然金$$,$$Pépite d'or natif$$,$$Naturgold$$,$$1c7651235cc$$);
INSERT INTO items(base_item_id, hq) VALUES(7589, false),(7589, true);
INSERT INTO base_items VALUES(7590,$$Scarlet Sap$$,$$緋樹液$$,$$Sève écarlate$$,$$Rotharz$$,$$564dccc62a5$$);
INSERT INTO items(base_item_id, hq) VALUES(7590, false),(7590, true);
INSERT INTO base_items VALUES(7591,$$Shroud Tea Leaves$$,$$ティノルカ茶葉$$,$$Feuilles de thé de Tinolqa$$,$$Gridanische Teeblätter$$,$$83d204178e7$$);
INSERT INTO items(base_item_id, hq) VALUES(7591, false),(7591, true);
INSERT INTO base_items VALUES(7592,$$Apricot$$,$$アプリコット$$,$$Abricot$$,$$Aprikose$$,$$b2d4c473cdc$$);
INSERT INTO items(base_item_id, hq) VALUES(7592, false),(7592, true);
INSERT INTO base_items VALUES(7593,$$La Noscean Leek$$,$$ラノシアリーキ$$,$$Poireau noscéen$$,$$La Noscea-Porree$$,$$639971ee61f$$);
INSERT INTO items(base_item_id, hq) VALUES(7593, false),(7593, true);
INSERT INTO base_items VALUES(7594,$$Young Cieldalaes Spinach$$,$$ソフトスピナッチ$$,$$Jeunes épinards des Cieldalaes$$,$$Junger Ciedaläen-Spinat$$,$$ff77b15461c$$);
INSERT INTO items(base_item_id, hq) VALUES(7594, false),(7594, true);
INSERT INTO base_items VALUES(7595,$$Blood Orange$$,$$ブラッドオレンジ$$,$$Orange sanguine$$,$$Blutorange$$,$$f3399493965$$);
INSERT INTO items(base_item_id, hq) VALUES(7595, false),(7595, true);
INSERT INTO base_items VALUES(7596,$$Petrified Log$$,$$珪化木$$,$$Rondin pétrifié$$,$$Silifizierter Stamm$$,$$e0d0eb77dc2$$);
INSERT INTO items(base_item_id, hq) VALUES(7596, false);
INSERT INTO base_items VALUES(7597,$$Scheelite$$,$$灰重石$$,$$Minerai de scheelite$$,$$Scheelit$$,$$d2c45a43aa1$$);
INSERT INTO items(base_item_id, hq) VALUES(7597, false);
INSERT INTO base_items VALUES(7598,$$Raziqsand$$,$$アブダルラジクの霊砂$$,$$Sable de Raziq$$,$$Raziq-Sand$$,$$412a6b0c1de$$);
INSERT INTO items(base_item_id, hq) VALUES(7598, false);
INSERT INTO base_items VALUES(7599,$$Saurian Skin$$,$$ソーリアンの粗皮$$,$$Peau de saurien$$,$$Echsenhaut$$,$$3b9a8a4ff6c$$);
INSERT INTO items(base_item_id, hq) VALUES(7599, false);
INSERT INTO base_items VALUES(7600,$$Cashmere Fleece$$,$$カシミヤフリース$$,$$Toison de cachemire$$,$$Kaschmir-Vlies$$,$$561c668381d$$);
INSERT INTO items(base_item_id, hq) VALUES(7600, false);
INSERT INTO base_items VALUES(7601,$$Emery$$,$$金剛砂$$,$$Émeri$$,$$Schmirgel$$,$$16e683353f8$$);
INSERT INTO items(base_item_id, hq) VALUES(7601, false);
INSERT INTO base_items VALUES(7602,$$Star Anise$$,$$スターアニス$$,$$Anis étoilé$$,$$Sternanis$$,$$6d3f1793c72$$);
INSERT INTO items(base_item_id, hq) VALUES(7602, false);
INSERT INTO base_items VALUES(7603,$$Dalamud Popoto$$,$$ダラガブポポト$$,$$Popoto de Dalamud$$,$$Dalamud-Toffel$$,$$5ba2f7be961$$);
INSERT INTO items(base_item_id, hq) VALUES(7603, false);
INSERT INTO base_items VALUES(7604,$$Royal Kukuru Bean$$,$$ロイヤルククルビーン$$,$$Fève kukuru royale$$,$$Kukuru-Bohnen Royale$$,$$e5c6217948f$$);
INSERT INTO items(base_item_id, hq) VALUES(7604, false);
INSERT INTO base_items VALUES(7605,$$Canard Breast$$,$$マグレカナールの胸肉$$,$$Magret de canard$$,$$Entenbrust$$,$$a36764cd86c$$);
INSERT INTO items(base_item_id, hq) VALUES(7605, false);
INSERT INTO base_items VALUES(7606,$$Ancient Lumber$$,$$神代木$$,$$Madrier de morta$$,$$Götterholz$$,$$a917bb98f6d$$);
INSERT INTO items(base_item_id, hq) VALUES(7606, false),(7606, true);
INSERT INTO base_items VALUES(7607,$$Wolfram Ingot$$,$$ウォルフラムインゴット$$,$$Lingot de tungstène$$,$$Wolfram$$,$$fc729074d2a$$);
INSERT INTO items(base_item_id, hq) VALUES(7607, false),(7607, true);
INSERT INTO base_items VALUES(7608,$$Saurian Leather$$,$$ソーリアンレザー$$,$$Cuir de saurien$$,$$Echsenleder$$,$$3d3178a29ac$$);
INSERT INTO items(base_item_id, hq) VALUES(7608, false),(7608, true);
INSERT INTO base_items VALUES(7609,$$Cashmere Cloth$$,$$カシミヤ織物$$,$$Étoffe de cachemire$$,$$Kaschmir$$,$$5dfff8f955c$$);
INSERT INTO items(base_item_id, hq) VALUES(7609, false),(7609, true);
INSERT INTO base_items VALUES(7620,$$Diluted Vitriol$$,$$希硫酸$$,$$Vitriol dilué$$,$$Verdünnte Schwefelsäure$$,$$e7abf3fdc2f$$);
INSERT INTO items(base_item_id, hq) VALUES(7620, false),(7620, true);
INSERT INTO base_items VALUES(7621,$$Glamour Dispeller$$,$$ミラージュディスペラー$$,$$Dissipateur de mirage$$,$$Entprojizierungs-Kristall$$,$$6d5e25c2fb9$$);
INSERT INTO items(base_item_id, hq) VALUES(7621, false);
INSERT INTO base_items VALUES(7622,$$Grade 1 Glamour Prism (Woodworking)$$,$$ミラージュプリズムG1:ウッドワーク$$,$$Prisme mirage I (menuiserie)$$,$$Zimmerer-Projektionsprisma I$$,$$8c652c52a6d$$);
INSERT INTO items(base_item_id, hq) VALUES(7622, false);
INSERT INTO base_items VALUES(7623,$$Grade 2 Glamour Prism (Woodworking)$$,$$ミラージュプリズムG2:ウッドワーク$$,$$Prisme mirage II (menuiserie)$$,$$Zimmerer-Projektionsprisma II$$,$$0f03b7eeeef$$);
INSERT INTO items(base_item_id, hq) VALUES(7623, false);
INSERT INTO base_items VALUES(7624,$$Grade 3 Glamour Prism (Woodworking)$$,$$ミラージュプリズムG3:ウッドワーク$$,$$Prisme mirage III (menuiserie)$$,$$Zimmerer-Projektionsprisma III$$,$$8195903300b$$);
INSERT INTO items(base_item_id, hq) VALUES(7624, false);
INSERT INTO base_items VALUES(7625,$$Grade 4 Glamour Prism (Woodworking)$$,$$ミラージュプリズムG4:ウッドワーク$$,$$Prisme mirage IV (menuiserie)$$,$$Zimmerer-Projektionsprisma IV$$,$$7c1e05ce2d7$$);
INSERT INTO items(base_item_id, hq) VALUES(7625, false);
INSERT INTO base_items VALUES(7626,$$Grade 5 Glamour Prism (Woodworking)$$,$$ミラージュプリズムG5:ウッドワーク$$,$$Prisme mirage V (menuiserie)$$,$$Zimmerer-Projektionsprisma V$$,$$57f35f72020$$);
INSERT INTO items(base_item_id, hq) VALUES(7626, false);
INSERT INTO base_items VALUES(7629,$$Grade 1 Glamour Prism (Smithing)$$,$$ミラージュプリズムG1:スミシング$$,$$Prisme mirage I (métallurgie)$$,$$Grobschmiede-Projektionsprisma I$$,$$76ae284b5ab$$);
INSERT INTO items(base_item_id, hq) VALUES(7629, false);
INSERT INTO base_items VALUES(7630,$$Grade 2 Glamour Prism (Smithing)$$,$$ミラージュプリズムG2:スミシング$$,$$Prisme mirage II (métallurgie)$$,$$Grobschmiede-Projektionsprisma II$$,$$dbf42d74ce6$$);
INSERT INTO items(base_item_id, hq) VALUES(7630, false);
INSERT INTO base_items VALUES(7631,$$Grade 3 Glamour Prism (Smithing)$$,$$ミラージュプリズムG3:スミシング$$,$$Prisme mirage III (métallurgie)$$,$$Grobschmiede-Projektionsprisma III$$,$$5365695f3b2$$);
INSERT INTO items(base_item_id, hq) VALUES(7631, false);
INSERT INTO base_items VALUES(7632,$$Grade 4 Glamour Prism (Smithing)$$,$$ミラージュプリズムG4:スミシング$$,$$Prisme mirage IV (métallurgie)$$,$$Grobschmiede-Projektionsprisma IV$$,$$caac2ed3977$$);
INSERT INTO items(base_item_id, hq) VALUES(7632, false);
INSERT INTO base_items VALUES(7633,$$Grade 5 Glamour Prism (Smithing)$$,$$ミラージュプリズムG5:スミシング$$,$$Prisme mirage V (métallurgie)$$,$$Grobschmiede-Projektionsprisma V$$,$$7a165f8ff05$$);
INSERT INTO items(base_item_id, hq) VALUES(7633, false);
INSERT INTO base_items VALUES(7636,$$Grade 1 Glamour Prism (Armorcraft)$$,$$ミラージュプリズムG1:メタルワーク$$,$$Prisme mirage I (armurerie)$$,$$Plattner-Projektionsprisma I$$,$$29e50f034a0$$);
INSERT INTO items(base_item_id, hq) VALUES(7636, false);
INSERT INTO base_items VALUES(7637,$$Grade 2 Glamour Prism (Armorcraft)$$,$$ミラージュプリズムG2:メタルワーク$$,$$Prisme mirage II (armurerie)$$,$$Plattner-Projektionsprisma II$$,$$c15f39fb4dd$$);
INSERT INTO items(base_item_id, hq) VALUES(7637, false);
INSERT INTO base_items VALUES(7638,$$Grade 3 Glamour Prism (Armorcraft)$$,$$ミラージュプリズムG3:メタルワーク$$,$$Prisme mirage III (armurerie)$$,$$Plattner-Projektionsprisma III$$,$$37a2026e22c$$);
INSERT INTO items(base_item_id, hq) VALUES(7638, false);
INSERT INTO base_items VALUES(7639,$$Grade 4 Glamour Prism (Armorcraft)$$,$$ミラージュプリズムG4:メタルワーク$$,$$Prisme mirage IV (armurerie)$$,$$Plattner-Projektionsprisma IV$$,$$8fcdcc81a65$$);
INSERT INTO items(base_item_id, hq) VALUES(7639, false);
INSERT INTO base_items VALUES(7640,$$Grade 5 Glamour Prism (Armorcraft)$$,$$ミラージュプリズムG5:メタルワーク$$,$$Prisme mirage V (armurerie)$$,$$Plattner-Projektionsprisma V$$,$$48890f11940$$);
INSERT INTO items(base_item_id, hq) VALUES(7640, false);
INSERT INTO base_items VALUES(7643,$$Grade 1 Glamour Prism (Goldsmithing)$$,$$ミラージュプリズムG1:ゴールドワーク$$,$$Prisme mirage I (orfèvrerie)$$,$$Goldschmiede-Projektionsprisma I$$,$$54e502058f7$$);
INSERT INTO items(base_item_id, hq) VALUES(7643, false);
INSERT INTO base_items VALUES(7644,$$Grade 2 Glamour Prism (Goldsmithing)$$,$$ミラージュプリズムG2:ゴールドワーク$$,$$Prisme mirage II (orfèvrerie)$$,$$Goldschmiede-Projektionsprisma II$$,$$c44b7fe7e17$$);
INSERT INTO items(base_item_id, hq) VALUES(7644, false);
INSERT INTO base_items VALUES(7645,$$Grade 3 Glamour Prism (Goldsmithing)$$,$$ミラージュプリズムG3:ゴールドワーク$$,$$Prisme mirage III (orfèvrerie)$$,$$Goldschmiede-Projektionsprisma III$$,$$a4588ea608b$$);
INSERT INTO items(base_item_id, hq) VALUES(7645, false);
INSERT INTO base_items VALUES(7646,$$Grade 4 Glamour Prism (Goldsmithing)$$,$$ミラージュプリズムG4:ゴールドワーク$$,$$Prisme mirage IV (orfèvrerie)$$,$$Goldschmiede-Projektionsprisma IV$$,$$d39e27b063d$$);
INSERT INTO items(base_item_id, hq) VALUES(7646, false);
INSERT INTO base_items VALUES(7647,$$Grade 5 Glamour Prism (Goldsmithing)$$,$$ミラージュプリズムG5:ゴールドワーク$$,$$Prisme mirage V (orfèvrerie)$$,$$Goldschmiede-Projektionsprisma V$$,$$c2623d942f1$$);
INSERT INTO items(base_item_id, hq) VALUES(7647, false);
INSERT INTO base_items VALUES(7650,$$Grade 1 Glamour Prism (Leatherworking)$$,$$ミラージュプリズムG1:レザーワーク$$,$$Prisme mirage I (tannerie)$$,$$Gerber-Projektionsprisma I$$,$$ca601e364c7$$);
INSERT INTO items(base_item_id, hq) VALUES(7650, false);
INSERT INTO base_items VALUES(7651,$$Grade 2 Glamour Prism (Leatherworking)$$,$$ミラージュプリズムG2:レザーワーク$$,$$Prisme mirage II (tannerie)$$,$$Gerber-Projektionsprisma II$$,$$2385d540a32$$);
INSERT INTO items(base_item_id, hq) VALUES(7651, false);
INSERT INTO base_items VALUES(7652,$$Grade 3 Glamour Prism (Leatherworking)$$,$$ミラージュプリズムG3:レザーワーク$$,$$Prisme mirage III (tannerie)$$,$$Gerber-Projektionsprisma III$$,$$5307d3aff9f$$);
INSERT INTO items(base_item_id, hq) VALUES(7652, false);
INSERT INTO base_items VALUES(7653,$$Grade 4 Glamour Prism (Leatherworking)$$,$$ミラージュプリズムG4:レザーワーク$$,$$Prisme mirage IV (tannerie)$$,$$Gerber-Projektionsprisma IV$$,$$80efba9b752$$);
INSERT INTO items(base_item_id, hq) VALUES(7653, false);
INSERT INTO base_items VALUES(7654,$$Grade 5 Glamour Prism (Leatherworking)$$,$$ミラージュプリズムG5:レザーワーク$$,$$Prisme mirage V (tannerie)$$,$$Gerber-Projektionsprisma V$$,$$ee6bcc357a8$$);
INSERT INTO items(base_item_id, hq) VALUES(7654, false);
INSERT INTO base_items VALUES(7657,$$Grade 1 Glamour Prism (Clothcraft)$$,$$ミラージュプリズムG1:ニードルワーク$$,$$Prisme mirage I (couture)$$,$$Weber-Projektionsprisma I$$,$$185ad7067d0$$);
INSERT INTO items(base_item_id, hq) VALUES(7657, false);
INSERT INTO base_items VALUES(7658,$$Grade 2 Glamour Prism (Clothcraft)$$,$$ミラージュプリズムG2:ニードルワーク$$,$$Prisme mirage II (couture)$$,$$Weber-Projektionsprisma II$$,$$4e8f1c32e56$$);
INSERT INTO items(base_item_id, hq) VALUES(7658, false);
INSERT INTO base_items VALUES(7659,$$Grade 3 Glamour Prism (Clothcraft)$$,$$ミラージュプリズムG3:ニードルワーク$$,$$Prisme mirage III (couture)$$,$$Weber-Projektionsprisma III$$,$$24ad34fd9e0$$);
INSERT INTO items(base_item_id, hq) VALUES(7659, false);
INSERT INTO base_items VALUES(7660,$$Grade 4 Glamour Prism (Clothcraft)$$,$$ミラージュプリズムG4:ニードルワーク$$,$$Prisme mirage IV (couture)$$,$$Weber-Projektionsprisma IV$$,$$0a5e7785850$$);
INSERT INTO items(base_item_id, hq) VALUES(7660, false);
INSERT INTO base_items VALUES(7661,$$Grade 5 Glamour Prism (Clothcraft)$$,$$ミラージュプリズムG5:ニードルワーク$$,$$Prisme mirage V (couture)$$,$$Weber-Projektionsprisma V$$,$$e2735b99a65$$);
INSERT INTO items(base_item_id, hq) VALUES(7661, false);
INSERT INTO base_items VALUES(7664,$$Grade 1 Glamour Prism (Alchemy)$$,$$ミラージュプリズムG1:アルケミー$$,$$Prisme mirage I (alchimie)$$,$$Alchemie-Projektionsprisma I$$,$$a7bc0b35b82$$);
INSERT INTO items(base_item_id, hq) VALUES(7664, false);
INSERT INTO base_items VALUES(7665,$$Grade 2 Glamour Prism (Alchemy)$$,$$ミラージュプリズムG2:アルケミー$$,$$Prisme mirage II (alchimie)$$,$$Alchemie-Projektionsprisma II$$,$$19c5ac68f49$$);
INSERT INTO items(base_item_id, hq) VALUES(7665, false);
INSERT INTO base_items VALUES(7666,$$Grade 3 Glamour Prism (Alchemy)$$,$$ミラージュプリズムG3:アルケミー$$,$$Prisme mirage III (alchimie)$$,$$Alchemie-Projektionsprisma III$$,$$e44649d7752$$);
INSERT INTO items(base_item_id, hq) VALUES(7666, false);
INSERT INTO base_items VALUES(7667,$$Grade 4 Glamour Prism (Alchemy)$$,$$ミラージュプリズムG4:アルケミー$$,$$Prisme mirage IV (alchimie)$$,$$Alchemie-Projektionsprisma IV$$,$$2852d3f4d20$$);
INSERT INTO items(base_item_id, hq) VALUES(7667, false);
INSERT INTO base_items VALUES(7668,$$Grade 5 Glamour Prism (Alchemy)$$,$$ミラージュプリズムG5:アルケミー$$,$$Prisme mirage V (alchimie)$$,$$Alchemie-Projektionsprisma V$$,$$1863cb533b0$$);
INSERT INTO items(base_item_id, hq) VALUES(7668, false);
INSERT INTO base_items VALUES(7671,$$Grade 1 Clear Prism$$,$$クリアプリズムG1$$,$$Prisme incolore I$$,$$Naturreines Prisma I$$,$$7c36dfd57e5$$);
INSERT INTO items(base_item_id, hq) VALUES(7671, false);
INSERT INTO base_items VALUES(7672,$$Grade 2 Clear Prism$$,$$クリアプリズムG2$$,$$Prisme incolore II$$,$$Naturreines Prisma II$$,$$82886f6852b$$);
INSERT INTO items(base_item_id, hq) VALUES(7672, false);
INSERT INTO base_items VALUES(7673,$$Grade 3 Clear Prism$$,$$クリアプリズムG3$$,$$Prisme incolore III$$,$$Naturreines Prisma III$$,$$5bd74f54b0c$$);
INSERT INTO items(base_item_id, hq) VALUES(7673, false);
INSERT INTO base_items VALUES(7674,$$Grade 4 Clear Prism$$,$$クリアプリズムG4$$,$$Prisme incolore IV$$,$$Naturreines Prisma IV$$,$$eb7b41ca1f5$$);
INSERT INTO items(base_item_id, hq) VALUES(7674, false);
INSERT INTO base_items VALUES(7675,$$Grade 5 Clear Prism$$,$$クリアプリズムG5$$,$$Prisme incolore V$$,$$Naturreines Prisma V$$,$$fafeaaed161$$);
INSERT INTO items(base_item_id, hq) VALUES(7675, false);
INSERT INTO base_items VALUES(7678,$$Zalera$$,$$ザルエラ$$,$$Zaléra$$,$$Zalhera$$,$$fadd71dfdd6$$);
INSERT INTO items(base_item_id, hq) VALUES(7678, false),(7678, true);
INSERT INTO base_items VALUES(7679,$$Beguiler Chub$$,$$トリックスター$$,$$Chevesne narquois$$,$$Trick-Star$$,$$e2b921d71a9$$);
INSERT INTO items(base_item_id, hq) VALUES(7679, false),(7679, true);
INSERT INTO base_items VALUES(7680,$$Oschon's Print$$,$$オシュオンプリント$$,$$Flet d'Oschon$$,$$Oschons Mal$$,$$0698cd3dacd$$);
INSERT INTO items(base_item_id, hq) VALUES(7680, false),(7680, true);
INSERT INTO base_items VALUES(7681,$$Caterwauler$$,$$オオゴエナマズ$$,$$Bagre hurleur$$,$$Kreisch-Katfisch$$,$$e54ce57390c$$);
INSERT INTO items(base_item_id, hq) VALUES(7681, false),(7681, true);
INSERT INTO base_items VALUES(7682,$$Crystal Perch$$,$$クリスタルパーチ$$,$$Perche de cristal$$,$$Kristallbarsch$$,$$6c6804e1543$$);
INSERT INTO items(base_item_id, hq) VALUES(7682, false),(7682, true);
INSERT INTO base_items VALUES(7683,$$Moldva$$,$$モルバ$$,$$Moldva$$,$$Moldva$$,$$1798da33339$$);
INSERT INTO items(base_item_id, hq) VALUES(7683, false),(7683, true);
INSERT INTO base_items VALUES(7684,$$Junkmonger$$,$$ジャンクモンガー$$,$$Baudroie éboueuse$$,$$Firlflossler$$,$$27a3e715b0f$$);
INSERT INTO items(base_item_id, hq) VALUES(7684, false),(7684, true);
INSERT INTO base_items VALUES(7685,$$Goldenfin$$,$$ゴールデンフィン$$,$$Papillon d'or$$,$$Goldflosse$$,$$50fb1847e4f$$);
INSERT INTO items(base_item_id, hq) VALUES(7685, false),(7685, true);
INSERT INTO base_items VALUES(7686,$$Gigantshark$$,$$ギガシャーク$$,$$Giga requin$$,$$Gigahai$$,$$35b3b8d16ec$$);
INSERT INTO items(base_item_id, hq) VALUES(7686, false),(7686, true);
INSERT INTO base_items VALUES(7687,$$Armorer$$,$$スケーリーフット$$,$$Conquedure$$,$$Panzerschuppe$$,$$2a50e4baf91$$);
INSERT INTO items(base_item_id, hq) VALUES(7687, false),(7687, true);
INSERT INTO base_items VALUES(7688,$$Great Gudgeon$$,$$スナガクレ$$,$$Goujon espion$$,$$Großer Gründling$$,$$94577b3ab0f$$);
INSERT INTO items(base_item_id, hq) VALUES(7688, false),(7688, true);
INSERT INTO base_items VALUES(7689,$$Dark Knight$$,$$ダークナイト$$,$$Chevalier noir$$,$$Dunkler Ritter$$,$$ac9a44578d6$$);
INSERT INTO items(base_item_id, hq) VALUES(7689, false),(7689, true);
INSERT INTO base_items VALUES(7691,$$Sabertooth Cod$$,$$サーベルタイガーコッド$$,$$Morue à dents de sabre$$,$$Säbelzahndorsch$$,$$89a26088f56$$);
INSERT INTO items(base_item_id, hq) VALUES(7691, false),(7691, true);
INSERT INTO base_items VALUES(7692,$$Dream Goby$$,$$ドリームゴビー$$,$$Gobie de rêve$$,$$Traumgrundel$$,$$9bec3ae9304$$);
INSERT INTO items(base_item_id, hq) VALUES(7692, false),(7692, true);
INSERT INTO base_items VALUES(7694,$$Dark Ambusher$$,$$ダークアンブッシャー$$,$$Gobie assassin$$,$$Schlummerdieb$$,$$7e5ea53d22e$$);
INSERT INTO items(base_item_id, hq) VALUES(7694, false),(7694, true);
INSERT INTO base_items VALUES(7695,$$Judgeray$$,$$ジャッジレイ$$,$$Raie juge$$,$$Judikar$$,$$81373933f48$$);
INSERT INTO items(base_item_id, hq) VALUES(7695, false),(7695, true);
INSERT INTO base_items VALUES(7696,$$Bloody Brewer$$,$$ブラッディブルワー$$,$$Pipira sanguinaire$$,$$Blutbrauer$$,$$8977c8ced57$$);
INSERT INTO items(base_item_id, hq) VALUES(7696, false),(7696, true);
INSERT INTO base_items VALUES(7697,$$Faerie Queen$$,$$フェアリークィーン$$,$$Reine des fées$$,$$Feenkönigin$$,$$105f0e3ff59$$);
INSERT INTO items(base_item_id, hq) VALUES(7697, false),(7697, true);
INSERT INTO base_items VALUES(7698,$$Slime King$$,$$ヌルヌルキング$$,$$Roi gluant$$,$$Glibberkönig$$,$$fa48d7bc63c$$);
INSERT INTO items(base_item_id, hq) VALUES(7698, false),(7698, true);
INSERT INTO base_items VALUES(7699,$$Blue Widow$$,$$ブルーウィドー$$,$$Veuve indigo$$,$$Blaue Witwe$$,$$ed8d77592dd$$);
INSERT INTO items(base_item_id, hq) VALUES(7699, false),(7699, true);
INSERT INTO base_items VALUES(7700,$$Ghost Carp$$,$$人面魚$$,$$Carpe fantôme$$,$$Geisterkarpfen$$,$$65e7773f41f$$);
INSERT INTO items(base_item_id, hq) VALUES(7700, false),(7700, true);
INSERT INTO base_items VALUES(7701,$$Carp Diem$$,$$意地ブナ$$,$$Carpe diem$$,$$Starrkarpfen$$,$$c7fefa94226$$);
INSERT INTO items(base_item_id, hq) VALUES(7701, false),(7701, true);
INSERT INTO base_items VALUES(7702,$$Mud Pilgrim$$,$$マッドピルグリム$$,$$Pèlerin de vase$$,$$Schlammpilger$$,$$44ddf057ca8$$);
INSERT INTO items(base_item_id, hq) VALUES(7702, false),(7702, true);
INSERT INTO base_items VALUES(7703,$$Old Softie$$,$$オールドソフティ$$,$$Vieille Molly$$,$$Alter Weichling$$,$$9c602526aa7$$);
INSERT INTO items(base_item_id, hq) VALUES(7703, false),(7703, true);
INSERT INTO base_items VALUES(7704,$$Marrow Sucker$$,$$ジンコツシャブリ$$,$$Escargot nécrophage$$,$$Knochenschlecker$$,$$30e78485c70$$);
INSERT INTO items(base_item_id, hq) VALUES(7704, false),(7704, true);
INSERT INTO base_items VALUES(7705,$$Chirurgeon$$,$$カイラージョン$$,$$Chirurgien$$,$$Chirucea$$,$$d735882a249$$);
INSERT INTO items(base_item_id, hq) VALUES(7705, false),(7705, true);
INSERT INTO base_items VALUES(7706,$$Mud Golem$$,$$マッドゴーレム$$,$$Golem de vase$$,$$Schlickgolem$$,$$0c1d981eb9f$$);
INSERT INTO items(base_item_id, hq) VALUES(7706, false),(7706, true);
INSERT INTO base_items VALUES(7707,$$Octomammoth$$,$$メガオクトパス$$,$$Mégalopoulpe$$,$$Oktoboss$$,$$6b6b092ac36$$);
INSERT INTO items(base_item_id, hq) VALUES(7707, false),(7707, true);
INSERT INTO base_items VALUES(7708,$$Matron Carp$$,$$マトロンカープ$$,$$Carpe maîtresse$$,$$Matronenkarpfen$$,$$be3647b8aa7$$);
INSERT INTO items(base_item_id, hq) VALUES(7708, false),(7708, true);
INSERT INTO base_items VALUES(7709,$$High Perch$$,$$ハイパーチ$$,$$Grande perche$$,$$Turmbarsch$$,$$043add21ab9$$);
INSERT INTO items(base_item_id, hq) VALUES(7709, false),(7709, true);
INSERT INTO base_items VALUES(7710,$$Syldra$$,$$シルドラ$$,$$Syldra$$,$$Syldra$$,$$231a8246f71$$);
INSERT INTO items(base_item_id, hq) VALUES(7710, false),(7710, true);
INSERT INTO base_items VALUES(7711,$$Rivet Oyster$$,$$リベットオイスター$$,$$Huître rivet$$,$$Nietenauster$$,$$bbb79a26410$$);
INSERT INTO items(base_item_id, hq) VALUES(7711, false),(7711, true);
INSERT INTO base_items VALUES(7712,$$Jacques the Snipper$$,$$ザ・リッパー$$,$$Jacques l'écorcheur$$,$$Jens der Schnipper$$,$$71e8e454911$$);
INSERT INTO items(base_item_id, hq) VALUES(7712, false),(7712, true);
INSERT INTO base_items VALUES(7713,$$Stormdancer$$,$$招嵐王$$,$$Poisson rafale$$,$$Sturmtänzer$$,$$183dab03813$$);
INSERT INTO items(base_item_id, hq) VALUES(7713, false),(7713, true);
INSERT INTO base_items VALUES(7714,$$Glimmerscale$$,$$銅鏡$$,$$Cyprin de platine$$,$$Glimmerschuppe$$,$$b402ad8f18c$$);
INSERT INTO items(base_item_id, hq) VALUES(7714, false),(7714, true);
INSERT INTO base_items VALUES(7715,$$Paprika Seeds$$,$$パプリカの種$$,$$Graines de paprika$$,$$Paprikasamen$$,$$60da3cc0dbd$$);
INSERT INTO items(base_item_id, hq) VALUES(7715, false);
INSERT INTO base_items VALUES(7716,$$Wild Onion Set$$,$$ワイルドオニオンの種球根$$,$$Bulbe d'oignon sauvage$$,$$Wildzwiebelsamen$$,$$b2128e884c9$$);
INSERT INTO items(base_item_id, hq) VALUES(7716, false);
INSERT INTO base_items VALUES(7717,$$Coerthan Carrot Seeds$$,$$クルザスカロットの種$$,$$Graines de carotte du Coerthas$$,$$Karottensamen$$,$$d96a1df1b4c$$);
INSERT INTO items(base_item_id, hq) VALUES(7717, false);
INSERT INTO base_items VALUES(7718,$$La Noscean Lettuce Seeds$$,$$ラノシアレタスの種$$,$$Graines de laitue noscéenne$$,$$Kopfsalatsamen$$,$$410ae6b585a$$);
INSERT INTO items(base_item_id, hq) VALUES(7718, false);
INSERT INTO base_items VALUES(7719,$$Olive Seeds$$,$$オリーヴの種$$,$$Graines d'olive cendrée$$,$$Olivenkerne$$,$$5d6dd89808a$$);
INSERT INTO items(base_item_id, hq) VALUES(7719, false);
INSERT INTO base_items VALUES(7720,$$Popoto Set$$,$$ポポトの種芋$$,$$Tubercule de popoto$$,$$Toffel-Knollen$$,$$404b8bc6a7e$$);
INSERT INTO items(base_item_id, hq) VALUES(7720, false);
INSERT INTO base_items VALUES(7721,$$Millioncorn Seeds$$,$$ミリオンコーンの種$$,$$Graines de milli-maïs$$,$$Millionenmais-Samen$$,$$769a29c875a$$);
INSERT INTO items(base_item_id, hq) VALUES(7721, false);
INSERT INTO base_items VALUES(7722,$$Wizard Eggplant Seeds$$,$$エッグプラントの種$$,$$Graines d'aubergine du mage$$,$$Auberginensamen$$,$$e59105d568c$$);
INSERT INTO items(base_item_id, hq) VALUES(7722, false);
INSERT INTO base_items VALUES(7723,$$Midland Cabbage Seeds$$,$$ミッドランドキャベツの種$$,$$Graines de chou hyurois$$,$$Wiesland-Kohlkopfsamen$$,$$a8c132c6d0e$$);
INSERT INTO items(base_item_id, hq) VALUES(7723, false);
INSERT INTO base_items VALUES(7724,$$Dzemael Tomato Seeds$$,$$ゼーメルトマトの種$$,$$Graines de tomate Dzemael$$,$$Dzemael-Tomatensamen$$,$$a64400353bf$$);
INSERT INTO items(base_item_id, hq) VALUES(7724, false);
INSERT INTO base_items VALUES(7725,$$La Noscean Orange Seeds$$,$$ラノシアオレンジの種$$,$$Graines d'oranger noscéen$$,$$La Noscea-Orangenkerne$$,$$816ac40a4ec$$);
INSERT INTO items(base_item_id, hq) VALUES(7725, false);
INSERT INTO base_items VALUES(7726,$$Lowland Grape Seeds$$,$$ローランドグレープの種$$,$$Graines de raisin des plaines$$,$$Tieflandtrauben-Kerne$$,$$ad6fc20189a$$);
INSERT INTO items(base_item_id, hq) VALUES(7726, false);
INSERT INTO base_items VALUES(7727,$$Faerie Apple Seeds$$,$$フェアリーアップルの種$$,$$Graines de pommier de fée$$,$$Feenapfel-Kerne$$,$$c9fbe71cb0c$$);
INSERT INTO items(base_item_id, hq) VALUES(7727, false);
INSERT INTO base_items VALUES(7728,$$Sun Lemon Seeds$$,$$サンレモンの種$$,$$Graines de citronnier soleil$$,$$Sonnenzitronenkerne$$,$$de8d369f318$$);
INSERT INTO items(base_item_id, hq) VALUES(7728, false);
INSERT INTO base_items VALUES(7729,$$Pixie Plum Seeds$$,$$ピクシープラムの種$$,$$Graines de prunier sylphe$$,$$Pflaumenkerne$$,$$4ea1c0084ca$$);
INSERT INTO items(base_item_id, hq) VALUES(7729, false);
INSERT INTO base_items VALUES(7730,$$Blood Currant Seeds$$,$$ブラッドカーラントの種$$,$$Graines de groseillier sanguin$$,$$Blutbeeren-Samen$$,$$f26263e7b03$$);
INSERT INTO items(base_item_id, hq) VALUES(7730, false);
INSERT INTO base_items VALUES(7731,$$Mirror Apple Seeds$$,$$シャインアップルの種$$,$$Graines de pommier luisant$$,$$Spiegelapfel-Kerne$$,$$addefcabfe2$$);
INSERT INTO items(base_item_id, hq) VALUES(7731, false);
INSERT INTO base_items VALUES(7732,$$Rolanberry Seeds$$,$$ロランベリーの種$$,$$Graines de rolanbaie$$,$$Rolanbeeren-Samen$$,$$c8f970a3d8b$$);
INSERT INTO items(base_item_id, hq) VALUES(7732, false);
INSERT INTO base_items VALUES(7733,$$Honey Lemon Seeds$$,$$ハニーレモンの種$$,$$Graines de citronnier miel$$,$$Honigzitronenkerne$$,$$44e70ca67eb$$);
INSERT INTO items(base_item_id, hq) VALUES(7733, false);
INSERT INTO base_items VALUES(7734,$$Prickly Pineapple Seeds$$,$$パイナップルの種$$,$$Graines d'ananas épineux$$,$$Ananassamen$$,$$5b3b45f1a33$$);
INSERT INTO items(base_item_id, hq) VALUES(7734, false);
INSERT INTO base_items VALUES(7735,$$Garlic Cloves$$,$$ガーリックの種球根$$,$$Graines d'ail garlemaldais$$,$$Knoblauch-Zwiebeln$$,$$c9f6ca66596$$);
INSERT INTO items(base_item_id, hq) VALUES(7735, false);
INSERT INTO base_items VALUES(7736,$$Lavender Seeds$$,$$ラベンダーの種$$,$$Graines de lavande$$,$$Lavendelsamen$$,$$f7146391358$$);
INSERT INTO items(base_item_id, hq) VALUES(7736, false);
INSERT INTO base_items VALUES(7737,$$Black Pepper Seeds$$,$$ブラックペッパーの種$$,$$Grains de poivre noir$$,$$Schwarzer Pfeffer-Samen$$,$$781c3a4480b$$);
INSERT INTO items(base_item_id, hq) VALUES(7737, false);
INSERT INTO base_items VALUES(7738,$$Ala Mhigan Mustard Seeds$$,$$アラミゴマスタードの種$$,$$Graines de moutarde mhigoise$$,$$Mhigischer Senf-Samen$$,$$084e53c91ad$$);
INSERT INTO items(base_item_id, hq) VALUES(7738, false);
INSERT INTO base_items VALUES(7739,$$Pearl Ginger Root$$,$$パールジンジャーの種生姜$$,$$Rhizome de gingembre perlé$$,$$Perleningwer-Wurzeln$$,$$3eaeef1d282$$);
INSERT INTO items(base_item_id, hq) VALUES(7739, false);
INSERT INTO base_items VALUES(7740,$$Chamomile Seeds$$,$$カモミールの種$$,$$Graines de camomille$$,$$Kamillensamen$$,$$70737f8f9eb$$);
INSERT INTO items(base_item_id, hq) VALUES(7740, false);
INSERT INTO base_items VALUES(7741,$$Linseed$$,$$亜麻の種$$,$$Graines de lin$$,$$Leinsamen$$,$$48c14f8ceae$$);
INSERT INTO items(base_item_id, hq) VALUES(7741, false);
INSERT INTO base_items VALUES(7742,$$Midland Basil Seeds$$,$$ミッドランドバジルの種$$,$$Graines de basilic hyurois$$,$$Wieslandbasilikum-Samen$$,$$774daeb2813$$);
INSERT INTO items(base_item_id, hq) VALUES(7742, false);
INSERT INTO base_items VALUES(7743,$$Mandrake Seeds$$,$$マンドレイクの種$$,$$Graines de mandragore$$,$$Alraunwurzel-Samen$$,$$bb7e34a90a6$$);
INSERT INTO items(base_item_id, hq) VALUES(7743, false);
INSERT INTO base_items VALUES(7744,$$Almond Seeds$$,$$アーモンドの種$$,$$Graines d'amandier$$,$$Mandelkerne$$,$$9f2741444b0$$);
INSERT INTO items(base_item_id, hq) VALUES(7744, false);
INSERT INTO base_items VALUES(7745,$$Halone Gerbera Seeds$$,$$ハルオーネガーベラの種$$,$$Graines de gerbera de Halone$$,$$Halone-Gerberasamen$$,$$fa220f924f5$$);
INSERT INTO items(base_item_id, hq) VALUES(7745, false);
INSERT INTO base_items VALUES(7746,$$Azeyma Rose Seeds$$,$$アーゼマローズの種$$,$$Graines de rosier d'Azeyma$$,$$Azeyma-Rosensamen$$,$$55f303d5c70$$);
INSERT INTO items(base_item_id, hq) VALUES(7746, false);
INSERT INTO base_items VALUES(7747,$$Nymeia Lily Seeds$$,$$ニメーヤリリーの種$$,$$Graines de lys de Nymeia$$,$$Nymeia-Liliensamen$$,$$0d63d96f854$$);
INSERT INTO items(base_item_id, hq) VALUES(7747, false);
INSERT INTO base_items VALUES(7748,$$Star Anise Seeds$$,$$スターアニスの種$$,$$Graines d'anis étoilé$$,$$Sternanis-Samen$$,$$baf19c74706$$);
INSERT INTO items(base_item_id, hq) VALUES(7748, false);
INSERT INTO base_items VALUES(7749,$$Dalamud Popoto Set$$,$$ダラガブポポトの種芋$$,$$Tubercule de popoto de Dalamud$$,$$Dalamud-Toffelknollen$$,$$d7934b4eacd$$);
INSERT INTO items(base_item_id, hq) VALUES(7749, false);
INSERT INTO base_items VALUES(7750,$$Royal Kukuru Seeds$$,$$ロイヤルククルの種$$,$$Graines kukuru royal$$,$$Kukuru Royale-Samen$$,$$e2eb13cb817$$);
INSERT INTO items(base_item_id, hq) VALUES(7750, false);
INSERT INTO base_items VALUES(7751,$$Apricot Kernels$$,$$アプリコットの種$$,$$Noyaux d'abricot$$,$$Aprikosenkerne$$,$$73b40f85bf2$$);
INSERT INTO items(base_item_id, hq) VALUES(7751, false);
INSERT INTO base_items VALUES(7752,$$La Noscean Leek Seeds$$,$$ラノシアリーキの種$$,$$Graines de poireau noscéen$$,$$La Noscea-Porreesamen$$,$$ddd2b9129be$$);
INSERT INTO items(base_item_id, hq) VALUES(7752, false);
INSERT INTO base_items VALUES(7753,$$Shroud Tea Seeds$$,$$ティノルカ茶樹の種$$,$$Graines de théier de Tinolqa$$,$$Gridanische Teesamen$$,$$1dbb7777599$$);
INSERT INTO items(base_item_id, hq) VALUES(7753, false);
INSERT INTO base_items VALUES(7754,$$Umbrella Fig Seeds$$,$$アンブレラフィグの種$$,$$Graines de figuier parasol$$,$$Schirmfeigen-Samen$$,$$07c6db7c0cd$$);
INSERT INTO items(base_item_id, hq) VALUES(7754, false);
INSERT INTO base_items VALUES(7755,$$Jute Seeds$$,$$黄麻の種$$,$$Graines de jute$$,$$Jute-Samen$$,$$bbeddd0b1c7$$);
INSERT INTO items(base_item_id, hq) VALUES(7755, false);
INSERT INTO base_items VALUES(7756,$$Glazenut Seeds$$,$$グレイズナッツの種$$,$$Graines de noyer luisant$$,$$Glanznuss-Samen$$,$$9206d08f827$$);
INSERT INTO items(base_item_id, hq) VALUES(7756, false);
INSERT INTO base_items VALUES(7757,$$Broombush Seeds$$,$$ホウキグサの種$$,$$Graines de genêt$$,$$Ginster-Samen$$,$$08ade01d852$$);
INSERT INTO items(base_item_id, hq) VALUES(7757, false);
INSERT INTO base_items VALUES(7758,$$Grade 1 La Noscean Topsoil$$,$$ラノシアンソイルG1$$,$$Terreau noscéen I$$,$$La Noscea-Humus I$$,$$6a5d64f1e10$$);
INSERT INTO items(base_item_id, hq) VALUES(7758, false);
INSERT INTO base_items VALUES(7759,$$Grade 2 La Noscean Topsoil$$,$$ラノシアンソイルG2$$,$$Terreau noscéen II$$,$$La Noscea-Humus II$$,$$841d18e0383$$);
INSERT INTO items(base_item_id, hq) VALUES(7759, false);
INSERT INTO base_items VALUES(7760,$$Grade 3 La Noscean Topsoil$$,$$ラノシアンソイルG3$$,$$Terreau noscéen III$$,$$La Noscea-Humus III$$,$$bbe99db4d56$$);
INSERT INTO items(base_item_id, hq) VALUES(7760, false);
INSERT INTO base_items VALUES(7761,$$Grade 1 Shroud Topsoil$$,$$シュラウドソイルG1$$,$$Terreau sombrelinçois I$$,$$Finsterwald-Humus I$$,$$fb0c7c29364$$);
INSERT INTO items(base_item_id, hq) VALUES(7761, false);
INSERT INTO base_items VALUES(7762,$$Grade 2 Shroud Topsoil$$,$$シュラウドソイルG2$$,$$Terreau sombrelinçois II$$,$$Finsterwald-Humus II$$,$$cf8b6ea54b3$$);
INSERT INTO items(base_item_id, hq) VALUES(7762, false);
INSERT INTO base_items VALUES(7763,$$Grade 3 Shroud Topsoil$$,$$シュラウドソイルG3$$,$$Terreau sombrelinçois III$$,$$Finsterwald-Humus III$$,$$16ab5e814a6$$);
INSERT INTO items(base_item_id, hq) VALUES(7763, false);
INSERT INTO base_items VALUES(7764,$$Grade 1 Thanalan Topsoil$$,$$ザナラーンソイルG1$$,$$Terreau thanalanais I$$,$$Thanalan-Humus I$$,$$592933e265a$$);
INSERT INTO items(base_item_id, hq) VALUES(7764, false);
INSERT INTO base_items VALUES(7765,$$Grade 2 Thanalan Topsoil$$,$$ザナラーンソイルG2$$,$$Terreau thanalanais II$$,$$Thanalan-Humus II$$,$$7015a68e0e9$$);
INSERT INTO items(base_item_id, hq) VALUES(7765, false);
INSERT INTO base_items VALUES(7766,$$Grade 3 Thanalan Topsoil$$,$$ザナラーンソイルG3$$,$$Terreau thanalanais III$$,$$Thanalan-Humus III$$,$$99c182660c9$$);
INSERT INTO items(base_item_id, hq) VALUES(7766, false);
INSERT INTO base_items VALUES(7767,$$Fishmeal$$,$$魚粉$$,$$Farine de poisson$$,$$Fischmehl$$,$$0ad09c1e3fe$$);
INSERT INTO items(base_item_id, hq) VALUES(7767, false);
INSERT INTO base_items VALUES(7768,$$Halone Gerbera$$,$$ハルオーネガーベラ$$,$$Gerbera de Halone$$,$$Halone-Gerbera$$,$$c7baa26ac6c$$);
INSERT INTO items(base_item_id, hq) VALUES(7768, false);
INSERT INTO base_items VALUES(7769,$$Azeyma Rose$$,$$アーゼマローズ$$,$$Rose d'Azeyma$$,$$Azeyma-Rose$$,$$8577e552e21$$);
INSERT INTO items(base_item_id, hq) VALUES(7769, false);
INSERT INTO base_items VALUES(7770,$$Nymeia Lily$$,$$ニメーヤリリー$$,$$Lys de Nymeia$$,$$Nymeia-Lilie$$,$$2c16f27c3a0$$);
INSERT INTO items(base_item_id, hq) VALUES(7770, false);
INSERT INTO base_items VALUES(7771,$$Dress Material$$,$$ドレス生地$$,$$Étoffe de robe$$,$$Kleiderstoff$$,$$4c2c10a7de9$$);
INSERT INTO items(base_item_id, hq) VALUES(7771, false);
INSERT INTO base_items VALUES(7772,$$Mariner Cotton Cloth$$,$$耐水綿布$$,$$Étoffe de coton imperméable$$,$$Seemann-Baumwolle$$,$$a270f66e66e$$);
INSERT INTO items(base_item_id, hq) VALUES(7772, false);
INSERT INTO base_items VALUES(7773,$$Umbrella Fig$$,$$アンブレラフィグ$$,$$Branche de figuier parasol$$,$$Schirmfeige$$,$$37fa9e091fb$$);
INSERT INTO items(base_item_id, hq) VALUES(7773, false);
INSERT INTO base_items VALUES(7774,$$Jute$$,$$黄麻$$,$$Jute$$,$$Jute$$,$$82735f6ffd5$$);
INSERT INTO items(base_item_id, hq) VALUES(7774, false);
INSERT INTO base_items VALUES(7775,$$Glazenut$$,$$グレイズナッツ$$,$$Noix luisante$$,$$Glanznuss$$,$$be93cfbdcfd$$);
INSERT INTO items(base_item_id, hq) VALUES(7775, false);
INSERT INTO base_items VALUES(7776,$$Broombush$$,$$ホウキグサ$$,$$Genêt$$,$$Ginsterstrauch$$,$$b156b6139b4$$);
INSERT INTO items(base_item_id, hq) VALUES(7776, false);
INSERT INTO base_items VALUES(7777,$$Jute Yarn$$,$$ジュート繊維$$,$$Toile de jute$$,$$Jutegarn$$,$$3e691804288$$);
INSERT INTO items(base_item_id, hq) VALUES(7777, false),(7777, true);
INSERT INTO base_items VALUES(7794,$$Light Steel Plate$$,$$ライトスチールプレート$$,$$Plaque d'acier léger$$,$$Leichtstahl$$,$$21c2f2b6e76$$);
INSERT INTO items(base_item_id, hq) VALUES(7794, false);
INSERT INTO base_items VALUES(7795,$$Taffeta Cloth$$,$$タフタ織物$$,$$Étoffe de taffetas$$,$$Taft$$,$$94b5659d47b$$);
INSERT INTO items(base_item_id, hq) VALUES(7795, false);
INSERT INTO base_items VALUES(7806,$$Tawny Latex$$,$$トーニーラテックス$$,$$Latex fauve$$,$$Lohenlatex$$,$$63709436feb$$);
INSERT INTO items(base_item_id, hq) VALUES(7806, false);
INSERT INTO base_items VALUES(7807,$$Terminus Putty$$,$$テルミヌスパテ$$,$$Mastic terminus$$,$$Terminus-Kitt$$,$$efc57706562$$);
INSERT INTO items(base_item_id, hq) VALUES(7807, false),(7807, true);
INSERT INTO base_items VALUES(7808,$$Manor Varnish$$,$$御用邸のワニス$$,$$Vernis du Manoir$$,$$Klanglack$$,$$a1b6f585584$$);
INSERT INTO items(base_item_id, hq) VALUES(7808, false);
INSERT INTO base_items VALUES(7809,$$Magicked Prism (Sunshine)$$,$$マジックプリズム:サンシャイン$$,$$Prisme magique: lueur solaire$$,$$Holo-Prisma „Sonnenschein“$$,$$d02ed6ffd1a$$);
INSERT INTO items(base_item_id, hq) VALUES(7809, false);
INSERT INTO base_items VALUES(7810,$$Magicked Prism (Stardust)$$,$$マジックプリズム:スターダスト$$,$$Prisme magique: poussière stellaire$$,$$Holo-Prisma „Sternenstaub“$$,$$c29c6721d84$$);
INSERT INTO items(base_item_id, hq) VALUES(7810, false);
INSERT INTO base_items VALUES(7894,$$Curiel Root$$,$$クリーエの野菜$$,$$Carotte de Curiel$$,$$Curielgemüse$$,$$7896741c543$$);
INSERT INTO items(base_item_id, hq) VALUES(7894, false);
INSERT INTO base_items VALUES(7895,$$Sylkis Bud$$,$$シルキスの野菜$$,$$Artichaut de Sylkis$$,$$Sylkisgemüse$$,$$f7ac8dd09b8$$);
INSERT INTO items(base_item_id, hq) VALUES(7895, false);
INSERT INTO base_items VALUES(7897,$$Mimett Gourd$$,$$ミメットの野菜$$,$$Potiron de Mimett$$,$$Mimettgemüse$$,$$5cde7f5e195$$);
INSERT INTO items(base_item_id, hq) VALUES(7897, false);
INSERT INTO base_items VALUES(7898,$$Tantalplant$$,$$タンタルの野菜$$,$$Aubergine de Tantal$$,$$Tantalgemüse$$,$$03ab0cda894$$);
INSERT INTO items(base_item_id, hq) VALUES(7898, false);
INSERT INTO base_items VALUES(7900,$$Pahsana Fruit$$,$$パサーナの野菜$$,$$Tomate de Pahsana$$,$$Pahsanagemüse$$,$$334ddf482f0$$);
INSERT INTO items(base_item_id, hq) VALUES(7900, false);
INSERT INTO base_items VALUES(7902,$$Cupfish$$,$$オヤジウオ$$,$$Poisson-flan$$,$$Kelchfisch$$,$$17f1b0a9edc$$);
INSERT INTO items(base_item_id, hq) VALUES(7902, false),(7902, true);
INSERT INTO base_items VALUES(7903,$$Meteor Survivor$$,$$メテオサバイバー$$,$$Survivant du météore$$,$$Meteoritenschere$$,$$2ca11916025$$);
INSERT INTO items(base_item_id, hq) VALUES(7903, false),(7903, true);
INSERT INTO base_items VALUES(7904,$$Joan of Trout$$,$$ジャンヌ・トラウト$$,$$Jeanne de Truite$$,$$Johanna von Forelleans$$,$$e4c20102ac5$$);
INSERT INTO items(base_item_id, hq) VALUES(7904, false),(7904, true);
INSERT INTO base_items VALUES(7905,$$Toramafish$$,$$トラマフィッシュ$$,$$Poisson torama$$,$$Toramafisch$$,$$9fa575e3195$$);
INSERT INTO items(base_item_id, hq) VALUES(7905, false),(7905, true);
INSERT INTO base_items VALUES(7906,$$Fingers$$,$$フィンガーズ$$,$$Doigts$$,$$Finger$$,$$c6fcea8796c$$);
INSERT INTO items(base_item_id, hq) VALUES(7906, false),(7906, true);
INSERT INTO base_items VALUES(7907,$$The Assassin$$,$$ターミネーター$$,$$Assassin$$,$$Meuchelmörderin$$,$$61e31cad05f$$);
INSERT INTO items(base_item_id, hq) VALUES(7907, false),(7907, true);
INSERT INTO base_items VALUES(7908,$$Vip Viper$$,$$ビッグバイパー$$,$$Vipère-vipe$$,$$Vip-Viper$$,$$2157d6bbfb2$$);
INSERT INTO items(base_item_id, hq) VALUES(7908, false),(7908, true);
INSERT INTO base_items VALUES(7909,$$The Greatest Bream in the World$$,$$ビアナックブーン$$,$$Brème de Bianaq grandissime$$,$$Groß-Bianaq-Brasse$$,$$4b0e104376d$$);
INSERT INTO items(base_item_id, hq) VALUES(7909, false),(7909, true);
INSERT INTO base_items VALUES(7910,$$Dirty Herry$$,$$ダーティーヘリング$$,$$Hareng charognard$$,$$Dreckiger Herri$$,$$147ca6685df$$);
INSERT INTO items(base_item_id, hq) VALUES(7910, false),(7910, true);
INSERT INTO base_items VALUES(7911,$$Old Hollow Eyes$$,$$ホローアイズ$$,$$Vieux yeux creux$$,$$Altes Hohlauge$$,$$8461ee67b63$$);
INSERT INTO items(base_item_id, hq) VALUES(7911, false),(7911, true);
INSERT INTO base_items VALUES(7912,$$Sylphsbane$$,$$シルフズベーン$$,$$Fléau des Sylphes$$,$$Sylphenschreck$$,$$92e4d8b0a6b$$);
INSERT INTO items(base_item_id, hq) VALUES(7912, false),(7912, true);
INSERT INTO base_items VALUES(7913,$$Floating Boulder$$,$$フローティングボルダー$$,$$Roche flottante$$,$$Schwebender Felsen$$,$$e0b911d463e$$);
INSERT INTO items(base_item_id, hq) VALUES(7913, false),(7913, true);
INSERT INTO base_items VALUES(7914,$$The Grinner$$,$$グリナー$$,$$Sourieuse$$,$$Grinser$$,$$f8f52bdf87c$$);
INSERT INTO items(base_item_id, hq) VALUES(7914, false),(7914, true);
INSERT INTO base_items VALUES(7915,$$Shark Tuna$$,$$シャークトゥーナ$$,$$Thon-requin$$,$$Hai-Thunfisch$$,$$4759ce61d7c$$);
INSERT INTO items(base_item_id, hq) VALUES(7915, false),(7915, true);
INSERT INTO base_items VALUES(7916,$$Worm of Nym$$,$$ワーム・オブ・ニーム$$,$$Ver de Nym$$,$$Wurm von Nym$$,$$9acb3e808e5$$);
INSERT INTO items(base_item_id, hq) VALUES(7916, false),(7916, true);
INSERT INTO base_items VALUES(7917,$$Twitchbeard$$,$$トゥイッチビアード$$,$$Barbe palpitante$$,$$Zupfbart$$,$$2f7616662d9$$);
INSERT INTO items(base_item_id, hq) VALUES(7917, false),(7917, true);
INSERT INTO base_items VALUES(7918,$$The Warden's Wand$$,$$ワーデンズワンド$$,$$Bâton du maton$$,$$Rute der Aufseherin$$,$$e4bbeda0a77$$);
INSERT INTO items(base_item_id, hq) VALUES(7918, false),(7918, true);
INSERT INTO base_items VALUES(7919,$$Spearnose$$,$$スピアノーズ$$,$$Nez d'hast$$,$$Speernase$$,$$28fb4418511$$);
INSERT INTO items(base_item_id, hq) VALUES(7919, false),(7919, true);
INSERT INTO base_items VALUES(7920,$$Levinlight$$,$$レヴィンライト$$,$$Fuildre$$,$$Blitzlicht$$,$$51351c0d0c0$$);
INSERT INTO items(base_item_id, hq) VALUES(7920, false),(7920, true);
INSERT INTO base_items VALUES(7921,$$The Sinker$$,$$シンカー$$,$$Naufrageur$$,$$Taucher$$,$$9b03a640202$$);
INSERT INTO items(base_item_id, hq) VALUES(7921, false),(7921, true);
INSERT INTO base_items VALUES(7922,$$The Gobfather$$,$$ゴブスレイヤー$$,$$Gobeuse de Gobelins$$,$$Goblin-Schlächter$$,$$e098bb17304$$);
INSERT INTO items(base_item_id, hq) VALUES(7922, false),(7922, true);
INSERT INTO base_items VALUES(7923,$$Sweetnewt$$,$$スウィートニュート$$,$$Triton doucereux$$,$$Süßmolch$$,$$b906292aab7$$);
INSERT INTO items(base_item_id, hq) VALUES(7923, false),(7923, true);
INSERT INTO base_items VALUES(7924,$$Bombardfish$$,$$ボンバードフィッシュ$$,$$Poisson bombardo$$,$$Knallomat-Fisch$$,$$4c7383894b9$$);
INSERT INTO items(base_item_id, hq) VALUES(7924, false),(7924, true);
INSERT INTO base_items VALUES(7925,$$The Salter$$,$$ソルター$$,$$Saleur$$,$$Salzling$$,$$39ced4895df$$);
INSERT INTO items(base_item_id, hq) VALUES(7925, false),(7925, true);
INSERT INTO base_items VALUES(7926,$$The Lone Ripper$$,$$ローンリッパー$$,$$Éventreur solitaire$$,$$Einsamer Schnitter$$,$$7c8778173ff$$);
INSERT INTO items(base_item_id, hq) VALUES(7926, false),(7926, true);
INSERT INTO base_items VALUES(7927,$$King of the Spring$$,$$スプリングキング$$,$$Reine des sources$$,$$Frühlingskönig$$,$$4fcfac46ca1$$);
INSERT INTO items(base_item_id, hq) VALUES(7927, false),(7927, true);
INSERT INTO base_items VALUES(7928,$$Discobolus$$,$$ディスコボルス$$,$$Discobole$$,$$Discobolus$$,$$b6e547f1a71$$);
INSERT INTO items(base_item_id, hq) VALUES(7928, false),(7928, true);
INSERT INTO base_items VALUES(7929,$$Iron Noose$$,$$アイアンヌース$$,$$Nœud de fer$$,$$Eisenschlinge$$,$$1b43244354f$$);
INSERT INTO items(base_item_id, hq) VALUES(7929, false),(7929, true);
INSERT INTO base_items VALUES(7931,$$Magic Carpet$$,$$ホーリーカーペット$$,$$Tapis volant$$,$$Fliegender Teppich$$,$$ae822a2e3b3$$);
INSERT INTO items(base_item_id, hq) VALUES(7931, false),(7931, true);
INSERT INTO base_items VALUES(7932,$$Daniffen's Mark$$,$$ダナフェンズマーク$$,$$Signe de Daniffen$$,$$Zeichen Daniffens$$,$$15ca06b887a$$);
INSERT INTO items(base_item_id, hq) VALUES(7932, false),(7932, true);
INSERT INTO base_items VALUES(7933,$$Charon's Lantern$$,$$カローンズランタン$$,$$Lanterne de Charon$$,$$Charonslampe$$,$$ff62a12a179$$);
INSERT INTO items(base_item_id, hq) VALUES(7933, false),(7933, true);
INSERT INTO base_items VALUES(7934,$$The Green Jester$$,$$グリーンジェスター$$,$$Fou vert$$,$$Grüne Närrin$$,$$9a6a1aad5ea$$);
INSERT INTO items(base_item_id, hq) VALUES(7934, false),(7934, true);
INSERT INTO base_items VALUES(7935,$$Bloodbath$$,$$ブラッドバス$$,$$Bain de sang$$,$$Blutbad$$,$$0952c539956$$);
INSERT INTO items(base_item_id, hq) VALUES(7935, false),(7935, true);
INSERT INTO base_items VALUES(7936,$$Son of Levin$$,$$雷皇子$$,$$Prince de la foudre$$,$$Spross des Blitzgottes$$,$$a37cc760583$$);
INSERT INTO items(base_item_id, hq) VALUES(7936, false),(7936, true);
INSERT INTO base_items VALUES(7937,$$Thundergut$$,$$サンダーガット$$,$$Boyau du tonnerre$$,$$Donnerhall$$,$$ded86ddda97$$);
INSERT INTO items(base_item_id, hq) VALUES(7937, false),(7937, true);
INSERT INTO base_items VALUES(7938,$$The Drowned Sniper$$,$$ドラウンドスナイパー$$,$$Tireur noyé$$,$$Ertrunkener Meisterschütze$$,$$9e4b13d3969$$);
INSERT INTO items(base_item_id, hq) VALUES(7938, false),(7938, true);
INSERT INTO base_items VALUES(7939,$$The Terpsichorean$$,$$テルプシコレアン$$,$$Terpsichorien$$,$$Terpsichore$$,$$faa341011b8$$);
INSERT INTO items(base_item_id, hq) VALUES(7939, false),(7939, true);
INSERT INTO base_items VALUES(7940,$$Mirrorscale$$,$$ミラースケイル$$,$$Écaille-miroir$$,$$Spiegelschuppe$$,$$c30767cea80$$);
INSERT INTO items(base_item_id, hq) VALUES(7940, false),(7940, true);
INSERT INTO base_items VALUES(7941,$$Helmsman's Hand$$,$$ヘルムズマンズハンド$$,$$Main du timonier$$,$$Rudergänger$$,$$e8796b5b491$$);
INSERT INTO items(base_item_id, hq) VALUES(7941, false),(7941, true);
INSERT INTO base_items VALUES(7942,$$The Thousand-year Itch$$,$$サウザンドイヤー・イーチ$$,$$Irritation millénaire$$,$$Tausend-Jahre-Wels$$,$$20f8f49e689$$);
INSERT INTO items(base_item_id, hq) VALUES(7942, false),(7942, true);
INSERT INTO base_items VALUES(7943,$$Hannibal$$,$$ハンニバル$$,$$Hannibal$$,$$Hannibal$$,$$4a551907bee$$);
INSERT INTO items(base_item_id, hq) VALUES(7943, false),(7943, true);
INSERT INTO base_items VALUES(7944,$$Dawn Maiden$$,$$ドーンメイデン$$,$$Jouvencelle de l'aube$$,$$Dämmerbraut$$,$$b9c6f45a5e9$$);
INSERT INTO items(base_item_id, hq) VALUES(7944, false),(7944, true);
INSERT INTO base_items VALUES(7945,$$Starbright$$,$$スターブライト$$,$$Lueur stellaire$$,$$Sternenlicht$$,$$0a38cf90483$$);
INSERT INTO items(base_item_id, hq) VALUES(7945, false),(7945, true);
INSERT INTO base_items VALUES(7946,$$The Matriarch$$,$$メイトリアーク$$,$$Matriarche$$,$$Matriarchin$$,$$78dd696331f$$);
INSERT INTO items(base_item_id, hq) VALUES(7946, false),(7946, true);
INSERT INTO base_items VALUES(7947,$$Shadowstreak$$,$$シャドーストリーク$$,$$Trace d'ombre$$,$$Schattensträhne$$,$$c176a7f0575$$);
INSERT INTO items(base_item_id, hq) VALUES(7947, false),(7947, true);
INSERT INTO base_items VALUES(7948,$$The Captain's Chalice$$,$$キャプテンズチャリス$$,$$Calice du capitaine$$,$$Kapitänskelch$$,$$624784090b0$$);
INSERT INTO items(base_item_id, hq) VALUES(7948, false),(7948, true);
INSERT INTO base_items VALUES(7949,$$Anomalocaris$$,$$アノマロカリス$$,$$Anomalocaris$$,$$Anomalocaris$$,$$d757d447108$$);
INSERT INTO items(base_item_id, hq) VALUES(7949, false),(7949, true);
INSERT INTO base_items VALUES(7950,$$Frilled Shark$$,$$ラブカ$$,$$Requin frangé$$,$$Kragenhai$$,$$0c83bbe6506$$);
INSERT INTO items(base_item_id, hq) VALUES(7950, false),(7950, true);
INSERT INTO base_items VALUES(7951,$$Aetherlouse$$,$$エーテルラウス$$,$$Pou d'éther$$,$$Ätherlaus$$,$$1c6863dd0d1$$);
INSERT INTO items(base_item_id, hq) VALUES(7951, false),(7951, true);
INSERT INTO base_items VALUES(7952,$$Weathered Daggers$$,$$ウェザードダガー$$,$$Dagues usées$$,$$Verschlissene Dolche$$,$$892715a54fd$$);
INSERT INTO items(base_item_id, hq) VALUES(7952, false);
INSERT INTO base_items VALUES(7958,$$Riviera Wall Shelf$$,$$ラノシアン・ウォールシェルフ$$,$$Étagère murale noscéenne$$,$$Riviera-Wandregal$$,$$fb203734020$$);
INSERT INTO items(base_item_id, hq) VALUES(7958, false);
INSERT INTO base_items VALUES(7959,$$Gourmet Lunch$$,$$モーニングセット$$,$$Petit déjeuner complet$$,$$Gourmet-Frühstück$$,$$e1716dca8a4$$);
INSERT INTO items(base_item_id, hq) VALUES(7959, false);
INSERT INTO base_items VALUES(7960,$$Gourmet Supper$$,$$ディナーセット$$,$$Dîner de gourmet$$,$$Gourmet-Abendessen$$,$$ee7b9ef588e$$);
INSERT INTO items(base_item_id, hq) VALUES(7960, false);
INSERT INTO base_items VALUES(7961,$$Afternoon Tea Set$$,$$アフタヌーンティーセット$$,$$Goûter de gourmand$$,$$Nachmittagstee-Set$$,$$6824e613be4$$);
INSERT INTO items(base_item_id, hq) VALUES(7961, false);
INSERT INTO base_items VALUES(7962,$$Assorted Fruit$$,$$フルーツアソート$$,$$Panier de fruits$$,$$Obstteller$$,$$f510183dd26$$);
INSERT INTO items(base_item_id, hq) VALUES(7962, false);
INSERT INTO base_items VALUES(7963,$$Chilled Red$$,$$フルーツフレーバー・ドリンクセット$$,$$Boissons festives$$,$$Flaschenkühler mit Rotwein$$,$$1f6974b31ea$$);
INSERT INTO items(base_item_id, hq) VALUES(7963, false);
INSERT INTO base_items VALUES(7964,$$The Five Ages$$,$$五紀暦$$,$$Calendrier éorzéen$$,$$Die Fünf Zeitalter$$,$$a52959adb8c$$);
INSERT INTO items(base_item_id, hq) VALUES(7964, false);
INSERT INTO base_items VALUES(7965,$$Classified Documents$$,$$シークレットドキュメント$$,$$Documents confidentiels$$,$$Hochgeheime Dokumente$$,$$7d156d3eb7f$$);
INSERT INTO items(base_item_id, hq) VALUES(7965, false);
INSERT INTO base_items VALUES(7966,$$Stuffed Goblin$$,$$ゴブリンのぬいぐるみ$$,$$Gobelin en peluche$$,$$Stoff-Goblin$$,$$5b2649936f7$$);
INSERT INTO items(base_item_id, hq) VALUES(7966, false);
INSERT INTO base_items VALUES(7967,$$Ultima Weapon Miniature$$,$$RGアルテマウェポン$$,$$Miniature de l'Ultima Arma$$,$$Miniatur-Ultima-Waffe$$,$$84dff071d79$$);
INSERT INTO items(base_item_id, hq) VALUES(7967, false);
INSERT INTO base_items VALUES(7969,$$Enquire Within$$,$$事件屋と助手の肖像画$$,$$Portrait du détective et de son assistante$$,$$Porträt von Hildi und Nashu$$,$$ef714dc1f3d$$);
INSERT INTO items(base_item_id, hq) VALUES(7969, false);
INSERT INTO base_items VALUES(7970,$$Wall Planter$$,$$ウォールプランター$$,$$Jardinière murale$$,$$Wandblumentopf$$,$$7b04b41308f$$);
INSERT INTO items(base_item_id, hq) VALUES(7970, false);
INSERT INTO base_items VALUES(7971,$$Encyclopedia Eorzea$$,$$大エオルゼア博物誌$$,$$La Grande Histoire naturelle éorzéenne$$,$$Die Pflanzenwelt Eorzeas$$,$$8faa43e7cde$$);
INSERT INTO items(base_item_id, hq) VALUES(7971, false);
INSERT INTO base_items VALUES(7972,$$Open Hearth$$,$$オープンハース$$,$$Foyer ouvert$$,$$Offene Feuerstelle$$,$$2a7e5b1a68f$$);
INSERT INTO items(base_item_id, hq) VALUES(7972, false);
INSERT INTO base_items VALUES(7973,$$Riviera Half Partition$$,$$ラノシアン・ハーフパーティション$$,$$Demi-cloison noscéenne$$,$$Halbhoher Riviera-Raumteiler$$,$$42a0863d0ae$$);
INSERT INTO items(base_item_id, hq) VALUES(7973, false);
INSERT INTO base_items VALUES(7974,$$Potted Umbrella Fig$$,$$アンブレラフィグの鉢植$$,$$Pot de figuier parasol$$,$$Eingetopfte Schirmfeige$$,$$2340bdb6f8b$$);
INSERT INTO items(base_item_id, hq) VALUES(7974, false);
INSERT INTO base_items VALUES(7975,$$Potted Dragon Tree$$,$$ドラセナの鉢植$$,$$Pot de dragonnier$$,$$Eingetopfter Drachenbaum$$,$$5d943c13d97$$);
INSERT INTO items(base_item_id, hq) VALUES(7975, false);
INSERT INTO base_items VALUES(7976,$$Model Star Globe$$,$$天球儀$$,$$Sphère céleste$$,$$Sternenglobus-Modell$$,$$a28b736caca$$);
INSERT INTO items(base_item_id, hq) VALUES(7976, false);
INSERT INTO base_items VALUES(7977,$$Tatami Mat$$,$$タタミマット$$,$$Tatami$$,$$Tatami-Matte$$,$$63110fd8bad$$);
INSERT INTO items(base_item_id, hq) VALUES(7977, false);
INSERT INTO base_items VALUES(7978,$$Corner Counter$$,$$コーナーカウンター$$,$$Comptoir d'angle$$,$$Ecktresen$$,$$d61aecd38e5$$);
INSERT INTO items(base_item_id, hq) VALUES(7978, false);
INSERT INTO base_items VALUES(7979,$$Planter Partition$$,$$プランターパーティション$$,$$Cloison verdoyante$$,$$Pflanzen-Raumteiler$$,$$f94745deaf2$$);
INSERT INTO items(base_item_id, hq) VALUES(7979, false);
INSERT INTO base_items VALUES(7980,$$Plasma Lamp$$,$$ラムウのプラズマランプ$$,$$Lampe à plasma de Ramuh$$,$$Plasmakugel$$,$$8cb1fd42277$$);
INSERT INTO items(base_item_id, hq) VALUES(7980, false);
INSERT INTO base_items VALUES(7981,$$Lord of Levin Lamp$$,$$雷神ラムウのプラズマランプ$$,$$Lampe à plasma du Patriarche fulgurant$$,$$Blitzkugel$$,$$992610ce1a9$$);
INSERT INTO items(base_item_id, hq) VALUES(7981, false);
INSERT INTO base_items VALUES(7982,$$Emperor's Throne$$,$$始皇帝の玉座$$,$$Trône du premier empereur$$,$$Kaiserthron$$,$$f65bb6471b3$$);
INSERT INTO items(base_item_id, hq) VALUES(7982, false);
INSERT INTO base_items VALUES(7983,$$Riviera Doormat$$,$$ラノシアン・ドアマット$$,$$Paillasson noscéen$$,$$Riviera-Fußmatte$$,$$54db24ac513$$);
INSERT INTO items(base_item_id, hq) VALUES(7983, false);
INSERT INTO base_items VALUES(7984,$$Double Feather Bed$$,$$ダブルフェザーベッド$$,$$Lit de plume double$$,$$Doppelfederbett$$,$$bf1dd471b6f$$);
INSERT INTO items(base_item_id, hq) VALUES(7984, false);
INSERT INTO base_items VALUES(7985,$$Chocobo Pillar$$,$$チョコボピラー$$,$$Pilier chocobo$$,$$Chocobo-Säulen$$,$$bec1b8eaaa2$$);
INSERT INTO items(base_item_id, hq) VALUES(7985, false);
INSERT INTO base_items VALUES(7986,$$Riviera Cushion$$,$$ラノシアン・クッション$$,$$Coussin noscéen$$,$$Riviera-Kissen$$,$$16a88690aca$$);
INSERT INTO items(base_item_id, hq) VALUES(7986, false);
INSERT INTO base_items VALUES(7987,$$Glade Cushion$$,$$シュラウド・クッション$$,$$Coussin sombrelinçois$$,$$Wald-Kissen$$,$$34342c6a7a8$$);
INSERT INTO items(base_item_id, hq) VALUES(7987, false);
INSERT INTO base_items VALUES(7988,$$Oasis Cushion$$,$$ザナラーン・クッション$$,$$Coussin thanalanais$$,$$Oasen-Kissen$$,$$c0b7727fcf4$$);
INSERT INTO items(base_item_id, hq) VALUES(7988, false);
INSERT INTO base_items VALUES(7989,$$Chocobo Stable$$,$$チョコボ厩舎$$,$$Écurie à chocobos$$,$$Chocobo-Stall$$,$$2b885d683f8$$);
INSERT INTO items(base_item_id, hq) VALUES(7989, false);
INSERT INTO base_items VALUES(7990,$$Moonfire Lantern$$,$$紅蓮の提灯$$,$$Lanterne des Feux de la mort$$,$$Feuermondlaterne$$,$$2d85bc8bab0$$);
INSERT INTO items(base_item_id, hq) VALUES(7990, false);
INSERT INTO base_items VALUES(7991,$$Ornamental Bamboo$$,$$東方の笹飾り$$,$$Bambou festif oriental$$,$$Zeremonieller Bambusschmuck$$,$$5d68abb2c44$$);
INSERT INTO items(base_item_id, hq) VALUES(7991, false);
INSERT INTO base_items VALUES(7992,$$Rounded Shrub$$,$$玉刈生垣$$,$$Arbuste rond$$,$$Runder Busch$$,$$e8733565de9$$);
INSERT INTO items(base_item_id, hq) VALUES(7992, false);
INSERT INTO base_items VALUES(7993,$$Lattice Planter$$,$$ラティスプランター$$,$$Jardinière à treillage$$,$$Pflanzgitter$$,$$4e442105a4d$$);
INSERT INTO items(base_item_id, hq) VALUES(7993, false);
INSERT INTO base_items VALUES(7994,$$Water Lilies$$,$$睡蓮の水鉢$$,$$Nénuphar en pot$$,$$Eingetopfte Wasserlilie$$,$$3cf5ff9f70a$$);
INSERT INTO items(base_item_id, hq) VALUES(7994, false);
INSERT INTO base_items VALUES(7995,$$Garden Pond$$,$$ガーデンポンド$$,$$Bassin de jardin$$,$$Gartenteich$$,$$543526ae512$$);
INSERT INTO items(base_item_id, hq) VALUES(7995, false);
INSERT INTO base_items VALUES(7996,$$Cast-iron Cookpot$$,$$クッキングポット$$,$$Marmite suspendue$$,$$Gusseiserner Kochtopf$$,$$f5a0005b7a9$$);
INSERT INTO items(base_item_id, hq) VALUES(7996, false);
INSERT INTO base_items VALUES(7997,$$Stepladder$$,$$ステップラダー$$,$$Escabeau$$,$$Stehleiter$$,$$90f72677fe5$$);
INSERT INTO items(base_item_id, hq) VALUES(7997, false);
INSERT INTO base_items VALUES(7998,$$Straight Stepping Stones$$,$$ステップストーン$$,$$Dalles en pierre en ligne$$,$$Gerader Trittstein$$,$$379d6c8a844$$);
INSERT INTO items(base_item_id, hq) VALUES(7998, false);
INSERT INTO base_items VALUES(7999,$$Curved Stepping Stones$$,$$カーブ・ステップストーン$$,$$Dalles en pierre en angle$$,$$Gebogener Trittstein$$,$$534da81b88d$$);
INSERT INTO items(base_item_id, hq) VALUES(7999, false);
INSERT INTO base_items VALUES(8000,$$Straight Stepping Stumps$$,$$ステップウッド$$,$$Dalles en bois en ligne$$,$$Gerades Trittbrett$$,$$6c5ddf9f8b2$$);
INSERT INTO items(base_item_id, hq) VALUES(8000, false);
INSERT INTO base_items VALUES(8001,$$Curved Stepping Stumps$$,$$カーブ・ステップウッド$$,$$Dalles en bois en angle$$,$$Gebogenes Trittbrett$$,$$67a66b1a34d$$);
INSERT INTO items(base_item_id, hq) VALUES(8001, false);
INSERT INTO base_items VALUES(8002,$$Planter Box$$,$$ボックスプランター$$,$$Bac à fleurs$$,$$Pflanzkiste$$,$$b258f6d61fd$$);
INSERT INTO items(base_item_id, hq) VALUES(8002, false);
INSERT INTO base_items VALUES(8003,$$Wooden Bucket$$,$$西瓜の水桶$$,$$Baquet à pastèque$$,$$Holzbottich$$,$$2177873baa6$$);
INSERT INTO items(base_item_id, hq) VALUES(8003, false);
INSERT INTO base_items VALUES(8004,$$Glade Hedgewall$$,$$シュラウド・ヘッジウォール$$,$$Haie sombrelinçoise$$,$$Waldpflanzenzaun$$,$$b080e3e128e$$);
INSERT INTO items(base_item_id, hq) VALUES(8004, false);
INSERT INTO base_items VALUES(8005,$$Oasis Fence$$,$$ザナラーン・オーネイトストーンウォール$$,$$Muretin orné thanalanais$$,$$Oasen-Mauer$$,$$0bdd9c8950a$$);
INSERT INTO items(base_item_id, hq) VALUES(8005, false);
INSERT INTO base_items VALUES(8006,$$Riviera Fence$$,$$ラノシアン・フェンスウォール$$,$$Clôture à grille noscéenne$$,$$Riviera-Zaun$$,$$5dd762de254$$);
INSERT INTO items(base_item_id, hq) VALUES(8006, false);
INSERT INTO base_items VALUES(8007,$$Riviera Flora Interior Wall$$,$$ラノシアン・リーフインナーウォール$$,$$Revêtement mural floral noscéen$$,$$Riviera-Blättertapete$$,$$d72714f3563$$);
INSERT INTO items(base_item_id, hq) VALUES(8007, false);
INSERT INTO base_items VALUES(8008,$$Glade Flora Interior Wall$$,$$シュラウド・リーフインナーウォール$$,$$Revêtement mural floral sombrelinçois$$,$$Wald-Blättertapete$$,$$a69681ebde1$$);
INSERT INTO items(base_item_id, hq) VALUES(8008, false);
INSERT INTO base_items VALUES(8009,$$Oasis Flora Interior Wall$$,$$ザナラーン・リーフインナーウォール$$,$$Revêtement mural floral thanalanais$$,$$Oasen-Blättertapete$$,$$fada2608b87$$);
INSERT INTO items(base_item_id, hq) VALUES(8009, false);
INSERT INTO base_items VALUES(8010,$$Classic Interior Wall$$,$$クラシックインナーウォール$$,$$Revêtement mural classique$$,$$Klassische Innenwand$$,$$cdae4a0fa38$$);
INSERT INTO items(base_item_id, hq) VALUES(8010, false);
INSERT INTO base_items VALUES(8011,$$Striped Interior Wall$$,$$ストライプインナーウォール$$,$$Revêtement mural à rayures$$,$$Gestreifte Innenwand$$,$$ac8b6e026f0$$);
INSERT INTO items(base_item_id, hq) VALUES(8011, false);
INSERT INTO base_items VALUES(8012,$$Mosaic Interior Wall$$,$$モザイクインナーウォール$$,$$Revêtement mural en mosaïque$$,$$Mosaik-Innenwand$$,$$5fc61eb3c31$$);
INSERT INTO items(base_item_id, hq) VALUES(8012, false);
INSERT INTO base_items VALUES(8013,$$Bisque Flooring$$,$$ビスクタイルフローリング$$,$$Carrelage rose-orangé$$,$$Biskuit-Boden$$,$$542fbc1930f$$);
INSERT INTO items(base_item_id, hq) VALUES(8013, false);
INSERT INTO base_items VALUES(8014,$$Marble Flooring$$,$$マーブルフローリング$$,$$Carrelage en marbre$$,$$Marmorboden$$,$$2cace49785c$$);
INSERT INTO items(base_item_id, hq) VALUES(8014, false);
INSERT INTO base_items VALUES(8015,$$Ceramic Tile Flooring$$,$$セラミックフローリング$$,$$Carrelage en céramique$$,$$Kachelboden$$,$$e4f25894b3e$$);
INSERT INTO items(base_item_id, hq) VALUES(8015, false);
INSERT INTO base_items VALUES(8017,$$Bombard Lamp$$,$$ボンバード提灯$$,$$Lampe bombardo$$,$$Knallomat-Lampe$$,$$0cf826cba44$$);
INSERT INTO items(base_item_id, hq) VALUES(8017, false);
INSERT INTO base_items VALUES(8018,$$Throne Gem$$,$$玉座の水晶塊$$,$$Gemme du trône$$,$$Thronedelstein$$,$$ed64525533a$$);
INSERT INTO items(base_item_id, hq) VALUES(8018, false);
INSERT INTO base_items VALUES(8019,$$Levin Orb$$,$$ラムウのオーブ$$,$$Orbe de Ramuh$$,$$Ramuh-Kugel$$,$$429f2bf0e58$$);
INSERT INTO items(base_item_id, hq) VALUES(8019, false);
INSERT INTO base_items VALUES(8020,$$Large Levin Orb$$,$$雷神ラムウのオーブ$$,$$Orbe du Patriarche fulgurant$$,$$Große Ramuh-Kugel$$,$$77f663db2c4$$);
INSERT INTO items(base_item_id, hq) VALUES(8020, false);
INSERT INTO base_items VALUES(8021,$$Rush Grass$$,$$ラッシュグラス$$,$$Jonc$$,$$Moorgras$$,$$debec3189d3$$);
INSERT INTO items(base_item_id, hq) VALUES(8021, false),(8021, true);
INSERT INTO base_items VALUES(8022,$$Young Water Lily$$,$$睡蓮の苗$$,$$Pousse de nénuphar$$,$$Wasserliliensetzling$$,$$5932eedab47$$);
INSERT INTO items(base_item_id, hq) VALUES(8022, false);
INSERT INTO base_items VALUES(8023,$$Pearl Roselle$$,$$パールローゼル$$,$$Hibiscus perle$$,$$Perlenroselle$$,$$57f3f487eb3$$);
INSERT INTO items(base_item_id, hq) VALUES(8023, false);
INSERT INTO base_items VALUES(8024,$$Waterfowl Feather$$,$$水鳥の羽根$$,$$Plume de sauvagine$$,$$Wasservogelfeder$$,$$91d5852e60b$$);
INSERT INTO items(base_item_id, hq) VALUES(8024, false);
INSERT INTO base_items VALUES(8025,$$Floss Silk$$,$$真綿$$,$$Soie floche$$,$$Faserseide$$,$$31739f09c97$$);
INSERT INTO items(base_item_id, hq) VALUES(8025, false);
INSERT INTO base_items VALUES(8026,$$Mist Silk$$,$$ミストシルク$$,$$Étoffe de soie brume$$,$$Nebelseide$$,$$2e5c1259a72$$);
INSERT INTO items(base_item_id, hq) VALUES(8026, false);
INSERT INTO base_items VALUES(8027,$$Waterproof Cotton$$,$$防水綿布$$,$$Coton imperméable$$,$$Wasserfester Baumwollstoff$$,$$a44c156c086$$);
INSERT INTO items(base_item_id, hq) VALUES(8027, false);
INSERT INTO base_items VALUES(8028,$$Polarized Glass$$,$$偏光ガラス板$$,$$Verre polarisé$$,$$Polarisiertes Glas$$,$$cf074b6025a$$);
INSERT INTO items(base_item_id, hq) VALUES(8028, false);
INSERT INTO base_items VALUES(8029,$$Wolfram Square$$,$$ウォルフラムプレートレット$$,$$Plaquette de tungstène$$,$$Wolframplättchen$$,$$5cd12f72433$$);
INSERT INTO items(base_item_id, hq) VALUES(8029, false),(8029, true);
INSERT INTO base_items VALUES(8142,$$Clear Demimateria I$$,$$白光のデミマテリア$$,$$Demi-matéria de la clarté I$$,$$Naturreine Demimateria I$$,$$21f52b44b0f$$);
INSERT INTO items(base_item_id, hq) VALUES(8142, false);
INSERT INTO base_items VALUES(8143,$$Clear Demimateria II$$,$$白光のデミマテリラ$$,$$Demi-matéria de la clarté II$$,$$Naturreine Demimateria II$$,$$9256cfea829$$);
INSERT INTO items(base_item_id, hq) VALUES(8143, false);
INSERT INTO base_items VALUES(8144,$$Clear Demimateria III$$,$$白光のデミマテリダ$$,$$Demi-matéria de la clarté III$$,$$Naturreine Demimateria III$$,$$dea9bacb78b$$);
INSERT INTO items(base_item_id, hq) VALUES(8144, false);
INSERT INTO base_items VALUES(8146,$$Battlecraft Demimateria II$$,$$鍛人のデミマテリラ$$,$$Demi-matéria de l'art militaire II$$,$$Kriegshandwerk-Demimateria II$$,$$c18d2f6cbb5$$);
INSERT INTO items(base_item_id, hq) VALUES(8146, false);
INSERT INTO base_items VALUES(8147,$$Battlecraft Demimateria III$$,$$鍛人のデミマテリダ$$,$$Demi-matéria de l'art militaire III$$,$$Kriegshandwerk-Demimateria III$$,$$395e961f95e$$);
INSERT INTO items(base_item_id, hq) VALUES(8147, false);
INSERT INTO base_items VALUES(8149,$$Fieldcraft Demimateria II$$,$$工匠のデミマテリラ$$,$$Demi-matéria de l'artifice II$$,$$Werkzeug-Demimateria II$$,$$95e47e7714b$$);
INSERT INTO items(base_item_id, hq) VALUES(8149, false);
INSERT INTO base_items VALUES(8151,$$Demimateria of the Inferno$$,$$焔神のデミマテリア$$,$$Demi-matéria du Seigneur des flammes$$,$$Inferno-Demimateria$$,$$52b430d6251$$);
INSERT INTO items(base_item_id, hq) VALUES(8151, false);
INSERT INTO base_items VALUES(8152,$$Demimateria of the Vortex$$,$$嵐神のデミマテリア$$,$$Demi-matéria de la Souffleuse de rafales$$,$$Windgewalten-Demimateria$$,$$4be36a6fb21$$);
INSERT INTO items(base_item_id, hq) VALUES(8152, false);
INSERT INTO base_items VALUES(8153,$$Demimateria of Crags$$,$$岩神のデミマテリア$$,$$Demi-matéria de l'Ébranleur des terres$$,$$Titanfels-Demimateria$$,$$ea7f38bf355$$);
INSERT INTO items(base_item_id, hq) VALUES(8153, false);
INSERT INTO base_items VALUES(8154,$$Demimog Demimateria$$,$$善王のデミマテリア$$,$$Demi-matéria du Mognarque$$,$$Demimog-Demimateria$$,$$3ba012de29c$$);
INSERT INTO items(base_item_id, hq) VALUES(8154, false);
INSERT INTO base_items VALUES(8156,$$Unhidden Leather Map$$,$$隠された地図G1$$,$$Carte secrète en cuir$$,$$Unversteckte Lederkarte$$,$$05ec68d2b68$$);
INSERT INTO items(base_item_id, hq) VALUES(8156, false);
INSERT INTO base_items VALUES(8157,$$Xelphatol Apple$$,$$ゼルファトルの果実$$,$$Pomme de Xelphatol$$,$$Xelphatol-Apfel$$,$$cb234eb78c5$$);
INSERT INTO items(base_item_id, hq) VALUES(8157, false);
INSERT INTO base_items VALUES(8158,$$Doman Plum$$,$$ドマの果実$$,$$Prune de Doma$$,$$Doma-Pflaume$$,$$c038e59d7d8$$);
INSERT INTO items(base_item_id, hq) VALUES(8158, false);
INSERT INTO base_items VALUES(8159,$$Mamook Pear$$,$$マムークの果実$$,$$Poire alligator de Mamook$$,$$Mamook-Birne$$,$$5c083d76f80$$);
INSERT INTO items(base_item_id, hq) VALUES(8159, false);
INSERT INTO base_items VALUES(8160,$$Valfruit$$,$$バルの果実$$,$$Groseille sanguine du Val$$,$$Val-Frucht$$,$$2f6483575fb$$);
INSERT INTO items(base_item_id, hq) VALUES(8160, false);
INSERT INTO base_items VALUES(8161,$$O'Ghomoro Berries$$,$$オ・ゴモロの果実$$,$$Raisin d'O'Ghomoro$$,$$O'Ghomoro-Beere$$,$$cf99ac467a9$$);
INSERT INTO items(base_item_id, hq) VALUES(8161, false);
INSERT INTO base_items VALUES(8162,$$Cieldalaes Pineapple$$,$$シェルダレーの果実$$,$$Ananas des Cieldalaes$$,$$Cieldaläen-Ananas$$,$$a08107db41d$$);
INSERT INTO items(base_item_id, hq) VALUES(8162, false);
INSERT INTO base_items VALUES(8163,$$Han Lemon$$,$$ラザハンの果実$$,$$Citron de Radz-at-Han$$,$$Han-Zitrone$$,$$d0a3f45a4a2$$);
INSERT INTO items(base_item_id, hq) VALUES(8163, false);
INSERT INTO base_items VALUES(8165,$$Krakka Root$$,$$カラッカの野菜$$,$$Carotte de Krakka$$,$$Krakkagemüse$$,$$3aa8dbfaebd$$);
INSERT INTO items(base_item_id, hq) VALUES(8165, false);
INSERT INTO base_items VALUES(8166,$$Thavnairian Onion$$,$$サベネアの野菜$$,$$Oignon de Thavnair$$,$$Thavnair-Zwiebel$$,$$cd8f0584d92$$);
INSERT INTO items(base_item_id, hq) VALUES(8166, false);
INSERT INTO base_items VALUES(8167,$$Pearl Roselle Seeds$$,$$パールローゼルの種$$,$$Graines d'hibiscus perle$$,$$Perlenrosellen-Samen$$,$$9564393de37$$);
INSERT INTO items(base_item_id, hq) VALUES(8167, false);
INSERT INTO base_items VALUES(8168,$$Magicked Stable Broom$$,$$マジックブルーム$$,$$Balai magique$$,$$Zauberbesen$$,$$58af1380e89$$);
INSERT INTO items(base_item_id, hq) VALUES(8168, false);
INSERT INTO base_items VALUES(8169,$$Curiel Root Seeds$$,$$クリーエの種$$,$$Graines de carotte de Curiel$$,$$Curielgemüse-Samen$$,$$3551467d937$$);
INSERT INTO items(base_item_id, hq) VALUES(8169, false);
INSERT INTO base_items VALUES(8170,$$Sylkis Bud Seeds$$,$$シルキスの種$$,$$Graines d'artichaut de Sylkis$$,$$Sylkisgemüse-Samen$$,$$1bf9e526089$$);
INSERT INTO items(base_item_id, hq) VALUES(8170, false);
INSERT INTO base_items VALUES(8171,$$Mimett Gourd Seeds$$,$$ミメットの種$$,$$Graines de potiron de Mimett$$,$$Mimettgemüse-Samen$$,$$20c027d5c48$$);
INSERT INTO items(base_item_id, hq) VALUES(8171, false);
INSERT INTO base_items VALUES(8172,$$Tantalplant Seeds$$,$$タンタルの種$$,$$Graines d'aubergine de Tantal$$,$$Tantalgemüse-Samen$$,$$7ea5fae3aa0$$);
INSERT INTO items(base_item_id, hq) VALUES(8172, false);
INSERT INTO base_items VALUES(8173,$$Pahsana Fruit Seeds$$,$$パサーナの種$$,$$Graines de tomate de Pahsana$$,$$Pahsanagemüse-Samen$$,$$b72ee655bb2$$);
INSERT INTO items(base_item_id, hq) VALUES(8173, false);
INSERT INTO base_items VALUES(8182,$$Krakka Root Seeds$$,$$カラッカの種$$,$$Graines de carotte de Krakka$$,$$Krakkagemüse-Samen$$,$$96abfb901bb$$);
INSERT INTO items(base_item_id, hq) VALUES(8182, false);
INSERT INTO base_items VALUES(8183,$$Thavnairian Onion Seeds$$,$$サベネアの種$$,$$Graines d'oignon de Thavnair$$,$$Thavnair-Zwiebel-Samen$$,$$6d38e2d4dda$$);
INSERT INTO items(base_item_id, hq) VALUES(8183, false);
INSERT INTO base_items VALUES(8184,$$Onion Prince Seeds$$,$$オニオンプリンスの種$$,$$Graines du Prince oignon$$,$$Prinz-Zwiebel-Samen$$,$$0d28b56cf18$$);
INSERT INTO items(base_item_id, hq) VALUES(8184, false);
INSERT INTO base_items VALUES(8185,$$Eggplant Knight Seeds$$,$$エッグナイトの種$$,$$Graines du Chevalier aubergine$$,$$Ritter-Aubergine-Samen$$,$$6cc325df6ac$$);
INSERT INTO items(base_item_id, hq) VALUES(8185, false);
INSERT INTO base_items VALUES(8186,$$Garlic Jester Seeds$$,$$ガーリックスターの種$$,$$Graines du Baron ail$$,$$Sir-Knoblauch-Samen$$,$$480430a7db9$$);
INSERT INTO items(base_item_id, hq) VALUES(8186, false);
INSERT INTO base_items VALUES(8187,$$Tomato King Seeds$$,$$キングトマトの種$$,$$Graines du Roi tomate$$,$$König-Tomate-Samen$$,$$12b907c4daf$$);
INSERT INTO items(base_item_id, hq) VALUES(8187, false);
INSERT INTO base_items VALUES(8188,$$Mandragora Queen Seeds$$,$$マンドラクイーンの種$$,$$Graines de la Reine mandragore$$,$$Königin-Mandragora-Samen$$,$$22441235d22$$);
INSERT INTO items(base_item_id, hq) VALUES(8188, false);
INSERT INTO base_items VALUES(8192,$$Onion Prince$$,$$オニオンプリンス$$,$$Prince oignon$$,$$Prinz Zwiebel$$,$$ebe8b779878$$);
INSERT INTO items(base_item_id, hq) VALUES(8192, false);
INSERT INTO base_items VALUES(8193,$$Eggplant Knight$$,$$エッグナイト$$,$$Chevalier aubergine$$,$$Ritter Aubergine$$,$$8c57369d588$$);
INSERT INTO items(base_item_id, hq) VALUES(8193, false);
INSERT INTO base_items VALUES(8194,$$Garlic Jester$$,$$ガーリックスター$$,$$Baron ail$$,$$Sir Knoblauch$$,$$3df0c42ded4$$);
INSERT INTO items(base_item_id, hq) VALUES(8194, false);
INSERT INTO base_items VALUES(8195,$$Tomato King$$,$$キングトマト$$,$$Roi tomate$$,$$König Tomate$$,$$aed4e9a562d$$);
INSERT INTO items(base_item_id, hq) VALUES(8195, false);
INSERT INTO base_items VALUES(8196,$$Mandragora Queen$$,$$マンドラクイーン$$,$$Reine mandragore$$,$$Königin Mandragora$$,$$e43cfb08715$$);
INSERT INTO items(base_item_id, hq) VALUES(8196, false);
INSERT INTO base_items VALUES(8199,$$Tiny Tapir$$,$$タイニーバク$$,$$Petit tapir$$,$$Tapirjunges$$,$$d88cb36004a$$);
INSERT INTO items(base_item_id, hq) VALUES(8199, false);
INSERT INTO base_items VALUES(8200,$$Nana Bear$$,$$ナナッコ・ベアー$$,$$Ourson de Nanakko$$,$$Nana-Stoffbär$$,$$f8fe9c94fb6$$);
INSERT INTO items(base_item_id, hq) VALUES(8200, false);
INSERT INTO base_items VALUES(8201,$$Miniature Minecart$$,$$クロックワークトロッコ$$,$$Wagonnet mécanique$$,$$Miniaturlore$$,$$9a466cb7856$$);
INSERT INTO items(base_item_id, hq) VALUES(8201, false);
INSERT INTO base_items VALUES(8202,$$Nutkin$$,$$ナッツイーター$$,$$Écureuil grignoteur$$,$$Nussfresser$$,$$0f4ceda01e7$$);
INSERT INTO items(base_item_id, hq) VALUES(8202, false);
INSERT INTO base_items VALUES(8205,$$Naughty Nanka$$,$$タイニーナンカ$$,$$Nanka narquois$$,$$Ninki-Nanka-Puppe$$,$$2449c2df43a$$);
INSERT INTO items(base_item_id, hq) VALUES(8205, false);
INSERT INTO base_items VALUES(8214,$$Realm Reborn Red$$,$$レルムリボーン$$,$$Renaissance rouge$$,$$Flasche Eorzea-Jubiläumswein$$,$$9b61378e1a8$$);
INSERT INTO items(base_item_id, hq) VALUES(8214, false);
INSERT INTO base_items VALUES(8215,$$Magicked Prism (Meteor Survivor)$$,$$マジックプリズム:メテオサバイバー$$,$$Prisme magique: survivant du Météore$$,$$Holo-Prisma „Meteorit“$$,$$32824f4c469$$);
INSERT INTO items(base_item_id, hq) VALUES(8215, false);
INSERT INTO base_items VALUES(8216,$$Pinwheel$$,$$ネズミ花火$$,$$Soleil$$,$$Feuerkreisel$$,$$a4c392730d7$$);
INSERT INTO items(base_item_id, hq) VALUES(8216, false);
INSERT INTO base_items VALUES(8217,$$Red Lotus Magilite$$,$$マジテックライト:レッドロータス$$,$$Bâton lumineux lotus rouge$$,$$Magilicht „Roter Lotus“$$,$$610c82e86fc$$);
INSERT INTO items(base_item_id, hq) VALUES(8217, false);
INSERT INTO base_items VALUES(8218,$$Skyrocket$$,$$スカイロケット$$,$$Fusée lumineuse$$,$$Himmelsrakete$$,$$323abff5a43$$);
INSERT INTO items(base_item_id, hq) VALUES(8218, false);
INSERT INTO base_items VALUES(8280,$$Ruby Earrings$$,$$ルビーイヤリング$$,$$Boucles d'oreilles en rubis$$,$$Rubinohrringe$$,$$50bc84ab922$$);
INSERT INTO items(base_item_id, hq) VALUES(8280, false),(8280, true);
INSERT INTO base_items VALUES(8281,$$Diamond Earrings$$,$$ダイヤモンドイヤリング$$,$$Boucles d'oreilles en diamant$$,$$Diamantohrringe$$,$$700501461e1$$);
INSERT INTO items(base_item_id, hq) VALUES(8281, false),(8281, true);
INSERT INTO base_items VALUES(8282,$$Emerald Earrings$$,$$エメラルドイヤリング$$,$$Boucles d'oreilles en émeraude$$,$$Smaragdohrringe$$,$$3ef1897edbb$$);
INSERT INTO items(base_item_id, hq) VALUES(8282, false),(8282, true);
INSERT INTO base_items VALUES(8283,$$Topaz Earrings$$,$$トパーズイヤリング$$,$$Boucles d'oreilles en topaze$$,$$Topasohrringe$$,$$b3f4f4ba41b$$);
INSERT INTO items(base_item_id, hq) VALUES(8283, false),(8283, true);
INSERT INTO base_items VALUES(8284,$$Iolite Earrings$$,$$アイオライトイヤリング$$,$$Boucles d'oreilles en cordiérite$$,$$Iolitohrringe$$,$$740de00c61e$$);
INSERT INTO items(base_item_id, hq) VALUES(8284, false),(8284, true);
INSERT INTO base_items VALUES(8285,$$Sapphire Earrings$$,$$サファイアイヤリング$$,$$Boucles d'oreilles en saphir$$,$$Saphirohrringe$$,$$24914298384$$);
INSERT INTO items(base_item_id, hq) VALUES(8285, false),(8285, true);
INSERT INTO base_items VALUES(8286,$$Ruby Choker$$,$$ルビーチョーカー$$,$$Ras de cou en rubis$$,$$Rubinhalsberge$$,$$9bc00849e1f$$);
INSERT INTO items(base_item_id, hq) VALUES(8286, false),(8286, true);
INSERT INTO base_items VALUES(8287,$$Diamond Choker$$,$$ダイヤモンドチョーカー$$,$$Ras de cou en diamant$$,$$Diamanthalsberge$$,$$06a1a27cbb7$$);
INSERT INTO items(base_item_id, hq) VALUES(8287, false),(8287, true);
INSERT INTO base_items VALUES(8288,$$Emerald Choker$$,$$エメラルドチョーカー$$,$$Ras de cou en émeraude$$,$$Smaragdhalsberge$$,$$a2e77d6e599$$);
INSERT INTO items(base_item_id, hq) VALUES(8288, false),(8288, true);
INSERT INTO base_items VALUES(8289,$$Topaz Choker$$,$$トパーズチョーカー$$,$$Ras de cou en topaze$$,$$Topashalsberge$$,$$3cf96de6094$$);
INSERT INTO items(base_item_id, hq) VALUES(8289, false),(8289, true);
INSERT INTO base_items VALUES(8290,$$Iolite Choker$$,$$アイオライトチョーカー$$,$$Ras de cou en cordiérite$$,$$Iolithalsberge$$,$$8f68405b1ef$$);
INSERT INTO items(base_item_id, hq) VALUES(8290, false),(8290, true);
INSERT INTO base_items VALUES(8291,$$Sapphire Choker$$,$$サファイアチョーカー$$,$$Ras de cou en saphir$$,$$Saphirhalsberge$$,$$34cd4e1bf86$$);
INSERT INTO items(base_item_id, hq) VALUES(8291, false),(8291, true);
INSERT INTO base_items VALUES(8292,$$Ruby Bracelet$$,$$ルビーブレスレット$$,$$Bracelet en rubis$$,$$Rubinarmreife$$,$$70e47e66a2b$$);
INSERT INTO items(base_item_id, hq) VALUES(8292, false),(8292, true);
INSERT INTO base_items VALUES(8293,$$Diamond Bracelet$$,$$ダイヤモンドブレスレット$$,$$Bracelet en diamant$$,$$Diamantarmreife$$,$$fa90b890861$$);
INSERT INTO items(base_item_id, hq) VALUES(8293, false),(8293, true);
INSERT INTO base_items VALUES(8294,$$Emerald Bracelet$$,$$エメラルドブレスレット$$,$$Bracelet en émeraude$$,$$Smaragdarmreife$$,$$afba1a56974$$);
INSERT INTO items(base_item_id, hq) VALUES(8294, false),(8294, true);
INSERT INTO base_items VALUES(8295,$$Topaz Bracelet$$,$$トパーズブレスレット$$,$$Bracelet en topaze$$,$$Topasarmreife$$,$$b1c698f3b3e$$);
INSERT INTO items(base_item_id, hq) VALUES(8295, false),(8295, true);
INSERT INTO base_items VALUES(8296,$$Iolite Bracelet$$,$$アイオライトブレスレット$$,$$Bracelet en cordiérite$$,$$Iolitarmreife$$,$$4a1802da1fc$$);
INSERT INTO items(base_item_id, hq) VALUES(8296, false),(8296, true);
INSERT INTO base_items VALUES(8297,$$Sapphire Bracelet$$,$$サファイアブレスレット$$,$$Bracelet en saphir$$,$$Saphirarmreife$$,$$53507da21a0$$);
INSERT INTO items(base_item_id, hq) VALUES(8297, false),(8297, true);
INSERT INTO base_items VALUES(8298,$$Ruby Ring$$,$$ルビーリング$$,$$Bague en rubis$$,$$Rubinring$$,$$97f155185ac$$);
INSERT INTO items(base_item_id, hq) VALUES(8298, false),(8298, true);
INSERT INTO base_items VALUES(8299,$$Diamond Ring$$,$$ダイヤモンドリング$$,$$Bague en diamant$$,$$Diamantring$$,$$5e043517b4c$$);
INSERT INTO items(base_item_id, hq) VALUES(8299, false),(8299, true);
INSERT INTO base_items VALUES(8300,$$Emerald Ring$$,$$エメラルドリング$$,$$Bague en émeraude$$,$$Smaragdring$$,$$946b83ef9c4$$);
INSERT INTO items(base_item_id, hq) VALUES(8300, false),(8300, true);
INSERT INTO base_items VALUES(8301,$$Topaz Ring$$,$$トパーズリング$$,$$Bague en topaze$$,$$Topasring$$,$$45bd3704fe2$$);
INSERT INTO items(base_item_id, hq) VALUES(8301, false),(8301, true);
INSERT INTO base_items VALUES(8302,$$Iolite Ring$$,$$アイオライトリング$$,$$Bague en cordiérite$$,$$Iolithring$$,$$ff975b2d8d0$$);
INSERT INTO items(base_item_id, hq) VALUES(8302, false),(8302, true);
INSERT INTO base_items VALUES(8303,$$Sapphire Ring$$,$$サファイアリング$$,$$Bague en saphir$$,$$Saphirring$$,$$d4bb5efa634$$);
INSERT INTO items(base_item_id, hq) VALUES(8303, false),(8303, true);
INSERT INTO base_items VALUES(8355,$$Inferno Blade$$,$$インフェルノブレード$$,$$Lame des flammes$$,$$Inferno-Klinge$$,$$c1c064c73fb$$);
INSERT INTO items(base_item_id, hq) VALUES(8355, false),(8355, true);
INSERT INTO base_items VALUES(8356,$$Inferno Claws$$,$$インフェルノクロー$$,$$Griffes des flammes$$,$$Inferno-Klauen$$,$$a0859d4faf2$$);
INSERT INTO items(base_item_id, hq) VALUES(8356, false),(8356, true);
INSERT INTO base_items VALUES(8357,$$Inferno Battleaxe$$,$$インフェルノバトルアクス$$,$$Hache des flammes$$,$$Inferno-Kriegsaxt$$,$$904c3af9e59$$);
INSERT INTO items(base_item_id, hq) VALUES(8357, false),(8357, true);
INSERT INTO base_items VALUES(8358,$$Inferno Harpoon$$,$$インフェルノハープーン$$,$$Harpon des flammes$$,$$Inferno-Harpune$$,$$82b098f78a4$$);
INSERT INTO items(base_item_id, hq) VALUES(8358, false),(8358, true);
INSERT INTO base_items VALUES(8359,$$Inferno Bow$$,$$インフェルノボウ$$,$$Arc des flammes$$,$$Inferno-Bogen$$,$$8e329441f23$$);
INSERT INTO items(base_item_id, hq) VALUES(8359, false),(8359, true);
INSERT INTO base_items VALUES(8360,$$Inferno Cane$$,$$インフェルノケーン$$,$$Canne des flammes$$,$$Inferno-Stock$$,$$c79fd64b87e$$);
INSERT INTO items(base_item_id, hq) VALUES(8360, false),(8360, true);
INSERT INTO base_items VALUES(8361,$$Inferno Cudgel$$,$$インフェルノカジェル$$,$$Masse des flammes$$,$$Inferno-Schlägel$$,$$db18482eba2$$);
INSERT INTO items(base_item_id, hq) VALUES(8361, false),(8361, true);
INSERT INTO base_items VALUES(8362,$$Inferno Grimoire$$,$$インフェルノグリモア$$,$$Grimoire des flammes$$,$$Inferno-Grimoire$$,$$fde6151c997$$);
INSERT INTO items(base_item_id, hq) VALUES(8362, false),(8362, true);
INSERT INTO base_items VALUES(8363,$$Inferno Codex$$,$$インフェルノコーデックス$$,$$Codex des flammes$$,$$Inferno-Kodex$$,$$610686296cf$$);
INSERT INTO items(base_item_id, hq) VALUES(8363, false),(8363, true);
INSERT INTO base_items VALUES(8364,$$Gaze of the Vortex$$,$$ヴォーテックスゲイズ$$,$$Regard des rafales$$,$$Windgewalten-Blick$$,$$b6e142b1cb3$$);
INSERT INTO items(base_item_id, hq) VALUES(8364, false),(8364, true);
INSERT INTO base_items VALUES(8365,$$Talons of the Vortex$$,$$ヴォーテックスタロン$$,$$Serres des rafales$$,$$Windgewalten-Klauen$$,$$a1a548ee13f$$);
INSERT INTO items(base_item_id, hq) VALUES(8365, false),(8365, true);
INSERT INTO base_items VALUES(8366,$$Scream of the Vortex$$,$$ヴォーテックススクリーム$$,$$Cri des rafales$$,$$Windgewalten-Schrei$$,$$2543ff42cb5$$);
INSERT INTO items(base_item_id, hq) VALUES(8366, false),(8366, true);
INSERT INTO base_items VALUES(8367,$$Beak of the Vortex$$,$$ヴォーテックスビーク$$,$$Bec des rafales$$,$$Windgewalten-Schnabel$$,$$954af109705$$);
INSERT INTO items(base_item_id, hq) VALUES(8367, false),(8367, true);
INSERT INTO base_items VALUES(8368,$$Spine of the Vortex$$,$$ヴォーテックススパイン$$,$$Échine des rafales$$,$$Windgewalten-Rückgrat$$,$$dedac979ee8$$);
INSERT INTO items(base_item_id, hq) VALUES(8368, false),(8368, true);
INSERT INTO base_items VALUES(8369,$$Wile of the Vortex$$,$$ヴォーテックスワイル$$,$$Ruse des rafales$$,$$Windgewalten-Galle$$,$$10d7ec2d029$$);
INSERT INTO items(base_item_id, hq) VALUES(8369, false),(8369, true);
INSERT INTO base_items VALUES(8370,$$Van of the Vortex$$,$$ヴォーテックスヴァン$$,$$Rachis des rafales$$,$$Windgewalten-Rippe$$,$$fafe25ea545$$);
INSERT INTO items(base_item_id, hq) VALUES(8370, false),(8370, true);
INSERT INTO base_items VALUES(8371,$$Will of the Vortex$$,$$ヴォーテックスウィル$$,$$Volonté des rafales$$,$$Windgewalten-Wille$$,$$d488da5d118$$);
INSERT INTO items(base_item_id, hq) VALUES(8371, false),(8371, true);
INSERT INTO base_items VALUES(8372,$$Embrace of the Vortex$$,$$ヴォーテックスエンブレイス$$,$$Conviction des rafales$$,$$Windgewalten-Umklammerung$$,$$b8e69565827$$);
INSERT INTO items(base_item_id, hq) VALUES(8372, false),(8372, true);
INSERT INTO base_items VALUES(8373,$$Tremor Knuckles$$,$$トレマーナックル$$,$$Rocs des séismes$$,$$Erdstoß-Schlagringe$$,$$5383d8cf1a0$$);
INSERT INTO items(base_item_id, hq) VALUES(8373, false),(8373, true);
INSERT INTO base_items VALUES(8374,$$Tremor Axe$$,$$トレマーアクス$$,$$Hachereau des séismes$$,$$Erdstoß-Axt$$,$$d6d06e2fe84$$);
INSERT INTO items(base_item_id, hq) VALUES(8374, false),(8374, true);
INSERT INTO base_items VALUES(8375,$$Tremor Spear$$,$$トレマースピア$$,$$Épieu des séismes$$,$$Erdstoß-Speer$$,$$4b7fb0a6aaa$$);
INSERT INTO items(base_item_id, hq) VALUES(8375, false),(8375, true);
INSERT INTO base_items VALUES(8376,$$Tremor Bow$$,$$トレマーボウ$$,$$Arche des séismes$$,$$Erdstoß-Bogen$$,$$f422484e0cf$$);
INSERT INTO items(base_item_id, hq) VALUES(8376, false),(8376, true);
INSERT INTO base_items VALUES(8377,$$Tremor Cane$$,$$トレマーケーン$$,$$Rameau des séismes$$,$$Erdstoß-Stock$$,$$937a1c53c3f$$);
INSERT INTO items(base_item_id, hq) VALUES(8377, false),(8377, true);
INSERT INTO base_items VALUES(8378,$$Tremor Cudgel$$,$$トレマーカジェル$$,$$Matraque des séismes$$,$$Erdstoß-Schlägel$$,$$827fcaf64cc$$);
INSERT INTO items(base_item_id, hq) VALUES(8378, false),(8378, true);
INSERT INTO base_items VALUES(8379,$$The Greater Key of Tremors$$,$$グレーターキー・オブ・トレマー$$,$$Clavicule majeure des séismes$$,$$Der große Erdstoß-Schlüssel$$,$$50f683de724$$);
INSERT INTO items(base_item_id, hq) VALUES(8379, false),(8379, true);
INSERT INTO base_items VALUES(8380,$$The Holy Key of Tremors$$,$$ホーリーキー・オブ・トレマー$$,$$Clavicule sainte des séismes$$,$$Der heilige Erdstoß-Schlüssel$$,$$1b4f7e95afa$$);
INSERT INTO items(base_item_id, hq) VALUES(8380, false),(8380, true);
INSERT INTO base_items VALUES(8381,$$Tremor Shield$$,$$トレマーシールド$$,$$Rempart des séismes$$,$$Erdstoß-Schild$$,$$0a503c99c35$$);
INSERT INTO items(base_item_id, hq) VALUES(8381, false),(8381, true);
INSERT INTO base_items VALUES(8382,$$Morbid Moggle Mogblade$$,$$モグルモグブレード$$,$$Lame Moggle Mog morbide$$,$$Morbide Mogul-Mogklinge$$,$$0a5077cc39b$$);
INSERT INTO items(base_item_id, hq) VALUES(8382, false),(8382, true);
INSERT INTO base_items VALUES(8383,$$Murderous Moggle Mogfists$$,$$モグルモグフィスト$$,$$Poings Moggle Mog moelleux$$,$$Mörderische Mogul-Mogfäuste$$,$$6176352cb25$$);
INSERT INTO items(base_item_id, hq) VALUES(8383, false),(8383, true);
INSERT INTO base_items VALUES(8384,$$Malignant Moggle Mogaxe$$,$$モグルモグアクス$$,$$Hache Moggle Mog mordante$$,$$Malträtierende Mogul-Mogaxt$$,$$5c10fd536a1$$);
INSERT INTO items(base_item_id, hq) VALUES(8384, false),(8384, true);
INSERT INTO base_items VALUES(8385,$$Melancholy Moggle Mogfork$$,$$モグルモグフォーク$$,$$Fourche Moggle Mog monstrueuse$$,$$Melancholische Mogul-Moggabel$$,$$70b5d731f55$$);
INSERT INTO items(base_item_id, hq) VALUES(8385, false),(8385, true);
INSERT INTO base_items VALUES(8386,$$Mischievous Moggle Mogbow$$,$$モグルモグボウ$$,$$Arc Moggle Mog moqueur$$,$$Marternder Mogul-Mogbogen$$,$$92a5e88042e$$);
INSERT INTO items(base_item_id, hq) VALUES(8386, false),(8386, true);
INSERT INTO base_items VALUES(8387,$$Malevolent Moggle Mogwand$$,$$モグルモグリリー$$,$$Lys Moggle Mog mortifiant$$,$$Missetäter-Mogul-Mogzweig$$,$$0092a5f05de$$);
INSERT INTO items(base_item_id, hq) VALUES(8387, false),(8387, true);
INSERT INTO base_items VALUES(8388,$$Maleficent Moggle Mogstaff$$,$$モグルモグスタッフ$$,$$Bâton Moggle Mog mortel$$,$$Malefiz-Mogul-Mogstab$$,$$bfb94233c27$$);
INSERT INTO items(base_item_id, hq) VALUES(8388, false),(8388, true);
INSERT INTO base_items VALUES(8389,$$Majestic Moggle Mogtome$$,$$モグルモグリモア・モグ$$,$$Grimoire Moggle Mog mortifère$$,$$Majestätisches Mogul-Mogrimoire$$,$$93ef9af77bf$$);
INSERT INTO items(base_item_id, hq) VALUES(8389, false),(8389, true);
INSERT INTO base_items VALUES(8390,$$Munificent Moggle Mogtome$$,$$モグルモグリモア・クポ$$,$$Grimoire Moggle Mog modérateur$$,$$Munifizentes Mogul-Mogrimoire$$,$$98252d51768$$);
INSERT INTO items(base_item_id, hq) VALUES(8390, false),(8390, true);
INSERT INTO base_items VALUES(8447,$$Dodore Belt$$,$$ドドレツールベルト$$,$$Ceinture à outils de Dodore$$,$$Dodore-Werkzeuggürtel$$,$$cbcdde31fb0$$);
INSERT INTO items(base_item_id, hq) VALUES(8447, false),(8447, true);
INSERT INTO base_items VALUES(8448,$$Dodore Survival Belt$$,$$ドドレサバイバルベルト$$,$$Ceinture de survie de Dodore$$,$$Dodore-Überlebensgürtel$$,$$96d91c42b70$$);
INSERT INTO items(base_item_id, hq) VALUES(8448, false),(8448, true);
INSERT INTO base_items VALUES(8449,$$Mosshorn Earrings$$,$$モスホーンイヤリング$$,$$Boucles d'oreilles de cornemousse$$,$$Mooshorn-Ohrringe$$,$$009fb0b0ff6$$);
INSERT INTO items(base_item_id, hq) VALUES(8449, false),(8449, true);
INSERT INTO base_items VALUES(8450,$$Rose Gold Earrings of Gathering$$,$$ローズゴールド・ギャザラーイヤリング$$,$$Boucles d'oreilles des ressources en or rose$$,$$Rosengold-Ohrringe des Eifers$$,$$70510e0c25f$$);
INSERT INTO items(base_item_id, hq) VALUES(8450, false),(8450, true);
INSERT INTO base_items VALUES(8451,$$Rose Gold Choker$$,$$ローズゴールドチョーカー$$,$$Ras de cou en or rose$$,$$Rosengold-Halsberge$$,$$931e993a16a$$);
INSERT INTO items(base_item_id, hq) VALUES(8451, false),(8451, true);
INSERT INTO base_items VALUES(8452,$$Dodore Choker$$,$$ドドレチョーカー$$,$$Ras de cou de Dodore$$,$$Dodore-Halsberge$$,$$dd38bba9887$$);
INSERT INTO items(base_item_id, hq) VALUES(8452, false),(8452, true);
INSERT INTO base_items VALUES(8453,$$Dodore Ring$$,$$ドドレリング$$,$$Bague de Dodore$$,$$Dodore-Ring$$,$$54d5bb4c4c7$$);
INSERT INTO items(base_item_id, hq) VALUES(8453, false),(8453, true);
INSERT INTO base_items VALUES(8454,$$Augmented Heavy Wolfram Cuirass$$,$$ヘヴィウォルフラムキュイラスRE$$,$$Cuirasse lourde en tungstène modifiée$$,$$Modifizierter schwerer Wolfram-Kürass$$,$$8c4a876d5a5$$);
INSERT INTO items(base_item_id, hq) VALUES(8454, false),(8454, true);
INSERT INTO base_items VALUES(8455,$$Augmented Wolfram Cuirass$$,$$ウォルフラムキュイラスRE$$,$$Cuirasse en tungstène modifiée$$,$$Modifizierter Wolfram-Kürass$$,$$2798f512495$$);
INSERT INTO items(base_item_id, hq) VALUES(8455, false),(8455, true);
INSERT INTO base_items VALUES(8456,$$Augmented Saurian Shirt of Striking$$,$$ソーリアンストライカーシャツRE$$,$$Chemise d'agresseur en cuir de saurien modifiée$$,$$Modifiziertes Echsen-Hemd des Schlagens$$,$$b16a7e07287$$);
INSERT INTO items(base_item_id, hq) VALUES(8456, false),(8456, true);
INSERT INTO base_items VALUES(8457,$$Augmented Saurian Tabard of Aiming$$,$$ソーリアンレンジャータバードRE$$,$$Tabard de pisteur en cuir de saurien modifié$$,$$Modifizierter Echsen-Wappenrock des Zielens$$,$$b2794aec72f$$);
INSERT INTO items(base_item_id, hq) VALUES(8457, false),(8457, true);
INSERT INTO base_items VALUES(8458,$$Augmented Cashmere Robe of Healing$$,$$カシミヤヒーラーローブRE$$,$$Robe de soigneur en cachemire modifiée$$,$$Modifizierte Kaschmir-Robe der Heilung$$,$$64352600068$$);
INSERT INTO items(base_item_id, hq) VALUES(8458, false),(8458, true);
INSERT INTO base_items VALUES(8459,$$Augmented Cashmere Robe of Casting$$,$$カシミヤキャスターローブRE$$,$$Robe d'incantateur en cachemire modifiée$$,$$Modifizierte Kaschmir-Robe der Magie$$,$$e742b9f1f85$$);
INSERT INTO items(base_item_id, hq) VALUES(8459, false),(8459, true);
INSERT INTO base_items VALUES(8538,$$Oschon Roselle Capeline$$,$$オシュオンローゼル・サマーキャペリン$$,$$Capeline à hibiscus d'Oschon$$,$$Oschon-Rosellen-Sommerhut$$,$$e1c7adeb0ef$$);
INSERT INTO items(base_item_id, hq) VALUES(8538, false);
INSERT INTO base_items VALUES(8539,$$Gold Roselle Capeline$$,$$ゴールドローゼル・サマーキャペリン$$,$$Capeline à hibiscus d'or$$,$$Gold-Rosellen-Sommerhut$$,$$d71f5e67751$$);
INSERT INTO items(base_item_id, hq) VALUES(8539, false);
INSERT INTO base_items VALUES(8540,$$Pearl Roselle Capeline$$,$$パールローゼル・ストローキャペリン$$,$$Capeline à hibiscus perle$$,$$Perlen-Rosellen-Sommerhut$$,$$5793b0ee129$$);
INSERT INTO items(base_item_id, hq) VALUES(8540, false),(8540, true);
INSERT INTO base_items VALUES(8541,$$Straw Capeline$$,$$ストローキャペリン$$,$$Capeline$$,$$Stroh-Sommerhut$$,$$940134ab800$$);
INSERT INTO items(base_item_id, hq) VALUES(8541, false),(8541, true);
INSERT INTO base_items VALUES(8542,$$Ti Leaf Lei$$,$$ティ・リーフ・レイ$$,$$Lei en feuilles Ti$$,$$Ti-Blatt-Lei$$,$$1172f3f2c35$$);
INSERT INTO items(base_item_id, hq) VALUES(8542, false);
INSERT INTO base_items VALUES(8543,$$Red Summer Maro$$,$$レッドサマーマロ$$,$$Malo estival rouge$$,$$Rotes Sommer-Malo$$,$$a262213189f$$);
INSERT INTO items(base_item_id, hq) VALUES(8543, false);
INSERT INTO base_items VALUES(8544,$$South Seas Talisman$$,$$サザンシー・タリスマン$$,$$Talisman des mers du sud$$,$$Südseetalisman$$,$$6031e0d4489$$);
INSERT INTO items(base_item_id, hq) VALUES(8544, false);
INSERT INTO base_items VALUES(8545,$$Blue Summer Maro$$,$$ブルーサマーマロ$$,$$Malo estival bleu$$,$$Blaues Sommer-Malo$$,$$9ceab88db77$$);
INSERT INTO items(base_item_id, hq) VALUES(8545, false);
INSERT INTO base_items VALUES(8546,$$Coeurl Talisman$$,$$クァールタリスマン$$,$$Talisman coeurl$$,$$Coeurl-Talisman$$,$$aba6f2e93fc$$);
INSERT INTO items(base_item_id, hq) VALUES(8546, false),(8546, true);
INSERT INTO base_items VALUES(8547,$$Coeurl Beach Maro$$,$$クァールビーチマロ$$,$$Malo de plage coeurl$$,$$Coeurl-Strand-Malo$$,$$6f447e944e5$$);
INSERT INTO items(base_item_id, hq) VALUES(8547, false),(8547, true);
INSERT INTO base_items VALUES(8548,$$Coeurl Beach Briefs$$,$$クァールビーチショーツ$$,$$Maillot de plage coeurl$$,$$Coeurl-Strandhose$$,$$25df5da6160$$);
INSERT INTO items(base_item_id, hq) VALUES(8548, false),(8548, true);
INSERT INTO base_items VALUES(8549,$$Coronal Summer Halter$$,$$コロナルサマーホルター$$,$$Haut estival à lei$$,$$Koronal-Bikinitop$$,$$2b965da9a33$$);
INSERT INTO items(base_item_id, hq) VALUES(8549, false);
INSERT INTO base_items VALUES(8550,$$Red Summer Pareo$$,$$レッドサマーパレオ$$,$$Paréo estival rouge$$,$$Roter Sommer-Pareo$$,$$372d06b7ced$$);
INSERT INTO items(base_item_id, hq) VALUES(8550, false);
INSERT INTO base_items VALUES(8551,$$Sea Breeze Summer Halter$$,$$ウェーブサマーホルター$$,$$Haut estival brise marine$$,$$Meeresbrise-Sommerbikinitop$$,$$861edc43577$$);
INSERT INTO items(base_item_id, hq) VALUES(8551, false);
INSERT INTO base_items VALUES(8552,$$Sea Breeze Summer Pareo$$,$$ウェーブサマーパレオ$$,$$Paréo estival brise marine$$,$$Meeresbrise-Sommer-Pareo$$,$$03ce0ccda6c$$);
INSERT INTO items(base_item_id, hq) VALUES(8552, false);
INSERT INTO base_items VALUES(8553,$$Coeurl Beach Halter$$,$$クァールビーチホルター$$,$$Haut de plage coeurl$$,$$Coeurl-Strand-Bikinitop$$,$$14448c40be9$$);
INSERT INTO items(base_item_id, hq) VALUES(8553, false),(8553, true);
INSERT INTO base_items VALUES(8554,$$Coeurl Beach Pareo$$,$$クァールビーチパレオ$$,$$Paréo de plage coeurl$$,$$Coeurl-Strand-Pareo$$,$$572ac1c8695$$);
INSERT INTO items(base_item_id, hq) VALUES(8554, false),(8554, true);
INSERT INTO base_items VALUES(8555,$$Coeurl Beach Tanga$$,$$クァールビーチタンガ$$,$$Tanga de plage coeurl$$,$$Coeurl-Strand-Tanga$$,$$9ae5d130c52$$);
INSERT INTO items(base_item_id, hq) VALUES(8555, false),(8555, true);
INSERT INTO base_items VALUES(8556,$$Summer Sandals$$,$$サマーサンダル$$,$$Sandales estivales$$,$$Sommersandalen$$,$$e3b2d9597da$$);
INSERT INTO items(base_item_id, hq) VALUES(8556, false);
INSERT INTO base_items VALUES(8557,$$Crescent Moon Cone$$,$$クレセントコーンキャップ$$,$$Bonnet à pompon du croissant de lune$$,$$Mondsichel-Spitzkappe$$,$$ee3452632e8$$);
INSERT INTO items(base_item_id, hq) VALUES(8557, false),(8557, true);
INSERT INTO base_items VALUES(8558,$$Crescent Moon Nightcap$$,$$クレセントナイトキャップ$$,$$Bonnet de nuit du croissant de lune$$,$$Mondsichel-Nachtkappe$$,$$0cc02262529$$);
INSERT INTO items(base_item_id, hq) VALUES(8558, false),(8558, true);
INSERT INTO base_items VALUES(8559,$$Crescent Moon Nightgown$$,$$クレセントガウン$$,$$Chemise de nuit du croissant de lune$$,$$Mondsichel-Nachttalar$$,$$e9ddffee204$$);
INSERT INTO items(base_item_id, hq) VALUES(8559, false),(8559, true);
INSERT INTO base_items VALUES(8560,$$Crescent Moon Bottoms$$,$$クレセントキュロット$$,$$Pantalon de nuit du croissant de lune$$,$$Mondsichel-Kniebundhose$$,$$622f0af16da$$);
INSERT INTO items(base_item_id, hq) VALUES(8560, false),(8560, true);
INSERT INTO base_items VALUES(8561,$$Crescent Moon Slippers$$,$$クレセントスリッパ$$,$$Pantoufles du croissant de lune$$,$$Mondsichel-Latschen$$,$$262f4bca95a$$);
INSERT INTO items(base_item_id, hq) VALUES(8561, false),(8561, true);
INSERT INTO base_items VALUES(8563,$$Oval Spectacles$$,$$オーバルグラス$$,$$Lunettes ovales$$,$$Ovale Brille$$,$$c4a5e1725f6$$);
INSERT INTO items(base_item_id, hq) VALUES(8563, false),(8563, true);
INSERT INTO base_items VALUES(8564,$$Shaded Spectacles$$,$$シェイデッドグラス$$,$$Lunettes teintées$$,$$Getönte Brille$$,$$c375d26f2df$$);
INSERT INTO items(base_item_id, hq) VALUES(8564, false),(8564, true);
INSERT INTO base_items VALUES(8570,$$Levin Barding$$,$$ラムウ・バード$$,$$Barde de Ramuh$$,$$Blitz-Rossharnisch$$,$$6b34021dfdc$$);
INSERT INTO items(base_item_id, hq) VALUES(8570, false);
INSERT INTO base_items VALUES(8572,$$Gysahl Greens Seeds$$,$$ギサールの種$$,$$Graines de légumes de Gysahl$$,$$Gizar-Samen$$,$$5f5df192e0f$$);
INSERT INTO items(base_item_id, hq) VALUES(8572, false);
INSERT INTO base_items VALUES(8660,$$Bronze Baselards$$,$$バゼラード$$,$$Baselards en bronze$$,$$Bronze-Baselarden$$,$$388d0c6500e$$);
INSERT INTO items(base_item_id, hq) VALUES(8660, false),(8660, true);
INSERT INTO base_items VALUES(8661,$$Brass Knives$$,$$ブラスナイフ$$,$$Couteaux en laiton$$,$$Messingmesser$$,$$5b0da003ff6$$);
INSERT INTO items(base_item_id, hq) VALUES(8661, false),(8661, true);
INSERT INTO base_items VALUES(8662,$$Iron Daggers$$,$$アイアンダガー$$,$$Dagues en fer$$,$$Eisendolche$$,$$a0b7129cd33$$);
INSERT INTO items(base_item_id, hq) VALUES(8662, false),(8662, true);
INSERT INTO base_items VALUES(8663,$$Iron Pugiones$$,$$プジオ$$,$$Pugiones en fer$$,$$Pugiones$$,$$92f74cbc42b$$);
INSERT INTO items(base_item_id, hq) VALUES(8663, false),(8663, true);
INSERT INTO base_items VALUES(8664,$$Steel Knives$$,$$スチールナイフ$$,$$Couteaux en acier$$,$$Stahlmesser$$,$$092f600b6d6$$);
INSERT INTO items(base_item_id, hq) VALUES(8664, false),(8664, true);
INSERT INTO base_items VALUES(8665,$$Steel Baselards$$,$$スチールバゼラード$$,$$Baselards en acier$$,$$Stahl-Baselarden$$,$$c304ff140d3$$);
INSERT INTO items(base_item_id, hq) VALUES(8665, false),(8665, true);
INSERT INTO base_items VALUES(8666,$$Mythril Knives$$,$$ミスリルナイフ$$,$$Couteaux en mithril$$,$$Mithril-Messer$$,$$f9ae21a9f0e$$);
INSERT INTO items(base_item_id, hq) VALUES(8666, false),(8666, true);
INSERT INTO base_items VALUES(8667,$$Mythril Pugiones$$,$$ミスリルプジオ$$,$$Pugiones en mithril$$,$$Mithril-Pugiones$$,$$bf273131a67$$);
INSERT INTO items(base_item_id, hq) VALUES(8667, false),(8667, true);
INSERT INTO base_items VALUES(8668,$$Cobalt Baselards$$,$$コバルトバゼラード$$,$$Baselards en cobalt$$,$$Koboldeisen-Baselarden$$,$$524c405a88c$$);
INSERT INTO items(base_item_id, hq) VALUES(8668, false),(8668, true);
INSERT INTO base_items VALUES(8703,$$Contemporary Pince-nez$$,$$モダンパンスネ$$,$$Pince-nez moderne$$,$$Zeitgemäßer Zwicker$$,$$142ead8fb20$$);
INSERT INTO items(base_item_id, hq) VALUES(8703, false),(8703, true);
INSERT INTO base_items VALUES(8704,$$Rimless Glasses$$,$$リムレスグラス$$,$$Lunettes à monture percée$$,$$Randlose Brille$$,$$1066bd668f7$$);
INSERT INTO items(base_item_id, hq) VALUES(8704, false),(8704, true);
INSERT INTO base_items VALUES(8705,$$Thick-rimmed Glasses$$,$$ボールドリムグラス$$,$$Lunettes à monture épaisse$$,$$Breitrandige Brille$$,$$6736929de7a$$);
INSERT INTO items(base_item_id, hq) VALUES(8705, false),(8705, true);
INSERT INTO base_items VALUES(8752,$$Imperial Goldfish$$,$$黄金魚$$,$$Cyprin impérial$$,$$Kaisergoldfisch$$,$$f9a65cf1b52$$);
INSERT INTO items(base_item_id, hq) VALUES(8752, false),(8752, true);
INSERT INTO base_items VALUES(8753,$$The Old Man in the Sea$$,$$オールドマーリン$$,$$Vieil homme à la mer$$,$$Graumarlin$$,$$c7f07e0113d$$);
INSERT INTO items(base_item_id, hq) VALUES(8753, false),(8753, true);
INSERT INTO base_items VALUES(8755,$$Coelacanthus$$,$$コエラカントゥス$$,$$Coelacanthus$$,$$Coelacanthus$$,$$b18d2e41822$$);
INSERT INTO items(base_item_id, hq) VALUES(8755, false),(8755, true);
INSERT INTO base_items VALUES(8757,$$Seahag$$,$$シーハッグ$$,$$Sorcière des mers$$,$$Seehexe$$,$$f74f809f8ab$$);
INSERT INTO items(base_item_id, hq) VALUES(8757, false),(8757, true);
INSERT INTO base_items VALUES(8758,$$Ignus Horn$$,$$インフェルノホーン$$,$$Corne infernale$$,$$Feuerhorn$$,$$1f7847f2143$$);
INSERT INTO items(base_item_id, hq) VALUES(8758, false),(8758, true);
INSERT INTO base_items VALUES(8759,$$Void Bass$$,$$ヴォイドバス$$,$$Bar du néant$$,$$Nichtsbarsch$$,$$9d65a5a0052$$);
INSERT INTO items(base_item_id, hq) VALUES(8759, false),(8759, true);
INSERT INTO base_items VALUES(8760,$$Cornelia$$,$$コーネリア$$,$$Cornelia$$,$$Cornelia$$,$$9c98bd8b11f$$);
INSERT INTO items(base_item_id, hq) VALUES(8760, false),(8760, true);
INSERT INTO base_items VALUES(8761,$$Ninja Betta$$,$$ニンジャベタ$$,$$Betta ninja$$,$$Ninja-Kampffisch$$,$$a576f88bc91$$);
INSERT INTO items(base_item_id, hq) VALUES(8761, false),(8761, true);
INSERT INTO base_items VALUES(8762,$$Canavan$$,$$ジャノ$$,$$Canavan$$,$$Canavan$$,$$815f316bfc3$$);
INSERT INTO items(base_item_id, hq) VALUES(8762, false),(8762, true);
INSERT INTO base_items VALUES(8764,$$Pirate's Bane$$,$$パイレーツハンター$$,$$Naufrageur de pirates$$,$$Piratenfluch$$,$$bc2bf02807e$$);
INSERT INTO items(base_item_id, hq) VALUES(8764, false),(8764, true);
INSERT INTO base_items VALUES(8765,$$Ndendecki$$,$$ンデンデキ$$,$$Ndendecki$$,$$Ndendecki$$,$$f6df4ef38c9$$);
INSERT INTO items(base_item_id, hq) VALUES(8765, false),(8765, true);
INSERT INTO base_items VALUES(8766,$$Bat-o'-Nine-Tails$$,$$ヴァンパイアウィップ$$,$$Flagrum de mer$$,$$Neunschwänzige Fledermaus$$,$$013642ae466$$);
INSERT INTO items(base_item_id, hq) VALUES(8766, false),(8766, true);
INSERT INTO base_items VALUES(8767,$$Wootz Knifefish Zenith$$,$$ウーツナイフ・ゼニス$$,$$Poisson couteau wootz zénith$$,$$Zenit-Wootz-Messerfisch$$,$$51c4878c7e2$$);
INSERT INTO items(base_item_id, hq) VALUES(8767, false),(8767, true);
INSERT INTO base_items VALUES(8769,$$Darkstar$$,$$ダークスター$$,$$Sombrétoile$$,$$Dunkelstern$$,$$07c1b520e11$$);
INSERT INTO items(base_item_id, hq) VALUES(8769, false),(8769, true);
INSERT INTO base_items VALUES(8770,$$Blue Corpse$$,$$ブルーコープス$$,$$Cadavre bleu$$,$$Blautod$$,$$459fd0efae8$$);
INSERT INTO items(base_item_id, hq) VALUES(8770, false),(8770, true);
INSERT INTO base_items VALUES(8771,$$Mahar$$,$$マハール$$,$$Mahar$$,$$Mahar$$,$$0ae39b292ae$$);
INSERT INTO items(base_item_id, hq) VALUES(8771, false),(8771, true);
INSERT INTO base_items VALUES(8773,$$Magicked Mushroom$$,$$マジック・マッシュルームクラブ$$,$$Crabe hallucinogène$$,$$Zauberpilzkrabbe$$,$$6d620307e09$$);
INSERT INTO items(base_item_id, hq) VALUES(8773, false),(8773, true);
INSERT INTO base_items VALUES(8774,$$Giant Takitaro$$,$$オオタキタロ$$,$$Takitaro géant$$,$$Riesen-Takitaro$$,$$03434153dc5$$);
INSERT INTO items(base_item_id, hq) VALUES(8774, false),(8774, true);
INSERT INTO base_items VALUES(8776,$$Blood Red Bonytongue$$,$$血紅龍$$,$$Arowana sanguin$$,$$Blutroter Knochenzüngler$$,$$0cd01baf428$$);
INSERT INTO items(base_item_id, hq) VALUES(8776, false),(8776, true);
INSERT INTO base_items VALUES(8777,$$South Seas Armchair$$,$$サザンソファ$$,$$Fauteuil des mers du sud$$,$$Südsee-Sofa$$,$$c4bbfcd9931$$);
INSERT INTO items(base_item_id, hq) VALUES(8777, false);
INSERT INTO base_items VALUES(8778,$$South Seas Couch$$,$$サザンカウチ$$,$$Canapé des mers du sud$$,$$Südsee-Couch$$,$$57c3fd278a8$$);
INSERT INTO items(base_item_id, hq) VALUES(8778, false);
INSERT INTO base_items VALUES(8779,$$Riviera Canopy Bed$$,$$ラノシアン・キャノピーベッド$$,$$Lit à baldaquin noscéen$$,$$Riviera-Himmelbett$$,$$bc7c475e92b$$);
INSERT INTO items(base_item_id, hq) VALUES(8779, false);
INSERT INTO base_items VALUES(8780,$$Glade Canopy Bed$$,$$シュラウド・キャノピーベッド$$,$$Lit à baldaquin sombrelinçois$$,$$Wald-Himmelbett$$,$$49ed2618c7a$$);
INSERT INTO items(base_item_id, hq) VALUES(8780, false);
INSERT INTO base_items VALUES(8781,$$Oasis Canopy Bed$$,$$ザナラーン・キャノピーベッド$$,$$Lit à baldaquin thanalanais$$,$$Oasen-Himmelbett$$,$$90da02ad937$$);
INSERT INTO items(base_item_id, hq) VALUES(8781, false);
INSERT INTO base_items VALUES(8782,$$Potted Oliphant's Ear$$,$$アロカシアの鉢植$$,$$Pot d'alocasias$$,$$Topf-Alokasie$$,$$da33b4a36a8$$);
INSERT INTO items(base_item_id, hq) VALUES(8782, false);
INSERT INTO base_items VALUES(8783,$$Shower Stand$$,$$シャワースタンド$$,$$Colonne de douche$$,$$Duschständer$$,$$1df3c8d2702$$);
INSERT INTO items(base_item_id, hq) VALUES(8783, false);
INSERT INTO base_items VALUES(8784,$$Head of the Dreadwyrm$$,$$バハムートトロフィー$$,$$Trophée du Dragon-dieu$$,$$Drachengott-Kopf$$,$$ddc413cae81$$);
INSERT INTO items(base_item_id, hq) VALUES(8784, false);
INSERT INTO base_items VALUES(8785,$$Syrcus Tower$$,$$シルクストロフィー$$,$$Trophée de Syrcus$$,$$Syrcus-Turm$$,$$29f44c61ff8$$);
INSERT INTO items(base_item_id, hq) VALUES(8785, false);
INSERT INTO base_items VALUES(8786,$$Riviera Stool$$,$$ラノシアン・スツール$$,$$Tabouret noscéen$$,$$Riviera-Hocker$$,$$2c8be66aea8$$);
INSERT INTO items(base_item_id, hq) VALUES(8786, false);
INSERT INTO base_items VALUES(8787,$$Glade Stool$$,$$シュラウド・スツール$$,$$Tabouret sombrelinçois$$,$$Wald-Hocker$$,$$ee714ef257e$$);
INSERT INTO items(base_item_id, hq) VALUES(8787, false);
INSERT INTO base_items VALUES(8788,$$Oasis Stool$$,$$ザナラーン・スツール$$,$$Tabouret thanalanais$$,$$Oasen-Hocker$$,$$07499770332$$);
INSERT INTO items(base_item_id, hq) VALUES(8788, false);
INSERT INTO base_items VALUES(8789,$$Armoire$$,$$愛蔵品キャビネット$$,$$Bahut personnel$$,$$Kostbarkeiten-Kabinett$$,$$48b68a5c217$$);
INSERT INTO items(base_item_id, hq) VALUES(8789, false);
INSERT INTO base_items VALUES(8790,$$Masonwork Stove$$,$$ストーンストーブ$$,$$Foyer en maçonnerie$$,$$Steinofen$$,$$37086b388fc$$);
INSERT INTO items(base_item_id, hq) VALUES(8790, false);
INSERT INTO base_items VALUES(8792,$$Empty Twinkleboxes$$,$$スターライト・プレゼントボックス$$,$$Boîtes de la fête des étoiles$$,$$Leere Sternenlichtschachtel$$,$$78c87fb2a67$$);
INSERT INTO items(base_item_id, hq) VALUES(8792, false);
INSERT INTO base_items VALUES(8793,$$Riviera Open-shelf Bookcase$$,$$ラノシアン・オープンシェルフ$$,$$Étagère à livres noscéenne$$,$$Offenes Riviera-Bücherregal$$,$$4d4485e96a6$$);
INSERT INTO items(base_item_id, hq) VALUES(8793, false);
INSERT INTO base_items VALUES(8794,$$Glade Open-shelf Bookcase$$,$$シュラウド・オープンシェルフ$$,$$Étagère à livres sombrelinçoise$$,$$Offenes Wald-Bücherregal$$,$$832f3c96c40$$);
INSERT INTO items(base_item_id, hq) VALUES(8794, false);
INSERT INTO base_items VALUES(8795,$$Oasis Open-shelf Bookcase$$,$$ザナラーン・オープンシェルフ$$,$$Étagère à livres thanalanaise$$,$$Offenes Oasen-Bücherregal$$,$$e3541527ffe$$);
INSERT INTO items(base_item_id, hq) VALUES(8795, false);
INSERT INTO base_items VALUES(8796,$$Shipping Crate$$,$$交易商人の木箱$$,$$Caisse de transport maritime$$,$$Transportkiste$$,$$83c45c4b0a9$$);
INSERT INTO items(base_item_id, hq) VALUES(8796, false);
INSERT INTO base_items VALUES(8797,$$Wine Barrel$$,$$ワインバレル$$,$$Tonneau en bois$$,$$Weinfass$$,$$96d144bfae8$$);
INSERT INTO items(base_item_id, hq) VALUES(8797, false);
INSERT INTO base_items VALUES(8798,$$Incensory$$,$$アロマポット$$,$$Encensoir$$,$$Duftspender$$,$$0779531332e$$);
INSERT INTO items(base_item_id, hq) VALUES(8798, false);
INSERT INTO base_items VALUES(8799,$$Sheep Dolls$$,$$羊のめおと人形$$,$$Poupées moutons$$,$$Plüschschafe$$,$$37690f7502a$$);
INSERT INTO items(base_item_id, hq) VALUES(8799, false);
INSERT INTO base_items VALUES(8800,$$Hard Rice Cakes$$,$$鏡餅$$,$$Kagami-mochi$$,$$Kagami-Mochi$$,$$aef0c4386f2$$);
INSERT INTO items(base_item_id, hq) VALUES(8800, false);
INSERT INTO base_items VALUES(8801,$$Stuffed Qiqirn$$,$$星芒祭キキルンのぬいぐるみ$$,$$Qiqirn des étoiles en peluche$$,$$Stoff-Qiqirn$$,$$16e133d929e$$);
INSERT INTO items(base_item_id, hq) VALUES(8801, false);
INSERT INTO base_items VALUES(8802,$$Starlight Dodo$$,$$スターライト・ローストドードー$$,$$Dodo de la fête des étoiles$$,$$Sternenlichtdodo$$,$$6ec8ceae362$$);
INSERT INTO items(base_item_id, hq) VALUES(8802, false);
INSERT INTO base_items VALUES(8803,$$Pumpkin Basket$$,$$パンプキンバスケット$$,$$Panier citrouille$$,$$Kürbiskorb$$,$$3f88e7ec6f3$$);
INSERT INTO items(base_item_id, hq) VALUES(8803, false);
INSERT INTO base_items VALUES(8804,$$Starlight Cake$$,$$スターライト・レイヤーケーキ$$,$$Gâteau de la fête des étoiles$$,$$Sternenlichtkuchen$$,$$f982d47c25f$$);
INSERT INTO items(base_item_id, hq) VALUES(8804, false);
INSERT INTO base_items VALUES(8805,$$Wall Lantern$$,$$ウォールランタン$$,$$Lanterne murale$$,$$Wandlaterne$$,$$ac2592e62fa$$);
INSERT INTO items(base_item_id, hq) VALUES(8805, false);
INSERT INTO base_items VALUES(8806,$$Manor Sofa$$,$$御用邸のソファ$$,$$Fauteuil du manoir$$,$$Herrenhaus-Garnitur$$,$$efdf1f575a0$$);
INSERT INTO items(base_item_id, hq) VALUES(8806, false);
INSERT INTO base_items VALUES(8807,$$Stuffed Mazlaya Marlin$$,$$マズラヤマーリンの剥製$$,$$Marlin de Mazlaya empaillé$$,$$Präparierter Mazlaya-Marlin$$,$$1486bfd9d0f$$);
INSERT INTO items(base_item_id, hq) VALUES(8807, false);
INSERT INTO base_items VALUES(8808,$$Megalodon Jaws$$,$$メガロドン・ジョー$$,$$Mâchoire de mégalodon$$,$$Megalodon-Kiefer$$,$$8a57234e092$$);
INSERT INTO items(base_item_id, hq) VALUES(8808, false);
INSERT INTO base_items VALUES(8809,$$Stuffed Takitaro$$,$$タキタロの剥製$$,$$Takitaro empaillé$$,$$Präparierter Takitaro$$,$$d20c278234b$$);
INSERT INTO items(base_item_id, hq) VALUES(8809, false);
INSERT INTO base_items VALUES(8810,$$Starlight Wreath$$,$$スターライトリース$$,$$Couronne de la fête des étoiles$$,$$Sternenlichtkranz$$,$$bd38685b729$$);
INSERT INTO items(base_item_id, hq) VALUES(8810, false);
INSERT INTO base_items VALUES(8811,$$Towel Hanger$$,$$タオルハンガー$$,$$Porte-serviette$$,$$Handtuchaufhänger$$,$$2be5a48674e$$);
INSERT INTO items(base_item_id, hq) VALUES(8811, false);
INSERT INTO base_items VALUES(8812,$$Adventurers' Guild Aduyses$$,$$冒険者ギルドの貼紙$$,$$Affiches de la guilde des aventuriers$$,$$Abenteurergilden-Schriftstücke$$,$$6f945187a91$$);
INSERT INTO items(base_item_id, hq) VALUES(8812, false);
INSERT INTO base_items VALUES(8813,$$Glade Doormat$$,$$シュラウド・ドアマット$$,$$Paillasson sombrelinçois$$,$$Wald-Fußmatte$$,$$3973d9df891$$);
INSERT INTO items(base_item_id, hq) VALUES(8813, false);
INSERT INTO base_items VALUES(8814,$$Oasis Doormat$$,$$ザナラーン・ドアマット$$,$$Paillasson thanalanais$$,$$Oasen-Fußmatte$$,$$dd44c3c8afc$$);
INSERT INTO items(base_item_id, hq) VALUES(8814, false);
INSERT INTO base_items VALUES(8815,$$Large Woven Rug$$,$$ラージマット$$,$$Grand paillasson$$,$$Große Fußmatte$$,$$57782679fd7$$);
INSERT INTO items(base_item_id, hq) VALUES(8815, false);
INSERT INTO base_items VALUES(8816,$$Large Planter Box$$,$$ラージボックスプランター$$,$$Grand bac à fleurs$$,$$Große Pflanzkiste$$,$$21f7933906b$$);
INSERT INTO items(base_item_id, hq) VALUES(8816, false);
INSERT INTO base_items VALUES(8817,$$Riviera Path Light$$,$$ラノシアン・フットランプ$$,$$Éclairage au sol noscéen$$,$$Riviera-Straßenlaterne$$,$$485cd3550d3$$);
INSERT INTO items(base_item_id, hq) VALUES(8817, false);
INSERT INTO base_items VALUES(8818,$$Glade Path Light$$,$$シュラウド・フットランプ$$,$$Éclairage au sol sombrelinçois$$,$$Wald-Straßenlaterne$$,$$797e826d3ea$$);
INSERT INTO items(base_item_id, hq) VALUES(8818, false);
INSERT INTO base_items VALUES(8819,$$Oasis Path Light$$,$$ザナラーン・フットランプ$$,$$Éclairage au sol thanalanais$$,$$Oasen-Straßenlaterne$$,$$07810a65b6e$$);
INSERT INTO items(base_item_id, hq) VALUES(8819, false);
INSERT INTO base_items VALUES(8820,$$Glade Lamppost$$,$$シュラウド・ランプポスト$$,$$Lampadaire sombrelinçois$$,$$Wald-Laternenmast$$,$$3f4771af878$$);
INSERT INTO items(base_item_id, hq) VALUES(8820, false);
INSERT INTO base_items VALUES(8821,$$Oasis Lamppost$$,$$ザナラーン・ランプポスト$$,$$Lampadaire thanalanais$$,$$Oasen-Laternenmast$$,$$ecf4273c92b$$);
INSERT INTO items(base_item_id, hq) VALUES(8821, false);
INSERT INTO base_items VALUES(8822,$$Pumpkin Candlestand$$,$$パンプキンキャンドルスタンド$$,$$Candélabre citrouille$$,$$Kürbiskerzenhalter$$,$$9ce419d9e2c$$);
INSERT INTO items(base_item_id, hq) VALUES(8822, false);
INSERT INTO base_items VALUES(8823,$$Star-topped Starlight Sentinel$$,$$スタートップ・スターライトツリー$$,$$Sapin festif étoilé$$,$$Sternenlichtbaum mit Sternspitze$$,$$b384e113345$$);
INSERT INTO items(base_item_id, hq) VALUES(8823, false);
INSERT INTO base_items VALUES(8824,$$Moon-topped Starlight Sentinel$$,$$クレセントトップ・スターライトツリー$$,$$Sapin festif lunaire$$,$$Sternenlichtbaum mit Mondspitze$$,$$a227808db86$$);
INSERT INTO items(base_item_id, hq) VALUES(8824, false);
INSERT INTO base_items VALUES(8825,$$Sun-topped Starlight Sentinel$$,$$サントップ・スターライトツリー$$,$$Sapin festif solaire$$,$$Sternenlichtbaum mit Sonnenspitze$$,$$8c9ad499759$$);
INSERT INTO items(base_item_id, hq) VALUES(8825, false);
INSERT INTO base_items VALUES(8826,$$Snowman$$,$$スノーマン$$,$$Bonhomme de neige$$,$$Schneemann$$,$$28d34137793$$);
INSERT INTO items(base_item_id, hq) VALUES(8826, false);
INSERT INTO base_items VALUES(8827,$$Empty Gift Boxes$$,$$スターライト・ギフトボックス$$,$$Cadeaux de la fête des étoiles$$,$$Leere Geschenkpackung$$,$$ebc9d99648f$$);
INSERT INTO items(base_item_id, hq) VALUES(8827, false);
INSERT INTO base_items VALUES(8828,$$Kadomatsu$$,$$門松$$,$$Kadomatsu$$,$$Kadomatsu$$,$$ad4800a7d8d$$);
INSERT INTO items(base_item_id, hq) VALUES(8828, false);
INSERT INTO base_items VALUES(8829,$$Eerie Wallpaper$$,$$イアリウォールペーパー$$,$$Papier peint d'effroi$$,$$Allerschutzheiligen-Tapete$$,$$6b363df8eda$$);
INSERT INTO items(base_item_id, hq) VALUES(8829, false);
INSERT INTO base_items VALUES(8830,$$Starlight Interior Wall$$,$$スターライトインナーウォール$$,$$Papier peint de la fête des étoiles$$,$$Sternenlichtwand$$,$$0a23234cbc0$$);
INSERT INTO items(base_item_id, hq) VALUES(8830, false);
INSERT INTO base_items VALUES(8831,$$Masonwork Interior Wall$$,$$メイソンリーインナーウォール$$,$$Revêtement mural en maçonnerie$$,$$Steinerne Wand$$,$$999a15fdb2a$$);
INSERT INTO items(base_item_id, hq) VALUES(8831, false);
INSERT INTO base_items VALUES(8832,$$Masonwork Flooring$$,$$メイソンリーフローリング$$,$$Carrelage en maçonnerie$$,$$Steinerner Boden$$,$$cdc65c4d807$$);
INSERT INTO items(base_item_id, hq) VALUES(8832, false);
INSERT INTO base_items VALUES(8833,$$Checkered Flooring$$,$$モザイクフローリング$$,$$Carrelage en mosaïque$$,$$Karoboden$$,$$b91e740abc2$$);
INSERT INTO items(base_item_id, hq) VALUES(8833, false);
INSERT INTO base_items VALUES(8834,$$Iron Plate Flooring$$,$$アイアンプレートフローリング$$,$$Carrelage en plaques d'acier$$,$$Eisenboden$$,$$31d644b83b7$$);
INSERT INTO items(base_item_id, hq) VALUES(8834, false);
INSERT INTO base_items VALUES(8835,$$Ice Chandelier$$,$$シヴァのシャンデリア$$,$$Lustre de Shiva$$,$$Eisleuchter$$,$$03161fa67b2$$);
INSERT INTO items(base_item_id, hq) VALUES(8835, false);
INSERT INTO base_items VALUES(8836,$$Diamond Chandelier$$,$$氷神シヴァのシャンデリア$$,$$Lustre de la Furie des neiges$$,$$Diamantleuchter$$,$$01b0d4e5a49$$);
INSERT INTO items(base_item_id, hq) VALUES(8836, false);
INSERT INTO base_items VALUES(8837,$$Expansion of Duties Permit$$,$$営業証書:リテイナー$$,$$Autorisation de vente$$,$$Erweiterter Gehilfen-Vertrag$$,$$70982f3b21f$$);
INSERT INTO items(base_item_id, hq) VALUES(8837, false);
INSERT INTO base_items VALUES(8838,$$Level 1 Aetherial Wheel Stand$$,$$ホイールスタンドI$$,$$Base de tours éthéréens grade I$$,$$Ätherrad-Ständer I$$,$$898b6a0c044$$);
INSERT INTO items(base_item_id, hq) VALUES(8838, false);
INSERT INTO base_items VALUES(8841,$$Retainer Fantasia$$,$$幻想薬[リテイナー]$$,$$Philtre d'illusion pour servant$$,$$Gehilfen-Fantasia$$,$$d5401289ed4$$);
INSERT INTO items(base_item_id, hq) VALUES(8841, false);
INSERT INTO base_items VALUES(8844,$$Grade 1 Wheel of Confrontation$$,$$教練のエーテリアルホイールG1$$,$$Tour de l'entraînement I$$,$$Rad der Konfrontation I$$,$$3f2486d258a$$);
INSERT INTO items(base_item_id, hq) VALUES(8844, false);
INSERT INTO base_items VALUES(8845,$$Grade 1 Wheel of Productivity$$,$$修練のエーテリアルホイールG1$$,$$Tour du perfectionnement I$$,$$Rad der Produktivität I$$,$$d4e3d4b99ac$$);
INSERT INTO items(base_item_id, hq) VALUES(8845, false);
INSERT INTO base_items VALUES(8846,$$Grade 1 Wheel of Industry$$,$$鍛錬のエーテリアルホイールG1$$,$$Tour de l'apprentissage I$$,$$Rad der Industrie I$$,$$46e1b4bba97$$);
INSERT INTO items(base_item_id, hq) VALUES(8846, false);
INSERT INTO base_items VALUES(8847,$$Grade 1 Wheel of Longeing$$,$$特訓のエーテリアルホイールG1$$,$$Tour de la complicité I$$,$$Rad des Longierens I$$,$$431e0ae81ac$$);
INSERT INTO items(base_item_id, hq) VALUES(8847, false);
INSERT INTO base_items VALUES(8848,$$Grade 1 Wheel of Rivalry$$,$$戦績のエーテリアルホイールG1$$,$$Tour de l'altercation I$$,$$Rad der Rivalität I$$,$$92d5f6c3526$$);
INSERT INTO items(base_item_id, hq) VALUES(8848, false);
INSERT INTO base_items VALUES(8849,$$Grade 1 Wheel of Company$$,$$軍功のエーテリアルホイールG1$$,$$Tour du mérite I$$,$$Rad der Gesellschaft I$$,$$35a1f78e8df$$);
INSERT INTO items(base_item_id, hq) VALUES(8849, false);
INSERT INTO base_items VALUES(8850,$$Grade 1 Wheel of Initiation$$,$$新兵のエーテリアルホイールG1$$,$$Tour de l'initiation I$$,$$Rad der Einführung I$$,$$24cae0f44b4$$);
INSERT INTO items(base_item_id, hq) VALUES(8850, false);
INSERT INTO base_items VALUES(8851,$$Grade 1 Wheel of Capacity$$,$$達識のエーテリアルホイールG1$$,$$Tour de l'adresse I$$,$$Rad der Kapazität I$$,$$6c4cc5091a5$$);
INSERT INTO items(base_item_id, hq) VALUES(8851, false);
INSERT INTO base_items VALUES(8852,$$Grade 1 Wheel of Observation$$,$$博識のエーテリアルホイールG1$$,$$Tour de la clairvoyance I$$,$$Rad der Beobachtung I$$,$$d06aa501dfe$$);
INSERT INTO items(base_item_id, hq) VALUES(8852, false);
INSERT INTO base_items VALUES(8853,$$Grade 1 Wheel of Efficiency$$,$$名匠のエーテリアルホイールG1$$,$$Tour de l'efficacité I$$,$$Rad der Effizienz I$$,$$8710e1b39d7$$);
INSERT INTO items(base_item_id, hq) VALUES(8853, false);
INSERT INTO base_items VALUES(8854,$$Grade 1 Wheel of Precision$$,$$巨匠のエーテリアルホイールG1$$,$$Tour de l'expertise I$$,$$Rad der Präzision I$$,$$1004ce9e832$$);
INSERT INTO items(base_item_id, hq) VALUES(8854, false);
INSERT INTO base_items VALUES(8855,$$Grade 1 Wheel of Dedication$$,$$錬精のエーテリアルホイールG1$$,$$Tour de l'attachement I$$,$$Rad der Hingabe I$$,$$fb43327dcdb$$);
INSERT INTO items(base_item_id, hq) VALUES(8855, false);
INSERT INTO base_items VALUES(8856,$$Grade 1 Wheel of Nutriment$$,$$食通のエーテリアルホイールG1$$,$$Tour de la satiété I$$,$$Rad der Nährmittel I$$,$$a3a4a238c46$$);
INSERT INTO items(base_item_id, hq) VALUES(8856, false);
INSERT INTO base_items VALUES(8857,$$Grade 1 Wheel of Permanence$$,$$耐久のエーテリアルホイールG1$$,$$Tour de la rémanence I$$,$$Rad der Beständigkeit I$$,$$6bea5935965$$);
INSERT INTO items(base_item_id, hq) VALUES(8857, false);
INSERT INTO base_items VALUES(8858,$$Grade 1 Wheel of Revival$$,$$不屈のエーテリアルホイールG1$$,$$Tour du rétablissement I$$,$$Rad der Wiederbelebung I$$,$$45093173a49$$);
INSERT INTO items(base_item_id, hq) VALUES(8858, false);
INSERT INTO base_items VALUES(8859,$$Grade 1 Wheel of Pilgrimage$$,$$旅人のエーテリアルホイールG1$$,$$Tour de la mobilité I$$,$$Rad der Pilgerfahrt I$$,$$ae97adfe254$$);
INSERT INTO items(base_item_id, hq) VALUES(8859, false);
INSERT INTO base_items VALUES(9026,$$Wootz Sallet$$,$$ウーツサレット$$,$$Sallet en wootz$$,$$Wootz-Schaller$$,$$49204e27b64$$);
INSERT INTO items(base_item_id, hq) VALUES(9026, false),(9026, true);
INSERT INTO base_items VALUES(9027,$$Wootz Cuirass$$,$$ウーツキュイラス$$,$$Cuirasse en wootz$$,$$Wootz-Kürass$$,$$70725267103$$);
INSERT INTO items(base_item_id, hq) VALUES(9027, false),(9027, true);
INSERT INTO base_items VALUES(9028,$$Wootz Mitten Gauntlets$$,$$ウーツミトンガントレット$$,$$Gantelets-mitons en wootz$$,$$Wootz-Panzerfäustlinge$$,$$d44c4d960f0$$);
INSERT INTO items(base_item_id, hq) VALUES(9028, false),(9028, true);
INSERT INTO base_items VALUES(9029,$$Kirimu Breeches of Fending$$,$$キリムディフェンダーブリーチ$$,$$Braies Kirimu de protecteur$$,$$Kirimu-Reiterhose der Verteidigung$$,$$b7009a04563$$);
INSERT INTO items(base_item_id, hq) VALUES(9029, false),(9029, true);
INSERT INTO base_items VALUES(9030,$$Wootz Sabatons$$,$$ウーツサバトン$$,$$Sabatons en wootz$$,$$Wootz-Bärlatschen$$,$$50747136709$$);
INSERT INTO items(base_item_id, hq) VALUES(9030, false),(9030, true);
INSERT INTO base_items VALUES(9031,$$Wootz Plate Belt$$,$$ウーツプレートベルト$$,$$Ceinture de plaques en wootz$$,$$Wootz-Plattengürtel$$,$$b3d28baa0e9$$);
INSERT INTO items(base_item_id, hq) VALUES(9031, false),(9031, true);
INSERT INTO base_items VALUES(9032,$$Platinum Bangles of Fending$$,$$プラチナディフェンダーバングル$$,$$Joncs de protecteur en platine$$,$$Platinarmringe der Verteidigung$$,$$6cc9f61f600$$);
INSERT INTO items(base_item_id, hq) VALUES(9032, false),(9032, true);
INSERT INTO base_items VALUES(9033,$$Platinum Earrings of Fending$$,$$プラチナディフェンダーピアス$$,$$Boucles d'oreilles de protecteur en platine$$,$$Platinohrringe der Verteidigung$$,$$4c94e269866$$);
INSERT INTO items(base_item_id, hq) VALUES(9033, false),(9033, true);
INSERT INTO base_items VALUES(9034,$$Platinum Scarf of Fending$$,$$プラチナディフェンダースカーフ$$,$$Foulard de protecteur en platine$$,$$Platinschal der Verteidigung$$,$$a9fc737127e$$);
INSERT INTO items(base_item_id, hq) VALUES(9034, false),(9034, true);
INSERT INTO base_items VALUES(9035,$$Platinum Ring of Fending$$,$$プラチナディフェンダーリング$$,$$Bague de protecteur en platine$$,$$Platinring der Verteidigung$$,$$5361e04c795$$);
INSERT INTO items(base_item_id, hq) VALUES(9035, false),(9035, true);
INSERT INTO base_items VALUES(9036,$$Wootz Mask$$,$$ウーツマスク$$,$$Masque en wootz$$,$$Wootz-Maske$$,$$692e8016626$$);
INSERT INTO items(base_item_id, hq) VALUES(9036, false),(9036, true);
INSERT INTO base_items VALUES(9037,$$Wootz Mail$$,$$ウーツメイル$$,$$Maille en wootz$$,$$Wootz-Rüstung$$,$$81e3a0a659e$$);
INSERT INTO items(base_item_id, hq) VALUES(9037, false),(9037, true);
INSERT INTO base_items VALUES(9038,$$Wootz Gauntlets$$,$$ウーツガントレット$$,$$Gantelets en wootz$$,$$Wootz-Panzerhandschuhe$$,$$951e4840d43$$);
INSERT INTO items(base_item_id, hq) VALUES(9038, false),(9038, true);
INSERT INTO base_items VALUES(9039,$$Kirimu Breeches of Maiming$$,$$キリムスレイヤーブリーチ$$,$$Braies Kirimu d'abatteur$$,$$Kirimu-Reiterhose des Verstümmelns$$,$$8a06bf500ff$$);
INSERT INTO items(base_item_id, hq) VALUES(9039, false),(9039, true);
INSERT INTO base_items VALUES(9040,$$Wootz Sollerets$$,$$ウーツソルレット$$,$$Solerets en wootz$$,$$Wootz- Sollerets$$,$$584287e7d4b$$);
INSERT INTO items(base_item_id, hq) VALUES(9040, false),(9040, true);
INSERT INTO base_items VALUES(9041,$$Kirimu Belt of Maiming$$,$$キリムスレイヤーベルト$$,$$Ceinture Kirimu d'abatteur$$,$$Kirimu-Gürtel des Verstümmelns$$,$$321eea3c9d9$$);
INSERT INTO items(base_item_id, hq) VALUES(9041, false),(9041, true);
INSERT INTO base_items VALUES(9042,$$Arachne Bandana of Striking$$,$$アラクネストライカーバンダナ$$,$$Bandana Arachne d'agresseur$$,$$Arachne-Bandana des Schlagens$$,$$38f1d445e98$$);
INSERT INTO items(base_item_id, hq) VALUES(9042, false),(9042, true);
INSERT INTO base_items VALUES(9043,$$Arachne Shirt of Striking$$,$$アラクネストライカーシャツ$$,$$Chemise Arachne d'agresseur$$,$$Arachne-Hemd des Schlagens$$,$$81ff3676ccb$$);
INSERT INTO items(base_item_id, hq) VALUES(9043, false),(9043, true);
INSERT INTO base_items VALUES(9044,$$Arachne Field Dressing of Striking$$,$$アラクネストライカーバンデージ$$,$$Bandages de mains Arachne d'agresseur$$,$$Arachne-Handwickel des Schlagens$$,$$77432bf78a5$$);
INSERT INTO items(base_item_id, hq) VALUES(9044, false),(9044, true);
INSERT INTO base_items VALUES(9045,$$Arachne Gaskins of Striking$$,$$アラクネストライカーガスキン$$,$$Grègues Arachne d'agresseur$$,$$Arachne-Gaskin des Schlagens$$,$$b9936f9d66c$$);
INSERT INTO items(base_item_id, hq) VALUES(9045, false),(9045, true);
INSERT INTO base_items VALUES(9046,$$Kirimu Sandals of Striking$$,$$キリムストライカーサンダル$$,$$Sandales Kirimu d'agresseur$$,$$Kirimu-Sandalen des Schlagens$$,$$3616f0d99d0$$);
INSERT INTO items(base_item_id, hq) VALUES(9046, false),(9046, true);
INSERT INTO base_items VALUES(9047,$$Kirimu Belt of Striking$$,$$キリムストライカーベルト$$,$$Ceinture Kirimu d'agresseur$$,$$Kirimu-Gürtel des Schlagens$$,$$d944cc6f827$$);
INSERT INTO items(base_item_id, hq) VALUES(9047, false),(9047, true);
INSERT INTO base_items VALUES(9048,$$Platinum Bangles of Slaying$$,$$プラチナアタッカーバングル$$,$$Joncs d'attaquant en platine$$,$$Platinarmringe des Schlachtens$$,$$77dd7ec9560$$);
INSERT INTO items(base_item_id, hq) VALUES(9048, false),(9048, true);
INSERT INTO base_items VALUES(9049,$$Platinum Earrings of Slaying$$,$$プラチナアタッカーピアス$$,$$Boucles d'oreilles d'attaquant en platine$$,$$Platinohrringe des Schlachtens$$,$$3e4ce918964$$);
INSERT INTO items(base_item_id, hq) VALUES(9049, false),(9049, true);
INSERT INTO base_items VALUES(9050,$$Platinum Scarf of Slaying$$,$$プラチナアタッカースカーフ$$,$$Foulard d'attaquant en platine$$,$$Platinschal des Schlachtens$$,$$96247670ef3$$);
INSERT INTO items(base_item_id, hq) VALUES(9050, false),(9050, true);
INSERT INTO base_items VALUES(9051,$$Platinum Ring of Slaying$$,$$プラチナアタッカーリング$$,$$Bague d'attaquant en platine$$,$$Platinring des Schlachtens$$,$$9bb682949f7$$);
INSERT INTO items(base_item_id, hq) VALUES(9051, false),(9051, true);
INSERT INTO base_items VALUES(9052,$$Kirimu Tricorne$$,$$キリムトライコーン$$,$$Tricorne Kirimu$$,$$Kirimu-Dreispitz$$,$$1aa2bf97111$$);
INSERT INTO items(base_item_id, hq) VALUES(9052, false),(9052, true);
INSERT INTO base_items VALUES(9053,$$Kirimu Coat$$,$$キリムコート$$,$$Manteau Kirimu$$,$$Kirimu-Mantel$$,$$5904768fb9f$$);
INSERT INTO items(base_item_id, hq) VALUES(9053, false),(9053, true);
INSERT INTO base_items VALUES(9054,$$Kirimu Bracers$$,$$キリムブレーサー$$,$$Brassières Kirimu$$,$$Kirimu-Armschienen$$,$$5a231399645$$);
INSERT INTO items(base_item_id, hq) VALUES(9054, false),(9054, true);
INSERT INTO base_items VALUES(9055,$$Kirimu Brais$$,$$キリムブレー$$,$$Brailles Kirimu$$,$$Kirimu-Braies$$,$$0203df9f3d2$$);
INSERT INTO items(base_item_id, hq) VALUES(9055, false),(9055, true);
INSERT INTO base_items VALUES(9056,$$Kirimu Boots of Aiming$$,$$キリムレンジャーブーツ$$,$$Bottes Kirimu de pisteur$$,$$Kirimu-Stiefel des Zielens$$,$$e616e80a8fd$$);
INSERT INTO items(base_item_id, hq) VALUES(9056, false),(9056, true);
INSERT INTO base_items VALUES(9057,$$Arachne Sash$$,$$アラクネサッシュ$$,$$Écharpe Arachne$$,$$Arachne-Schärpe$$,$$711badf5cb0$$);
INSERT INTO items(base_item_id, hq) VALUES(9057, false),(9057, true);
INSERT INTO base_items VALUES(9058,$$Platinum Bangles of Aiming$$,$$プラチナレンジャーバングル$$,$$Joncs de pisteur en platine$$,$$Platinarmringe des Zielens$$,$$08cea4111aa$$);
INSERT INTO items(base_item_id, hq) VALUES(9058, false),(9058, true);
INSERT INTO base_items VALUES(9059,$$Platinum Earrings of Aiming$$,$$プラチナレンジャーピアス$$,$$Boucles d'oreilles de pisteur en platine$$,$$Platinohrringe des Zielens$$,$$3b0f01f4612$$);
INSERT INTO items(base_item_id, hq) VALUES(9059, false),(9059, true);
INSERT INTO base_items VALUES(9060,$$Platinum Scarf of Aiming$$,$$プラチナレンジャースカーフ$$,$$Foulard de pisteur en platine$$,$$Platinschal des Zielens$$,$$7e4c4c6fb1a$$);
INSERT INTO items(base_item_id, hq) VALUES(9060, false),(9060, true);
INSERT INTO base_items VALUES(9061,$$Platinum Ring of Aiming$$,$$プラチナレンジャーリング$$,$$Bague de pisteur en platine$$,$$Platinring des Zielens$$,$$c899b3276e4$$);
INSERT INTO items(base_item_id, hq) VALUES(9061, false),(9061, true);
INSERT INTO base_items VALUES(9062,$$Platinum Circlet of Healing$$,$$プラチナヒーラーサークレット$$,$$Diadème en platine de soigneur$$,$$Platinstirnreif der Heilung$$,$$fa0a11eb218$$);
INSERT INTO items(base_item_id, hq) VALUES(9062, false),(9062, true);
INSERT INTO base_items VALUES(9063,$$Arachne Robe$$,$$アラクネローブ$$,$$Robe Arachne$$,$$Arachne-Robe$$,$$cada9ec7074$$);
INSERT INTO items(base_item_id, hq) VALUES(9063, false),(9063, true);
INSERT INTO base_items VALUES(9064,$$Kirimu Gloves of Healing$$,$$キリムヒーラーグローブ$$,$$Gants Kirimu de soigneur$$,$$Kirimu-Handschuhe der Heilung$$,$$870769a5207$$);
INSERT INTO items(base_item_id, hq) VALUES(9064, false),(9064, true);
INSERT INTO base_items VALUES(9065,$$Arachne Culottes of Healing$$,$$アラクネヒーラーキュロット$$,$$Culotte Arachne de soigneur$$,$$Arachne-Kniebundhose der Heilung$$,$$0eba1d0d0a4$$);
INSERT INTO items(base_item_id, hq) VALUES(9065, false),(9065, true);
INSERT INTO base_items VALUES(9066,$$Kirimu Boots of Healing$$,$$キリムヒーラーブーツ$$,$$Bottes Kirimu de soigneur$$,$$Kirimu-Stiefel der Heilung$$,$$eddd9ea52d0$$);
INSERT INTO items(base_item_id, hq) VALUES(9066, false),(9066, true);
INSERT INTO base_items VALUES(9067,$$Kirimu Belt of Healing$$,$$キリムヒーラーベルト$$,$$Ceinture Kirimu de soigneur$$,$$Kirimu-Gürtel der Heilung$$,$$228ad7e276a$$);
INSERT INTO items(base_item_id, hq) VALUES(9067, false),(9067, true);
INSERT INTO base_items VALUES(9068,$$Platinum Bangles of Healing$$,$$プラチナヒーラーバングル$$,$$Joncs de soigneur en platine$$,$$Platinarmringe der Heilung$$,$$b1287a74f3f$$);
INSERT INTO items(base_item_id, hq) VALUES(9068, false),(9068, true);
INSERT INTO base_items VALUES(9069,$$Platinum Earrings of Healing$$,$$プラチナヒーラーピアス$$,$$Boucles d'oreilles de soigneur en platine$$,$$Platinohrringe der Heilung$$,$$c7591e80a62$$);
INSERT INTO items(base_item_id, hq) VALUES(9069, false),(9069, true);
INSERT INTO base_items VALUES(9070,$$Platinum Scarf of Healing$$,$$プラチナヒーラースカーフ$$,$$Foulard de soigneur en platine$$,$$Platinschal der Heilung$$,$$4080cebeb1c$$);
INSERT INTO items(base_item_id, hq) VALUES(9070, false),(9070, true);
INSERT INTO base_items VALUES(9071,$$Platinum Ring of Healing$$,$$プラチナヒーラーリング$$,$$Bague de soigneur en platine$$,$$Platinring der Heilung$$,$$156cb3ab5c5$$);
INSERT INTO items(base_item_id, hq) VALUES(9071, false),(9071, true);
INSERT INTO base_items VALUES(9072,$$Platinum Circlet of Casting$$,$$プラチナキャスターサークレット$$,$$Diadème en platine d'incantateur$$,$$Platinstirnreif der Magie$$,$$76b76ddc4a4$$);
INSERT INTO items(base_item_id, hq) VALUES(9072, false),(9072, true);
INSERT INTO base_items VALUES(9073,$$Arachne Bolero$$,$$アラクネボレロ$$,$$Boléro Arachne$$,$$Arachne-Bolero$$,$$9d2c017df6d$$);
INSERT INTO items(base_item_id, hq) VALUES(9073, false),(9073, true);
INSERT INTO base_items VALUES(9074,$$Kirimu Gloves of Casting$$,$$キリムキャスターグローブ$$,$$Gants Kirimu d'incantateur$$,$$Kirimu-Handschuhe der Magie$$,$$619e7cdd818$$);
INSERT INTO items(base_item_id, hq) VALUES(9074, false),(9074, true);
INSERT INTO base_items VALUES(9075,$$Arachne Culottes of Casting$$,$$アラクネキャスターキュロット$$,$$Culotte Arachne d'incantateur$$,$$Arachne-Kniebundhose der Magie$$,$$f9f95e322fd$$);
INSERT INTO items(base_item_id, hq) VALUES(9075, false),(9075, true);
INSERT INTO base_items VALUES(9076,$$Kirimu Boots of Casting$$,$$キリムキャスターブーツ$$,$$Bottes Kirimu d'incantateur$$,$$Kirimu-Stiefel der Magie$$,$$9b7dc463b87$$);
INSERT INTO items(base_item_id, hq) VALUES(9076, false),(9076, true);
INSERT INTO base_items VALUES(9077,$$Kirimu Belt of Casting$$,$$キリムキャスターベルト$$,$$Ceinture Kirimu d'incantateur$$,$$Kirimu-Gürtel der Magie$$,$$3255f8442c9$$);
INSERT INTO items(base_item_id, hq) VALUES(9077, false),(9077, true);
INSERT INTO base_items VALUES(9078,$$Platinum Bangles of Casting$$,$$プラチナキャスターバングル$$,$$Joncs d'incantateur en platine$$,$$Platinarmringe der Magie$$,$$333ac39f400$$);
INSERT INTO items(base_item_id, hq) VALUES(9078, false),(9078, true);
INSERT INTO base_items VALUES(9079,$$Platinum Earrings of Casting$$,$$プラチナキャスターピアス$$,$$Boucles d'oreilles d'incantateur en platine$$,$$Platinohrringe der Magie$$,$$ab93d0a7757$$);
INSERT INTO items(base_item_id, hq) VALUES(9079, false),(9079, true);
INSERT INTO base_items VALUES(9080,$$Platinum Scarf of Casting$$,$$プラチナキャスタースカーフ$$,$$Foulard d'incantateur en platine$$,$$Platinschal der Magie$$,$$690af8a4bdd$$);
INSERT INTO items(base_item_id, hq) VALUES(9080, false),(9080, true);
INSERT INTO base_items VALUES(9081,$$Platinum Ring of Casting$$,$$プラチナキャスターリング$$,$$Bague d'incantateur en platine$$,$$Platinring der Magie$$,$$60afb3e032c$$);
INSERT INTO items(base_item_id, hq) VALUES(9081, false),(9081, true);
INSERT INTO base_items VALUES(9082,$$Wootz Shield$$,$$ウーツシールド$$,$$Bouclier en wootz$$,$$Wootz-Schild$$,$$a0998dadcc1$$);
INSERT INTO items(base_item_id, hq) VALUES(9082, false),(9082, true);
INSERT INTO base_items VALUES(9083,$$Wootz Scimitar$$,$$ウーツシミター$$,$$Cimeterre en wootz$$,$$Wootz-Scimitar$$,$$b09d2f0e243$$);
INSERT INTO items(base_item_id, hq) VALUES(9083, false),(9083, true);
INSERT INTO base_items VALUES(9084,$$Wootz Knuckles$$,$$ウーツナックル$$,$$Poings en wootz$$,$$Wootz-Schlagringe$$,$$81a0bc9ea87$$);
INSERT INTO items(base_item_id, hq) VALUES(9084, false),(9084, true);
INSERT INTO base_items VALUES(9085,$$Wootz Bhuj$$,$$ウーツブージ$$,$$Bhuj en wootz$$,$$Wootz-Bhuj$$,$$b21d3132bde$$);
INSERT INTO items(base_item_id, hq) VALUES(9085, false),(9085, true);
INSERT INTO base_items VALUES(9086,$$Wootz Spear$$,$$ウーツスピア$$,$$Hast en wootz$$,$$Wootz-Speer$$,$$4a9f56dcce5$$);
INSERT INTO items(base_item_id, hq) VALUES(9086, false),(9086, true);
INSERT INTO base_items VALUES(9087,$$Ebony Longbow$$,$$エボニーロングボウ$$,$$Arc long en ébène$$,$$Ebenholz-Langbogen$$,$$4f890dfab53$$);
INSERT INTO items(base_item_id, hq) VALUES(9087, false),(9087, true);
INSERT INTO base_items VALUES(9088,$$Wootz Daggers$$,$$ウーツダガー$$,$$Dagues en wootz$$,$$Wootz-Dolche$$,$$a86ecfe2cbc$$);
INSERT INTO items(base_item_id, hq) VALUES(9088, false),(9088, true);
INSERT INTO base_items VALUES(9089,$$Ebony Cane$$,$$エボニーケーン$$,$$Canne en ébène$$,$$Ebenholzstock$$,$$43497d41826$$);
INSERT INTO items(base_item_id, hq) VALUES(9089, false),(9089, true);
INSERT INTO base_items VALUES(9090,$$Ebony Staff$$,$$エボニースタッフ$$,$$Bâton en ébène$$,$$Ebenholzstab$$,$$0dcc9ea3346$$);
INSERT INTO items(base_item_id, hq) VALUES(9090, false),(9090, true);
INSERT INTO base_items VALUES(9091,$$Kirimu Grimoire$$,$$キリムグリモア$$,$$Grimoire Kirimu$$,$$Kirimu-Grimoire$$,$$a74e01cddc3$$);
INSERT INTO items(base_item_id, hq) VALUES(9091, false),(9091, true);
INSERT INTO base_items VALUES(9092,$$Kirimu Codex$$,$$キリムコーデックス$$,$$Codex Kirimu$$,$$Kirimu-Kodex$$,$$f372293263b$$);
INSERT INTO items(base_item_id, hq) VALUES(9092, false),(9092, true);
INSERT INTO base_items VALUES(9184,$$Bronze Daggers$$,$$ダガー$$,$$Dagues en bronze$$,$$Bronzedolche$$,$$d7678482182$$);
INSERT INTO items(base_item_id, hq) VALUES(9184, false),(9184, true);
INSERT INTO base_items VALUES(9185,$$Bronze Knives$$,$$ナイフ$$,$$Couteaux en bronze$$,$$Bronzemesser$$,$$4c126a97f38$$);
INSERT INTO items(base_item_id, hq) VALUES(9185, false),(9185, true);
INSERT INTO base_items VALUES(9186,$$Brass Daggers$$,$$ブラスダガー$$,$$Dagues en laiton$$,$$Messingdolche$$,$$2dca3069d09$$);
INSERT INTO items(base_item_id, hq) VALUES(9186, false),(9186, true);
INSERT INTO base_items VALUES(9193,$$Steel Daggers$$,$$スチールダガー$$,$$Dagues en acier$$,$$Stahldolche$$,$$4b8535c5c6d$$);
INSERT INTO items(base_item_id, hq) VALUES(9193, false),(9193, true);
INSERT INTO base_items VALUES(9196,$$Cracked Daggers$$,$$オールドダガー$$,$$Dagues émoussées$$,$$Schartige Dolche$$,$$227103a4844$$);
INSERT INTO items(base_item_id, hq) VALUES(9196, false);
INSERT INTO base_items VALUES(9205,$$Maddening Daggers$$,$$フレンジーダガー$$,$$Dagues enrageantes$$,$$Wahndolche$$,$$7b49112b78b$$);
INSERT INTO items(base_item_id, hq) VALUES(9205, false),(9205, true);
INSERT INTO base_items VALUES(9209,$$Mythril Baselards$$,$$ミスリルバゼラード$$,$$Baselards en mithril$$,$$Mithril-Baselarden$$,$$c1d7299f21c$$);
INSERT INTO items(base_item_id, hq) VALUES(9209, false),(9209, true);
INSERT INTO base_items VALUES(9224,$$Vamper's Knives$$,$$ヴァンパーナイフ$$,$$Couteaux de spoliateur$$,$$Flickermesser$$,$$23aae3ddfb9$$);
INSERT INTO items(base_item_id, hq) VALUES(9224, false),(9224, true);
INSERT INTO base_items VALUES(9225,$$Giantsgall Cleavers$$,$$ギガントガルクリーバー$$,$$Couperets fiel-de-géant$$,$$Gallenerz-Spalter$$,$$2286d5df899$$);
INSERT INTO items(base_item_id, hq) VALUES(9225, false),(9225, true);
INSERT INTO base_items VALUES(9226,$$Misericordes$$,$$ミセリコルデ$$,$$Miséricorde$$,$$Misericordiae$$,$$97bd624f75e$$);
INSERT INTO items(base_item_id, hq) VALUES(9226, false),(9226, true);
INSERT INTO base_items VALUES(9234,$$Inferno Kris$$,$$インフェルノクリス$$,$$Kriss des flammes$$,$$Inferno-Krise$$,$$33c5b871f9e$$);
INSERT INTO items(base_item_id, hq) VALUES(9234, false),(9234, true);
INSERT INTO base_items VALUES(9235,$$Plumes of the Vortex$$,$$ヴォーテックスファング$$,$$Crocs des rafales$$,$$Sturmfiedern$$,$$0b81d6cf8d2$$);
INSERT INTO items(base_item_id, hq) VALUES(9235, false),(9235, true);
INSERT INTO base_items VALUES(9236,$$Tremor Cleavers$$,$$トレマークリーバー$$,$$Couperets des séismes$$,$$Erdstoßspalter$$,$$3192577ed81$$);
INSERT INTO items(base_item_id, hq) VALUES(9236, false),(9236, true);
INSERT INTO base_items VALUES(9237,$$Mortal Moggle Mogknives$$,$$モグルモグナイフ$$,$$Couteaux Moggle Mog molestateurs$$,$$Mordsmogry-Mogmesser$$,$$a27530ee8c0$$);
INSERT INTO items(base_item_id, hq) VALUES(9237, false),(9237, true);
INSERT INTO base_items VALUES(9242,$$Wolf Pugiones$$,$$ウルフプジオ$$,$$Pugiones de loup$$,$$Wolf-Pugiones$$,$$04b619d2e0c$$);
INSERT INTO items(base_item_id, hq) VALUES(9242, false),(9242, true);
INSERT INTO base_items VALUES(9283,$$Best Man's Jacket$$,$$ベストマンジャケット$$,$$Veste de témoin$$,$$Trauzeugen-Jacke$$,$$32bb5715612$$);
INSERT INTO items(base_item_id, hq) VALUES(9283, false),(9283, true);
INSERT INTO base_items VALUES(9284,$$Best Man's Slacks$$,$$ベストマンスラックス$$,$$Pantalon de témoin$$,$$Trauzeugen-Hose$$,$$6087da1c0ef$$);
INSERT INTO items(base_item_id, hq) VALUES(9284, false),(9284, true);
INSERT INTO base_items VALUES(9285,$$Best Man's Gaiters$$,$$ベストマンゲイター$$,$$Chaussures à guêtre de témoin$$,$$Trauzeugen-Spangenschuhe$$,$$3acd17c97f3$$);
INSERT INTO items(base_item_id, hq) VALUES(9285, false),(9285, true);
INSERT INTO base_items VALUES(9286,$$Bridesmaid's Dress$$,$$ブライズメイドドレス$$,$$Robe de demoiselle d'honneur$$,$$Trauzeugin-Kleid$$,$$294a9051ec0$$);
INSERT INTO items(base_item_id, hq) VALUES(9286, false),(9286, true);
INSERT INTO base_items VALUES(9287,$$Bridesmaid's Tights$$,$$ブライズメイドタイツ$$,$$Collants de demoiselle d'honneur$$,$$Trauzeugin-Strumpfhose$$,$$e5ad6306438$$);
INSERT INTO items(base_item_id, hq) VALUES(9287, false),(9287, true);
INSERT INTO base_items VALUES(9288,$$Bridesmaid's Sandals$$,$$ブライズメイドサンダル$$,$$Sandales de demoiselle d'honneur$$,$$Trauzeugin-Sandalen$$,$$6dfef851268$$);
INSERT INTO items(base_item_id, hq) VALUES(9288, false),(9288, true);
INSERT INTO base_items VALUES(9289,$$Plain Long Skirt$$,$$ロングスカート$$,$$Jupe longue$$,$$Langer Rock$$,$$29648f6ee0e$$);
INSERT INTO items(base_item_id, hq) VALUES(9289, false),(9289, true);
INSERT INTO base_items VALUES(9291,$$Gryphonskin Eyepatch$$,$$ヒッポグリフアイパッチ$$,$$Cache-œil en cuir d'hippogriffe$$,$$Gryphenleder-Augenklappe$$,$$97e420d9e08$$);
INSERT INTO items(base_item_id, hq) VALUES(9291, false),(9291, true);
INSERT INTO base_items VALUES(9292,$$The Emperor's New Necklace$$,$$エンペラーズ・ニューネックレス$$,$$Nouveau collier de l'Empereur$$,$$Des Kaisers neue Kette$$,$$5f33d167e05$$);
INSERT INTO items(base_item_id, hq) VALUES(9292, false);
INSERT INTO base_items VALUES(9293,$$The Emperor's New Earrings$$,$$エンペラーズ・ニューイヤリング$$,$$Nouvelles boucles d'oreilles de l'Empereur$$,$$Des Kaisers neue Ohrringe$$,$$64c6c9fe08b$$);
INSERT INTO items(base_item_id, hq) VALUES(9293, false);
INSERT INTO base_items VALUES(9294,$$The Emperor's New Bracelet$$,$$エンペラーズ・ニューブレスレット$$,$$Nouveau bracelet de l'Empereur$$,$$Des Kaisers neuer Armreif$$,$$1b9470c33e2$$);
INSERT INTO items(base_item_id, hq) VALUES(9294, false);
INSERT INTO base_items VALUES(9295,$$The Emperor's New Ring$$,$$エンペラーズ・ニューリング$$,$$Nouvelle bague de l'Empereur$$,$$Des Kaisers neuer Ring$$,$$9665ddcaccf$$);
INSERT INTO items(base_item_id, hq) VALUES(9295, false);
INSERT INTO base_items VALUES(9296,$$Imperial Shadow Visor$$,$$インペリアルシャドウ・バイザー$$,$$Visière d'ombre impériale$$,$$Garleischer Schattenvisier$$,$$b5c3833fd59$$);
INSERT INTO items(base_item_id, hq) VALUES(9296, false);
INSERT INTO base_items VALUES(9297,$$Minstrel's Spectacles$$,$$ミンストレルグラス$$,$$Lunettes de ménestrel$$,$$Minnesänger-Brille$$,$$1a84e367d4d$$);
INSERT INTO items(base_item_id, hq) VALUES(9297, false),(9297, true);
INSERT INTO base_items VALUES(9298,$$Classic Spectacles$$,$$クラシックグラス$$,$$Lunettes classiques$$,$$Klassische Brille$$,$$223e1752ce8$$);
INSERT INTO items(base_item_id, hq) VALUES(9298, false),(9298, true);
INSERT INTO base_items VALUES(9299,$$Imitation Mistbeard Mask$$,$$イミテイト・ミストビアドマスク$$,$$Imitation du masque de Barbe-Brume$$,$$Rauschebart-Maske$$,$$82e40821026$$);
INSERT INTO items(base_item_id, hq) VALUES(9299, false);
INSERT INTO base_items VALUES(9300,$$Artisan's Mitts$$,$$アーティザンミトン$$,$$Mitaines de façonnier$$,$$Kunsthandwerker-Fäustlinge$$,$$bedb9ace5f0$$);
INSERT INTO items(base_item_id, hq) VALUES(9300, false),(9300, true);
INSERT INTO base_items VALUES(9301,$$Artisan's Culottes$$,$$アーティザンキュロット$$,$$Culotte de façonnier$$,$$Kunsthandwerker-Kniebundhose$$,$$3c0446a1759$$);
INSERT INTO items(base_item_id, hq) VALUES(9301, false),(9301, true);
INSERT INTO base_items VALUES(9302,$$Artisan's Sandals$$,$$アーティザンサンダル$$,$$Sandales de façonnier$$,$$Kunsthandwerker-Sandalen$$,$$6fa74416f0e$$);
INSERT INTO items(base_item_id, hq) VALUES(9302, false),(9302, true);
INSERT INTO base_items VALUES(9303,$$Forager's Vest$$,$$フォリジャーベスト$$,$$Gilet de glaneur$$,$$Furier-Weste$$,$$316c0c4459a$$);
INSERT INTO items(base_item_id, hq) VALUES(9303, false),(9303, true);
INSERT INTO base_items VALUES(9304,$$Forager's Wristguards$$,$$フォリジャーリストガード$$,$$Garde-poignets de glaneur$$,$$Furier-Handgelenkschützer$$,$$55f45f451a2$$);
INSERT INTO items(base_item_id, hq) VALUES(9304, false),(9304, true);
INSERT INTO base_items VALUES(9305,$$Forager's Slops$$,$$フォリジャースロップ$$,$$Trousses de glaneur$$,$$Furier-Beinlinge$$,$$e61af2eb627$$);
INSERT INTO items(base_item_id, hq) VALUES(9305, false),(9305, true);
INSERT INTO base_items VALUES(9306,$$Forager's Shoes$$,$$フォリジャーシューズ$$,$$Chaussures de glaneur$$,$$Furier-Schuhe$$,$$96791bc19ef$$);
INSERT INTO items(base_item_id, hq) VALUES(9306, false),(9306, true);
INSERT INTO base_items VALUES(9307,$$Artisan's Claw Hammer$$,$$アーティザンクローハンマー$$,$$Marteau arrache-clou de façonnier$$,$$Kunsthandwerker-Klauenhammer$$,$$ea88d60438c$$);
INSERT INTO items(base_item_id, hq) VALUES(9307, false),(9307, true);
INSERT INTO base_items VALUES(9308,$$Artisan's File$$,$$アーティザンファイル$$,$$Lime de façonnier$$,$$Kunsthandwerker-Feile$$,$$72e7517fdcf$$);
INSERT INTO items(base_item_id, hq) VALUES(9308, false),(9308, true);
INSERT INTO base_items VALUES(9309,$$Artisan's Pliers$$,$$アーティザンプライヤー$$,$$Tenailles de façonnier$$,$$Kunsthandwerker-Zange$$,$$9946ec9865c$$);
INSERT INTO items(base_item_id, hq) VALUES(9309, false),(9309, true);
INSERT INTO base_items VALUES(9310,$$Artisan's Grinding Wheel$$,$$アーティザングラインディングホイール$$,$$Meule de façonnier$$,$$Kunsthandwerker-Schleifrad$$,$$ae82130f188$$);
INSERT INTO items(base_item_id, hq) VALUES(9310, false),(9310, true);
INSERT INTO base_items VALUES(9311,$$Artisan's Awl$$,$$アーティザンアウル$$,$$Poinçon de façonnier$$,$$Kunsthandwerker-Ahle$$,$$77e2ff4a7f6$$);
INSERT INTO items(base_item_id, hq) VALUES(9311, false),(9311, true);
INSERT INTO base_items VALUES(9312,$$Artisan's Spinning Wheel$$,$$アーティザンスピニングホイール$$,$$Rouet de façonnier$$,$$Kunsthandwerker-Spinnrad$$,$$5899e07fad6$$);
INSERT INTO items(base_item_id, hq) VALUES(9312, false),(9312, true);
INSERT INTO base_items VALUES(9313,$$Artisan's Mortar$$,$$アーティザンモーター$$,$$Mortier de façonnier$$,$$Kunsthandwerker-Mörser$$,$$4c8cf8cd41e$$);
INSERT INTO items(base_item_id, hq) VALUES(9313, false),(9313, true);
INSERT INTO base_items VALUES(9314,$$Artisan's Culinary Knife$$,$$アーティザンクリナリーナイフ$$,$$Couteau de cuisine de façonnier$$,$$Kunsthandwerker-Küchenmesser$$,$$1e56ae6bf5b$$);
INSERT INTO items(base_item_id, hq) VALUES(9314, false),(9314, true);
INSERT INTO base_items VALUES(9315,$$Forager's Sledgehammer$$,$$フォリジャーモール$$,$$Maillet de glaneur$$,$$Furier-Vorschlaghammer$$,$$a0dacb70acf$$);
INSERT INTO items(base_item_id, hq) VALUES(9315, false),(9315, true);
INSERT INTO base_items VALUES(9316,$$Forager's Scythe$$,$$フォリジャーサイズ$$,$$Faux de glaneur$$,$$Furier-Sense$$,$$5ce2fea8732$$);
INSERT INTO items(base_item_id, hq) VALUES(9316, false),(9316, true);
INSERT INTO base_items VALUES(9322,$$Carpentry for Beginners$$,$$木工入門書$$,$$Initiation à la menuiserie$$,$$Zimmern für Anfänger$$,$$d90f3cc315b$$);
INSERT INTO items(base_item_id, hq) VALUES(9322, false);
INSERT INTO base_items VALUES(9323,$$Blacksmithing for Beginners$$,$$鍛冶入門書$$,$$Initiation à la métallurgie$$,$$Grobschmiedekunst für Anfänger$$,$$e812c6f7739$$);
INSERT INTO items(base_item_id, hq) VALUES(9323, false);
INSERT INTO base_items VALUES(9324,$$Armoring for Beginners$$,$$板金入門書$$,$$Initiation à l'armurerie$$,$$Plattnerkunst für Anfänger$$,$$b4001aeb559$$);
INSERT INTO items(base_item_id, hq) VALUES(9324, false);
INSERT INTO base_items VALUES(9325,$$Goldsmithing for Beginners$$,$$彫金入門書$$,$$Initiation à l'orfèvrerie$$,$$Goldschmiedekunst für Anfänger$$,$$fa923080b92$$);
INSERT INTO items(base_item_id, hq) VALUES(9325, false);
INSERT INTO base_items VALUES(9326,$$Leatherworking for Beginners$$,$$革細工入門書$$,$$Initiation à la tannerie$$,$$Gerben für Anfänger$$,$$09debfdcb36$$);
INSERT INTO items(base_item_id, hq) VALUES(9326, false);
INSERT INTO base_items VALUES(9327,$$Weaving for Beginners$$,$$裁縫入門書$$,$$Initiation à la couture$$,$$Weben für Anfänger$$,$$77bffacebeb$$);
INSERT INTO items(base_item_id, hq) VALUES(9327, false);
INSERT INTO base_items VALUES(9328,$$Alchemy for Beginners$$,$$錬成入門書$$,$$Initiation à l'alchimie$$,$$Alchemie für Anfänger$$,$$47bfecce56a$$);
INSERT INTO items(base_item_id, hq) VALUES(9328, false);
INSERT INTO base_items VALUES(9329,$$Cooking for Beginners$$,$$調理入門書$$,$$Initiation à la cuisine$$,$$Kochen für Anfänger$$,$$178c676f68a$$);
INSERT INTO items(base_item_id, hq) VALUES(9329, false);
INSERT INTO base_items VALUES(9330,$$Triple Cream Coffee$$,$$アインシュペナー$$,$$Café triple crème$$,$$Einspänner$$,$$4aa4865d977$$);
INSERT INTO items(base_item_id, hq) VALUES(9330, false),(9330, true);
INSERT INTO base_items VALUES(9331,$$Bacon Bread$$,$$ベーコンエピ$$,$$Pain en épi au lard$$,$$Speckzopf$$,$$35081b8384b$$);
INSERT INTO items(base_item_id, hq) VALUES(9331, false),(9331, true);
INSERT INTO base_items VALUES(9332,$$Flint Caviar$$,$$フリントキャビア$$,$$Caviar impérial$$,$$Feuerstein-Kaviar$$,$$d1e8651409e$$);
INSERT INTO items(base_item_id, hq) VALUES(9332, false),(9332, true);
INSERT INTO base_items VALUES(9333,$$Shark Fin Soup$$,$$フカヒレスープ$$,$$Soupe d'aileron$$,$$Haifischflossensuppe$$,$$5dd7114e7c8$$);
INSERT INTO items(base_item_id, hq) VALUES(9333, false),(9333, true);
INSERT INTO base_items VALUES(9334,$$Haddock Dip$$,$$タラモサラータ$$,$$Tarama$$,$$Taramosalata$$,$$38df087fd67$$);
INSERT INTO items(base_item_id, hq) VALUES(9334, false),(9334, true);
INSERT INTO base_items VALUES(9335,$$Bacon Broth$$,$$ベーコンスープ$$,$$Bouillon au lard$$,$$Specksuppe$$,$$c9e719b4072$$);
INSERT INTO items(base_item_id, hq) VALUES(9335, false),(9335, true);
INSERT INTO base_items VALUES(9347,$$Fat Cat$$,$$ファットキャット$$,$$Gros minou$$,$$Dicke Katze$$,$$55674b66cbf$$);
INSERT INTO items(base_item_id, hq) VALUES(9347, false);
INSERT INTO base_items VALUES(9348,$$Littlefoot$$,$$リトルフット$$,$$Petit yéti$$,$$Kleinfuß$$,$$98afe7bf944$$);
INSERT INTO items(base_item_id, hq) VALUES(9348, false);
INSERT INTO base_items VALUES(9349,$$Mummy's Little Mummy$$,$$リトルマミー$$,$$Mini-momie$$,$$Mini-Mumie$$,$$a40a1d0cd9e$$);
INSERT INTO items(base_item_id, hq) VALUES(9349, false);
INSERT INTO base_items VALUES(9350,$$Assassin Fry$$,$$アサシンフライ$$,$$Fretin assassin$$,$$Fliegender Kampffisch$$,$$703c9e643f0$$);
INSERT INTO items(base_item_id, hq) VALUES(9350, false);
INSERT INTO base_items VALUES(9355,$$Ice Barding$$,$$シヴァ・バード$$,$$Barde de Shiva$$,$$Shiva-Rossstirn$$,$$edd5348969a$$);
INSERT INTO items(base_item_id, hq) VALUES(9355, false);
INSERT INTO base_items VALUES(9356,$$Ehcatl Sealant$$,$$エカトル・ハードパテ$$,$$Enduit d'Ehcatl$$,$$Klumpen Ehcatl-Kitt$$,$$8834e1496ef$$);
INSERT INTO items(base_item_id, hq) VALUES(9356, false);
INSERT INTO base_items VALUES(9357,$$Xelphatol Spring Water$$,$$ゼルファトル天然水$$,$$Eau de source de Xelphatol$$,$$Flasche Xelphatol-Quellwasser$$,$$9f7554367fd$$);
INSERT INTO items(base_item_id, hq) VALUES(9357, false);
INSERT INTO base_items VALUES(9358,$$Wootz Ingot$$,$$ウーツインゴット$$,$$Lingot de wootz$$,$$Wootz-Barren$$,$$fe7c4f5479f$$);
INSERT INTO items(base_item_id, hq) VALUES(9358, false),(9358, true);
INSERT INTO base_items VALUES(9359,$$Platinum Nugget$$,$$プラチナナゲット$$,$$Pépite de platine$$,$$Platin-Nugget$$,$$de869373c91$$);
INSERT INTO items(base_item_id, hq) VALUES(9359, false),(9359, true);
INSERT INTO base_items VALUES(9360,$$Platinum Ingot$$,$$プラチナインゴット$$,$$Lingot de platine$$,$$Platinbarren$$,$$219309407e6$$);
INSERT INTO items(base_item_id, hq) VALUES(9360, false),(9360, true);
INSERT INTO base_items VALUES(9361,$$Kirimu Leather$$,$$キリムレザー$$,$$Cuir de Kirimu$$,$$Kirimu-Leder$$,$$bb97ed348eb$$);
INSERT INTO items(base_item_id, hq) VALUES(9361, false),(9361, true);
INSERT INTO base_items VALUES(9362,$$Arachne Velveteen$$,$$アラクネベルベティーン$$,$$Veloutine d'Arachne$$,$$Arachne-Samt$$,$$093693ed403$$);
INSERT INTO items(base_item_id, hq) VALUES(9362, false),(9362, true);
INSERT INTO base_items VALUES(9363,$$Allagan Wootz Nugget$$,$$アラガンウーツナゲット$$,$$Pépite de wootz allagois$$,$$Allagisches Wootz-Nugget$$,$$850bc845e95$$);
INSERT INTO items(base_item_id, hq) VALUES(9363, false),(9363, true);
INSERT INTO base_items VALUES(9364,$$Allagan Leather$$,$$アラガンキメラレザー$$,$$Cuir chimérique allagois$$,$$Allagisches Leder$$,$$e5db55073db$$);
INSERT INTO items(base_item_id, hq) VALUES(9364, false),(9364, true);
INSERT INTO base_items VALUES(9365,$$Allagan Silk$$,$$アラガンファイバー$$,$$Fibre allagoise$$,$$Allagische Seide$$,$$45cfdf77d49$$);
INSERT INTO items(base_item_id, hq) VALUES(9365, false),(9365, true);
INSERT INTO base_items VALUES(9366,$$Borax$$,$$神保石$$,$$Jimboite$$,$$Brocken Borax$$,$$e8a62e42548$$);
INSERT INTO items(base_item_id, hq) VALUES(9366, false);
INSERT INTO base_items VALUES(9367,$$Arachne Web$$,$$アラクネウェブ$$,$$Toile d'Arachne$$,$$Arachne-Netz$$,$$512c72d4246$$);
INSERT INTO items(base_item_id, hq) VALUES(9367, false);
INSERT INTO base_items VALUES(9368,$$Wootz Ore$$,$$ウーツ鉱$$,$$Minerai de wootz$$,$$Wootz-Erz$$,$$8c8e981b0c4$$);
INSERT INTO items(base_item_id, hq) VALUES(9368, false);
INSERT INTO base_items VALUES(9369,$$Raziqsap$$,$$アブダルラジクの霊薬$$,$$Lymphe de Raziq$$,$$Raziq-Pulver$$,$$c06b052edd1$$);
INSERT INTO items(base_item_id, hq) VALUES(9369, false);
INSERT INTO base_items VALUES(9370,$$Dubbin$$,$$レザーワックス$$,$$Cirage pour cuir$$,$$Lederfett$$,$$f5fc2540ee2$$);
INSERT INTO items(base_item_id, hq) VALUES(9370, false);
INSERT INTO base_items VALUES(9371,$$Smoked Bacon$$,$$ロースベーコン$$,$$Lard de bouquetin$$,$$Räucherschinken$$,$$52c0e74cdbf$$);
INSERT INTO items(base_item_id, hq) VALUES(9371, false);
INSERT INTO base_items VALUES(9372,$$Roasted Coffee Beans$$,$$ローストコーヒー$$,$$Grains de café torréfiés$$,$$Geröstete Kaffeebohnen$$,$$08abff990d7$$);
INSERT INTO items(base_item_id, hq) VALUES(9372, false);
INSERT INTO base_items VALUES(9373,$$Enchanted Platinum Ink$$,$$プラチナエンチャントインク$$,$$Encre de platine enchantée$$,$$Platin-Zaubertinte$$,$$fddfe1ebdbc$$);
INSERT INTO items(base_item_id, hq) VALUES(9373, false),(9373, true);
INSERT INTO base_items VALUES(9374,$$Bloody Knife Blades$$,$$ナイフブレード(ブラッディ)$$,$$Lame de couteau ensanglantée$$,$$Blutige Messerklingen$$,$$4c854db2c4d$$);
INSERT INTO items(base_item_id, hq) VALUES(9374, false);
INSERT INTO base_items VALUES(9375,$$Mossy Stone Daggers$$,$$苔むした石片$$,$$Dagues en pierre moussue$$,$$Vermooste Steindolche$$,$$c6f3ae3a90c$$);
INSERT INTO items(base_item_id, hq) VALUES(9375, false);
INSERT INTO base_items VALUES(9376,$$Allagan Catalyst$$,$$アラグの魔触媒$$,$$Catalyseur allagois$$,$$Allagischer Katalysator$$,$$63433b65bb1$$);
INSERT INTO items(base_item_id, hq) VALUES(9376, false);
INSERT INTO base_items VALUES(9377,$$Ice Tear$$,$$シヴァの涙$$,$$Larme de Shiva$$,$$Eisträne$$,$$eca11891373$$);
INSERT INTO items(base_item_id, hq) VALUES(9377, false);
INSERT INTO base_items VALUES(9378,$$Diamond Tear$$,$$氷神シヴァの涙$$,$$Larme de la Furie des neiges$$,$$Diamantenträne$$,$$0ce896c49c5$$);
INSERT INTO items(base_item_id, hq) VALUES(9378, false);
INSERT INTO base_items VALUES(9379,$$Syrcus Shard$$,$$シルクスの水晶片$$,$$Éclat de cristal de Syrcus$$,$$Syrcus-Scherbe$$,$$de688071d13$$);
INSERT INTO items(base_item_id, hq) VALUES(9379, false);
INSERT INTO base_items VALUES(9380,$$Burning Auricle$$,$$バハムートの核片$$,$$Fragment du Dragon-dieu$$,$$Brennende Aurikel$$,$$296bf52d8c1$$);
INSERT INTO items(base_item_id, hq) VALUES(9380, false);
INSERT INTO base_items VALUES(9461,$$Misericorde Blades$$,$$ミセリコルデブレード$$,$$Lames de Miséricorde$$,$$Misericordia-Klingen$$,$$a220bad75d5$$);
INSERT INTO items(base_item_id, hq) VALUES(9461, false),(9461, true);
INSERT INTO base_items VALUES(9462,$$Level 2 Aetherial Wheel Stand$$,$$ホイールスタンドII$$,$$Base de tours éthéréens grade II$$,$$Ätherrad-Ständer II$$,$$524788cd5a0$$);
INSERT INTO items(base_item_id, hq) VALUES(9462, false);
INSERT INTO base_items VALUES(9463,$$Level 3 Aetherial Wheel Stand$$,$$ホイールスタンドIII$$,$$Base de tours éthéréens grade III$$,$$Ätherrad-Ständer III$$,$$903a35c3a27$$);
INSERT INTO items(base_item_id, hq) VALUES(9463, false);
INSERT INTO base_items VALUES(9464,$$Level 4 Aetherial Wheel Stand$$,$$ホイールスタンドIV$$,$$Base de tours éthéréens grade IV$$,$$Ätherrad-Ständer IV$$,$$85ee08b2aae$$);
INSERT INTO items(base_item_id, hq) VALUES(9464, false);
INSERT INTO base_items VALUES(9465,$$Level 5 Aetherial Wheel Stand$$,$$ホイールスタンドV$$,$$Base de tours éthéréens grade V$$,$$Ätherrad-Ständer V$$,$$95b3dc7a32b$$);
INSERT INTO items(base_item_id, hq) VALUES(9465, false);
INSERT INTO base_items VALUES(9466,$$Level 6 Aetherial Wheel Stand$$,$$ホイールスタンドVI$$,$$Base de tours éthéréens grade VI$$,$$Ätherrad-Ständer VI$$,$$6a51bca8c5d$$);
INSERT INTO items(base_item_id, hq) VALUES(9466, false);
INSERT INTO base_items VALUES(9485,$$Arachne Bandana of Scouting$$,$$アラクネスカウトバンダナ$$,$$Bandana Arachne d'éclaireur$$,$$Arachne-Bandana des Spähens$$,$$4f476d43620$$);
INSERT INTO items(base_item_id, hq) VALUES(9485, false),(9485, true);
INSERT INTO base_items VALUES(9486,$$Arachne Shirt of Scouting$$,$$アラクネスカウトシャツ$$,$$Chemise Arachne d'éclaireur$$,$$Arachne-Hemd des Spähens$$,$$f1a0a4c2dcc$$);
INSERT INTO items(base_item_id, hq) VALUES(9486, false),(9486, true);
INSERT INTO base_items VALUES(9487,$$Arachne Field Dressing of Scouting$$,$$アラクネスカウトバンデージ$$,$$Bandages de mains Arachne d'éclaireur$$,$$Arachne-Handwickel des Spähens$$,$$5a7b920c321$$);
INSERT INTO items(base_item_id, hq) VALUES(9487, false),(9487, true);
INSERT INTO base_items VALUES(9488,$$Arachne Gaskins of Scouting$$,$$アラクネスカウトガスキン$$,$$Grègues Arachne d'éclaireur$$,$$Arachne-Gaskin des Spähens$$,$$03ca93cf25b$$);
INSERT INTO items(base_item_id, hq) VALUES(9488, false),(9488, true);
INSERT INTO base_items VALUES(9489,$$Kirimu Sandals of Scouting$$,$$キリムスカウトサンダル$$,$$Sandales Kirimu d'éclaireur$$,$$Kirimu-Sandalen des Spähens$$,$$d43a51e8ff8$$);
INSERT INTO items(base_item_id, hq) VALUES(9489, false),(9489, true);
INSERT INTO base_items VALUES(9490,$$Kirimu Belt of Scouting$$,$$キリムスカウトベルト$$,$$Ceinture Kirimu d'éclaireur$$,$$Kirimu-Gürtel des Spähens$$,$$3eb26ca8b62$$);
INSERT INTO items(base_item_id, hq) VALUES(9490, false),(9490, true);
INSERT INTO base_items VALUES(9510,$$Furnace Ring$$,$$炎の指輪$$,$$Bague du feu$$,$$Feuerring$$,$$936fac5bbb6$$);
INSERT INTO items(base_item_id, hq) VALUES(9510, false),(9510, true);
INSERT INTO base_items VALUES(9511,$$Perfect Firewood$$,$$上質な薪$$,$$Bûches parfaites$$,$$Hochwertiges Holz$$,$$a7aa05f8fcd$$);
INSERT INTO items(base_item_id, hq) VALUES(9511, false),(9511, true);
INSERT INTO base_items VALUES(9512,$$Perfect Mortar$$,$$上質な乳鉢$$,$$Mortier parfait$$,$$Hochwertiger Mörser$$,$$5c918f07731$$);
INSERT INTO items(base_item_id, hq) VALUES(9512, false),(9512, true);
INSERT INTO base_items VALUES(9513,$$Perfect Pestle$$,$$上質な乳棒$$,$$Pilon parfait$$,$$Hochwertiger Stößel$$,$$258e18ee433$$);
INSERT INTO items(base_item_id, hq) VALUES(9513, false),(9513, true);
INSERT INTO base_items VALUES(9514,$$Perfect Vellum$$,$$上質な羊皮紙$$,$$Parchemin parfait$$,$$Hochwertiges Pergament$$,$$91ea52b69e6$$);
INSERT INTO items(base_item_id, hq) VALUES(9514, false),(9514, true);
INSERT INTO base_items VALUES(9515,$$Perfect Pounce$$,$$上質な定着剤$$,$$Fixateur parfait$$,$$Hochwertiges Fixiermittel$$,$$23717de2e1b$$);
INSERT INTO items(base_item_id, hq) VALUES(9515, false),(9515, true);
INSERT INTO base_items VALUES(9516,$$Tailor-made Eel Pie$$,$$秘製イールパイ$$,$$Tarte à l'anguille très spéciale$$,$$Aalpastete Spezial$$,$$b1368b0e1ee$$);
INSERT INTO items(base_item_id, hq) VALUES(9516, false),(9516, true);
INSERT INTO base_items VALUES(9517,$$Perfect Cloth$$,$$上質な古布$$,$$Étoffe antique parfaite$$,$$Hochwertiger Antikstoff$$,$$26c9a760241$$);
INSERT INTO items(base_item_id, hq) VALUES(9517, false),(9517, true);
INSERT INTO base_items VALUES(9518,$$Cypress Log$$,$$サイプレス原木$$,$$Rondin de cyprès$$,$$Zypressen-Bauholz$$,$$7e9854de654$$);
INSERT INTO items(base_item_id, hq) VALUES(9518, false),(9518, true);
INSERT INTO base_items VALUES(9519,$$Pumice$$,$$パミスストーン$$,$$Pierre ponce$$,$$Bimsstein$$,$$5745b0b73fe$$);
INSERT INTO items(base_item_id, hq) VALUES(9519, false),(9519, true);
INSERT INTO base_items VALUES(9521,$$Belah'dian Silver$$,$$ベラフディアンシルバー$$,$$Plaque d'argent belahdien$$,$$Belah'disches Silber$$,$$25940e85cb9$$);
INSERT INTO items(base_item_id, hq) VALUES(9521, false),(9521, true);
INSERT INTO base_items VALUES(9522,$$Aged Eye of Fire$$,$$オールドファイアペブル$$,$$Vieil œil-de-feu$$,$$Alter Feuerstein$$,$$8ca05a09fa2$$);
INSERT INTO items(base_item_id, hq) VALUES(9522, false),(9522, true);
INSERT INTO base_items VALUES(9523,$$Aged Spear Shaft$$,$$オールドスピアシャフト$$,$$Vieille hampe de lance$$,$$Alter Lanzenschaft$$,$$bfa58f53870$$);
INSERT INTO items(base_item_id, hq) VALUES(9523, false),(9523, true);
INSERT INTO base_items VALUES(9524,$$Aged Mortar Pieces$$,$$オールドモーターパーツ$$,$$Vieil élément de mortier$$,$$Altes Mörserteil$$,$$53b52d87892$$);
INSERT INTO items(base_item_id, hq) VALUES(9524, false),(9524, true);
INSERT INTO base_items VALUES(9525,$$Aged Pestle Pieces$$,$$オールドペストルヘッド$$,$$Vieille tête de pilon$$,$$Alter Stößelkopf$$,$$cc2283d5a14$$);
INSERT INTO items(base_item_id, hq) VALUES(9525, false),(9525, true);
INSERT INTO base_items VALUES(9526,$$Aged Vellum$$,$$オールドベラム$$,$$Vieux rouleau de vélin$$,$$Altes Vellum$$,$$d175a7c3962$$);
INSERT INTO items(base_item_id, hq) VALUES(9526, false),(9526, true);
INSERT INTO base_items VALUES(9527,$$Dried Ether$$,$$ドライエーテル$$,$$Éther séché$$,$$Trockenäther$$,$$2e27feee02a$$);
INSERT INTO items(base_item_id, hq) VALUES(9527, false),(9527, true);
INSERT INTO base_items VALUES(9528,$$Vintage Cooking Sherry$$,$$秘蔵クッキングワイン$$,$$Vin de cuisson artisanal$$,$$Kostbarer Kochwein$$,$$a6b8dbd7790$$);
INSERT INTO items(base_item_id, hq) VALUES(9528, false),(9528, true);
INSERT INTO base_items VALUES(9529,$$Stained Cloth$$,$$薄汚れた古布$$,$$Vieux tissu sale$$,$$Verschmutzter Stoff$$,$$a9a0519d64e$$);
INSERT INTO items(base_item_id, hq) VALUES(9529, false),(9529, true);
INSERT INTO base_items VALUES(9530,$$Aged Ring$$,$$年代物の指輪$$,$$Bague séculaire$$,$$Antiker Ring$$,$$be97ef59df1$$);
INSERT INTO items(base_item_id, hq) VALUES(9530, false);
INSERT INTO base_items VALUES(9531,$$Aged Spear$$,$$年代物の長槍$$,$$Lance séculaire$$,$$Antike Lanze$$,$$429a6e68672$$);
INSERT INTO items(base_item_id, hq) VALUES(9531, false);
INSERT INTO base_items VALUES(9532,$$Aged Mortar$$,$$年代物の乳鉢$$,$$Mortier séculaire$$,$$Antiker Mörser$$,$$5d45b48743a$$);
INSERT INTO items(base_item_id, hq) VALUES(9532, false);
INSERT INTO base_items VALUES(9533,$$Aged Pestle$$,$$年代物の乳棒$$,$$Pilon séculaire$$,$$Antiker Stößel$$,$$1c6da1a5046$$);
INSERT INTO items(base_item_id, hq) VALUES(9533, false);
INSERT INTO base_items VALUES(9534,$$Aged Grimoire$$,$$年代物の魔道書$$,$$Grimoire séculaire$$,$$Antike Hexerfibel$$,$$9299517859d$$);
INSERT INTO items(base_item_id, hq) VALUES(9534, false);
INSERT INTO base_items VALUES(9535,$$Aged Phial$$,$$年代物の薬瓶$$,$$Bouteille de remède séculaire$$,$$Antike Medizinflasche$$,$$3fbad93817c$$);
INSERT INTO items(base_item_id, hq) VALUES(9535, false);
INSERT INTO base_items VALUES(9536,$$Aged Decanter$$,$$年代物の酒瓶$$,$$Bouteille d'alcool séculaire$$,$$Antike Weinflasche$$,$$491837370de$$);
INSERT INTO items(base_item_id, hq) VALUES(9536, false);
INSERT INTO base_items VALUES(9537,$$Aged Robe$$,$$年代物の法衣$$,$$Robe cléricale séculaire$$,$$Antikes Gewand$$,$$8a691c12c76$$);
INSERT INTO items(base_item_id, hq) VALUES(9537, false);
INSERT INTO base_items VALUES(9615,$$Grade 1 Feed - Speed Blend$$,$$スピードフォダーG1$$,$$Fourrage spécial vitesse I$$,$$Futter: Geschwindigkeit I$$,$$e67824ad20f$$);
INSERT INTO items(base_item_id, hq) VALUES(9615, false);
INSERT INTO base_items VALUES(9616,$$Grade 2 Feed - Speed Blend$$,$$スピードフォダーG2$$,$$Fourrage spécial vitesse II$$,$$Futter: Geschwindigkeit II$$,$$4e1818a5933$$);
INSERT INTO items(base_item_id, hq) VALUES(9616, false);
INSERT INTO base_items VALUES(9618,$$Grade 1 Feed - Acceleration Blend$$,$$アクセルフォダーG1$$,$$Fourrage spécial accélération I$$,$$Futter: Antritt I$$,$$877c25bbae2$$);
INSERT INTO items(base_item_id, hq) VALUES(9618, false);
INSERT INTO base_items VALUES(9619,$$Grade 2 Feed - Acceleration Blend$$,$$アクセルフォダーG2$$,$$Fourrage spécial accélération II$$,$$Futter: Antritt II$$,$$6006ab4c0aa$$);
INSERT INTO items(base_item_id, hq) VALUES(9619, false);
INSERT INTO base_items VALUES(9621,$$Grade 1 Feed - Balance Blend$$,$$バランスフォダーG1$$,$$Fourrage spécial agilité I$$,$$Futter: Köpfchen I$$,$$510254b17a1$$);
INSERT INTO items(base_item_id, hq) VALUES(9621, false);
INSERT INTO base_items VALUES(9622,$$Grade 2 Feed - Balance Blend$$,$$バランスフォダーG2$$,$$Fourrage spécial agilité II$$,$$Futter: Köpfchen II$$,$$2d9a1c68c66$$);
INSERT INTO items(base_item_id, hq) VALUES(9622, false);
INSERT INTO base_items VALUES(9624,$$Grade 1 Feed - Endurance Blend$$,$$エンデュランスフォダーG1$$,$$Fourrage spécial vitalité I$$,$$Futter: Puste I$$,$$fb18133652e$$);
INSERT INTO items(base_item_id, hq) VALUES(9624, false);
INSERT INTO base_items VALUES(9625,$$Grade 2 Feed - Endurance Blend$$,$$エンデュランスフォダーG2$$,$$Fourrage spécial vitalité II$$,$$Futter: Puste II$$,$$105c1227355$$);
INSERT INTO items(base_item_id, hq) VALUES(9625, false);
INSERT INTO base_items VALUES(9627,$$Grade 1 Feed - Stamina Blend$$,$$スタミナフォダーG1$$,$$Fourrage spécial endurance I$$,$$Futter: Ausdauer I$$,$$387a52ab0f0$$);
INSERT INTO items(base_item_id, hq) VALUES(9627, false);
INSERT INTO base_items VALUES(9628,$$Grade 2 Feed - Stamina Blend$$,$$スタミナフォダーG2$$,$$Fourrage spécial endurance II$$,$$Futter: Ausdauer II$$,$$b6d2dff2e7f$$);
INSERT INTO items(base_item_id, hq) VALUES(9628, false);
INSERT INTO base_items VALUES(9645,$$Auri Harness$$,$$アウラハーネス$$,$$Harnais aoran$$,$$Au Ra-Gurtzeug$$,$$71abbc3a511$$);
INSERT INTO items(base_item_id, hq) VALUES(9645, false);
INSERT INTO base_items VALUES(9646,$$Auri Armguards$$,$$アウラアームガード$$,$$Garde-bras aorans$$,$$Au Ra-Armschützer$$,$$1e33a23e502$$);
INSERT INTO items(base_item_id, hq) VALUES(9646, false);
INSERT INTO base_items VALUES(9647,$$Auri Breeches$$,$$アウラブリーチ$$,$$Braies aorannes$$,$$Au Ra-Reiterhose$$,$$662701ea197$$);
INSERT INTO items(base_item_id, hq) VALUES(9647, false);
INSERT INTO base_items VALUES(9648,$$Auri Sandals$$,$$アウラサンダル$$,$$Sandales aorannes$$,$$Au Ra-Sandalen$$,$$ef519b12ad0$$);
INSERT INTO items(base_item_id, hq) VALUES(9648, false);
INSERT INTO base_items VALUES(9649,$$Auri Gown$$,$$アウラガウン$$,$$Peignoir aoran$$,$$Au Ra-Talar$$,$$c4a92e13268$$);
INSERT INTO items(base_item_id, hq) VALUES(9649, false);
INSERT INTO base_items VALUES(9650,$$Auri Halfgloves$$,$$アウラハーフグローブ$$,$$Mitaines aorannes$$,$$Au Ra-Kurzfingerhandschuhe$$,$$e8e49bfdd77$$);
INSERT INTO items(base_item_id, hq) VALUES(9650, false);
INSERT INTO base_items VALUES(9651,$$Auri Pantalettes$$,$$アウラパンタレット$$,$$Pantalettes aorannes$$,$$Au Ra-Schlupfhose$$,$$a5921935014$$);
INSERT INTO items(base_item_id, hq) VALUES(9651, false);
INSERT INTO base_items VALUES(9652,$$Auri Buskins$$,$$アウラバスキン$$,$$Sandales hautes aorannes$$,$$Au Ra-Halbstiefel$$,$$3b1e8fc7d15$$);
INSERT INTO items(base_item_id, hq) VALUES(9652, false);
INSERT INTO base_items VALUES(9653,$$Grade 2 Wheel of Confrontation$$,$$教練のエーテリアルホイールG2$$,$$Tour de l'entraînement II$$,$$Rad der Konfrontation II$$,$$98940139b4f$$);
INSERT INTO items(base_item_id, hq) VALUES(9653, false);
INSERT INTO base_items VALUES(9654,$$Grade 2 Wheel of Productivity$$,$$修練のエーテリアルホイールG2$$,$$Tour du perfectionnement II$$,$$Rad der Produktivität II$$,$$81cfbb5b547$$);
INSERT INTO items(base_item_id, hq) VALUES(9654, false);
INSERT INTO base_items VALUES(9655,$$Grade 2 Wheel of Industry$$,$$鍛錬のエーテリアルホイールG2$$,$$Tour de l'apprentissage II$$,$$Rad der Industrie II$$,$$4ba534139ce$$);
INSERT INTO items(base_item_id, hq) VALUES(9655, false);
INSERT INTO base_items VALUES(9656,$$Grade 2 Wheel of Longeing$$,$$特訓のエーテリアルホイールG2$$,$$Tour de la complicité II$$,$$Rad des Longierens II$$,$$5ce657b71d8$$);
INSERT INTO items(base_item_id, hq) VALUES(9656, false);
INSERT INTO base_items VALUES(9657,$$Grade 2 Wheel of Rivalry$$,$$戦績のエーテリアルホイールG2$$,$$Tour de l'altercation II$$,$$Rad der Rivalität II$$,$$c82ece34c93$$);
INSERT INTO items(base_item_id, hq) VALUES(9657, false);
INSERT INTO base_items VALUES(9658,$$Grade 2 Wheel of Company$$,$$軍功のエーテリアルホイールG2$$,$$Tour du mérite II$$,$$Rad der Gesellschaft II$$,$$c4be75fec6d$$);
INSERT INTO items(base_item_id, hq) VALUES(9658, false);
INSERT INTO base_items VALUES(9659,$$Grade 2 Wheel of Initiation$$,$$新兵のエーテリアルホイールG2$$,$$Tour de l'initiation II$$,$$Rad der Einführung II$$,$$6f62d5ffa5c$$);
INSERT INTO items(base_item_id, hq) VALUES(9659, false);
INSERT INTO base_items VALUES(9660,$$Grade 2 Wheel of Capacity$$,$$達識のエーテリアルホイールG2$$,$$Tour de l'adresse II$$,$$Rad der Kapazität II$$,$$069e66586be$$);
INSERT INTO items(base_item_id, hq) VALUES(9660, false);
INSERT INTO base_items VALUES(9661,$$Grade 2 Wheel of Observation$$,$$博識のエーテリアルホイールG2$$,$$Tour de la clairvoyance II$$,$$Rad der Beobachtung II$$,$$069804295ab$$);
INSERT INTO items(base_item_id, hq) VALUES(9661, false);
INSERT INTO base_items VALUES(9662,$$Grade 2 Wheel of Efficiency$$,$$名匠のエーテリアルホイールG2$$,$$Tour de l'efficacité II$$,$$Rad der Effizienz II$$,$$ac2e09160b5$$);
INSERT INTO items(base_item_id, hq) VALUES(9662, false);
INSERT INTO base_items VALUES(9663,$$Grade 2 Wheel of Precision$$,$$巨匠のエーテリアルホイールG2$$,$$Tour de l'expertise II$$,$$Rad der Präzision II$$,$$5129518f65d$$);
INSERT INTO items(base_item_id, hq) VALUES(9663, false);
INSERT INTO base_items VALUES(9664,$$Grade 2 Wheel of Dedication$$,$$錬精のエーテリアルホイールG2$$,$$Tour de l'attachement II$$,$$Rad der Hingabe II$$,$$66d58d1e8c0$$);
INSERT INTO items(base_item_id, hq) VALUES(9664, false);
INSERT INTO base_items VALUES(9665,$$Grade 2 Wheel of Nutriment$$,$$食通のエーテリアルホイールG2$$,$$Tour de la satiété II$$,$$Rad der Nährmittel II$$,$$89dab26240d$$);
INSERT INTO items(base_item_id, hq) VALUES(9665, false);
INSERT INTO base_items VALUES(9666,$$Grade 2 Wheel of Permanence$$,$$耐久のエーテリアルホイールG2$$,$$Tour de la rémanence II$$,$$Rad der Beständigkeit II$$,$$2508491a229$$);
INSERT INTO items(base_item_id, hq) VALUES(9666, false);
INSERT INTO base_items VALUES(9667,$$Grade 2 Wheel of Revival$$,$$不屈のエーテリアルホイールG2$$,$$Tour du rétablissement II$$,$$Rad der Wiederbelebung II$$,$$cf638ccfcde$$);
INSERT INTO items(base_item_id, hq) VALUES(9667, false);
INSERT INTO base_items VALUES(9668,$$Grade 2 Wheel of Pilgrimage$$,$$旅人のエーテリアルホイールG2$$,$$Tour de la mobilité II$$,$$Rad der Pilgerfahrt II$$,$$257d5587067$$);
INSERT INTO items(base_item_id, hq) VALUES(9668, false);
INSERT INTO base_items VALUES(9669,$$Grade 3 Wheel of Confrontation$$,$$教練のエーテリアルホイールG3$$,$$Tour de l'entraînement III$$,$$Rad der Konfrontation III$$,$$88279af7ebc$$);
INSERT INTO items(base_item_id, hq) VALUES(9669, false);
INSERT INTO base_items VALUES(9670,$$Grade 3 Wheel of Productivity$$,$$修練のエーテリアルホイールG3$$,$$Tour du perfectionnement III$$,$$Rad der Produktivität III$$,$$b2524b484f5$$);
INSERT INTO items(base_item_id, hq) VALUES(9670, false);
INSERT INTO base_items VALUES(9671,$$Grade 3 Wheel of Industry$$,$$鍛錬のエーテリアルホイールG3$$,$$Tour de l'apprentissage III$$,$$Rad der Industrie III$$,$$a6eead1d822$$);
INSERT INTO items(base_item_id, hq) VALUES(9671, false);
INSERT INTO base_items VALUES(9672,$$Grade 3 Wheel of Longeing$$,$$特訓のエーテリアルホイールG3$$,$$Tour de la complicité III$$,$$Rad des Longierens III$$,$$19f314edb1a$$);
INSERT INTO items(base_item_id, hq) VALUES(9672, false);
INSERT INTO base_items VALUES(9673,$$Grade 3 Wheel of Rivalry$$,$$戦績のエーテリアルホイールG3$$,$$Tour de l'altercation III$$,$$Rad der Rivalität III$$,$$434d80535bf$$);
INSERT INTO items(base_item_id, hq) VALUES(9673, false);
INSERT INTO base_items VALUES(9674,$$Grade 3 Wheel of Company$$,$$軍功のエーテリアルホイールG3$$,$$Tour du mérite III$$,$$Rad der Gesellschaft III$$,$$4416f31fd26$$);
INSERT INTO items(base_item_id, hq) VALUES(9674, false);
INSERT INTO base_items VALUES(9676,$$Grade 3 Wheel of Capacity$$,$$達識のエーテリアルホイールG3$$,$$Tour de l'adresse III$$,$$Rad der Kapazität III$$,$$d3e7a71370e$$);
INSERT INTO items(base_item_id, hq) VALUES(9676, false);
INSERT INTO base_items VALUES(9677,$$Grade 3 Wheel of Observation$$,$$博識のエーテリアルホイールG3$$,$$Tour de la clairvoyance III$$,$$Rad der Beobachtung III$$,$$00546772aba$$);
INSERT INTO items(base_item_id, hq) VALUES(9677, false);
INSERT INTO base_items VALUES(9678,$$Grade 3 Wheel of Efficiency$$,$$名匠のエーテリアルホイールG3$$,$$Tour de l'efficacité III$$,$$Rad der Effizienz III$$,$$8fd69305232$$);
INSERT INTO items(base_item_id, hq) VALUES(9678, false);
INSERT INTO base_items VALUES(9679,$$Grade 3 Wheel of Precision$$,$$巨匠のエーテリアルホイールG3$$,$$Tour de l'expertise III$$,$$Rad der Präzision III$$,$$c3a8115514f$$);
INSERT INTO items(base_item_id, hq) VALUES(9679, false);
INSERT INTO base_items VALUES(9680,$$Grade 3 Wheel of Dedication$$,$$錬精のエーテリアルホイールG3$$,$$Tour de l'attachement III$$,$$Rad der Hingabe III$$,$$522fb0f808b$$);
INSERT INTO items(base_item_id, hq) VALUES(9680, false);
INSERT INTO base_items VALUES(9681,$$Grade 3 Wheel of Nutriment$$,$$食通のエーテリアルホイールG3$$,$$Tour de la satiété III$$,$$Rad der Nährmittel III$$,$$11c6d59bc41$$);
INSERT INTO items(base_item_id, hq) VALUES(9681, false);
INSERT INTO base_items VALUES(9682,$$Grade 3 Wheel of Permanence$$,$$耐久のエーテリアルホイールG3$$,$$Tour de la rémanence III$$,$$Rad der Beständigkeit III$$,$$78ae13fbce1$$);
INSERT INTO items(base_item_id, hq) VALUES(9682, false);
INSERT INTO base_items VALUES(9684,$$Grade 3 Wheel of Pilgrimage$$,$$旅人のエーテリアルホイールG3$$,$$Tour de la mobilité III$$,$$Rad der Pilgerfahrt III$$,$$26cd5958b59$$);
INSERT INTO items(base_item_id, hq) VALUES(9684, false);
INSERT INTO base_items VALUES(9717,$$Pine Bonsai$$,$$松盆栽$$,$$Matsu-bonsaï$$,$$Kiefer-Bonsai$$,$$19c22204182$$);
INSERT INTO items(base_item_id, hq) VALUES(9717, false);
INSERT INTO base_items VALUES(9718,$$Large Wall Chronometer$$,$$ラージ・ウォールクロノメーター$$,$$Grande pendule$$,$$Großer Wand-Chronometer$$,$$f0ae2d4ab9e$$);
INSERT INTO items(base_item_id, hq) VALUES(9718, false);
INSERT INTO base_items VALUES(9719,$$Oriental Bathtub$$,$$オリエンタル・バスタブ$$,$$Baignoire orientale$$,$$Fernöstliches Badebecken$$,$$dd669fdd9fe$$);
INSERT INTO items(base_item_id, hq) VALUES(9719, false);
INSERT INTO base_items VALUES(9720,$$Frolicking Beasts$$,$$魔獣人物戯画$$,$$Paravent des caricatures de monstres$$,$$Raumteiler mit herumtollenden Bestien$$,$$0b5f68274f9$$);
INSERT INTO items(base_item_id, hq) VALUES(9720, false);
INSERT INTO base_items VALUES(9722,$$Kotatsu Table$$,$$コタツテーブル$$,$$Kotatsu$$,$$Kotatsu-Tisch$$,$$cca5527c64e$$);
INSERT INTO items(base_item_id, hq) VALUES(9722, false);
INSERT INTO base_items VALUES(9723,$$Wax Vegetables$$,$$ベジタブルアソート$$,$$Caisse de légumes$$,$$Wachsgemüse$$,$$3825608184c$$);
INSERT INTO items(base_item_id, hq) VALUES(9723, false);
INSERT INTO base_items VALUES(9724,$$Guildleve Counter$$,$$ギルドリーヴカウンター$$,$$Comptoir de mandant$$,$$Freibrieftresen$$,$$52d76edbbca$$);
INSERT INTO items(base_item_id, hq) VALUES(9724, false);
INSERT INTO base_items VALUES(9725,$$Egg Floor Lamp$$,$$エッグフロアランプ$$,$$Lampe ovoïde$$,$$Ei-Stehlampe$$,$$390a745ce10$$);
INSERT INTO items(base_item_id, hq) VALUES(9725, false);
INSERT INTO base_items VALUES(9726,$$Glade Tea Set$$,$$シュラウド・ティーセット$$,$$Goûter sombrelinçois$$,$$Waldtee-Set$$,$$4df23402b57$$);
INSERT INTO items(base_item_id, hq) VALUES(9726, false);
INSERT INTO base_items VALUES(9727,$$Riviera Supper$$,$$ラノシアン・ディナーセット$$,$$Dîner noscéen$$,$$Riviera-Abendmahl-Set$$,$$747a7664927$$);
INSERT INTO items(base_item_id, hq) VALUES(9727, false);
INSERT INTO base_items VALUES(9728,$$Oasis Breakfast$$,$$ザナラーン・モーニングセット$$,$$Petit déjeuner thanalanais$$,$$Oasen-Frühstücks-Set$$,$$a33a037f55c$$);
INSERT INTO items(base_item_id, hq) VALUES(9728, false);
INSERT INTO base_items VALUES(9729,$$Scattered Documents$$,$$スキャッタードドキュメント$$,$$Documents épars$$,$$Verstreute Dokumente$$,$$53ec263f811$$);
INSERT INTO items(base_item_id, hq) VALUES(9729, false);
INSERT INTO base_items VALUES(9730,$$Oriental Altar$$,$$オリエンタルアルター$$,$$Autel mural oriental$$,$$Fernöstlicher Altar$$,$$b3c91343536$$);
INSERT INTO items(base_item_id, hq) VALUES(9730, false);
INSERT INTO base_items VALUES(9731,$$Oriental Wall Scroll$$,$$オリエンタル・ウォールスクロール$$,$$Tapisserie murale orientale$$,$$Fernöstliche Wandrolle$$,$$fddbf35987c$$);
INSERT INTO items(base_item_id, hq) VALUES(9731, false);
INSERT INTO base_items VALUES(9732,$$Oriental Partition$$,$$フスマパーティション$$,$$Fusuma$$,$$Fernöstlicher Raumteiler$$,$$a1b33841b10$$);
INSERT INTO items(base_item_id, hq) VALUES(9732, false);
INSERT INTO base_items VALUES(9733,$$Dead Man's Chest$$,$$デッドマンズチェスト$$,$$Coffre du mort$$,$$Truhe eines Toten$$,$$43e1005e093$$);
INSERT INTO items(base_item_id, hq) VALUES(9733, false);
INSERT INTO base_items VALUES(9734,$$Oak Low Barrel Planter$$,$$オーク・ロウバレルプランター$$,$$Jardinière bas-tonneau en chêne$$,$$Eichen-Blumenkübel$$,$$50c8110f649$$);
INSERT INTO items(base_item_id, hq) VALUES(9734, false);
INSERT INTO base_items VALUES(9735,$$Valentione's Cake$$,$$ヴァレンティオンケーキ$$,$$Gâteau des Valention$$,$$Valentionskuchen$$,$$a573a0552d8$$);
INSERT INTO items(base_item_id, hq) VALUES(9735, false);
INSERT INTO base_items VALUES(9736,$$Royal Partition$$,$$ロイヤルパーティション$$,$$Cloison royale$$,$$Königlicher Raumteiler$$,$$32b83841b4e$$);
INSERT INTO items(base_item_id, hq) VALUES(9736, false);
INSERT INTO base_items VALUES(9737,$$Order of Nald'thal Lectern$$,$$ナルザルオーダー・ポディウム$$,$$Tribune de Nald'thal$$,$$Rednerpult des Ordens von Nald'thal$$,$$202b4cd0c72$$);
INSERT INTO items(base_item_id, hq) VALUES(9737, false);
INSERT INTO base_items VALUES(9738,$$Green Tea Set$$,$$グリーンティーセット$$,$$Set de thé vert$$,$$Grüntee-Set$$,$$b56056f1aad$$);
INSERT INTO items(base_item_id, hq) VALUES(9738, false);
INSERT INTO base_items VALUES(9739,$$Dried Well$$,$$シュラウド・オールドウェル$$,$$Puits sombrelinçois$$,$$Trockener Brunnen$$,$$cc6dd3993b2$$);
INSERT INTO items(base_item_id, hq) VALUES(9739, false);
INSERT INTO base_items VALUES(9740,$$Oriental Striking Dummy$$,$$オリエンタルダミー$$,$$Mannequin d'entraînement oriental$$,$$Fernöstliche Holzpuppe$$,$$85798020cb8$$);
INSERT INTO items(base_item_id, hq) VALUES(9740, false);
INSERT INTO base_items VALUES(9741,$$Eastern Cherry Tree$$,$$イースタン・チェリーツリー$$,$$Cerisier oriental$$,$$Fernöstlicher Kirschbaum$$,$$7402426d52e$$);
INSERT INTO items(base_item_id, hq) VALUES(9741, false);
INSERT INTO base_items VALUES(9742,$$Crimson Felt Mat$$,$$クリムゾン・フェルトマット$$,$$Tapis de feutre écarlate$$,$$Purpur-Filzdeckchen$$,$$c9d900568ed$$);
INSERT INTO items(base_item_id, hq) VALUES(9742, false);
INSERT INTO base_items VALUES(9743,$$Flame of Passion$$,$$パッションフレイム$$,$$Flamme de la passion$$,$$Flamme der Leidenschaft$$,$$4b7aadcc518$$);
INSERT INTO items(base_item_id, hq) VALUES(9743, false);
INSERT INTO base_items VALUES(9744,$$Wild Banana Tree$$,$$ワイルドバナナツリー$$,$$Bananier sauvage$$,$$Wilder Bananenbaum$$,$$8852b62f481$$);
INSERT INTO items(base_item_id, hq) VALUES(9744, false);
INSERT INTO base_items VALUES(9745,$$Personal Astroscope$$,$$パーソナル・アストロスコープ$$,$$Astroscope personnel$$,$$Persönliches Astroskop$$,$$f48ad8e1307$$);
INSERT INTO items(base_item_id, hq) VALUES(9745, false);
INSERT INTO base_items VALUES(9746,$$Riviera Garden Table Set$$,$$ラノシアン・ガーデンテーブルセット$$,$$Ensemble de jardin noscéen$$,$$Riviera-Gartentisch-Set$$,$$111e2674c7e$$);
INSERT INTO items(base_item_id, hq) VALUES(9746, false);
INSERT INTO base_items VALUES(9747,$$Dodo's Nest$$,$$ドードーネスト$$,$$Nid de dodo$$,$$Dodo-Nest$$,$$af2686f98eb$$);
INSERT INTO items(base_item_id, hq) VALUES(9747, false);
INSERT INTO base_items VALUES(9748,$$Retainer Cartonnier$$,$$リテイナーカルトニエ$$,$$Cartonnier de servant$$,$$Gehilfen-Kommode$$,$$c40dd75d233$$);
INSERT INTO items(base_item_id, hq) VALUES(9748, false);
INSERT INTO base_items VALUES(9749,$$Retainer Counter$$,$$リテイナーカウンター$$,$$Comptoir de servant$$,$$Gehilfen-Schalter$$,$$008b2c2ce65$$);
INSERT INTO items(base_item_id, hq) VALUES(9749, false);
INSERT INTO base_items VALUES(9766,$$Spotted Interior Wall$$,$$ポルカドット・インナーウォール$$,$$Papier peint pastel à motifs ronds$$,$$Gefleckte Tapete$$,$$014e5ab7fc6$$);
INSERT INTO items(base_item_id, hq) VALUES(9766, false);
INSERT INTO base_items VALUES(9767,$$Wavy Interior Wall$$,$$ウェーブパターン・インナーウォール$$,$$Revêtement mural à vagues$$,$$Wellen-Tapete$$,$$428717fca5a$$);
INSERT INTO items(base_item_id, hq) VALUES(9767, false);
INSERT INTO base_items VALUES(9768,$$Tatami Flooring$$,$$タタミフローリング$$,$$Sol en tatami$$,$$Tatami-Fußboden$$,$$5557d4da0a8$$);
INSERT INTO items(base_item_id, hq) VALUES(9768, false);
INSERT INTO base_items VALUES(9769,$$Monochrome Flooring$$,$$モノクロームフローリング$$,$$Carrelage noir et blanc$$,$$Schwarzweißer Fußboden$$,$$069257ad241$$);
INSERT INTO items(base_item_id, hq) VALUES(9769, false);
INSERT INTO base_items VALUES(9770,$$Oasis Cobble Flooring$$,$$ザナラーン・ストリートフローリング$$,$$Revêtement style pavé thanalanais$$,$$Oasen-Steinfußboden$$,$$f9e359835cc$$);
INSERT INTO items(base_item_id, hq) VALUES(9770, false);
INSERT INTO base_items VALUES(9771,$$Star Chandelier$$,$$スターシャンデリア$$,$$Lustre stellaire$$,$$Sternen-Kronleuchter$$,$$d39d1171af8$$);
INSERT INTO items(base_item_id, hq) VALUES(9771, false);
INSERT INTO base_items VALUES(9900,$$Thorne Dynasty Map$$,$$ソーン朝時代の地図$$,$$Carte de la dynastie des Thorne$$,$$Schatzkarte aus der Thorne-Ära$$,$$22e43b28a2d$$);
INSERT INTO items(base_item_id, hq) VALUES(9900, false);
INSERT INTO base_items VALUES(10032,$$The Emperor's New Hat$$,$$エンペラーズ・ニューハット$$,$$Nouveau chapeau de l'Empereur$$,$$Des Kaisers neuer Hut$$,$$861a1ed2fa2$$);
INSERT INTO items(base_item_id, hq) VALUES(10032, false);
INSERT INTO base_items VALUES(10033,$$The Emperor's New Robe$$,$$エンペラーズ・ニューローブ$$,$$Nouvelle robe de l'Empereur$$,$$Des Kaisers neue Robe$$,$$f07e64641c4$$);
INSERT INTO items(base_item_id, hq) VALUES(10033, false);
INSERT INTO base_items VALUES(10034,$$The Emperor's New Gloves$$,$$エンペラーズ・ニューグローブ$$,$$Nouveaux gants de l'Empereur$$,$$Des Kaisers neue Handschuhe$$,$$97254b85b86$$);
INSERT INTO items(base_item_id, hq) VALUES(10034, false);
INSERT INTO base_items VALUES(10035,$$The Emperor's New Breeches$$,$$エンペラーズ・ニューブリーチ$$,$$Nouvelles braies de l'Empereur$$,$$Des Kaisers neue Reiterhose$$,$$beefde6d41a$$);
INSERT INTO items(base_item_id, hq) VALUES(10035, false);
INSERT INTO base_items VALUES(10036,$$The Emperor's New Boots$$,$$エンペラーズ・ニューブーツ$$,$$Nouvelles bottes de l'Empereur$$,$$Des Kaisers neue Stiefel$$,$$b48d9e2e0bb$$);
INSERT INTO items(base_item_id, hq) VALUES(10036, false);
INSERT INTO base_items VALUES(10049,$$Oval Reading Glasses$$,$$オーバルリーディンググラス$$,$$Lunettes de lecture ovales$$,$$Ovale Lesebrille$$,$$950447e50a9$$);
INSERT INTO items(base_item_id, hq) VALUES(10049, false),(10049, true);
INSERT INTO base_items VALUES(10050,$$Coeurl Eyeglasses$$,$$クァールアイグラス$$,$$Lunettes œil-de-coeurl$$,$$Coeurl-Brille$$,$$f8d9ac798f2$$);
INSERT INTO items(base_item_id, hq) VALUES(10050, false),(10050, true);
INSERT INTO base_items VALUES(10052,$$Artisan's Apron$$,$$アーティザンエプロン$$,$$Tablier de façonnier$$,$$Kunsthandwerker-Schürze$$,$$d223ffabc6e$$);
INSERT INTO items(base_item_id, hq) VALUES(10052, false),(10052, true);
INSERT INTO base_items VALUES(10071,$$Model Magitek Bit$$,$$魔導ビット自律型$$,$$Micro-drone magitek$$,$$Aufzieh-Magitek-Drohne$$,$$bf4427381a9$$);
INSERT INTO items(base_item_id, hq) VALUES(10071, false);
INSERT INTO base_items VALUES(10082,$$Paramour Barding$$,$$パラムール・バード$$,$$Barde de soupirant$$,$$Buhlen-Rossharnisch$$,$$ea0898e9e59$$);
INSERT INTO items(base_item_id, hq) VALUES(10082, false);
INSERT INTO base_items VALUES(10086,$$Tinker's Calm$$,$$精密薬$$,$$Potion de minutie$$,$$Bastlertrank$$,$$e34d0c6d1e4$$);
INSERT INTO items(base_item_id, hq) VALUES(10086, false),(10086, true);
INSERT INTO base_items VALUES(10090,$$Splintered Chest$$,$$ブロークンチェスト$$,$$Coffre brisé$$,$$Zerbrochene Truhe$$,$$654db455b80$$);
INSERT INTO items(base_item_id, hq) VALUES(10090, false);
INSERT INTO base_items VALUES(10091,$$Wild Banana Shoot$$,$$ワイルドバナナの苗$$,$$Pousse de bananier sauvage$$,$$Wildbananen-Schössling$$,$$4fea860a0b8$$);
INSERT INTO items(base_item_id, hq) VALUES(10091, false);
INSERT INTO base_items VALUES(10092,$$Black Limestone$$,$$黒石灰岩$$,$$Calcaire noir$$,$$Schwarzer Kalkstein$$,$$99bf76d831c$$);
INSERT INTO items(base_item_id, hq) VALUES(10092, false),(10092, true);
INSERT INTO base_items VALUES(10093,$$Virgin Basilisk Egg$$,$$バジリスクの初卵$$,$$Premier œuf de basilic$$,$$Erstgelegtes Basilisken-Ei$$,$$29653063714$$);
INSERT INTO items(base_item_id, hq) VALUES(10093, false),(10093, true);
INSERT INTO base_items VALUES(10094,$$Little Worm$$,$$リトルワーム$$,$$Petit ver$$,$$Winzwurm$$,$$4b1444cba3a$$);
INSERT INTO items(base_item_id, hq) VALUES(10094, false);
INSERT INTO base_items VALUES(10095,$$Gregarious Worm$$,$$グレガリアスワーム$$,$$Ver grégaire$$,$$Herdenwurm$$,$$4f35e33ae4d$$);
INSERT INTO items(base_item_id, hq) VALUES(10095, false);
INSERT INTO base_items VALUES(10096,$$Rosemary$$,$$ローズマリー$$,$$Romarin$$,$$Rosmarin$$,$$9028de03d3d$$);
INSERT INTO items(base_item_id, hq) VALUES(10096, false),(10096, true);
INSERT INTO base_items VALUES(10097,$$Yafaem Wildgrass$$,$$ヤフェームの野草$$,$$Herbes de Yafaem$$,$$Yafaem-Wildgras$$,$$42e485d044d$$);
INSERT INTO items(base_item_id, hq) VALUES(10097, false);
INSERT INTO base_items VALUES(10098,$$Mazlaya Greens$$,$$マズラヤの野草$$,$$Herbes de Mazlaya$$,$$Mazlaya-Sprossen$$,$$f695d78b10c$$);
INSERT INTO items(base_item_id, hq) VALUES(10098, false);
INSERT INTO base_items VALUES(10099,$$Unaspected Crystal$$,$$無属性クリスタル$$,$$Cristal terni$$,$$Elementneutraler Kristall$$,$$8988b98c9f6$$);
INSERT INTO items(base_item_id, hq) VALUES(10099, false);
INSERT INTO base_items VALUES(10146,$$Better Crowned Pie$$,$$秘製ガレット・デ・ロワ$$,$$Galette des rois spéciale$$,$$Königskuchen$$,$$2bf6dd0284f$$);
INSERT INTO items(base_item_id, hq) VALUES(10146, false);
INSERT INTO base_items VALUES(10156,$$Bronco-type Hull$$,$$ブロンコ級船体$$,$$Coque de type Bronco$$,$$Rumpf vom Typ „Bronco“$$,$$d7e5b7dfcce$$);
INSERT INTO items(base_item_id, hq) VALUES(10156, false);
INSERT INTO base_items VALUES(10157,$$Invincible-type Hull$$,$$インビンシブル級船体$$,$$Coque de type Invincible$$,$$Rumpf vom Typ „Invincible“$$,$$bbadc5d6cf7$$);
INSERT INTO items(base_item_id, hq) VALUES(10157, false);
INSERT INTO base_items VALUES(10158,$$Enterprise-type Hull$$,$$エンタープライズ級船体$$,$$Coque de type Entreprise$$,$$Rumpf vom Typ „Enterprise“$$,$$3cec56731b2$$);
INSERT INTO items(base_item_id, hq) VALUES(10158, false);
INSERT INTO base_items VALUES(10159,$$Invincible II-type Hull$$,$$インビンシブル改級船体$$,$$Coque de type Invincible II$$,$$Rumpf vom Typ „Invincible II“$$,$$7b4bc4c557a$$);
INSERT INTO items(base_item_id, hq) VALUES(10159, false);
INSERT INTO base_items VALUES(10160,$$Odyssey-type Hull$$,$$オデッセイ級船体$$,$$Coque de type Odyssée$$,$$Rumpf vom Typ „Odyssey“$$,$$ccd877afb6f$$);
INSERT INTO items(base_item_id, hq) VALUES(10160, false);
INSERT INTO base_items VALUES(10161,$$Tatanora-type Hull$$,$$タタノラ級船体$$,$$Coque de type Tatanora$$,$$Rumpf vom Typ „Tatanora“$$,$$3b22a1d975e$$);
INSERT INTO items(base_item_id, hq) VALUES(10161, false);
INSERT INTO base_items VALUES(10162,$$Bronco-type Sail$$,$$ブロンコ級気嚢$$,$$Ballon de type Bronco$$,$$Segel vom Typ „Bronco“$$,$$97d913d4688$$);
INSERT INTO items(base_item_id, hq) VALUES(10162, false);
INSERT INTO base_items VALUES(10163,$$Invincible-type Propellers$$,$$インビンシブル級回転翼$$,$$Hélice de type Invincible$$,$$Propeller vom Typ „Invincible“$$,$$bbebf18a038$$);
INSERT INTO items(base_item_id, hq) VALUES(10163, false);
INSERT INTO base_items VALUES(10164,$$Enterprise-type Bladder$$,$$エンタープライズ級気嚢$$,$$Ballon de type Entreprise$$,$$Ballon vom Typ „Enterprise“$$,$$5b2dcd6c228$$);
INSERT INTO items(base_item_id, hq) VALUES(10164, false);
INSERT INTO base_items VALUES(10165,$$Invincible II-type Propellers$$,$$インビンシブル改級回転翼$$,$$Hélice de type Invincible II$$,$$Propeller vom Typ „Invincible II“$$,$$c072cd97661$$);
INSERT INTO items(base_item_id, hq) VALUES(10165, false);
INSERT INTO base_items VALUES(10166,$$Odyssey-type Bladders$$,$$オデッセイ級気嚢$$,$$Ballon de type Odyssée$$,$$Ballons vom Typ „Odyssey“$$,$$5efde96423a$$);
INSERT INTO items(base_item_id, hq) VALUES(10166, false);
INSERT INTO base_items VALUES(10167,$$Tatanora-type Propellers$$,$$タタノラ級回転翼$$,$$Hélice de type Tatanora$$,$$Propeller vom Typ „Tatanora“$$,$$1fec32a1d31$$);
INSERT INTO items(base_item_id, hq) VALUES(10167, false);
INSERT INTO base_items VALUES(10168,$$Bronco-type Forecastle$$,$$ブロンコ級船首$$,$$Proue de type Bronco$$,$$Bug vom Typ „Bronco“$$,$$f1e35448121$$);
INSERT INTO items(base_item_id, hq) VALUES(10168, false);
INSERT INTO base_items VALUES(10169,$$Invincible-type Forecastle$$,$$インビンシブル級船首$$,$$Proue de type Invincible$$,$$Bug vom Typ „Invincible“$$,$$24c0b27c097$$);
INSERT INTO items(base_item_id, hq) VALUES(10169, false);
INSERT INTO base_items VALUES(10170,$$Enterprise-type Forecastle$$,$$エンタープライズ級船首$$,$$Proue de type Entreprise$$,$$Bug vom Typ „Enterprise“$$,$$4a2e8b6444c$$);
INSERT INTO items(base_item_id, hq) VALUES(10170, false);
INSERT INTO base_items VALUES(10171,$$Invincible II-type Forecastle$$,$$インビンシブル改級船首$$,$$Proue de type Invincible II$$,$$Bug vom Typ „Invincible II“$$,$$e47bb41ba2c$$);
INSERT INTO items(base_item_id, hq) VALUES(10171, false);
INSERT INTO base_items VALUES(10172,$$Odyssey-type Forecastle$$,$$オデッセイ級船首$$,$$Proue de type Odyssée$$,$$Bug vom Typ „Odyssey“$$,$$3e93d296631$$);
INSERT INTO items(base_item_id, hq) VALUES(10172, false);
INSERT INTO base_items VALUES(10173,$$Tatanora-type Forecastle$$,$$タタノラ級船首$$,$$Proue de type Tatanora$$,$$Bug vom Typ „Tatanora“$$,$$d0f88d72c36$$);
INSERT INTO items(base_item_id, hq) VALUES(10173, false);
INSERT INTO base_items VALUES(10174,$$Bronco-type Aftcastle$$,$$ブロンコ級船尾$$,$$Poupe de type Bronco$$,$$Heck vom Typ „Bronco“$$,$$425f6a89eeb$$);
INSERT INTO items(base_item_id, hq) VALUES(10174, false);
INSERT INTO base_items VALUES(10175,$$Invincible-type Aftcastle$$,$$インビンシブル級船尾$$,$$Poupe de type Invincible$$,$$Heck vom Typ „Invincible“$$,$$74041b192d9$$);
INSERT INTO items(base_item_id, hq) VALUES(10175, false);
INSERT INTO base_items VALUES(10176,$$Enterprise-type Aftcastle$$,$$エンタープライズ級船尾$$,$$Poupe de type Entreprise$$,$$Heck vom Typ „Enterprise“$$,$$61d1b64d985$$);
INSERT INTO items(base_item_id, hq) VALUES(10176, false);
INSERT INTO base_items VALUES(10177,$$Invincible II-type Aftcastle$$,$$インビンシブル改級船尾$$,$$Poupe de type Invincible II$$,$$Heck vom Typ „Invincible II“$$,$$c0cd5c34fb7$$);
INSERT INTO items(base_item_id, hq) VALUES(10177, false);
INSERT INTO base_items VALUES(10178,$$Odyssey-type Aftcastle$$,$$オデッセイ級船尾$$,$$Poupe de type Odyssée$$,$$Heck vom Typ „Odyssey“$$,$$cabfe3f9166$$);
INSERT INTO items(base_item_id, hq) VALUES(10178, false);
INSERT INTO base_items VALUES(10179,$$Tatanora-type Aftcastle$$,$$タタノラ級船尾$$,$$Poupe de type Tatanora$$,$$Heck vom Typ „Tatanora“$$,$$b057ea8672f$$);
INSERT INTO items(base_item_id, hq) VALUES(10179, false);
INSERT INTO base_items VALUES(10332,$$Battered Fish$$,$$バタードフィッシュ$$,$$Poisson pané$$,$$Fisch im Teigmantel$$,$$1bb0c5f4a45$$);
INSERT INTO items(base_item_id, hq) VALUES(10332, false);
INSERT INTO base_items VALUES(10335,$$Dark Matter Cluster$$,$$ダークマタークラスター$$,$$Agrégat de matière sombre$$,$$Dunkelmaterie$$,$$51162b17a9b$$);
INSERT INTO items(base_item_id, hq) VALUES(10335, false);
INSERT INTO base_items VALUES(10345,$$MGS Interior Wall$$,$$ゴールドソーサー・インナーウォール$$,$$Revêtement mural du Gold Saucer$$,$$Gold Saucer-Tapete$$,$$3480fcdaa94$$);
INSERT INTO items(base_item_id, hq) VALUES(10345, false);
INSERT INTO base_items VALUES(10346,$$Stained Crystal Interior Wall$$,$$ステンドクリスタル・インナーウォール$$,$$Revêtement mural en vitrail$$,$$Buntkristall-Wandverkleidung$$,$$ce16afc69bd$$);
INSERT INTO items(base_item_id, hq) VALUES(10346, false);
INSERT INTO base_items VALUES(10347,$$MGS Flooring$$,$$ゴールドソーサー・フローリング$$,$$Parquet du Gold Saucer$$,$$Gold Saucer-Boden$$,$$24a9c0a3987$$);
INSERT INTO items(base_item_id, hq) VALUES(10347, false);
INSERT INTO base_items VALUES(10348,$$Monochrome MGS Flooring$$,$$ゴールドソーサー・モノクロームフローリング$$,$$Parquet monochrome du Gold Saucer$$,$$Gold Saucer-Boden edel$$,$$4f1aa55dc92$$);
INSERT INTO items(base_item_id, hq) VALUES(10348, false);
INSERT INTO base_items VALUES(10349,$$Magnificent Mogdelier$$,$$モグモグ・シャンデリア$$,$$Lustre mog$$,$$Mogry-Kronleuchter$$,$$47519843563$$);
INSERT INTO items(base_item_id, hq) VALUES(10349, false);
INSERT INTO base_items VALUES(10350,$$Hive Ceiling Fan$$,$$ラーヴァナの扇風灯$$,$$Ventilateur de plafond de Ravana$$,$$Ravana-Ventilatorlampe$$,$$ef206dd8869$$);
INSERT INTO items(base_item_id, hq) VALUES(10350, false);
INSERT INTO base_items VALUES(10351,$$Deep Hive Ceiling Fan$$,$$武神ラーヴァナの扇風灯$$,$$Ventilateur de plafond du Maître des lames$$,$$Psychedelische Ravana-Ventilatorenlampe$$,$$0f15350c59b$$);
INSERT INTO items(base_item_id, hq) VALUES(10351, false);
INSERT INTO base_items VALUES(10361,$$Small Merchant's Wall$$,$$マーチャント・コテージウォール$$,$$Mur de maisonnette de marchand$$,$$Kleine Krämer-Wand$$,$$8216333837f$$);
INSERT INTO items(base_item_id, hq) VALUES(10361, false);
INSERT INTO base_items VALUES(10362,$$Medium Merchant's Wall$$,$$マーチャント・ハウスウォール$$,$$Mur de pavillon de marchand$$,$$Mittelgroße Krämer-Wand$$,$$cf47a03b138$$);
INSERT INTO items(base_item_id, hq) VALUES(10362, false);
INSERT INTO base_items VALUES(10363,$$Large Merchant's Wall$$,$$マーチャント・レジデンスウォール$$,$$Mur de villa de marchand$$,$$Große Krämer-Wand$$,$$72631a260a4$$);
INSERT INTO items(base_item_id, hq) VALUES(10363, false);
INSERT INTO base_items VALUES(10364,$$Small Eatery Wall$$,$$レストラン・コテージウォール$$,$$Mur de maisonnette de restaurateur$$,$$Kleine Restaurant-Wand$$,$$8e47150316c$$);
INSERT INTO items(base_item_id, hq) VALUES(10364, false);
INSERT INTO base_items VALUES(10365,$$Medium Eatery Wall$$,$$レストラン・ハウスウォール$$,$$Mur de pavillon de restaurateur$$,$$Mittelgroße Restaurant-Wand$$,$$b9bca35ab2d$$);
INSERT INTO items(base_item_id, hq) VALUES(10365, false);
INSERT INTO base_items VALUES(10366,$$Large Eatery Wall$$,$$レストラン・レジデンスウォール$$,$$Mur de villa de restaurateur$$,$$Große Restaurant-Wand$$,$$125b51bb1c7$$);
INSERT INTO items(base_item_id, hq) VALUES(10366, false);
INSERT INTO base_items VALUES(10367,$$Small Outfitter's Wall$$,$$アーマーディーラー・コテージウォール$$,$$Mur de maisonnette de pourvoyeur$$,$$Kleine Rüstungshändler-Wand$$,$$fb86986719c$$);
INSERT INTO items(base_item_id, hq) VALUES(10367, false);
INSERT INTO base_items VALUES(10368,$$Medium Outfitter's Wall$$,$$アーマーディーラー・ハウスウォール$$,$$Mur de pavillon de pourvoyeur$$,$$Mittelgroße Rüstungshändler-Wand$$,$$d8a3ab5e3b4$$);
INSERT INTO items(base_item_id, hq) VALUES(10368, false);
INSERT INTO base_items VALUES(10369,$$Large Outfitter's Wall$$,$$アーマーディーラー・レジデンスウォール$$,$$Mur de villa de pourvoyeur$$,$$Große Rüstungshändler-Wand$$,$$bfa484c33da$$);
INSERT INTO items(base_item_id, hq) VALUES(10369, false);
INSERT INTO base_items VALUES(10370,$$Small Arms Supplier's Wall$$,$$ウェポンディーラー・コテージウォール$$,$$Mur de maisonnette de fourbisseur$$,$$Kleine Waffenhändler-Wand$$,$$51f7a0f743d$$);
INSERT INTO items(base_item_id, hq) VALUES(10370, false);
INSERT INTO base_items VALUES(10371,$$Medium Arms Supplier's Wall$$,$$ウェポンディーラー・ハウスウォール$$,$$Mur de pavillon de fourbisseur$$,$$Mittelgroße Waffenhändler-Wand$$,$$5008b9b44db$$);
INSERT INTO items(base_item_id, hq) VALUES(10371, false);
INSERT INTO base_items VALUES(10372,$$Large Arms Supplier's Wall$$,$$ウェポンディーラー・レジデンスウォール$$,$$Mur de villa de fourbisseur$$,$$Große Waffenhändler-Wand$$,$$c80d44f67b0$$);
INSERT INTO items(base_item_id, hq) VALUES(10372, false);
INSERT INTO base_items VALUES(10373,$$Airship Repair Materials$$,$$飛空艇修理材$$,$$Kit de réparation d'aéronef$$,$$Luftschiff-Reparaturkit$$,$$77bf239b30b$$);
INSERT INTO items(base_item_id, hq) VALUES(10373, false);
INSERT INTO base_items VALUES(10386,$$Grade 6 Dark Matter$$,$$ダークマターG6$$,$$Matière sombre grade VI$$,$$Grad 6 Dunkelmaterie$$,$$115751af0a7$$);
INSERT INTO items(base_item_id, hq) VALUES(10386, false);
INSERT INTO base_items VALUES(10387,$$Thavnairian Turban$$,$$サベネアンターバン$$,$$Turban thavnairois$$,$$Thavnair-Turban$$,$$05a73610a32$$);
INSERT INTO items(base_item_id, hq) VALUES(10387, false),(10387, true);
INSERT INTO base_items VALUES(10388,$$Thavnairian Bolero$$,$$サベネアンボレロ$$,$$Boléro thavnairois$$,$$Thavnair-Bolero$$,$$fe3d3c30a50$$);
INSERT INTO items(base_item_id, hq) VALUES(10388, false),(10388, true);
INSERT INTO base_items VALUES(10389,$$Thavnairian Gloves$$,$$サベネアングローブ$$,$$Gants thavnairois$$,$$Thavnair-Handschuhe$$,$$9c320478ad3$$);
INSERT INTO items(base_item_id, hq) VALUES(10389, false),(10389, true);
INSERT INTO base_items VALUES(10390,$$Thavnairian Sarouel$$,$$サベネアンサルエル$$,$$Saroual thavnairois$$,$$Thavnair-Sarouel$$,$$7ebc5b29a48$$);
INSERT INTO items(base_item_id, hq) VALUES(10390, false),(10390, true);
INSERT INTO base_items VALUES(10391,$$Thavnairian Babouches$$,$$サベネアンバブーシュ$$,$$Babouches thavnairoises$$,$$Thavnair-Pantoffeln$$,$$bdcbba797e9$$);
INSERT INTO items(base_item_id, hq) VALUES(10391, false),(10391, true);
INSERT INTO base_items VALUES(10392,$$Thavnairian Headdress$$,$$サベネアンヘッドドレス$$,$$Coiffe thavnairoise$$,$$Thavnair-Federschmuck$$,$$e38a91c3ce6$$);
INSERT INTO items(base_item_id, hq) VALUES(10392, false),(10392, true);
INSERT INTO base_items VALUES(10393,$$Thavnairian Bustier$$,$$サベネアンビスチェ$$,$$Robe thavnairoise$$,$$Thavnair-Bustier$$,$$434e1e6a333$$);
INSERT INTO items(base_item_id, hq) VALUES(10393, false),(10393, true);
INSERT INTO base_items VALUES(10394,$$Thavnairian Armlets$$,$$サベネアンアームレット$$,$$Brassards thavnairois$$,$$Thavnair-Armreif$$,$$199978c0878$$);
INSERT INTO items(base_item_id, hq) VALUES(10394, false),(10394, true);
INSERT INTO base_items VALUES(10395,$$Thavnairian Tights$$,$$サベネアンタイツ$$,$$Bas thavnairois$$,$$Thavnair-Rock$$,$$7e4cacbd61a$$);
INSERT INTO items(base_item_id, hq) VALUES(10395, false),(10395, true);
INSERT INTO base_items VALUES(10396,$$Thavnairian Sandals$$,$$サベネアンサンダル$$,$$Sandales thavnairoises$$,$$Thavnair-Sandalen$$,$$d94a8640f85$$);
INSERT INTO items(base_item_id, hq) VALUES(10396, false),(10396, true);
INSERT INTO base_items VALUES(10400,$$Steel Claymore$$,$$クレイモア$$,$$Claymore$$,$$Stahl-Claymore$$,$$7d0606c978d$$);
INSERT INTO items(base_item_id, hq) VALUES(10400, false);
INSERT INTO base_items VALUES(10401,$$Steel Zweihander$$,$$スチールツヴァイハンダー$$,$$Espadon en acier$$,$$Stahl-Zweihänder$$,$$b5a7867cccf$$);
INSERT INTO items(base_item_id, hq) VALUES(10401, false),(10401, true);
INSERT INTO base_items VALUES(10402,$$Mythril Claymore$$,$$ミスリルクレイモア$$,$$Claymore en mithril$$,$$Mithril-Claymore$$,$$929dce0c5ec$$);
INSERT INTO items(base_item_id, hq) VALUES(10402, false),(10402, true);
INSERT INTO base_items VALUES(10403,$$Mythril Zweihander$$,$$ミスリルツヴァイハンダー$$,$$Espadon en mithril$$,$$Mithril-Zweihänder$$,$$b247d7e116f$$);
INSERT INTO items(base_item_id, hq) VALUES(10403, false),(10403, true);
INSERT INTO base_items VALUES(10404,$$Cobalt Claymore$$,$$コバルトクレイモア$$,$$Claymore en cobalt$$,$$Koboldeisen-Claymore$$,$$bab85824180$$);
INSERT INTO items(base_item_id, hq) VALUES(10404, false),(10404, true);
INSERT INTO base_items VALUES(10405,$$Cobalt Zweihander$$,$$コバルトツヴァイハンダー$$,$$Espadon en cobalt$$,$$Koboldeisen-Zweihänder$$,$$4ef467fe5c0$$);
INSERT INTO items(base_item_id, hq) VALUES(10405, false),(10405, true);
INSERT INTO base_items VALUES(10406,$$Giantsgall Guillotine$$,$$ギガントガルディバイダー$$,$$Fendoir fiel-de-géant$$,$$Gallenerz-Guillotine$$,$$ec58a0e8c24$$);
INSERT INTO items(base_item_id, hq) VALUES(10406, false),(10406, true);
INSERT INTO base_items VALUES(10407,$$Subduer$$,$$サブドゥア$$,$$Persécutrice$$,$$Unterdrücker$$,$$01efcf4b378$$);
INSERT INTO items(base_item_id, hq) VALUES(10407, false),(10407, true);
INSERT INTO base_items VALUES(10408,$$Inferno Faussar$$,$$インフェルノフォセ$$,$$Faussar des flammes$$,$$Inferno-Warbrand$$,$$288ac9baddb$$);
INSERT INTO items(base_item_id, hq) VALUES(10408, false),(10408, true);
INSERT INTO base_items VALUES(10409,$$Pain of the Vortex$$,$$ヴォーテックスペイン$$,$$Tourment des rafales$$,$$Sturmschmerz$$,$$f5c22abbbac$$);
INSERT INTO items(base_item_id, hq) VALUES(10409, false),(10409, true);
INSERT INTO base_items VALUES(10410,$$Tremor Guillotine$$,$$トレマーディバイダー$$,$$Fendoir des séismes$$,$$Erdstoß-Guillotine$$,$$79e73b9b035$$);
INSERT INTO items(base_item_id, hq) VALUES(10410, false),(10410, true);
INSERT INTO base_items VALUES(10411,$$Monstrous Moggle Mogsword$$,$$モグルモグレートソード$$,$$Grande épée Moggle Mog morose$$,$$Monströses Mogul-Mogschwert$$,$$d80182b0194$$);
INSERT INTO items(base_item_id, hq) VALUES(10411, false),(10411, true);
INSERT INTO base_items VALUES(10412,$$Wootz Fausse$$,$$ウーツフォセ$$,$$Faussar en wootz$$,$$Wootz-Warbrand$$,$$7a0904e48fd$$);
INSERT INTO items(base_item_id, hq) VALUES(10412, false),(10412, true);
INSERT INTO base_items VALUES(10414,$$Wolf Zweihander$$,$$ウルフツヴァイハンダー$$,$$Espadon de loup$$,$$Wolf-Zweihänder$$,$$057ef0aa32e$$);
INSERT INTO items(base_item_id, hq) VALUES(10414, false),(10414, true);
INSERT INTO base_items VALUES(10462,$$Steel-barreled Carbine$$,$$カービン$$,$$Carabine$$,$$Stahl-Karabiner$$,$$1c756c09244$$);
INSERT INTO items(base_item_id, hq) VALUES(10462, false);
INSERT INTO base_items VALUES(10463,$$Steel-barreled Musketoon$$,$$スチールマスケトン$$,$$Mousqueton en acier$$,$$Stahl-Muskete$$,$$e337ca3bd53$$);
INSERT INTO items(base_item_id, hq) VALUES(10463, false),(10463, true);
INSERT INTO base_items VALUES(10464,$$Mythril-barreled Carbine$$,$$ミスリルカービン$$,$$Carabine en mithril$$,$$Mithril-Karabiner$$,$$c9709b3bec2$$);
INSERT INTO items(base_item_id, hq) VALUES(10464, false),(10464, true);
INSERT INTO base_items VALUES(10465,$$Mythril-barreled Musketoon$$,$$ミスリルマスケトン$$,$$Mousqueton en mithril$$,$$Mithril-Muskete$$,$$d5c40f8c1de$$);
INSERT INTO items(base_item_id, hq) VALUES(10465, false),(10465, true);
INSERT INTO base_items VALUES(10466,$$Cobalt-barreled Carbine$$,$$コバルトカービン$$,$$Carabine en cobalt$$,$$Koboldeisen-Karabiner$$,$$dc198554d3f$$);
INSERT INTO items(base_item_id, hq) VALUES(10466, false),(10466, true);
INSERT INTO base_items VALUES(10467,$$Cobalt-barreled Musketoon$$,$$コバルトマスケトン$$,$$Mousqueton en cobalt$$,$$Koboldeisen-Muskete$$,$$3b8b7f88dc3$$);
INSERT INTO items(base_item_id, hq) VALUES(10467, false),(10467, true);
INSERT INTO base_items VALUES(10468,$$Giantsgall Knifelock$$,$$ギガントガルナイフロック$$,$$Éventreur fiel-de-géant$$,$$Gallenerz-Flinte$$,$$ccf44b9bd62$$);
INSERT INTO items(base_item_id, hq) VALUES(10468, false),(10468, true);
INSERT INTO base_items VALUES(10469,$$Darksteel-barreled Blunderbuss$$,$$ブランダーバス$$,$$Tromblon$$,$$Dunkelstahl-Espingole$$,$$fdef3555ed5$$);
INSERT INTO items(base_item_id, hq) VALUES(10469, false),(10469, true);
INSERT INTO base_items VALUES(10470,$$Inferno Musketoon$$,$$インフェルノマスケトン$$,$$Mousqueton des flammes$$,$$Inferno-Muskete$$,$$61c4233abc4$$);
INSERT INTO items(base_item_id, hq) VALUES(10470, false),(10470, true);
INSERT INTO base_items VALUES(10471,$$Abandon of the Vortex$$,$$ヴォーテックスアバンドン$$,$$Désespoir des rafales$$,$$Sturmhingabe$$,$$f761399f615$$);
INSERT INTO items(base_item_id, hq) VALUES(10471, false),(10471, true);
INSERT INTO base_items VALUES(10472,$$Menacing Moggle Mog Gun$$,$$モグルモグエアガン$$,$$Pétoire Moggle Mog moderne$$,$$Martialische Mogul Mogpistole$$,$$b44aa6bdd8b$$);
INSERT INTO items(base_item_id, hq) VALUES(10472, false),(10472, true);
INSERT INTO base_items VALUES(10473,$$Tremor Culverin$$,$$トレマーカルバリン$$,$$Couleuvrine des séismes$$,$$Erdstoß-Kalverine$$,$$2d1157832e6$$);
INSERT INTO items(base_item_id, hq) VALUES(10473, false),(10473, true);
INSERT INTO base_items VALUES(10474,$$Wootz Revolver$$,$$ウーツリボルバー$$,$$Revolver en wootz$$,$$Wootz-Revolver$$,$$a855199a419$$);
INSERT INTO items(base_item_id, hq) VALUES(10474, false),(10474, true);
INSERT INTO base_items VALUES(10476,$$Wolf Musketoon$$,$$ウルフマスケトン$$,$$Mousqueton de loup$$,$$Wolfs-Muskete$$,$$4c825394bfc$$);
INSERT INTO items(base_item_id, hq) VALUES(10476, false),(10476, true);
INSERT INTO base_items VALUES(10524,$$Star Globe$$,$$スターグローブ$$,$$Globe céleste$$,$$Sternenglobus$$,$$d479eee64fc$$);
INSERT INTO items(base_item_id, hq) VALUES(10524, false);
INSERT INTO base_items VALUES(10525,$$Silver Star Globe$$,$$シルバースターグローブ$$,$$Globe céleste en argent$$,$$Silber-Sternenglobus$$,$$405d226e770$$);
INSERT INTO items(base_item_id, hq) VALUES(10525, false),(10525, true);
INSERT INTO base_items VALUES(10526,$$Mythril Star Globe$$,$$ミスリルスターグローブ$$,$$Globe céleste en mithril$$,$$Mithril-Sternenglobus$$,$$319fc8d160f$$);
INSERT INTO items(base_item_id, hq) VALUES(10526, false),(10526, true);
INSERT INTO base_items VALUES(10527,$$Mythril Planisphere$$,$$ミスリルプラニスフィア$$,$$Planisphère en mithril$$,$$Mithril-Planisphäre$$,$$0d56436019f$$);
INSERT INTO items(base_item_id, hq) VALUES(10527, false),(10527, true);
INSERT INTO base_items VALUES(10528,$$Electrum Star Globe$$,$$エレクトラムスターグローブ$$,$$Globe céleste en électrum$$,$$Elektrum-Sternenglobus$$,$$eba11d3f9d7$$);
INSERT INTO items(base_item_id, hq) VALUES(10528, false),(10528, true);
INSERT INTO base_items VALUES(10529,$$Cobalt Planisphere$$,$$コバルトプラニスフィア$$,$$Planisphère en cobalt$$,$$Koboldeisen-Planisphäre$$,$$e15f3f4f55d$$);
INSERT INTO items(base_item_id, hq) VALUES(10529, false),(10529, true);
INSERT INTO base_items VALUES(10530,$$Giantsgall Star Globe$$,$$ギガントガルスターグローブ$$,$$Globe céleste fiel-de-géant$$,$$Gallenerz-Sternenglobus$$,$$b9314fd6620$$);
INSERT INTO items(base_item_id, hq) VALUES(10530, false),(10530, true);
INSERT INTO base_items VALUES(10531,$$The Evening Star$$,$$イブニングスター$$,$$Étoile du soir$$,$$Abendstern$$,$$c220a431411$$);
INSERT INTO items(base_item_id, hq) VALUES(10531, false),(10531, true);
INSERT INTO base_items VALUES(10532,$$Inferno Star Globe$$,$$インフェルノスターグローブ$$,$$Globe céleste des flammes$$,$$Inferno-Sternenglobus$$,$$cc15cc10b35$$);
INSERT INTO items(base_item_id, hq) VALUES(10532, false),(10532, true);
INSERT INTO base_items VALUES(10533,$$Lift of the Vortex$$,$$ヴォーテックスリフト$$,$$Poussée des rafales$$,$$Sturmerhebung$$,$$3c254ae315c$$);
INSERT INTO items(base_item_id, hq) VALUES(10533, false),(10533, true);
INSERT INTO base_items VALUES(10534,$$Tremor Star Globe$$,$$トレマースターグローブ$$,$$Globe céleste des séismes$$,$$Erdstoß-Sternenglobus$$,$$2c22bdcfb35$$);
INSERT INTO items(base_item_id, hq) VALUES(10534, false),(10534, true);
INSERT INTO base_items VALUES(10535,$$Moonlit Moggle Moglobe$$,$$モグルモグローブ$$,$$Globe Moggle Mog moribond$$,$$Mondheller Mogul Moglobus$$,$$71b23acc899$$);
INSERT INTO items(base_item_id, hq) VALUES(10535, false),(10535, true);
INSERT INTO base_items VALUES(10536,$$Platinum Planisphere$$,$$プラチナプラニスフィア$$,$$Planisphère en platine$$,$$Platin-Planisphäre$$,$$37303bde8da$$);
INSERT INTO items(base_item_id, hq) VALUES(10536, false),(10536, true);
INSERT INTO base_items VALUES(10538,$$Wolf Planisphere$$,$$ウルフプラニスフィア$$,$$Planisphère de loup$$,$$Wolfs-Planisphäre$$,$$963b6d0782d$$);
INSERT INTO items(base_item_id, hq) VALUES(10538, false),(10538, true);
INSERT INTO base_items VALUES(10586,$$Mythrite Katzbalger$$,$$ミスライトカッツバルゲル$$,$$Katzbalger en mithrite$$,$$Mythrit-Katzbalger$$,$$d2cc98284bd$$);
INSERT INTO items(base_item_id, hq) VALUES(10586, false),(10586, true);
INSERT INTO base_items VALUES(10587,$$Mythrite Flametongue$$,$$ミスライトフレイムタン$$,$$Langueflamme en mithrite$$,$$Mythrit-Flammenzunge$$,$$9c21111c4ee$$);
INSERT INTO items(base_item_id, hq) VALUES(10587, false),(10587, true);
INSERT INTO base_items VALUES(10588,$$Titanium Bastard Sword$$,$$チタンバスタードソード$$,$$Épée bâtarde en titane$$,$$Titan-Bastardschwert$$,$$56fb15c2193$$);
INSERT INTO items(base_item_id, hq) VALUES(10588, false),(10588, true);
INSERT INTO base_items VALUES(10589,$$Titanium Longsword$$,$$チタンロングソード$$,$$Épée longue en titane$$,$$Titan-Langschwert$$,$$19e995f972a$$);
INSERT INTO items(base_item_id, hq) VALUES(10589, false),(10589, true);
INSERT INTO base_items VALUES(10590,$$Adamantite Broadsword$$,$$アダマンブロードソード$$,$$Épée large en adamantium$$,$$Adamantium-Breitschwert$$,$$30c40da3aeb$$);
INSERT INTO items(base_item_id, hq) VALUES(10590, false),(10590, true);
INSERT INTO base_items VALUES(10591,$$Adamantite Winglet$$,$$アダマンウィングレット$$,$$Espafut en adamantium$$,$$Adamantium-Zeremonialschwert$$,$$c6f67e43215$$);
INSERT INTO items(base_item_id, hq) VALUES(10591, false),(10591, true);
INSERT INTO base_items VALUES(10592,$$Mythrite Patas$$,$$ミスライトパタ$$,$$Patas en mithrite$$,$$Mythrit-Pata$$,$$d9fc0bb006d$$);
INSERT INTO items(base_item_id, hq) VALUES(10592, false),(10592, true);
INSERT INTO base_items VALUES(10593,$$Mythrite Jamadhars$$,$$ミスライトジャマダル$$,$$Jamadhars en mithrite$$,$$Mythrit-Jamadhars$$,$$832b07aecf3$$);
INSERT INTO items(base_item_id, hq) VALUES(10593, false),(10593, true);
INSERT INTO base_items VALUES(10594,$$Titanium Jamadhars$$,$$チタンジャマダル$$,$$Jamadhars en titane$$,$$Titan-Jamadhars$$,$$885f93c0cc7$$);
INSERT INTO items(base_item_id, hq) VALUES(10594, false),(10594, true);
INSERT INTO base_items VALUES(10595,$$Titanium Knuckles$$,$$チタンナックル$$,$$Poings en titane$$,$$Titan-Schlagringe$$,$$98dcaa3a377$$);
INSERT INTO items(base_item_id, hq) VALUES(10595, false),(10595, true);
INSERT INTO base_items VALUES(10596,$$Adamantite Jamadhars$$,$$アダマンジャマダル$$,$$Jamadhars en adamantium$$,$$Adamantium-Jamadhars$$,$$909eceffb0a$$);
INSERT INTO items(base_item_id, hq) VALUES(10596, false),(10596, true);
INSERT INTO base_items VALUES(10597,$$Adamantite Knuckles$$,$$アダマンナックル$$,$$Poings en adamantium$$,$$Adamantium-Schlagringe$$,$$e7b47e85016$$);
INSERT INTO items(base_item_id, hq) VALUES(10597, false),(10597, true);
INSERT INTO base_items VALUES(10598,$$Mythrite War Axe$$,$$ミスライトウォーアクス$$,$$Hache de guerre en mithrite$$,$$Mythrit-Streitaxt$$,$$f2e04170acd$$);
INSERT INTO items(base_item_id, hq) VALUES(10598, false),(10598, true);
INSERT INTO base_items VALUES(10599,$$Mythrite Labrys$$,$$ミスライトラブリュス$$,$$Labrys en mithrite$$,$$Mythrit-Labrys$$,$$e94f91be851$$);
INSERT INTO items(base_item_id, hq) VALUES(10599, false),(10599, true);
INSERT INTO base_items VALUES(10600,$$Titanium Axe$$,$$チタンアクス$$,$$Hache en titane$$,$$Titan-Axt$$,$$58d2cbc16fb$$);
INSERT INTO items(base_item_id, hq) VALUES(10600, false),(10600, true);
INSERT INTO base_items VALUES(10601,$$Titanium Battleaxe$$,$$チタンバトルアクス$$,$$Hache de combat en titane$$,$$Titan-Kriegsaxt$$,$$5d427683b61$$);
INSERT INTO items(base_item_id, hq) VALUES(10601, false),(10601, true);
INSERT INTO base_items VALUES(10602,$$Adamantite Bill$$,$$アダマンビル$$,$$Vouge en adamantium$$,$$Adamantium-Hippe$$,$$0aa84f0bb36$$);
INSERT INTO items(base_item_id, hq) VALUES(10602, false),(10602, true);
INSERT INTO base_items VALUES(10603,$$Adamantite Headsman's Axe$$,$$アダマンヘッズマンアクス$$,$$Hache de bourreau en adamantium$$,$$Adamantium-Henkersaxt$$,$$68ab374be2b$$);
INSERT INTO items(base_item_id, hq) VALUES(10603, false),(10603, true);
INSERT INTO base_items VALUES(10604,$$Mythrite Trident$$,$$ミスライトトライデント$$,$$Trident en mithrite$$,$$Mythrit-Dreizack$$,$$fa7011cc8ba$$);
INSERT INTO items(base_item_id, hq) VALUES(10604, false),(10604, true);
INSERT INTO base_items VALUES(10605,$$Mythrite Pugil Stick$$,$$ミスライトパジルスティック$$,$$Canne de combat en mithrite$$,$$Mythrit-Kampfstab$$,$$346f0a6e1fa$$);
INSERT INTO items(base_item_id, hq) VALUES(10605, false),(10605, true);
INSERT INTO base_items VALUES(10606,$$Titanium Lance$$,$$チタンランス$$,$$Lance en titane$$,$$Titan-Lanze$$,$$ce1500ce35a$$);
INSERT INTO items(base_item_id, hq) VALUES(10606, false),(10606, true);
INSERT INTO base_items VALUES(10607,$$Titanium Fork$$,$$チタンフォーク$$,$$Fourche en titane$$,$$Titan-Kriegsgabel$$,$$540db08252a$$);
INSERT INTO items(base_item_id, hq) VALUES(10607, false),(10607, true);
INSERT INTO base_items VALUES(10608,$$Adamantite Spear$$,$$アダマンスピア$$,$$Hast en adamantium$$,$$Adamantium-Speer$$,$$b365008117f$$);
INSERT INTO items(base_item_id, hq) VALUES(10608, false),(10608, true);
INSERT INTO base_items VALUES(10610,$$Cedar Longbow$$,$$シーダーロングボウ$$,$$Arc long en cèdre$$,$$Zedern-Langbogen$$,$$a357679ef1c$$);
INSERT INTO items(base_item_id, hq) VALUES(10610, false),(10610, true);
INSERT INTO base_items VALUES(10611,$$Holy Cedar Composite Bow$$,$$ホーリーシーダー・コンポジットボウ$$,$$Arc composite en cèdre sacré$$,$$Heiliger Zedern-Kompositbogen$$,$$4cab6aaa9f4$$);
INSERT INTO items(base_item_id, hq) VALUES(10611, false),(10611, true);
INSERT INTO base_items VALUES(10612,$$Dark Chestnut Longbow$$,$$ダークチェスナット・ロングボウ$$,$$Arc long en châtaignier sombre$$,$$Kastanien-Langbogen$$,$$894977a3350$$);
INSERT INTO items(base_item_id, hq) VALUES(10612, false),(10612, true);
INSERT INTO base_items VALUES(10613,$$Hallowed Chestnut Composite Bow$$,$$ハロードチェスナット・コンポジットボウ$$,$$Arc composite en châtaignier sanctifié$$,$$Geheiligter Kastanien-Kompositbogen$$,$$9d40a1e8b63$$);
INSERT INTO items(base_item_id, hq) VALUES(10613, false),(10613, true);
INSERT INTO base_items VALUES(10614,$$Birch Longbow$$,$$バーチロングボウ$$,$$Arc long en bouleau$$,$$Birken-Langbogen$$,$$b4aea8e098d$$);
INSERT INTO items(base_item_id, hq) VALUES(10614, false),(10614, true);
INSERT INTO base_items VALUES(10616,$$Mythrite Pugiones$$,$$ミスライトプジオ$$,$$Pugiones en mithrite$$,$$Mythrit-Pugiones$$,$$3bfa9f40602$$);
INSERT INTO items(base_item_id, hq) VALUES(10616, false),(10616, true);
INSERT INTO base_items VALUES(10617,$$Mythrite Stilettos$$,$$ミスライトスティレット$$,$$Stylets en mithrite$$,$$Mythrit-Stilettos$$,$$192ea391cdd$$);
INSERT INTO items(base_item_id, hq) VALUES(10617, false),(10617, true);
INSERT INTO base_items VALUES(10618,$$Titanium Pugiones$$,$$チタンプジオ$$,$$Pugiones en titane$$,$$Titan-Pugiones$$,$$ffec3f3551c$$);
INSERT INTO items(base_item_id, hq) VALUES(10618, false),(10618, true);
INSERT INTO base_items VALUES(10619,$$Titanium Kris$$,$$チタンクリス$$,$$Kriss en titane$$,$$Titan-Krise$$,$$41808b3c82a$$);
INSERT INTO items(base_item_id, hq) VALUES(10619, false),(10619, true);
INSERT INTO base_items VALUES(10620,$$Adamantite Knives$$,$$アダマンナイフ$$,$$Couteaux en adamantium$$,$$Adamantium-Messer$$,$$984cc8958d4$$);
INSERT INTO items(base_item_id, hq) VALUES(10620, false),(10620, true);
INSERT INTO base_items VALUES(10622,$$Mythrite Claymore$$,$$ミスライトクレイモア$$,$$Claymore en mithrite$$,$$Mythrit-Claymore$$,$$9de63f3ffe2$$);
INSERT INTO items(base_item_id, hq) VALUES(10622, false),(10622, true);
INSERT INTO base_items VALUES(10623,$$Mythrite Zweihander$$,$$ミスライトツヴァイハンダー$$,$$Espadon en mithrite$$,$$Mythrit-Zweihänder$$,$$6090c193855$$);
INSERT INTO items(base_item_id, hq) VALUES(10623, false),(10623, true);
INSERT INTO base_items VALUES(10624,$$Titanium Claymore$$,$$チタンクレイモア$$,$$Claymore en titane$$,$$Titan-Claymore$$,$$db9de305ef9$$);
INSERT INTO items(base_item_id, hq) VALUES(10624, false),(10624, true);
INSERT INTO base_items VALUES(10625,$$Titanium Greatsword$$,$$チタングレートソード$$,$$Grande épée en titane$$,$$Titan-Großschwert$$,$$116432d3717$$);
INSERT INTO items(base_item_id, hq) VALUES(10625, false),(10625, true);
INSERT INTO base_items VALUES(10626,$$Adamantite Zweihander$$,$$アダマンツヴァイハンダー$$,$$Espadon en adamantium$$,$$Adamantium-Zweihänder$$,$$1e688677bbd$$);
INSERT INTO items(base_item_id, hq) VALUES(10626, false),(10626, true);
INSERT INTO base_items VALUES(10627,$$Adamantite Greatsword$$,$$アダマングレートソード$$,$$Grande épée en adamantium$$,$$Adamantium-Großschwert$$,$$0b200196538$$);
INSERT INTO items(base_item_id, hq) VALUES(10627, false),(10627, true);
INSERT INTO base_items VALUES(10628,$$Mythrite-barreled Arquebus$$,$$ミスライトアークウィバス$$,$$Arquebuse en mithrite$$,$$Mythrit-Hakenbüchse$$,$$b6f9e1e2f05$$);
INSERT INTO items(base_item_id, hq) VALUES(10628, false),(10628, true);
INSERT INTO base_items VALUES(10629,$$Mythrite-barreled Musketoon$$,$$ミスライトマスケトン$$,$$Mousqueton en mithrite$$,$$Mythrit-Muskete$$,$$92bb8ab4ad0$$);
INSERT INTO items(base_item_id, hq) VALUES(10629, false),(10629, true);
INSERT INTO base_items VALUES(10630,$$Titanium-barreled Arquebus$$,$$チタンアークウィバス$$,$$Arquebuse en titane$$,$$Titan-Hakenbüchse$$,$$6b41a7fb4ec$$);
INSERT INTO items(base_item_id, hq) VALUES(10630, false),(10630, true);
INSERT INTO base_items VALUES(10631,$$Titanium-barreled Snaphance$$,$$チタンスナップハンス$$,$$Fusil à silex en titane$$,$$Titan-Pistole$$,$$de6b65ec70e$$);
INSERT INTO items(base_item_id, hq) VALUES(10631, false),(10631, true);
INSERT INTO base_items VALUES(10632,$$Adamantite Revolver$$,$$アダマンリボルバー$$,$$Revolver en adamantium$$,$$Adamantium-Revolver$$,$$4e04eab3e9a$$);
INSERT INTO items(base_item_id, hq) VALUES(10632, false),(10632, true);
INSERT INTO base_items VALUES(10634,$$Cedar Crook$$,$$シーダークルーク$$,$$Crosse en cèdre$$,$$Zedern-Hirtenstock$$,$$b4dc7b68ccc$$);
INSERT INTO items(base_item_id, hq) VALUES(10634, false),(10634, true);
INSERT INTO base_items VALUES(10635,$$Holy Cedar Wand$$,$$ホーリーシーダーワンド$$,$$Baguette en cèdre sacré$$,$$Heiliger Zedernzweig$$,$$69bd817e26f$$);
INSERT INTO items(base_item_id, hq) VALUES(10635, false),(10635, true);
INSERT INTO base_items VALUES(10636,$$Dark Chestnut Rod$$,$$ダークチェスナットロッド$$,$$Sceptre en châtaignier sombre$$,$$Kastanienrute$$,$$8f096043046$$);
INSERT INTO items(base_item_id, hq) VALUES(10636, false),(10636, true);
INSERT INTO base_items VALUES(10637,$$Hallowed Chestnut Wand$$,$$ハロードチェスナットワンド$$,$$Baguette en châtaignier sanctifié$$,$$Kastanienzweig$$,$$17e00cb6f7a$$);
INSERT INTO items(base_item_id, hq) VALUES(10637, false),(10637, true);
INSERT INTO base_items VALUES(10638,$$Birch Signum$$,$$バーチシグナム$$,$$Signum en bouleau$$,$$Birken-Signum$$,$$421fcc474e6$$);
INSERT INTO items(base_item_id, hq) VALUES(10638, false),(10638, true);
INSERT INTO base_items VALUES(10639,$$Birch Rod$$,$$バーチロッド$$,$$Sceptre en bouleau$$,$$Birkenrute$$,$$4a93a2f1bde$$);
INSERT INTO items(base_item_id, hq) VALUES(10639, false),(10639, true);
INSERT INTO base_items VALUES(10640,$$Yeti Staff$$,$$イエティスタッフ$$,$$Bâton de yéti$$,$$Yeti-Stab$$,$$be781af8134$$);
INSERT INTO items(base_item_id, hq) VALUES(10640, false),(10640, true);
INSERT INTO base_items VALUES(10641,$$Obsidian Longpole$$,$$オブシディアンロングポール$$,$$Échalas en obsidienne$$,$$Obsidian-Langstab$$,$$64a907c9872$$);
INSERT INTO items(base_item_id, hq) VALUES(10641, false),(10641, true);
INSERT INTO base_items VALUES(10642,$$Hardsilver Staff$$,$$ハードシルバースタッフ$$,$$Bâton en durargent$$,$$Hartsilber-Stab$$,$$3feb9f6d4f6$$);
INSERT INTO items(base_item_id, hq) VALUES(10642, false),(10642, true);
INSERT INTO base_items VALUES(10643,$$Hardsilver Pole$$,$$ハードシルバーポール$$,$$Perche en durargent$$,$$Hartsilber-Stecken$$,$$bc79b56ae4a$$);
INSERT INTO items(base_item_id, hq) VALUES(10643, false),(10643, true);
INSERT INTO base_items VALUES(10644,$$Aurum Regis Longpole$$,$$オーラムレギス・ロングポール$$,$$Échalas en aurum regis$$,$$Königsgold-Langstab$$,$$da32f491e08$$);
INSERT INTO items(base_item_id, hq) VALUES(10644, false),(10644, true);
INSERT INTO base_items VALUES(10645,$$Aurum Regis Staff$$,$$オーラムレギススタッフ$$,$$Bâton en aurum regis$$,$$Königsgold-Stab$$,$$e858ef7fb36$$);
INSERT INTO items(base_item_id, hq) VALUES(10645, false),(10645, true);
INSERT INTO base_items VALUES(10646,$$Archaeoskin Grimoire$$,$$アルケオーニスグリモア$$,$$Grimoire en cuir d'archéornis$$,$$Archaeoleder-Grimoire$$,$$0b539594ed1$$);
INSERT INTO items(base_item_id, hq) VALUES(10646, false),(10646, true);
INSERT INTO base_items VALUES(10647,$$Wyvernskin Grimoire$$,$$ワイバーングリモア$$,$$Grimoire en cuir de wyverne$$,$$Wyvernleder-Grimoire$$,$$c9c41211792$$);
INSERT INTO items(base_item_id, hq) VALUES(10647, false),(10647, true);
INSERT INTO base_items VALUES(10648,$$Dhalmelskin Grimoire$$,$$ダルメルグリモア$$,$$Grimoire en cuir de dhalmel$$,$$Dhalmelleder-Grimoire$$,$$be389a2ad4c$$);
INSERT INTO items(base_item_id, hq) VALUES(10648, false),(10648, true);
INSERT INTO base_items VALUES(10649,$$Dragonskin Grimoire$$,$$ドラゴンレザーグリモア$$,$$Grimoire en cuir de dragon$$,$$Drachenleder-Grimoire$$,$$a5c442aef65$$);
INSERT INTO items(base_item_id, hq) VALUES(10649, false),(10649, true);
INSERT INTO base_items VALUES(10650,$$Book of Aurum Regis$$,$$ブック・オブ・オーラムレギス$$,$$Livre en aurum regis$$,$$Königsgold-Grimoire$$,$$fc626eaa996$$);
INSERT INTO items(base_item_id, hq) VALUES(10650, false),(10650, true);
INSERT INTO base_items VALUES(10652,$$Archaeoskin Codex$$,$$アルケオーニスコーデックス$$,$$Codex en cuir d'archéornis$$,$$Archaeoleder-Kodex$$,$$bdb8087b928$$);
INSERT INTO items(base_item_id, hq) VALUES(10652, false),(10652, true);
INSERT INTO base_items VALUES(10653,$$Wyvernskin Codex$$,$$ワイバーンコーデックス$$,$$Codex en cuir de wyverne$$,$$Wyvernleder-Kodex$$,$$529c2feebae$$);
INSERT INTO items(base_item_id, hq) VALUES(10653, false),(10653, true);
INSERT INTO base_items VALUES(10654,$$Dhalmelskin Codex$$,$$ダルメルコーデックス$$,$$Codex en cuir de dhalmel$$,$$Dhalmelleder-Kodex$$,$$71874ab9882$$);
INSERT INTO items(base_item_id, hq) VALUES(10654, false),(10654, true);
INSERT INTO base_items VALUES(10655,$$Dragonskin Codex$$,$$ドラゴンレザーコーデックス$$,$$Codex en cuir de dragon$$,$$Drachenleder-Kodex$$,$$f6fb2d6a06f$$);
INSERT INTO items(base_item_id, hq) VALUES(10655, false),(10655, true);
INSERT INTO base_items VALUES(10656,$$Noble's Picatrix$$,$$ピカトリクス・オブ・オーラムレギス$$,$$Picatrix en aurum regis$$,$$Königsgold-Picatrix$$,$$d93edcecf7e$$);
INSERT INTO items(base_item_id, hq) VALUES(10656, false),(10656, true);
INSERT INTO base_items VALUES(10658,$$Mythrite Star Globe$$,$$ミスライトスターグローブ$$,$$Globe céleste en mithrite$$,$$Mythrit-Sternenglobus$$,$$d0335b48456$$);
INSERT INTO items(base_item_id, hq) VALUES(10658, false),(10658, true);
INSERT INTO base_items VALUES(10659,$$Mythrite Planisphere$$,$$ミスライトプラニスフィア$$,$$Planisphère en mithrite$$,$$Mythrit-Planisphäre$$,$$499deb8bc48$$);
INSERT INTO items(base_item_id, hq) VALUES(10659, false),(10659, true);
INSERT INTO base_items VALUES(10660,$$Hardsilver Star Globe$$,$$ハードシルバー・スターグローブ$$,$$Globe céleste en durargent$$,$$Hartsilber-Sternenglobus$$,$$d815cdf30f5$$);
INSERT INTO items(base_item_id, hq) VALUES(10660, false),(10660, true);
INSERT INTO base_items VALUES(10661,$$Hardsilver Planisphere$$,$$ハードシルバープラニスフィア$$,$$Planisphère en durargent$$,$$Hartsilber-Planisphäre$$,$$b5738782ef8$$);
INSERT INTO items(base_item_id, hq) VALUES(10661, false),(10661, true);
INSERT INTO base_items VALUES(10662,$$Aurum Regis Orrery$$,$$オーラムレギスオーラリー$$,$$Planétaire en aurum régis$$,$$Königsgold-Orrery$$,$$4ca57698507$$);
INSERT INTO items(base_item_id, hq) VALUES(10662, false),(10662, true);
INSERT INTO base_items VALUES(10664,$$Mythrite Scutum$$,$$ミスライトスクトゥム$$,$$Scutum en mithrite$$,$$Mythrit-Turmschild$$,$$e59225e220e$$);
INSERT INTO items(base_item_id, hq) VALUES(10664, false),(10664, true);
INSERT INTO base_items VALUES(10665,$$Mythrite Bladed Lantern Shield$$,$$ミスライトブレードシールド$$,$$Bouclier lanterne en mithrite$$,$$Mythrit-Laternenschild$$,$$1da8b0e50f2$$);
INSERT INTO items(base_item_id, hq) VALUES(10665, false),(10665, true);
INSERT INTO base_items VALUES(10666,$$Titanium Kite Shield$$,$$チタンカイトシールド$$,$$Écu mandorle en titane$$,$$Titan-Drachenschild$$,$$5ac6f85365c$$);
INSERT INTO items(base_item_id, hq) VALUES(10666, false),(10666, true);
INSERT INTO base_items VALUES(10667,$$Titanium Hoplon$$,$$チタンホプロン$$,$$Hoplon en titane$$,$$Titan-Aspis$$,$$7e5936d0d37$$);
INSERT INTO items(base_item_id, hq) VALUES(10667, false),(10667, true);
INSERT INTO base_items VALUES(10668,$$Adamantite Scutum$$,$$アダマンスクトゥム$$,$$Scutum en adamantium$$,$$Adamantium-Turmschild$$,$$11da387c9f1$$);
INSERT INTO items(base_item_id, hq) VALUES(10668, false),(10668, true);
INSERT INTO base_items VALUES(10669,$$Adamantite Hoplon$$,$$アダマンホプロン$$,$$Hoplon en adamantium$$,$$Adamantium-Aspis$$,$$95922418c4c$$);
INSERT INTO items(base_item_id, hq) VALUES(10669, false),(10669, true);
INSERT INTO base_items VALUES(10670,$$Mythrite Sallet of Fending$$,$$ミスライトディフェンダーサレット$$,$$Sallet de protecteur en mithrite$$,$$Mythrit-Schaller der Verteidigung$$,$$26f611bd67d$$);
INSERT INTO items(base_item_id, hq) VALUES(10670, false),(10670, true);
INSERT INTO base_items VALUES(10671,$$Wyvernskin Mane of Fending$$,$$ワイバーンディフェンダーメイン$$,$$Crinière de protecteur en cuir de wyverne$$,$$Wyvernleder-Mähne der Verteidigung$$,$$9ca71617b16$$);
INSERT INTO items(base_item_id, hq) VALUES(10671, false),(10671, true);
INSERT INTO base_items VALUES(10672,$$Titanium Mask of Fending$$,$$チタンディフェンダーマスク$$,$$Masque de protecteur en titane$$,$$Titan-Maske der Verteidigung$$,$$a8a5a05e536$$);
INSERT INTO items(base_item_id, hq) VALUES(10672, false),(10672, true);
INSERT INTO base_items VALUES(10673,$$Titanium Helm of Fending$$,$$チタンディフェンダーヘルム$$,$$Casque de protecteur en titane$$,$$Titan-Helm der Verteidigung$$,$$a0f244016d4$$);
INSERT INTO items(base_item_id, hq) VALUES(10673, false),(10673, true);
INSERT INTO base_items VALUES(10674,$$Adamantite Helm of Fending$$,$$アダマンディフェンダーヘルム$$,$$Casque de protecteur en adamantium$$,$$Adamantium-Helm der Verteidigung$$,$$c1bdf6c8e5b$$);
INSERT INTO items(base_item_id, hq) VALUES(10674, false),(10674, true);
INSERT INTO base_items VALUES(10675,$$Adamantite Circlet of Fending$$,$$アダマンディフェンダーサークレット$$,$$Diadème de protecteur en adamantium$$,$$Adamantium-Stirnreif der Verteidigung$$,$$96a69d9ccd0$$);
INSERT INTO items(base_item_id, hq) VALUES(10675, false),(10675, true);
INSERT INTO base_items VALUES(10676,$$Adamantite Barbut of Fending$$,$$アダマンディフェンダーバルビュート$$,$$Barbute de protecteur en adamantium$$,$$Adamantium-Barbuta der Verteidigung$$,$$358ccbdcb9a$$);
INSERT INTO items(base_item_id, hq) VALUES(10676, false),(10676, true);
INSERT INTO base_items VALUES(10677,$$Mythrite Hauberk of Fending$$,$$ミスライトディフェンダーホーバーク$$,$$Haubert de protecteur en mithrite$$,$$Mythrit-Kettenpanzer der Verteidigung$$,$$6ac4b441ad5$$);
INSERT INTO items(base_item_id, hq) VALUES(10677, false),(10677, true);
INSERT INTO base_items VALUES(10678,$$Holy Rainbow Shirt of Fending$$,$$ホーリーレインボー・ディフェンダーシャツ$$,$$Chemise de protecteur en étoffe arc-en-ciel sacrée$$,$$Heiliges Regenbogen-Hemd der Verteidigung$$,$$7fabfcccec1$$);
INSERT INTO items(base_item_id, hq) VALUES(10678, false),(10678, true);
INSERT INTO base_items VALUES(10679,$$Titanium Mail of Fending$$,$$チタンディフェンダーメイル$$,$$Cotte de mailles de protecteur en titane$$,$$Titan-Rüstung der Verteidigung$$,$$e549bfc31a3$$);
INSERT INTO items(base_item_id, hq) VALUES(10679, false),(10679, true);
INSERT INTO base_items VALUES(10680,$$Titanium Cuirass of Fending$$,$$チタンディフェンダーキュイラス$$,$$Cuirasse de protecteur en titane$$,$$Titan-Kürass der Verteidigung$$,$$3bd72da6e0d$$);
INSERT INTO items(base_item_id, hq) VALUES(10680, false),(10680, true);
INSERT INTO base_items VALUES(10681,$$Adamantite Armor of Fending$$,$$アダマンディフェンダーアーマー$$,$$Armure de protecteur en adamantium$$,$$Adamantium-Körperpanzer der Verteidigung$$,$$96000da4a87$$);
INSERT INTO items(base_item_id, hq) VALUES(10681, false),(10681, true);
INSERT INTO base_items VALUES(10682,$$Adamantite Lorica of Fending$$,$$アダマンディフェンダーロリカ$$,$$Lorica de protecteur en adamantium$$,$$Adamantium-Lorica der Verteidigung$$,$$38621ecb0c4$$);
INSERT INTO items(base_item_id, hq) VALUES(10682, false),(10682, true);
INSERT INTO base_items VALUES(10683,$$Adamantite Pauldroncoat of Fending$$,$$アダマンディフェンダーコート$$,$$Manteau de protecteur en adamantium$$,$$Adamantium-Plattenrüstung der Verteidigung$$,$$33c54089bda$$);
INSERT INTO items(base_item_id, hq) VALUES(10683, false),(10683, true);
INSERT INTO base_items VALUES(10684,$$Mythrite Gauntlets of Fending$$,$$ミスライトディフェンダーガントレット$$,$$Gantelets de protecteur en mithrite$$,$$Mythrit-Panzerhandschuhe der Verteidigung$$,$$642f42cb75e$$);
INSERT INTO items(base_item_id, hq) VALUES(10684, false),(10684, true);
INSERT INTO base_items VALUES(10685,$$Wyvernskin Gloves of Fending$$,$$ワイバーンディフェンダーグローブ$$,$$Gants de protecteur en cuir de wyverne$$,$$Wyvernleder-Handschuhe der Verteidigung$$,$$b9ff3e189f4$$);
INSERT INTO items(base_item_id, hq) VALUES(10685, false),(10685, true);
INSERT INTO base_items VALUES(10686,$$Titanium Gauntlets of Fending$$,$$チタンディフェンダーガントレット$$,$$Gantelets de protecteur en titane$$,$$Titan-Panzerhandschuhe der Verteidigung$$,$$007644128f0$$);
INSERT INTO items(base_item_id, hq) VALUES(10686, false),(10686, true);
INSERT INTO base_items VALUES(10687,$$Titanium Vambraces of Fending$$,$$チタンディフェンダーヴァンブレイス$$,$$Canons d'avant-bras de protecteur en titane$$,$$Titan-Unterarmschienen der Verteidigung$$,$$5414f7dbe45$$);
INSERT INTO items(base_item_id, hq) VALUES(10687, false),(10687, true);
INSERT INTO base_items VALUES(10688,$$Adamantite Gauntlets of Fending$$,$$アダマンディフェンダーガントレット$$,$$Gantelets de protecteur en adamantium$$,$$Adamantium-Panzerhandschuhe der Verteidigung$$,$$ac0c0e9ed9b$$);
INSERT INTO items(base_item_id, hq) VALUES(10688, false),(10688, true);
INSERT INTO base_items VALUES(10689,$$Heavy Adamantite Gauntlets of Fending$$,$$ヘヴィ・アダマンディフェンダーガントレット$$,$$Gantelets de protecteur lourds en adamantium$$,$$Schwere Adamantium-Panzerhandschuhe der Verteidigung$$,$$0dcf45b849a$$);
INSERT INTO items(base_item_id, hq) VALUES(10689, false),(10689, true);
INSERT INTO base_items VALUES(10690,$$Adamantite Vambraces of Fending$$,$$アダマンディフェンダーヴァンブレイス$$,$$Canons d'avant-bras de protecteur en adamantium$$,$$Adamantium-Unterarmschienen der Verteidigung$$,$$a8b76c6aee9$$);
INSERT INTO items(base_item_id, hq) VALUES(10690, false),(10690, true);
INSERT INTO base_items VALUES(10691,$$Mythrite Tassets of Fending$$,$$ミスライトディフェンダータセット$$,$$Tassette de protecteur en mithrite$$,$$Mythrit-Bauchreifen der Verteidigung$$,$$8e14c591d19$$);
INSERT INTO items(base_item_id, hq) VALUES(10691, false),(10691, true);
INSERT INTO base_items VALUES(10692,$$Wyvernskin Belt of Fending$$,$$ワイバーンディフェンダーベルト$$,$$Ceinture de protecteur en cuir de wyverne$$,$$Wyvernleder-Gürtel der Verteidigung$$,$$18643a4ccde$$);
INSERT INTO items(base_item_id, hq) VALUES(10692, false),(10692, true);
INSERT INTO base_items VALUES(10693,$$Titanium Plate Belt of Fending$$,$$チタン・ディフェンダープレートベルト$$,$$Ceinture de plaques de protecteur en titane$$,$$Titan-Plattengürtel der Verteidigung$$,$$361c162913e$$);
INSERT INTO items(base_item_id, hq) VALUES(10693, false),(10693, true);
INSERT INTO base_items VALUES(10694,$$Titanium Tassets of Fending$$,$$チタンディフェンダータセット$$,$$Tassette de protecteur en titane$$,$$Titan-Bauchreifen der Verteidigung$$,$$43439ea5892$$);
INSERT INTO items(base_item_id, hq) VALUES(10694, false),(10694, true);
INSERT INTO base_items VALUES(10695,$$Adamantite Tassets of Fending$$,$$アダマンディフェンダータセット$$,$$Tassette de protecteur en adamantium$$,$$Adamantium-Bauchreifen der Verteidigung$$,$$5859f2098d1$$);
INSERT INTO items(base_item_id, hq) VALUES(10695, false),(10695, true);
INSERT INTO base_items VALUES(10696,$$Adamantite Plate Belt of Fending$$,$$アダマン・ディフェンダープレートベルト$$,$$Ceinture de plaques de protecteur en adamantium$$,$$Adamantium-Plattengürtel der Verteidigung$$,$$3b7142dd7ee$$);
INSERT INTO items(base_item_id, hq) VALUES(10696, false),(10696, true);
INSERT INTO base_items VALUES(10697,$$Griffin Leather Twinbelt of Fending$$,$$グリフィン・ディフェンダークロスベルト$$,$$Ceinture croisée de protecteur en cuir de griffon$$,$$Greifenleder-Gürtel der Verteidigung$$,$$70862816823$$);
INSERT INTO items(base_item_id, hq) VALUES(10697, false),(10697, true);
INSERT INTO base_items VALUES(10698,$$Archaeoskin Breeches of Fending$$,$$アルケオーニスディフェンダーブリーチ$$,$$Braies de protecteur en cuir d'archéornis$$,$$Archaeoleder-Reiterhose der Verteidigung$$,$$87c1f58a752$$);
INSERT INTO items(base_item_id, hq) VALUES(10698, false),(10698, true);
INSERT INTO base_items VALUES(10699,$$Holy Rainbow Sarouel of Fending$$,$$ホーリーレインボー・ディフェンダーサルエル$$,$$Saroual de protecteur en étoffe arc-en-ciel sacrée$$,$$Heilige Regenbogen-Sarouel der Verteidigung$$,$$09ec994d0ae$$);
INSERT INTO items(base_item_id, hq) VALUES(10699, false),(10699, true);
INSERT INTO base_items VALUES(10700,$$Dhalmelskin Breeches of Fending$$,$$ダルメルディフェンダーブリーチ$$,$$Braies de protecteur en cuir de dhalmel$$,$$Dhalmelleder-Reiterhose der Verteidigung$$,$$ee48d101e86$$);
INSERT INTO items(base_item_id, hq) VALUES(10700, false),(10700, true);
INSERT INTO base_items VALUES(10701,$$Dragonskin Breeches of Fending$$,$$ドラゴンレザー・ディフェンダーブリーチ$$,$$Braies de protecteur en cuir de dragon$$,$$Drachenleder-Reiterhose der Verteidigung$$,$$52e3fc86ccd$$);
INSERT INTO items(base_item_id, hq) VALUES(10701, false),(10701, true);
INSERT INTO base_items VALUES(10702,$$Adamantite Chain Hose of Fending$$,$$アダマン・ディフェンダーチェーンホーズ$$,$$Fuseau de mailles de protecteur en adamantium$$,$$Adamantium-Beinkleid der Verteidigung$$,$$4d08feb65ea$$);
INSERT INTO items(base_item_id, hq) VALUES(10702, false),(10702, true);
INSERT INTO base_items VALUES(10703,$$Chimerical Felt Breeches of Fending$$,$$キマイラフェルト・ディフェンダーブリーチ$$,$$Braies de protecteur en feutre chimérique$$,$$Chimärenfilz-Reiterhose der Verteidigung$$,$$e26620f3d28$$);
INSERT INTO items(base_item_id, hq) VALUES(10703, false),(10703, true);
INSERT INTO base_items VALUES(10704,$$Griffin Leather Skirt of Fending$$,$$グリフィンディフェンダースカート$$,$$Jupe de protecteur en cuir de griffon$$,$$Greifenleder-Rock der Verteidigung$$,$$ffdae10f624$$);
INSERT INTO items(base_item_id, hq) VALUES(10704, false),(10704, true);
INSERT INTO base_items VALUES(10705,$$Mythrite Sabatons of Fending$$,$$ミスライトディフェンダーサバトン$$,$$Sabatons de protecteur en mithrite$$,$$Mythrit-Bärlatschen der Verteidigung$$,$$896f382b197$$);
INSERT INTO items(base_item_id, hq) VALUES(10705, false),(10705, true);
INSERT INTO base_items VALUES(10706,$$Wyvernskin Boots of Fending$$,$$ワイバーンディフェンダーブーツ$$,$$Bottes de protecteur en cuir de wyverne$$,$$Wyvernleder-Stiefel der Verteidigung$$,$$6d36166e3c0$$);
INSERT INTO items(base_item_id, hq) VALUES(10706, false),(10706, true);
INSERT INTO base_items VALUES(10707,$$Titanium Sollerets of Fending$$,$$チタンディフェンダーソルレット$$,$$Solerets de protecteur en titane$$,$$Titan-Sollerets der Verteidigung$$,$$e8a3deac3f0$$);
INSERT INTO items(base_item_id, hq) VALUES(10707, false),(10707, true);
INSERT INTO base_items VALUES(10708,$$Titanium Sabatons of Fending$$,$$チタンディフェンダーサバトン$$,$$Sabatons de protecteur en titane$$,$$Titan-Bärlatschen der Verteidigung$$,$$04e0e0a74cb$$);
INSERT INTO items(base_item_id, hq) VALUES(10708, false),(10708, true);
INSERT INTO base_items VALUES(10709,$$Adamantite Sabatons of Fending$$,$$アダマンディフェンダーサバトン$$,$$Sabatons de protecteur en adamantium$$,$$Adamantium-Bärlatschen der Verteidigung$$,$$152b3f76ce2$$);
INSERT INTO items(base_item_id, hq) VALUES(10709, false),(10709, true);
INSERT INTO base_items VALUES(10711,$$Adamantite Sollerets of Fending$$,$$アダマンディフェンダーソルレット$$,$$Solerets de protecteur en adamantium$$,$$Adamantium-Sollerets der Verteidigung$$,$$b144cfe0338$$);
INSERT INTO items(base_item_id, hq) VALUES(10711, false),(10711, true);
INSERT INTO base_items VALUES(10712,$$Mythrite Sallet of Maiming$$,$$ミスライトスレイヤーサレット$$,$$Sallet d'abatteur en mithrite$$,$$Mythrit-Schaller des Verstümmelns$$,$$b8ef93de561$$);
INSERT INTO items(base_item_id, hq) VALUES(10712, false),(10712, true);
INSERT INTO base_items VALUES(10713,$$Wyvernskin Pot Helm of Maiming$$,$$ワイバーン・スレイヤーポットヘルム$$,$$Heaume d'abatteur en cuir de wyverne$$,$$Wyvernleder-Kaskett des Verstümmelns$$,$$4a94a682383$$);
INSERT INTO items(base_item_id, hq) VALUES(10713, false),(10713, true);
INSERT INTO base_items VALUES(10714,$$Titanium Sallet of Maiming$$,$$チタンスレイヤーサレット$$,$$Sallet d'abatteur en titane$$,$$Titan-Schaller des Verstümmelns$$,$$db51370cb22$$);
INSERT INTO items(base_item_id, hq) VALUES(10714, false),(10714, true);
INSERT INTO base_items VALUES(10715,$$Titanium Mask of Maiming$$,$$チタンスレイヤーマスク$$,$$Masque d'abatteur en titane$$,$$Titan-Maske des Verstümmelns$$,$$5af75d2fdcf$$);
INSERT INTO items(base_item_id, hq) VALUES(10715, false),(10715, true);
INSERT INTO base_items VALUES(10716,$$Adamantite Helm of Maiming$$,$$アダマンスレイヤーヘルム$$,$$Casque d'abatteur en adamantium$$,$$Adamantium-Helm des Verstümmelns$$,$$f31cae440a3$$);
INSERT INTO items(base_item_id, hq) VALUES(10716, false),(10716, true);
INSERT INTO base_items VALUES(10717,$$Serpentskin Helm of Maiming$$,$$アンフィプテレスレイヤーヘルム$$,$$Casque d'abatteur en cuir d'amphiptère$$,$$Schlangenleder-Helm des Verstümmelns$$,$$f79b7f681e2$$);
INSERT INTO items(base_item_id, hq) VALUES(10717, false),(10717, true);
INSERT INTO base_items VALUES(10718,$$Adamantite Barbut of Maiming$$,$$アダマンスレイヤーバルビュート$$,$$Barbute d'abatteur en adamantium$$,$$Adamantium-Barbuta des Verstümmelns$$,$$0ec7f4a6ef6$$);
INSERT INTO items(base_item_id, hq) VALUES(10718, false),(10718, true);
INSERT INTO base_items VALUES(10719,$$Mythrite Hauberk of Maiming$$,$$ミスライトスレイヤーホーバーク$$,$$Haubert d'abatteur en mithrite$$,$$Mythrit-Kettenpanzer des Verstümmelns$$,$$4fa1192dda5$$);
INSERT INTO items(base_item_id, hq) VALUES(10719, false),(10719, true);
INSERT INTO base_items VALUES(10720,$$Holy Rainbow Shirt of Maiming$$,$$ホーリーレインボー・スレイヤーシャツ$$,$$Chemise d'abatteur en étoffe arc-en-ciel sacrée$$,$$Heiliges Regenbogen-Hemd des Verstümmelns$$,$$4c6550a45ff$$);
INSERT INTO items(base_item_id, hq) VALUES(10720, false),(10720, true);
INSERT INTO base_items VALUES(10721,$$Titanium Cuirass of Maiming$$,$$チタンスレイヤーキュイラス$$,$$Cuirasse d'abatteur en titane$$,$$Titan-Kürass des Verstümmelns$$,$$16d2459a351$$);
INSERT INTO items(base_item_id, hq) VALUES(10721, false),(10721, true);
INSERT INTO base_items VALUES(10722,$$Titanium Mail of Maiming$$,$$チタンスレイヤーメイル$$,$$Cotte de mailles d'abatteur en titane$$,$$Titan-Rüstung des Verstümmelns$$,$$a51bd2b3e9a$$);
INSERT INTO items(base_item_id, hq) VALUES(10722, false),(10722, true);
INSERT INTO base_items VALUES(10723,$$Adamantite Armor of Maiming$$,$$アダマンスレイヤーアーマー$$,$$Armure d'abatteur en adamantium$$,$$Adamantium-Körperpanzer des Verstümmelns$$,$$160b6c59c5d$$);
INSERT INTO items(base_item_id, hq) VALUES(10723, false),(10723, true);
INSERT INTO base_items VALUES(10725,$$Adamantite Pauldroncoat of Maiming$$,$$アダマンスレイヤーコート$$,$$Manteau d'abatteur en adamantium$$,$$Adamantium-Plattenrüstung des Verstümmelns$$,$$499f3438c33$$);
INSERT INTO items(base_item_id, hq) VALUES(10725, false),(10725, true);
INSERT INTO base_items VALUES(10726,$$Mythrite Gauntlets of Maiming$$,$$ミスライトスレイヤーガントレット$$,$$Gantelets d'abatteur en mithrite$$,$$Mythrit-Panzerhandschuhe des Verstümmelns$$,$$2fa36ad02f2$$);
INSERT INTO items(base_item_id, hq) VALUES(10726, false),(10726, true);
INSERT INTO base_items VALUES(10727,$$Wyvernskin Gloves of Maiming$$,$$ワイバーンスレイヤーグローブ$$,$$Gants d'abatteur en cuir de wyverne$$,$$Wyvernleder-Handschuhe des Verstümmelns$$,$$c8e9174c8b5$$);
INSERT INTO items(base_item_id, hq) VALUES(10727, false),(10727, true);
INSERT INTO base_items VALUES(10728,$$Titanium Mitt Gauntlets of Maiming$$,$$チタン・スレイヤーミトンガントレット$$,$$Gantelets-mitons d'abatteur en titane$$,$$Titan-Panzerfäustlinge des Verstümmelns$$,$$22cb73493af$$);
INSERT INTO items(base_item_id, hq) VALUES(10728, false),(10728, true);
INSERT INTO base_items VALUES(10729,$$Titanium Vambraces of Maiming$$,$$チタンスレイヤーヴァンブレイス$$,$$Canons d'avant-bras d'abatteur en titane$$,$$Titan-Unterarmschienen des Verstümmelns$$,$$8c77d72efbf$$);
INSERT INTO items(base_item_id, hq) VALUES(10729, false),(10729, true);
INSERT INTO base_items VALUES(10730,$$Adamantite Gauntlets of Maiming$$,$$アダマンスレイヤーガントレット$$,$$Gantelets d'abatteur en adamantium$$,$$Adamantium-Panzerhandschuhe des Verstümmelns$$,$$49044621da2$$);
INSERT INTO items(base_item_id, hq) VALUES(10730, false),(10730, true);
INSERT INTO base_items VALUES(10731,$$Serpentskin Armguards of Maiming$$,$$アンフィプテレ・スレイヤーアームガード$$,$$Garde-bras d'abatteur en cuir d'amphiptère$$,$$Schlangenleder-Armschützer des Verstümmelns$$,$$45bfdfe5d06$$);
INSERT INTO items(base_item_id, hq) VALUES(10731, false),(10731, true);
INSERT INTO base_items VALUES(10732,$$Adamantite Vambraces of Maiming$$,$$アダマンスレイヤーヴァンブレイス$$,$$Canons d'avant-bras d'abatteur en adamantium$$,$$Adamantium-Unterarmschienen des Verstümmelns$$,$$a5e99c07b02$$);
INSERT INTO items(base_item_id, hq) VALUES(10732, false),(10732, true);
INSERT INTO base_items VALUES(10733,$$Mythrite Tassets of Maiming$$,$$ミスライトスレイヤータセット$$,$$Tassette d'abatteur en mithrite$$,$$Mythrit-Bauchreifen des Verstümmelns$$,$$fe465accd94$$);
INSERT INTO items(base_item_id, hq) VALUES(10733, false),(10733, true);
INSERT INTO base_items VALUES(10734,$$Wyvernskin Belt of Maiming$$,$$ワイバーンスレイヤーベルト$$,$$Ceinture d'abatteur en cuir de wyverne$$,$$Wyvernleder-Gürtel des Verstümmelns$$,$$d55b055fcde$$);
INSERT INTO items(base_item_id, hq) VALUES(10734, false),(10734, true);
INSERT INTO base_items VALUES(10735,$$Titanium Plate Belt of Maiming$$,$$チタン・スレイヤープレートベルト$$,$$Ceinture de plaques d'abatteur en titane$$,$$Titan-Plattengürtel des Verstümmelns$$,$$e7942a881be$$);
INSERT INTO items(base_item_id, hq) VALUES(10735, false),(10735, true);
INSERT INTO base_items VALUES(10736,$$Dragonskin Belt of Maiming$$,$$ドラゴンレザー・スレイヤーベルト$$,$$Ceinture d'abatteur en cuir de dragon$$,$$Drachenleder-Gürtel des Verstümmelns$$,$$33b81badebc$$);
INSERT INTO items(base_item_id, hq) VALUES(10736, false),(10736, true);
INSERT INTO base_items VALUES(10737,$$Adamantite Tassets of Maiming$$,$$アダマンスレイヤータセット$$,$$Tassette d'abatteur en adamantium$$,$$Adamantium-Bauchreifen des Verstümmelns$$,$$17f3e98c44a$$);
INSERT INTO items(base_item_id, hq) VALUES(10737, false),(10737, true);
INSERT INTO base_items VALUES(10738,$$Serpentskin Voyager's Belt of Maiming$$,$$アンフィプテレボイジャーベルト・オブ・スレイ$$,$$Ceinture de voyageur d'abatteur en cuir d'amphiptère$$,$$Schlangenleder-Reisegürtel des Verstümmelns$$,$$50223e69b8a$$);
INSERT INTO items(base_item_id, hq) VALUES(10738, false),(10738, true);
INSERT INTO base_items VALUES(10739,$$Griffin Leather Twinbelt of Maiming$$,$$グリフィン・スレイヤークロスベルト$$,$$Ceinture croisée d'abatteur en cuir de griffon$$,$$Greifenleder-Gürtel des Verstümmelns$$,$$d7d7fb3ef89$$);
INSERT INTO items(base_item_id, hq) VALUES(10739, false),(10739, true);
INSERT INTO base_items VALUES(10740,$$Archaeoskin Breeches of Maiming$$,$$アルケオーニススレイヤーブリーチ$$,$$Braies d'abatteur en cuir d'archéornis$$,$$Archaeoleder-Reiterhose des Verstümmelns$$,$$697525c7226$$);
INSERT INTO items(base_item_id, hq) VALUES(10740, false),(10740, true);
INSERT INTO base_items VALUES(10741,$$Holy Rainbow Sarouel of Maiming$$,$$ホーリーレインボー・スレイヤーサルエル$$,$$Saroual d'abatteur en étoffe arc-en-ciel sacrée$$,$$Heilige Regenbogen-Sarouel des Verstümmelns$$,$$4541bc2f9dc$$);
INSERT INTO items(base_item_id, hq) VALUES(10741, false),(10741, true);
INSERT INTO base_items VALUES(10742,$$Dhalmelskin Breeches of Maiming$$,$$ダルメルスレイヤーブリーチ$$,$$Braies d'abatteur en cuir de dhalmel$$,$$Dhalmelleder-Reiterhose des Verstümmelns$$,$$18faa53303c$$);
INSERT INTO items(base_item_id, hq) VALUES(10742, false),(10742, true);
INSERT INTO base_items VALUES(10743,$$Dragonskin Breeches of Maiming$$,$$ドラゴンレザー・スレイヤーブリーチ$$,$$Braies d'abatteur en cuir de dragon$$,$$Drachenleder-Reiterhose des Verstümmelns$$,$$38e3f238010$$);
INSERT INTO items(base_item_id, hq) VALUES(10743, false),(10743, true);
INSERT INTO base_items VALUES(10744,$$Adamantite Chain Hose of Maiming$$,$$アダマン・スレイヤーチェーンホーズ$$,$$Fuseau de mailles d'abatteur en adamantium$$,$$Adamantium-Beinkleid des Verstümmelns$$,$$c4dde22e2c3$$);
INSERT INTO items(base_item_id, hq) VALUES(10744, false),(10744, true);
INSERT INTO base_items VALUES(10745,$$Serpentskin Hose of Maiming$$,$$アンフィプテレスレイヤーホーズ$$,$$Fuseau d'abatteur en cuir d'amphiptère$$,$$Schlangenleder-Beinkleid des Verstümmelns$$,$$3d2100d0377$$);
INSERT INTO items(base_item_id, hq) VALUES(10745, false),(10745, true);
INSERT INTO base_items VALUES(10746,$$Griffin Leather Skirt of Maiming$$,$$グリフィンスレイヤースカート$$,$$Jupe d'abatteur en cuir de griffon$$,$$Greifenleder-Rock des Verstümmelns$$,$$450d5fdf063$$);
INSERT INTO items(base_item_id, hq) VALUES(10746, false),(10746, true);
INSERT INTO base_items VALUES(10747,$$Mythrite Sabatons of Maiming$$,$$ミスライトスレイヤーサバトン$$,$$Sabatons d'abatteur en mithrite$$,$$Mythrit-Bärlatschen des Verstümmelns$$,$$a64a25f431a$$);
INSERT INTO items(base_item_id, hq) VALUES(10747, false),(10747, true);
INSERT INTO base_items VALUES(10748,$$Wyvernskin Boots of Maiming$$,$$ワイバーンスレイヤーブーツ$$,$$Bottes d'abatteur en cuir de wyverne$$,$$Wyvernleder-Stiefel des Verstümmelns$$,$$10941d3d4b3$$);
INSERT INTO items(base_item_id, hq) VALUES(10748, false),(10748, true);
INSERT INTO base_items VALUES(10749,$$Titanium Sabatons of Maiming$$,$$チタンスレイヤーサバトン$$,$$Sabatons d'abatteur en titane$$,$$Titan-Bärlatschen des Verstümmelns$$,$$010ecf460a0$$);
INSERT INTO items(base_item_id, hq) VALUES(10749, false),(10749, true);
INSERT INTO base_items VALUES(10750,$$Titanium Sollerets of Maiming$$,$$チタンスレイヤーソルレット$$,$$Solerets d'abatteur en titane$$,$$Titan-Sollerets des Verstümmelns$$,$$144c25915e2$$);
INSERT INTO items(base_item_id, hq) VALUES(10750, false),(10750, true);
INSERT INTO base_items VALUES(10751,$$Adamantite Sabatons of Maiming$$,$$アダマンスレイヤーサバトン$$,$$Sabatons d'abatteur en adamantium$$,$$Adamantium-Bärlatschen des Verstümmelns$$,$$aa6a2283a39$$);
INSERT INTO items(base_item_id, hq) VALUES(10751, false),(10751, true);
INSERT INTO base_items VALUES(10752,$$Adamantite Leg Guards of Maiming$$,$$アダマン・スレイヤーレッグガード$$,$$Protège-jambes d'abatteur en adamantium$$,$$Adamantium-Beinschützer des Verstümmelns$$,$$50d90e12dd2$$);
INSERT INTO items(base_item_id, hq) VALUES(10752, false),(10752, true);
INSERT INTO base_items VALUES(10753,$$Adamantite Sollerets of Maiming$$,$$アダマンスレイヤーソルレット$$,$$Solerets d'abatteur en adamantium$$,$$Adamantium-Sollerets des Verstümmelns$$,$$f30be9a02d6$$);
INSERT INTO items(base_item_id, hq) VALUES(10753, false),(10753, true);
INSERT INTO base_items VALUES(10754,$$Mythrite Circlet of Striking$$,$$ミスライトストライカーサークレット$$,$$Diadème d'agresseur en mithrite$$,$$Mythrit-Stirnreif des Schlagens$$,$$59cbb43db74$$);
INSERT INTO items(base_item_id, hq) VALUES(10754, false),(10754, true);
INSERT INTO base_items VALUES(10755,$$Wyvernskin Eyepatch of Striking$$,$$ワイバーン・ストライカーアイパッチ$$,$$Cache-œil d'agresseur en cuir de wyverne$$,$$Wyvernleder-Augenklappe des Schlagens$$,$$268934ef167$$);
INSERT INTO items(base_item_id, hq) VALUES(10755, false),(10755, true);
INSERT INTO base_items VALUES(10756,$$Titanium Mask of Striking$$,$$チタンストライカーマスク$$,$$Masque d'agresseur en titane$$,$$Titan-Maske des Schlagens$$,$$39561f11b28$$);
INSERT INTO items(base_item_id, hq) VALUES(10756, false),(10756, true);
INSERT INTO base_items VALUES(10757,$$Titanium Headgear of Striking$$,$$チタンストライカーヘッドギア$$,$$Protège-tête d'agresseur en titane$$,$$Titan-Kopfbedeckung des Schlagens$$,$$e16fef37c41$$);
INSERT INTO items(base_item_id, hq) VALUES(10757, false),(10757, true);
INSERT INTO base_items VALUES(10758,$$Chimerical Felt Cap of Striking$$,$$キマイラフェルト・ストライカーキャップ$$,$$Bonnet d'agresseur en feutre chimérique$$,$$Chimärenfilz-Kappe des Schlagens$$,$$690d891fa3d$$);
INSERT INTO items(base_item_id, hq) VALUES(10758, false),(10758, true);
INSERT INTO base_items VALUES(10759,$$Chimerical Felt Coif of Striking$$,$$キマイラフェルト・ストライカーコイフ$$,$$Coiffe d'agresseur en feutre chimérique$$,$$Chimärenfilz-Bundhaube des Schlagens$$,$$2507a3b4548$$);
INSERT INTO items(base_item_id, hq) VALUES(10759, false),(10759, true);
INSERT INTO base_items VALUES(10760,$$Griffin Leather Tricorne of Striking$$,$$グリフィンストライカー・トライコーン$$,$$Tricorne d'agresseur en cuir de griffon$$,$$Greifenleder-Dreispitz des Schlagens$$,$$f655bc86f0e$$);
INSERT INTO items(base_item_id, hq) VALUES(10760, false),(10760, true);
INSERT INTO base_items VALUES(10761,$$Rainbow Bolero of Striking$$,$$レインボークロス・ストライカーボレロ$$,$$Boléro d'agresseur en étoffe arc-en-ciel$$,$$Regenbogen-Bolero des Schlagens$$,$$44b673be3c1$$);
INSERT INTO items(base_item_id, hq) VALUES(10761, false),(10761, true);
INSERT INTO base_items VALUES(10762,$$Holy Rainbow Shirt of Striking$$,$$ホーリーレインボー・ストライカーシャツ$$,$$Chemise d'agresseur en étoffe arc-en-ciel sacrée$$,$$Heiliges Regenbogen-Hemd des Schlagens$$,$$7e8b9a370ca$$);
INSERT INTO items(base_item_id, hq) VALUES(10762, false),(10762, true);
INSERT INTO base_items VALUES(10763,$$Dhalmelskin Jacket of Striking$$,$$ダルメルストライカージャケット$$,$$Jaque d'agresseur en cuir de dhalmel$$,$$Dhalmelleder-Jacke des Schlagens$$,$$2cbb5cc47ba$$);
INSERT INTO items(base_item_id, hq) VALUES(10763, false),(10763, true);
INSERT INTO base_items VALUES(10764,$$Titanium Mail of Striking$$,$$チタンストライカーメイル$$,$$Cotte de mailles d'agresseur en titane$$,$$Titan-Rüstung des Schlagens$$,$$c1377ed1868$$);
INSERT INTO items(base_item_id, hq) VALUES(10764, false),(10764, true);
INSERT INTO base_items VALUES(10765,$$Chimerical Felt Cyclas of Striking$$,$$キマイラフェルト・ストライカーシクラス$$,$$Cyclas d'agresseur en feutre chimérique$$,$$Chimärenfilz-Cyclas des Schlagens$$,$$5fd11502df2$$);
INSERT INTO items(base_item_id, hq) VALUES(10765, false),(10765, true);
INSERT INTO base_items VALUES(10766,$$Chimerical Felt Tabard of Striking$$,$$キマイラフェルト・ストライカータバード$$,$$Tabard d'agresseur en feutre chimérique$$,$$Chimärenfilz-Waffenrock des Schlagens$$,$$9829aa94d8d$$);
INSERT INTO items(base_item_id, hq) VALUES(10766, false),(10766, true);
INSERT INTO base_items VALUES(10767,$$Griffin Leather Coat of Striking$$,$$グリフィンストライカーコート$$,$$Manteau d'agresseur en cuir de griffon$$,$$Greifenleder-Mantel des Schlagens$$,$$3f5464a13fa$$);
INSERT INTO items(base_item_id, hq) VALUES(10767, false),(10767, true);
INSERT INTO base_items VALUES(10768,$$Archaeoskin Gloves of Striking$$,$$アルケオーニスストライカーグローブ$$,$$Gants d'agresseur en cuir d'archéornis$$,$$Archaeoleder-Handschuhe des Schlagens$$,$$858fa8b7a69$$);
INSERT INTO items(base_item_id, hq) VALUES(10768, false),(10768, true);
INSERT INTO base_items VALUES(10769,$$Wyvernskin Gloves of Striking$$,$$ワイバーンストライカーグローブ$$,$$Gants d'agresseur en cuir de wyverne$$,$$Wyvernleder-Handschuhe des Schlagens$$,$$9b034671b30$$);
INSERT INTO items(base_item_id, hq) VALUES(10769, false),(10769, true);
INSERT INTO base_items VALUES(10770,$$Dhalmelskin Armguards of Striking$$,$$ダルメル・ストライカーアームガード$$,$$Garde-bras d'agresseur en cuir de dhalmel$$,$$Dhalmelleder-Armschützer des Schlagens$$,$$95e5fe76139$$);
INSERT INTO items(base_item_id, hq) VALUES(10770, false),(10770, true);
INSERT INTO base_items VALUES(10771,$$Titanium Vambraces of Striking$$,$$チタンストライカーヴァンブレイス$$,$$Canons d'avant-bras d'agresseur en titane$$,$$Titan-Unterarmschienen des Schlagens$$,$$72cd7d451ae$$);
INSERT INTO items(base_item_id, hq) VALUES(10771, false),(10771, true);
INSERT INTO base_items VALUES(10772,$$Serpentskin Armguards of Striking$$,$$アンフィプテレ・ストライカーアームガード$$,$$Garde-bras d'agresseur en cuir d'amphiptère$$,$$Schlangenleder-Armschützer des Schlagens$$,$$835e736cd48$$);
INSERT INTO items(base_item_id, hq) VALUES(10772, false),(10772, true);
INSERT INTO base_items VALUES(10773,$$Serpentskin Bracers of Striking$$,$$アンフィプテレストライカーブレーサー$$,$$Brassières d'agresseur en cuir d'amphiptère$$,$$Schlangenleder-Armschienen des Schlagens$$,$$50489a58b0e$$);
INSERT INTO items(base_item_id, hq) VALUES(10773, false),(10773, true);
INSERT INTO base_items VALUES(10774,$$Griffin Leather Bracers of Striking$$,$$グリフィンストライカーブレーサー$$,$$Brassières d'agresseur en cuir de griffon$$,$$Greifenleder-Armschienen des Schlagens$$,$$34e0c7e3c63$$);
INSERT INTO items(base_item_id, hq) VALUES(10774, false),(10774, true);
INSERT INTO base_items VALUES(10775,$$Archaeoskin Belt of Striking$$,$$アルケオーニスストライカーベルト$$,$$Ceinture d'agresseur en cuir d'archéornis$$,$$Archaeoleder-Gürtel des Schlagens$$,$$1e64e493c3b$$);
INSERT INTO items(base_item_id, hq) VALUES(10775, false),(10775, true);
INSERT INTO base_items VALUES(10776,$$Wyvernskin Belt of Striking$$,$$ワイバーンストライカーベルト$$,$$Ceinture d'agresseur en cuir de wyverne$$,$$Wyvernleder-Gürtel des Schlagens$$,$$389b337ceba$$);
INSERT INTO items(base_item_id, hq) VALUES(10776, false),(10776, true);
INSERT INTO base_items VALUES(10777,$$Dhalmelskin Belt of Striking$$,$$ダルメルストライカーベルト$$,$$Ceinture d'agresseur en cuir de dhalmel$$,$$Dhalmelleder-Gürtel des Schlagens$$,$$c64172fb274$$);
INSERT INTO items(base_item_id, hq) VALUES(10777, false),(10777, true);
INSERT INTO base_items VALUES(10778,$$Dragonskin Belt of Striking$$,$$ドラゴンレザー・ストライカーベルト$$,$$Ceinture d'agresseur en cuir de dragon$$,$$Drachenleder-Gürtel des Schlagens$$,$$a2476fc8a38$$);
INSERT INTO items(base_item_id, hq) VALUES(10778, false),(10778, true);
INSERT INTO base_items VALUES(10779,$$Serpentskin Ringbelt of Striking$$,$$アンフィプテレ・ストライカーリングベルト$$,$$Ceinture annelée d'agresseur en cuir d'amphiptère$$,$$Schlangenleder-Ringgürtel des Schlagens$$,$$feb08931d29$$);
INSERT INTO items(base_item_id, hq) VALUES(10779, false),(10779, true);
INSERT INTO base_items VALUES(10780,$$Serpentskin Hunting Belt of Striking$$,$$アンフィプテレ・ストライカーハンターベルト$$,$$Ceinture de chasse d'agresseur en cuir d'amphiptère$$,$$Schlangenleder-Jägergürtel des Schlagens$$,$$5adee0aa049$$);
INSERT INTO items(base_item_id, hq) VALUES(10780, false),(10780, true);
INSERT INTO base_items VALUES(10781,$$Astral Silk Sash of Striking$$,$$アストラルシルク・ストライカーサッシュ$$,$$Écharpe d'agresseur en soie astrale$$,$$Astralseiden-Schärpe des Schlagens$$,$$329e575bd18$$);
INSERT INTO items(base_item_id, hq) VALUES(10781, false),(10781, true);
INSERT INTO base_items VALUES(10782,$$Rainbow Culottes of Striking$$,$$レインボークロス・ストライカーキュロット$$,$$Culotte d'agresseur en étoffe arc-en-ciel$$,$$Regenbogen-Kniebundhose des Schlagens$$,$$a904eac4139$$);
INSERT INTO items(base_item_id, hq) VALUES(10782, false),(10782, true);
INSERT INTO base_items VALUES(10783,$$Holy Rainbow Sarouel of Striking$$,$$ホーリーレインボー・ストライカーサルエル$$,$$Saroual d'agresseur en étoffe arc-en-ciel sacrée$$,$$Heilige Regenbogen-Sarouel des Schlagens$$,$$545a7a4f2c7$$);
INSERT INTO items(base_item_id, hq) VALUES(10783, false),(10783, true);
INSERT INTO base_items VALUES(10784,$$Ramie Trousers of Striking$$,$$ラミーストライカートラウザー$$,$$Pantalon d'agresseur en ramie$$,$$Ramien-Reiterhose des Schlagens$$,$$f36cacad3e9$$);
INSERT INTO items(base_item_id, hq) VALUES(10784, false),(10784, true);
INSERT INTO base_items VALUES(10785,$$Dragonskin Breeches of Striking$$,$$ドラゴンレザー・ストライカーブリーチ$$,$$Braies d'agresseur en cuir de dragon$$,$$Drachenleder-Reiterhose des Schlagens$$,$$9dfaa5dfc1e$$);
INSERT INTO items(base_item_id, hq) VALUES(10785, false),(10785, true);
INSERT INTO base_items VALUES(10786,$$Chimerical Felt Hose of Striking$$,$$キマイラフェルト・ストライカーホーズ$$,$$Fuseau d'agresseur en feutre chimérique$$,$$Chimärenfilz-Beinkleid des Schlagens$$,$$1335ad61e03$$);
INSERT INTO items(base_item_id, hq) VALUES(10786, false),(10786, true);
INSERT INTO base_items VALUES(10788,$$Griffin Leather Brais of Striking$$,$$グリフィンストライカーブレー$$,$$Brailles d'agresseur en cuir de griffon$$,$$Greifenleder-Braies des Schlagens$$,$$f15db73f39e$$);
INSERT INTO items(base_item_id, hq) VALUES(10788, false),(10788, true);
INSERT INTO base_items VALUES(10789,$$Archaeoskin Boots of Striking$$,$$アルケオーニスストライカーブーツ$$,$$Bottes d'agresseur en cuir d'archéornis$$,$$Archaeoleder-Stiefel des Schlagens$$,$$830cdbbbe57$$);
INSERT INTO items(base_item_id, hq) VALUES(10789, false),(10789, true);
INSERT INTO base_items VALUES(10790,$$Wyvernskin Boots of Striking$$,$$ワイバーンストライカーブーツ$$,$$Bottes d'agresseur en cuir de wyverne$$,$$Wyvernleder-Stiefel des Schlagens$$,$$28a84256427$$);
INSERT INTO items(base_item_id, hq) VALUES(10790, false),(10790, true);
INSERT INTO base_items VALUES(10791,$$Dhalmelskin Leggings of Striking$$,$$ダルメルストライカーレギンス$$,$$Jambières d'agresseur en cuir de dhalmel$$,$$Dhalmelleder-Leggins des Schlagens$$,$$15dcb46fee6$$);
INSERT INTO items(base_item_id, hq) VALUES(10791, false),(10791, true);
INSERT INTO base_items VALUES(10792,$$Titanium Sabatons of Striking$$,$$チタンストライカーサバトン$$,$$Sabatons d'agresseur en titane$$,$$Titan-Bärlatschen des Schlagens$$,$$d302014d790$$);
INSERT INTO items(base_item_id, hq) VALUES(10792, false),(10792, true);
INSERT INTO base_items VALUES(10793,$$Serpentskin Boots of Striking$$,$$アンフィプテレストライカーブーツ$$,$$Bottes d'agresseur en cuir d'amphiptère$$,$$Schlangenleder-Stiefel des Schlagens$$,$$8b77f508a26$$);
INSERT INTO items(base_item_id, hq) VALUES(10793, false),(10793, true);
INSERT INTO base_items VALUES(10794,$$Serpentskin Thighboots of Striking$$,$$アンフィプテレ・ストライカーサイブーツ$$,$$Cuissardes d'agresseur en cuir d'amphiptère$$,$$Schlangenleder-Kniestiefel des Schlagens$$,$$266599e6001$$);
INSERT INTO items(base_item_id, hq) VALUES(10794, false),(10794, true);
INSERT INTO base_items VALUES(10795,$$Griffin Leather Boots of Striking$$,$$グリフィンストライカーブーツ$$,$$Bottes d'agresseur en cuir de griffon$$,$$Greifenleder-Stiefel des Schlagens$$,$$296871d9279$$);
INSERT INTO items(base_item_id, hq) VALUES(10795, false),(10795, true);
INSERT INTO base_items VALUES(10796,$$Rainbow Cap of Aiming$$,$$レインボークロス・レンジャーキャップ$$,$$Bonnet-tricorne de pisteur en étoffe arc-en-ciel$$,$$Regenbogen-Kappe des Zielens$$,$$8c6d23345bc$$);
INSERT INTO items(base_item_id, hq) VALUES(10796, false),(10796, true);
INSERT INTO base_items VALUES(10797,$$Holy Rainbow Hat of Aiming$$,$$ホーリーレインボー・レンジャーハット$$,$$Chapeau de pisteur en étoffe arc-en-ciel sacrée$$,$$Heiliger Regenbogen-Hut des Zielens$$,$$d68cbb6f742$$);
INSERT INTO items(base_item_id, hq) VALUES(10797, false),(10797, true);
INSERT INTO base_items VALUES(10798,$$Titanium Mask of Aiming$$,$$チタンレンジャーマスク$$,$$Masque de pisteur en titane$$,$$Titan-Maske des Zielens$$,$$5a639c49e03$$);
INSERT INTO items(base_item_id, hq) VALUES(10798, false),(10798, true);
INSERT INTO base_items VALUES(10799,$$Hallowed Chestnut Mask of Aiming$$,$$ハロードチェスナット・レンジャーマスク$$,$$Masque de pisteur en châtaignier sanctifié$$,$$Geheiligte Kastanienmaske des Zielens$$,$$5cb320a2cf9$$);
INSERT INTO items(base_item_id, hq) VALUES(10799, false),(10799, true);
INSERT INTO base_items VALUES(10800,$$Chimerical Felt Cap of Aiming$$,$$キマイラフェルト・レンジャーキャップ$$,$$Bonnet de pisteur en feutre chimérique$$,$$Chimärenfilz-Kappe des Zielens$$,$$97a3b0b6389$$);
INSERT INTO items(base_item_id, hq) VALUES(10800, false),(10800, true);
INSERT INTO base_items VALUES(10801,$$Chimerical Felt Coif of Aiming$$,$$キマイラフェルト・レンジャーコイフ$$,$$Coiffe de pisteur en feutre chimérique$$,$$Chimärenfilz-Bundhaube des Zielens$$,$$a38230dbf4a$$);
INSERT INTO items(base_item_id, hq) VALUES(10801, false),(10801, true);
INSERT INTO base_items VALUES(10802,$$Griffin Leather Blinder of Aiming$$,$$グリフィン・レンジャーアイガード$$,$$Protège-œil de pisteur en cuir de griffon$$,$$Greifenleder-Augenklappe des Zielens$$,$$3228ec51fdf$$);
INSERT INTO items(base_item_id, hq) VALUES(10802, false),(10802, true);
INSERT INTO base_items VALUES(10803,$$Rainbow Robe of Aiming$$,$$レインボークロス・レンジャーローブ$$,$$Robe de pisteur en étoffe arc-en-ciel$$,$$Regenbogen-Robe des Zielens$$,$$208de4cbfcb$$);
INSERT INTO items(base_item_id, hq) VALUES(10803, false),(10803, true);
INSERT INTO base_items VALUES(10804,$$Holy Rainbow Shirt of Aiming$$,$$ホーリーレインボー・レンジャーシャツ$$,$$Chemise de pisteur en étoffe arc-en-ciel sacrée$$,$$Heiliges Regenbogen-Hemd des Zielens$$,$$1523ebad765$$);
INSERT INTO items(base_item_id, hq) VALUES(10804, false),(10804, true);
INSERT INTO base_items VALUES(10805,$$Dhalmelskin Jacket of Aiming$$,$$ダルメルレンジャージャケット$$,$$Jaque de pisteur en cuir de dhalmel$$,$$Dhalmelleder-Jacke des Zielens$$,$$3f482535821$$);
INSERT INTO items(base_item_id, hq) VALUES(10805, false),(10805, true);
INSERT INTO base_items VALUES(10806,$$Hallowed Ramie Doublet of Aiming$$,$$ハロードラミー・レンジャーダブレット$$,$$Doublet de pisteur en ramie sanctifiée$$,$$Geheiligte Ramien-Weste des Zielens$$,$$b94e3ea08d5$$);
INSERT INTO items(base_item_id, hq) VALUES(10806, false),(10806, true);
INSERT INTO base_items VALUES(10807,$$Chimerical Felt Cyclas of Aiming$$,$$キマイラフェルト・レンジャーシクラス$$,$$Cyclas de pisteur en feutre chimérique$$,$$Chimärenfilz-Cyclas des Zielens$$,$$54bb6c666d7$$);
INSERT INTO items(base_item_id, hq) VALUES(10807, false),(10807, true);
INSERT INTO base_items VALUES(10808,$$Chimerical Felt Tabard of Aiming$$,$$キマイラフェルト・レンジャータバード$$,$$Tabard de pisteur en feutre chimérique$$,$$Chimärenfilz-Waffenrock des Zielens$$,$$a4228890c50$$);
INSERT INTO items(base_item_id, hq) VALUES(10808, false),(10808, true);
INSERT INTO base_items VALUES(10809,$$Griffin Leather Longcoat of Aiming$$,$$グリフィン・レンジャーバトルドレス$$,$$Broigne de pisteur en cuir de griffon$$,$$Greifenleder-Mantel des Zielens$$,$$274e4c94d5f$$);
INSERT INTO items(base_item_id, hq) VALUES(10809, false),(10809, true);
INSERT INTO base_items VALUES(10810,$$Archaeoskin Gloves of Aiming$$,$$アルケオーニスレンジャーグローブ$$,$$Gants de pisteur en cuir d'archéornis$$,$$Archaeoleder-Handschuhe des Zielens$$,$$59e94f355f8$$);
INSERT INTO items(base_item_id, hq) VALUES(10810, false),(10810, true);
INSERT INTO base_items VALUES(10811,$$Wyvernskin Cuffs of Aiming$$,$$ワイバーンレンジャーカフス$$,$$Manchettes de pisteur en cuir de wyverne$$,$$Wyvernleder-Manschetten des Zielens$$,$$65ca432517a$$);
INSERT INTO items(base_item_id, hq) VALUES(10811, false),(10811, true);
INSERT INTO base_items VALUES(10812,$$Dhalmelskin Armguards of Aiming$$,$$ダルメル・レンジャーアームガード$$,$$Garde-bras de pisteur en cuir de dhalmel$$,$$Dhalmelleder-Armschützer des Zielens$$,$$1331952528d$$);
INSERT INTO items(base_item_id, hq) VALUES(10812, false),(10812, true);
INSERT INTO base_items VALUES(10813,$$Dragonskin Gloves of Aiming$$,$$ドラゴンレザー・レンジャーグローブ$$,$$Gants de pisteur en cuir de dragon$$,$$Drachenleder-Handschuhe des Zielens$$,$$ce69c4a4054$$);
INSERT INTO items(base_item_id, hq) VALUES(10813, false),(10813, true);
INSERT INTO base_items VALUES(10814,$$Serpentskin Armguards of Aiming$$,$$アンフィプテレ・レンジャーアームガード$$,$$Garde-bras de pisteur en cuir d'amphiptère$$,$$Schlangenleder-Armschützer des Zielens$$,$$25ce951f063$$);
INSERT INTO items(base_item_id, hq) VALUES(10814, false),(10814, true);
INSERT INTO base_items VALUES(10815,$$Serpentskin Bracers of Aiming$$,$$アンフィプテレレンジャーブレーサー$$,$$Brassières de pisteur en cuir d'amphiptère$$,$$Schlangenleder-Armschienen des Zielens$$,$$92b6682d1fa$$);
INSERT INTO items(base_item_id, hq) VALUES(10815, false),(10815, true);
INSERT INTO base_items VALUES(10816,$$Griffin Leather Gloves of Aiming$$,$$グリフィンレンジャーグローブ$$,$$Gants de pisteur en cuir de griffon$$,$$Greifenleder-Handschuhe des Zielens$$,$$237cae3ecd7$$);
INSERT INTO items(base_item_id, hq) VALUES(10816, false),(10816, true);
INSERT INTO base_items VALUES(10817,$$Rainbow Sash of Aiming$$,$$レインボークロス・レンジャーサッシュ$$,$$Écharpe de pisteur en étoffe arc-en-ciel$$,$$Regenbogen-Schärpe des Zielens$$,$$021a0586386$$);
INSERT INTO items(base_item_id, hq) VALUES(10817, false),(10817, true);
INSERT INTO base_items VALUES(10818,$$Wyvernskin Belt of Aiming$$,$$ワイバーンレンジャーベルト$$,$$Ceinture de pisteur en cuir de wyverne$$,$$Wyvernleder-Gürtel des Zielens$$,$$43c648c00bd$$);
INSERT INTO items(base_item_id, hq) VALUES(10818, false),(10818, true);
INSERT INTO base_items VALUES(10819,$$Dhalmelskin Belt of Aiming$$,$$ダルメルレンジャーベルト$$,$$Ceinture de pisteur en cuir de dhalmel$$,$$Dhalmelleder-Gürtel des Zielens$$,$$2c85dc70466$$);
INSERT INTO items(base_item_id, hq) VALUES(10819, false),(10819, true);
INSERT INTO base_items VALUES(10820,$$Hallowed Ramie Sash of Aiming$$,$$ハロードラミー・レンジャーサッシュ$$,$$Écharpe de pisteur en ramie sanctifiée$$,$$Geheiligte Ramien-Schärpe des Zielens$$,$$e218d7328e2$$);
INSERT INTO items(base_item_id, hq) VALUES(10820, false),(10820, true);
INSERT INTO base_items VALUES(10821,$$Serpentskin Ringbelt of Aiming$$,$$アンフィプテレ・レンジャーリングベルト$$,$$Ceinture annelée de pisteur en cuir d'amphiptère$$,$$Schlangenleder-Ringgürtel des Zielens$$,$$cb971aa424c$$);
INSERT INTO items(base_item_id, hq) VALUES(10821, false),(10821, true);
INSERT INTO base_items VALUES(10822,$$Chimerical Felt Sash of Aiming$$,$$キマイラフェルト・レンジャーサッシュ$$,$$Écharpe de pisteur en feutre chimérique$$,$$Chimärenfilz-Schärpe des Zielens$$,$$ccd97281e27$$);
INSERT INTO items(base_item_id, hq) VALUES(10822, false),(10822, true);
INSERT INTO base_items VALUES(10823,$$Astral Silk Sash of Aiming$$,$$アストラルシルク・レンジャーサッシュ$$,$$Écharpe de pisteur en soie astrale$$,$$Astralseiden-Schärpe des Zielens$$,$$9f1aed77112$$);
INSERT INTO items(base_item_id, hq) VALUES(10823, false),(10823, true);
INSERT INTO base_items VALUES(10824,$$Rainbow Slops of Aiming$$,$$レインボークロス・レンジャースロップ$$,$$Trousses de pisteur en étoffe arc-en-ciel$$,$$Regenbogen-Beinlinge des Zielens$$,$$c1499b94f05$$);
INSERT INTO items(base_item_id, hq) VALUES(10824, false),(10824, true);
INSERT INTO base_items VALUES(10825,$$Holy Rainbow Sarouel of Aiming$$,$$ホーリーレインボー・レンジャーサルエル$$,$$Saroual de pisteur en étoffe arc-en-ciel sacrée$$,$$Heilige Regenbogen-Sarouel des Zielens$$,$$777bc341ea2$$);
INSERT INTO items(base_item_id, hq) VALUES(10825, false),(10825, true);
INSERT INTO base_items VALUES(10826,$$Ramie Trousers of Aiming$$,$$ラミーレンジャートラウザー$$,$$Pantalon de pisteur en ramie$$,$$Ramien-Hose des Zielens$$,$$4592dd9c912$$);
INSERT INTO items(base_item_id, hq) VALUES(10826, false),(10826, true);
INSERT INTO base_items VALUES(10827,$$Hallowed Ramie Gaskins of Aiming$$,$$ハロードラミー・レンジャーガスキン$$,$$Grègues de pisteur en ramie sanctifiée$$,$$Geheiligter Ramien-Gaskin des Zielens$$,$$7f5b8722836$$);
INSERT INTO items(base_item_id, hq) VALUES(10827, false),(10827, true);
INSERT INTO base_items VALUES(10828,$$Chimerical Felt Hose of Aiming$$,$$キマイラフェルト・レンジャーホーズ$$,$$Fuseau de pisteur en feutre chimérique$$,$$Chimärenfilz-Beinkleid des Zielens$$,$$d52b27be17b$$);
INSERT INTO items(base_item_id, hq) VALUES(10828, false),(10828, true);
INSERT INTO base_items VALUES(10829,$$Serpentskin Brais of Aiming$$,$$アンフィプテレレンジャーブレー$$,$$Brailles de pisteur en cuir d'amphiptère$$,$$Schlangenleder-Braies des Zielens$$,$$5e69106ba89$$);
INSERT INTO items(base_item_id, hq) VALUES(10829, false),(10829, true);
INSERT INTO base_items VALUES(10830,$$Astral Silk Slops of Aiming$$,$$アストラルシルク・レンジャースロップ$$,$$Trousses de pisteur en soie astrale$$,$$Astralseiden-Beinlinge des Zielens$$,$$d02abc7c696$$);
INSERT INTO items(base_item_id, hq) VALUES(10830, false),(10830, true);
INSERT INTO base_items VALUES(10831,$$Archaeoskin Shoes of Aiming$$,$$アルケオーニスレンジャーシューズ$$,$$Chaussures de pisteur en cuir d'archéornis$$,$$Archaeoleder-Schuhe des Zielens$$,$$4411e20c488$$);
INSERT INTO items(base_item_id, hq) VALUES(10831, false),(10831, true);
INSERT INTO base_items VALUES(10832,$$Wyvernskin Boots of Aiming$$,$$ワイバーンレンジャーブーツ$$,$$Bottes de pisteur en cuir de wyverne$$,$$Wyvernleder-Stiefel des Zielens$$,$$a7ae984582f$$);
INSERT INTO items(base_item_id, hq) VALUES(10832, false),(10832, true);
INSERT INTO base_items VALUES(10833,$$Dhalmelskin Leggings of Aiming$$,$$ダルメルレンジャーレギンス$$,$$Jambières de pisteur en cuir de dhalmel$$,$$Dhalmelleder-Stiefel des Zielens$$,$$79eae507ae0$$);
INSERT INTO items(base_item_id, hq) VALUES(10833, false),(10833, true);
INSERT INTO base_items VALUES(10834,$$Dragonskin Boots of Aiming$$,$$ドラゴンレザー・レンジャーブーツ$$,$$Bottes de pisteur en cuir de dragon$$,$$Drachenleder-Stiefel des Zielens$$,$$dbc13501ba6$$);
INSERT INTO items(base_item_id, hq) VALUES(10834, false),(10834, true);
INSERT INTO base_items VALUES(10835,$$Serpentskin Boots of Aiming$$,$$アンフィプテレレンジャーブーツ$$,$$Bottes de pisteur en cuir d'amphiptère$$,$$Schlangenleder-Stiefel des Zielens$$,$$565c153f790$$);
INSERT INTO items(base_item_id, hq) VALUES(10835, false),(10835, true);
INSERT INTO base_items VALUES(10836,$$Serpentskin Thighboots of Aiming$$,$$アンフィプテレ・レンジャーサイブーツ$$,$$Cuissardes de pisteur en cuir d'amphiptère$$,$$Schlangenleder-Kniestiefel des Zielens$$,$$da0f43ef6c7$$);
INSERT INTO items(base_item_id, hq) VALUES(10836, false),(10836, true);
INSERT INTO base_items VALUES(10837,$$Griffin Leather Thighboots of Aiming$$,$$グリフィン・レンジャーサイブーツ$$,$$Cuissardes de pisteur en cuir de griffon$$,$$Greifenleder-Kniestiefel des Zielens$$,$$653264500c9$$);
INSERT INTO items(base_item_id, hq) VALUES(10837, false),(10837, true);
INSERT INTO base_items VALUES(10838,$$Rainbow Coif of Scouting$$,$$レインボークロス・スカウトコイフ$$,$$Coiffe d'éclaireur en étoffe arc-en-ciel$$,$$Regenbogen-Bundhaube des Spähens$$,$$2fd6bfcb32e$$);
INSERT INTO items(base_item_id, hq) VALUES(10838, false),(10838, true);
INSERT INTO base_items VALUES(10839,$$Holy Rainbow Scarf of Scouting$$,$$ホーリーレインボー・スカウトスカーフ$$,$$Foulard d'éclaireur en étoffe arc-en-ciel sacrée$$,$$Heiliger Regenbogen-Schal des Spähens$$,$$d25244f6e5b$$);
INSERT INTO items(base_item_id, hq) VALUES(10839, false),(10839, true);
INSERT INTO base_items VALUES(10840,$$Titanium Mask of Scouting$$,$$チタンスカウトマスク$$,$$Masque d'éclaireur en titane$$,$$Titan-Maske des Spähens$$,$$808e392cabc$$);
INSERT INTO items(base_item_id, hq) VALUES(10840, false),(10840, true);
INSERT INTO base_items VALUES(10841,$$Titanium Headgear of Scouting$$,$$チタンスカウトヘッドギア$$,$$Protège-tête d'éclaireur en titane$$,$$Titan-Kopfbedeckung des Spähens$$,$$f6bd7221833$$);
INSERT INTO items(base_item_id, hq) VALUES(10841, false),(10841, true);
INSERT INTO base_items VALUES(10842,$$Chimerical Felt Cap of Scouting$$,$$キマイラフェルト・スカウトキャップ$$,$$Bonnet d'éclaireur en feutre chimérique$$,$$Chimärenfilz-Kappe des Spähens$$,$$389acf54adb$$);
INSERT INTO items(base_item_id, hq) VALUES(10842, false),(10842, true);
INSERT INTO base_items VALUES(10843,$$Chimerical Felt Coif of Scouting$$,$$キマイラフェルト・スカウトコイフ$$,$$Coiffe d'éclaireur en feutre chimérique$$,$$Chimärenfilz-Bundhaube des Spähens$$,$$5b92298b74b$$);
INSERT INTO items(base_item_id, hq) VALUES(10843, false),(10843, true);
INSERT INTO base_items VALUES(10844,$$Griffin Leather Tricorne of Scouting$$,$$グリフィンスカウト・トライコーン$$,$$Tricorne d'éclaireur en cuir de griffon$$,$$Greifenleder-Dreispitz des Spähens$$,$$84f8f418402$$);
INSERT INTO items(base_item_id, hq) VALUES(10844, false),(10844, true);
INSERT INTO base_items VALUES(10845,$$Rainbow Shirt of Scouting$$,$$レインボークロス・スカウトシャツ$$,$$Chemise d'éclaireur en étoffe arc-en-ciel$$,$$Regenbogen-Hemd des Spähens$$,$$b511141d2da$$);
INSERT INTO items(base_item_id, hq) VALUES(10845, false),(10845, true);
INSERT INTO base_items VALUES(10846,$$Holy Rainbow Shirt of Scouting$$,$$ホーリーレインボー・スカウトシャツ$$,$$Chemise d'éclaireur en étoffe arc-en-ciel sacrée$$,$$Heiliges Regenbogen-Hemd des Spähens$$,$$5dfddf60430$$);
INSERT INTO items(base_item_id, hq) VALUES(10846, false),(10846, true);
INSERT INTO base_items VALUES(10847,$$Dhalmelskin Jacket of Scouting$$,$$ダルメルスカウトジャケット$$,$$Jaque d'éclaireur en cuir de dhalmel$$,$$Dhalmelleder-Jacke des Spähens$$,$$47a84c70e7d$$);
INSERT INTO items(base_item_id, hq) VALUES(10847, false),(10847, true);
INSERT INTO base_items VALUES(10848,$$Titanium Mail of Scouting$$,$$チタンスカウトメイル$$,$$Cotte de mailles d'éclaireur en titane$$,$$Titan-Rüstung des Spähens$$,$$5c39144512c$$);
INSERT INTO items(base_item_id, hq) VALUES(10848, false),(10848, true);
INSERT INTO base_items VALUES(10849,$$Chimerical Felt Cyclas of Scouting$$,$$キマイラフェルト・スカウトシクラス$$,$$Cyclas d'éclaireur en feutre chimérique$$,$$Chimärenfilz-Cyclas des Spähens$$,$$f27c1e8fcb2$$);
INSERT INTO items(base_item_id, hq) VALUES(10849, false),(10849, true);
INSERT INTO base_items VALUES(10851,$$Griffin Leather Coat of Scouting$$,$$グリフィンスカウトコート$$,$$Manteau d'éclaireur en cuir de griffon$$,$$Greifenleder-Mantel des Spähens$$,$$254b3fdcd89$$);
INSERT INTO items(base_item_id, hq) VALUES(10851, false),(10851, true);
INSERT INTO base_items VALUES(10852,$$Rainbow Halfgloves of Scouting$$,$$レインボークロス・スカウトハーフグローブ$$,$$Mitaines d'éclaireur en étoffe arc-en-ciel$$,$$Regenbogen-Kurzfingerhandschuhe des Spähens$$,$$104648b3106$$);
INSERT INTO items(base_item_id, hq) VALUES(10852, false),(10852, true);
INSERT INTO base_items VALUES(10853,$$Wyvernskin Cuffs of Scouting$$,$$ワイバーンスカウトカフス$$,$$Manchettes d'éclaireur en cuir de wyverne$$,$$Wyvernleder-Manschetten des Spähens$$,$$090bdce6b88$$);
INSERT INTO items(base_item_id, hq) VALUES(10853, false),(10853, true);
INSERT INTO base_items VALUES(10854,$$Dhalmelskin Armguards of Scouting$$,$$ダルメル・スカウトアームガード$$,$$Garde-bras d'éclaireur en cuir de dhalmel$$,$$Dhalmelleder-Armschützer des Spähens$$,$$0725796a69d$$);
INSERT INTO items(base_item_id, hq) VALUES(10854, false),(10854, true);
INSERT INTO base_items VALUES(10855,$$Titanium Vambraces of Scouting$$,$$チタンスカウトヴァンブレイス$$,$$Canons d'avant-bras d'éclaireur en titane$$,$$Titan-Unterarmschienen des Spähens$$,$$d3a3378e26a$$);
INSERT INTO items(base_item_id, hq) VALUES(10855, false),(10855, true);
INSERT INTO base_items VALUES(10856,$$Serpentskin Armguards of Scouting$$,$$アンフィプテレ・スカウトアームガード$$,$$Garde-bras d'éclaireur en cuir d'amphiptère$$,$$Schlangenleder-Armschützer des Spähens$$,$$c45144c9bbf$$);
INSERT INTO items(base_item_id, hq) VALUES(10856, false),(10856, true);
INSERT INTO base_items VALUES(10857,$$Serpentskin Bracers of Scouting$$,$$アンフィプテレスカウトブレーサー$$,$$Brassières d'éclaireur en cuir d'amphiptère$$,$$Schlangenleder-Armschienen des Spähens$$,$$6037e9d32d0$$);
INSERT INTO items(base_item_id, hq) VALUES(10857, false),(10857, true);
INSERT INTO base_items VALUES(10858,$$Griffin Leather Bracers of Scouting$$,$$グリフィンスカウトブレーサー$$,$$Brassières d'éclaireur en cuir de griffon$$,$$Greifenleder-Armschienen des Spähens$$,$$7635349bd1c$$);
INSERT INTO items(base_item_id, hq) VALUES(10858, false),(10858, true);
INSERT INTO base_items VALUES(10859,$$Rainbow Sash of Scouting$$,$$レインボークロス・スカウトサッシュ$$,$$Écharpe d'éclaireur en étoffe arc-en-ciel$$,$$Regenbogen-Schärpe des Spähens$$,$$ab177d40f8c$$);
INSERT INTO items(base_item_id, hq) VALUES(10859, false),(10859, true);
INSERT INTO base_items VALUES(10860,$$Wyvernskin Belt of Scouting$$,$$ワイバーンスカウトベルト$$,$$Ceinture d'éclaireur en cuir de wyverne$$,$$Wyvernleder-Gürtel des Spähens$$,$$eddea6c89d3$$);
INSERT INTO items(base_item_id, hq) VALUES(10860, false),(10860, true);
INSERT INTO base_items VALUES(10861,$$Dhalmelskin Belt of Scouting$$,$$ダルメルスカウトベルト$$,$$Ceinture d'éclaireur en cuir de dhalmel$$,$$Dhalmelleder-Gürtel des Spähens$$,$$e043f634c0a$$);
INSERT INTO items(base_item_id, hq) VALUES(10861, false),(10861, true);
INSERT INTO base_items VALUES(10862,$$Dragonskin Belt of Scouting$$,$$ドラゴンレザー・スカウトベルト$$,$$Ceinture d'éclaireur en cuir de dragon$$,$$Drachenleder-Gürtel des Spähens$$,$$62b15d0b572$$);
INSERT INTO items(base_item_id, hq) VALUES(10862, false),(10862, true);
INSERT INTO base_items VALUES(10863,$$Serpentskin Ringbelt of Scouting$$,$$アンフィプテレ・スカウトリングベルト$$,$$Ceinture annelée d'éclaireur en cuir d'amphiptère$$,$$Schlangenleder-Ringgürtel des Spähens$$,$$0c78a65a9a5$$);
INSERT INTO items(base_item_id, hq) VALUES(10863, false),(10863, true);
INSERT INTO base_items VALUES(10864,$$Serpentskin Hunting Belt of Scouting$$,$$アンフィプテレ・スカウトハンターベルト$$,$$Ceinture de chasse d'éclaireur en cuir d'amphiptère$$,$$Schlangenleder-Jägergürtel des Spähens$$,$$c6d9eea26fb$$);
INSERT INTO items(base_item_id, hq) VALUES(10864, false),(10864, true);
INSERT INTO base_items VALUES(10865,$$Astral Silk Sash of Scouting$$,$$アストラルシルク・スカウトサッシュ$$,$$Écharpe d'éclaireur en soie astrale$$,$$Astralseiden-Schärpe des Spähens$$,$$3b850f0a1f0$$);
INSERT INTO items(base_item_id, hq) VALUES(10865, false),(10865, true);
INSERT INTO base_items VALUES(10866,$$Rainbow Sarouel of Scouting$$,$$レインボークロス・スカウトサルエル$$,$$Saroual d'éclaireur en étoffe arc-en-ciel$$,$$Regenbogen-Sarouel des Spähens$$,$$30403da4164$$);
INSERT INTO items(base_item_id, hq) VALUES(10866, false),(10866, true);
INSERT INTO base_items VALUES(10867,$$Holy Rainbow Sarouel of Scouting$$,$$ホーリーレインボー・スカウトサルエル$$,$$Saroual d'éclaireur en étoffe arc-en-ciel sacrée$$,$$Heilige Regenbogen-Sarouel des Spähens$$,$$8e5012e3326$$);
INSERT INTO items(base_item_id, hq) VALUES(10867, false),(10867, true);
INSERT INTO base_items VALUES(10868,$$Ramie Trousers of Scouting$$,$$ラミースカウトトラウザー$$,$$Pantalon d'éclaireur en ramie$$,$$Ramien-Hose des Spähens$$,$$74b9b663ca9$$);
INSERT INTO items(base_item_id, hq) VALUES(10868, false),(10868, true);
INSERT INTO base_items VALUES(10869,$$Dragonskin Breeches of Scouting$$,$$ドラゴンレザー・スカウトブリーチ$$,$$Braies d'éclaireur en cuir de dragon$$,$$Drachenleder-Reiterhose des Spähens$$,$$755d588482d$$);
INSERT INTO items(base_item_id, hq) VALUES(10869, false),(10869, true);
INSERT INTO base_items VALUES(10870,$$Chimerical Felt Hose of Scouting$$,$$キマイラフェルト・スカウトホーズ$$,$$Fuseau d'éclaireur en feutre chimérique$$,$$Chimärenfilz-Beinkleid des Spähens$$,$$c92afb36dff$$);
INSERT INTO items(base_item_id, hq) VALUES(10870, false),(10870, true);
INSERT INTO base_items VALUES(10871,$$Serpentskin Brais of Scouting$$,$$アンフィプテレスカウトブレー$$,$$Brailles d'éclaireur en cuir d'amphiptère$$,$$Schlangenleder-Braies des Spähens$$,$$7ea65ce240c$$);
INSERT INTO items(base_item_id, hq) VALUES(10871, false),(10871, true);
INSERT INTO base_items VALUES(10872,$$Griffin Leather Brais of Scouting$$,$$グリフィンスカウトブレー$$,$$Brailles d'éclaireur en cuir de griffon$$,$$Greifenleder-Braies des Spähens$$,$$38e91dab7d0$$);
INSERT INTO items(base_item_id, hq) VALUES(10872, false),(10872, true);
INSERT INTO base_items VALUES(10873,$$Archaeoskin Boots of Scouting$$,$$アルケオーニススカウトブーツ$$,$$Bottes d'éclaireur en cuir d'archéornis$$,$$Archaeoleder-Stiefel des Spähens$$,$$eaae228125e$$);
INSERT INTO items(base_item_id, hq) VALUES(10873, false),(10873, true);
INSERT INTO base_items VALUES(10874,$$Wyvernskin Boots of Scouting$$,$$ワイバーンスカウトブーツ$$,$$Bottes d'éclaireur en cuir de wyverne$$,$$Wyvernleder-Stiefel des Spähens$$,$$c5e5e508dc1$$);
INSERT INTO items(base_item_id, hq) VALUES(10874, false),(10874, true);
INSERT INTO base_items VALUES(10875,$$Dhalmelskin Leggings of Scouting$$,$$ダルメルスカウトレギンス$$,$$Jambières d'éclaireur en cuir de dhalmel$$,$$Dhalmelleder-Leggins des Spähens$$,$$142c7ebc044$$);
INSERT INTO items(base_item_id, hq) VALUES(10875, false),(10875, true);
INSERT INTO base_items VALUES(10876,$$Titanium Sabatons of Scouting$$,$$チタンスカウトサバトン$$,$$Sabatons d'éclaireur en titane$$,$$Titan-Bärlatschen des Spähens$$,$$ce3fffcf2fb$$);
INSERT INTO items(base_item_id, hq) VALUES(10876, false),(10876, true);
INSERT INTO base_items VALUES(10877,$$Serpentskin Boots of Scouting$$,$$アンフィプテレスカウトブーツ$$,$$Bottes d'éclaireur en cuir d'amphiptère$$,$$Schlangenleder-Stiefel des Spähens$$,$$f21a4c64dea$$);
INSERT INTO items(base_item_id, hq) VALUES(10877, false),(10877, true);
INSERT INTO base_items VALUES(10878,$$Serpentskin Thighboots of Scouting$$,$$アンフィプテレ・スカウトサイブーツ$$,$$Cuissardes d'éclaireur en cuir d'amphiptère$$,$$Schlangenleder-Kniestiefel des Spähens$$,$$b9ad4deb5f9$$);
INSERT INTO items(base_item_id, hq) VALUES(10878, false),(10878, true);
INSERT INTO base_items VALUES(10879,$$Griffin Leather Boots of Scouting$$,$$グリフィンスカウトブーツ$$,$$Bottes d'éclaireur en cuir de griffon$$,$$Greifenleder-Stiefel des Spähens$$,$$fbe5f556c8c$$);
INSERT INTO items(base_item_id, hq) VALUES(10879, false),(10879, true);
INSERT INTO base_items VALUES(10880,$$Rainbow Cap of Healing$$,$$レインボークロス・ヒーラーキャップ$$,$$Bonnet-tricorne de soigneur en étoffe arc-en-ciel$$,$$Regenbogen-Kappe der Heilung$$,$$3b08fcb79f9$$);
INSERT INTO items(base_item_id, hq) VALUES(10880, false),(10880, true);
INSERT INTO base_items VALUES(10881,$$Holy Rainbow Hat of Healing$$,$$ホーリーレインボー・ヒーラーハット$$,$$Chapeau de soigneur en étoffe arc-en-ciel sacrée$$,$$Heiliger Regenbogen-Hut der Heilung$$,$$12bee0a9666$$);
INSERT INTO items(base_item_id, hq) VALUES(10881, false),(10881, true);
INSERT INTO base_items VALUES(10882,$$Hardsilver Monocle of Healing$$,$$ハードシルバーモノクル$$,$$Monocle en durargent$$,$$Hartsilber-Monokel der Heilung$$,$$8b994856bc0$$);
INSERT INTO items(base_item_id, hq) VALUES(10882, false),(10882, true);
INSERT INTO base_items VALUES(10883,$$Hallowed Chestnut Mask of Healing$$,$$ハロードチェスナット・ヒーラーマスク$$,$$Masque de soigneur en châtaignier sanctifié$$,$$Geheiligte Kastanienmaske der Heilung$$,$$5e5456bf42f$$);
INSERT INTO items(base_item_id, hq) VALUES(10883, false),(10883, true);
INSERT INTO base_items VALUES(10884,$$Chimerical Felt Klobuk of Healing$$,$$キマイラフェルト・ヒーラークロブーク$$,$$Klobouk de soigneur en feutre chimérique$$,$$Chimärenfilz-Kaplanshaube der Heilung$$,$$d70ab632f86$$);
INSERT INTO items(base_item_id, hq) VALUES(10884, false),(10884, true);
INSERT INTO base_items VALUES(10885,$$Aurum Regis Circlet of Healing$$,$$オーラムレギス・ヒーラーサークレット$$,$$Diadème de soigneur en aurum regis$$,$$Königsgold-Stirnreif der Heilung$$,$$db79a4ffe53$$);
INSERT INTO items(base_item_id, hq) VALUES(10885, false),(10885, true);
INSERT INTO base_items VALUES(10886,$$Aurum Regis Crown of Healing$$,$$オーラムレギス・ヒーラークラウン$$,$$Couronne de soigneur en aurum regis$$,$$Königsgold-Krone der Heilung$$,$$1fcfca65919$$);
INSERT INTO items(base_item_id, hq) VALUES(10886, false),(10886, true);
INSERT INTO base_items VALUES(10887,$$Rainbow Robe of Healing$$,$$レインボークロス・ヒーラーローブ$$,$$Robe de soigneur en étoffe arc-en-ciel$$,$$Regenbogen-Robe der Heilung$$,$$ea6f3c7b2b8$$);
INSERT INTO items(base_item_id, hq) VALUES(10887, false),(10887, true);
INSERT INTO base_items VALUES(10888,$$Holy Rainbow Shirt of Healing$$,$$ホーリーレインボー・ヒーラーシャツ$$,$$Chemise de soigneur en étoffe arc-en-ciel sacrée$$,$$Heiliges Regenbogen-Hemd der Heilung$$,$$45d4410f922$$);
INSERT INTO items(base_item_id, hq) VALUES(10888, false),(10888, true);
INSERT INTO base_items VALUES(10889,$$Ramie Robe of Healing$$,$$ラミーヒーラーローブ$$,$$Robe de soigneur en ramie$$,$$Ramien-Robe der Heilung$$,$$5d1674240a4$$);
INSERT INTO items(base_item_id, hq) VALUES(10889, false),(10889, true);
INSERT INTO base_items VALUES(10890,$$Hallowed Ramie Doublet of Healing$$,$$ハロードラミー・ヒーラーダブレット$$,$$Doublet de soigneur en ramie sanctifiée$$,$$Geheiligte Ramien-Weste der Heilung$$,$$5916b2a4b02$$);
INSERT INTO items(base_item_id, hq) VALUES(10890, false),(10890, true);
INSERT INTO base_items VALUES(10891,$$Chimerical Felt Alb of Healing$$,$$キマイラフェルト・ヒーラーアルバ$$,$$Aube de soigneur en feutre chimérique$$,$$Chimärenfilz-Gewand der Heilung$$,$$dad6bfde798$$);
INSERT INTO items(base_item_id, hq) VALUES(10891, false),(10891, true);
INSERT INTO base_items VALUES(10893,$$Astral Silk Doublet of Healing$$,$$アストラルシルク・ヒーラーダブレット$$,$$Doublet de soigneur en soie astrale$$,$$Astralseiden-Weste der Heilung$$,$$e0e96724c5a$$);
INSERT INTO items(base_item_id, hq) VALUES(10893, false),(10893, true);
INSERT INTO base_items VALUES(10894,$$Archaeoskin Gloves of Healing$$,$$アルケオーニスヒーラーグローブ$$,$$Gants de soigneur en cuir d'archéornis$$,$$Archaeoleder-Handschuhe der Heilung$$,$$c3f56521fd5$$);
INSERT INTO items(base_item_id, hq) VALUES(10894, false),(10894, true);
INSERT INTO base_items VALUES(10895,$$Wyvernskin Gloves of Healing$$,$$ワイバーンヒーラーグローブ$$,$$Gants de soigneur en cuir de wyverne$$,$$Wyvernleder-Handschuhe der Heilung$$,$$cb71ce11edb$$);
INSERT INTO items(base_item_id, hq) VALUES(10895, false),(10895, true);
INSERT INTO base_items VALUES(10896,$$Ramie Halfgloves of Healing$$,$$ラミー・ヒーラーハーフグローブ$$,$$Mitaines de soigneur en ramie$$,$$Ramien-Kurzfingerhandschuhe der Heilung$$,$$6ca7d9ecac5$$);
INSERT INTO items(base_item_id, hq) VALUES(10896, false),(10896, true);
INSERT INTO base_items VALUES(10897,$$Dragonskin Gloves of Healing$$,$$ドラゴンレザー・ヒーラーグローブ$$,$$Gants de soigneur en cuir de dragon$$,$$Drachenleder-Handschuhe der Heilung$$,$$9821e475e60$$);
INSERT INTO items(base_item_id, hq) VALUES(10897, false),(10897, true);
INSERT INTO base_items VALUES(10898,$$Chimerical Felt Gloves of Healing$$,$$キマイラフェルト・ヒーラーグローブ$$,$$Gants de soigneur en feutre chimérique$$,$$Chimärenfilz-Handschuhe der Heilung$$,$$3d2ae941b86$$);
INSERT INTO items(base_item_id, hq) VALUES(10898, false),(10898, true);
INSERT INTO base_items VALUES(10899,$$Serpentskin Gloves of Healing$$,$$アンフィプテレヒーラーグローブ$$,$$Gants de soigneur en cuir d'amphiptère$$,$$Schlangenleder-Handschuhe der Heilung$$,$$f9137cc1190$$);
INSERT INTO items(base_item_id, hq) VALUES(10899, false),(10899, true);
INSERT INTO base_items VALUES(10900,$$Astral Silk Gloves of Healing$$,$$アストラルシルク・ヒーラードレスグローブ$$,$$Gants de soigneur en soie astrale$$,$$Astralseiden-Handschuhe der Heilung$$,$$a8d9f849106$$);
INSERT INTO items(base_item_id, hq) VALUES(10900, false),(10900, true);
INSERT INTO base_items VALUES(10901,$$Rainbow Sash of Healing$$,$$レインボークロス・ヒーラーサッシュ$$,$$Écharpe de soigneur en étoffe arc-en-ciel$$,$$Regenbogen-Schärpe der Heilung$$,$$d531a44ae67$$);
INSERT INTO items(base_item_id, hq) VALUES(10901, false),(10901, true);
INSERT INTO base_items VALUES(10902,$$Wyvernskin Belt of Healing$$,$$ワイバーンヒーラーベルト$$,$$Ceinture de soigneur en cuir de wyverne$$,$$Wyvernleder-Gürtel der Heilung$$,$$8483a2afee5$$);
INSERT INTO items(base_item_id, hq) VALUES(10902, false),(10902, true);
INSERT INTO base_items VALUES(10903,$$Dhalmelskin Belt of Healing$$,$$ダルメルヒーラーベルト$$,$$Ceinture de soigneur en cuir de dhalmel$$,$$Dhalmelleder-Gürtel der Heilung$$,$$2612f56be28$$);
INSERT INTO items(base_item_id, hq) VALUES(10903, false),(10903, true);
INSERT INTO base_items VALUES(10904,$$Hallowed Ramie Sash of Healing$$,$$ハロードラミー・ヒーラーサッシュ$$,$$Écharpe de soigneur en ramie sanctifiée$$,$$Geheiligte Ramien-Schärpe der Heilung$$,$$511f1746b36$$);
INSERT INTO items(base_item_id, hq) VALUES(10904, false),(10904, true);
INSERT INTO base_items VALUES(10905,$$Chimerical Felt Corset of Healing$$,$$キマイラフェルト・ヒーラーコルセット$$,$$Corset de soigneur en feutre chimérique$$,$$Chimärenfilz-Korsett der Heilung$$,$$a551c13fcf4$$);
INSERT INTO items(base_item_id, hq) VALUES(10905, false),(10905, true);
INSERT INTO base_items VALUES(10906,$$Serpentskin Satchel Belt of Healing$$,$$アンフィプテレ・ヒーラーサッチェルベルト$$,$$Ceinture à sacoche de soigneur en cuir d'amphiptère$$,$$Schlangenleder-Leibriemen der Heilung$$,$$86e366336bf$$);
INSERT INTO items(base_item_id, hq) VALUES(10906, false),(10906, true);
INSERT INTO base_items VALUES(10907,$$Griffin Leather Corset of Healing$$,$$グリフィンヒーラーコルセット$$,$$Corset de soigneur en cuir de griffon$$,$$Greifenleder-Korsett der Heilung$$,$$fae2413f9f2$$);
INSERT INTO items(base_item_id, hq) VALUES(10907, false),(10907, true);
INSERT INTO base_items VALUES(10908,$$Rainbow Slops of Healing$$,$$レインボークロス・ヒーラースロップ$$,$$Trousses de soigneur en étoffe arc-en-ciel$$,$$Regenbogen-Beinlinge der Heilung$$,$$7c12a06f368$$);
INSERT INTO items(base_item_id, hq) VALUES(10908, false),(10908, true);
INSERT INTO base_items VALUES(10909,$$Holy Rainbow Sarouel of Healing$$,$$ホーリーレインボー・ヒーラーサルエル$$,$$Saroual de soigneur en étoffe arc-en-ciel sacrée$$,$$Heilige Regenbogen-Sarouel der Heilung$$,$$474ffd2f004$$);
INSERT INTO items(base_item_id, hq) VALUES(10909, false),(10909, true);
INSERT INTO base_items VALUES(10910,$$Ramie Tonban of Healing$$,$$ラミーヒーラートンバン$$,$$Tomban de soigneur en ramie$$,$$Ramien-Tonban der Heilung$$,$$f8a0dfab130$$);
INSERT INTO items(base_item_id, hq) VALUES(10910, false),(10910, true);
INSERT INTO base_items VALUES(10911,$$Hallowed Ramie Gaskins of Healing$$,$$ハロードラミー・ヒーラーガスキン$$,$$Grègues de soigneur en ramie sanctifiée$$,$$Geheiligter Ramien-Gaskin der Heilung$$,$$e25559a8073$$);
INSERT INTO items(base_item_id, hq) VALUES(10911, false),(10911, true);
INSERT INTO base_items VALUES(10912,$$Chimerical Felt Chausses of Healing$$,$$キマイラフェルト・ヒーラーショース$$,$$Chausses de soigneur en feutre chimérique$$,$$Chimärenfilz-Chausses der Heilung$$,$$6ceb89af74f$$);
INSERT INTO items(base_item_id, hq) VALUES(10912, false),(10912, true);
INSERT INTO base_items VALUES(10913,$$Chimerical Felt Breeches of Healing$$,$$キマイラフェルト・ヒーラーブリーチ$$,$$Braies de soigneur en feutre chimérique$$,$$Chimärenfilz-Reiterhose der Heilung$$,$$41c47918fd1$$);
INSERT INTO items(base_item_id, hq) VALUES(10913, false),(10913, true);
INSERT INTO base_items VALUES(10914,$$Astral Silk Bottoms of Healing$$,$$アストラルシルク・ヒーラーボトム$$,$$Bas-de-corps de soigneur en soie astrale$$,$$Astralseiden-Miederhose der Heilung$$,$$f07e99fd9a5$$);
INSERT INTO items(base_item_id, hq) VALUES(10914, false),(10914, true);
INSERT INTO base_items VALUES(10915,$$Archaeoskin Shoes of Healing$$,$$アルケオーニスヒーラーシューズ$$,$$Chaussures de soigneur en cuir d'archéornis$$,$$Archaeoleder-Schuhe der Heilung$$,$$3ca99b9fff5$$);
INSERT INTO items(base_item_id, hq) VALUES(10915, false),(10915, true);
INSERT INTO base_items VALUES(10916,$$Wyvernskin Boots of Healing$$,$$ワイバーンヒーラーブーツ$$,$$Bottes de soigneur en cuir de wyverne$$,$$Wyvernleder-Stiefel der Heilung$$,$$f88a3ced4a9$$);
INSERT INTO items(base_item_id, hq) VALUES(10916, false),(10916, true);
INSERT INTO base_items VALUES(10917,$$Dhalmelskin Crakows of Healing$$,$$ダルメルヒーラークラコー$$,$$Souliers à poulaines de soigneur en cuir de dhalmel$$,$$Dhalmelleder-Poulaines der Heilung$$,$$183927e6e58$$);
INSERT INTO items(base_item_id, hq) VALUES(10917, false),(10917, true);
INSERT INTO base_items VALUES(10918,$$Dragonskin Boots of Healing$$,$$ドラゴンレザー・ヒーラーブーツ$$,$$Bottes de soigneur en cuir de dragon$$,$$Drachenleder-Stiefel der Heilung$$,$$f8c1d4c0759$$);
INSERT INTO items(base_item_id, hq) VALUES(10918, false),(10918, true);
INSERT INTO base_items VALUES(10919,$$Serpentskin Thighboots of Healing$$,$$アンフィプテレ・ヒーラーサイブーツ$$,$$Cuissardes de soigneur en cuir d'amphiptère$$,$$Schlangenleder-Kniestiefel der Heilung$$,$$53d566a0b35$$);
INSERT INTO items(base_item_id, hq) VALUES(10919, false),(10919, true);
INSERT INTO base_items VALUES(10920,$$Aurum Regis Sollerets of Healing$$,$$オーラムレギス・ヒーラーソルレット$$,$$Solerets de soigneur en aurum regis$$,$$Königsgold-Sollerets der Heilung$$,$$7c6e70dcefa$$);
INSERT INTO items(base_item_id, hq) VALUES(10920, false),(10920, true);
INSERT INTO base_items VALUES(10921,$$Griffin Leather Boots of Healing$$,$$グリフィンヒーラーブーツ$$,$$Bottes de soigneur en cuir de griffon$$,$$Greifenleder-Stiefel der Heilung$$,$$f44ee88a51c$$);
INSERT INTO items(base_item_id, hq) VALUES(10921, false),(10921, true);
INSERT INTO base_items VALUES(10922,$$Rainbow Cap of Casting$$,$$レインボークロス・キャスターキャップ$$,$$Bonnet-tricorne d'incantateur en étoffe arc-en-ciel$$,$$Regenbogen-Kappe der Magie$$,$$7c8162fb3db$$);
INSERT INTO items(base_item_id, hq) VALUES(10922, false),(10922, true);
INSERT INTO base_items VALUES(10923,$$Wyvernskin Mask of Casting$$,$$ワイバーンキャスターマスク$$,$$Masque d'incantateur en cuir de wyverne$$,$$Wyvernleder-Maske der Magie$$,$$6028d5e8f48$$);
INSERT INTO items(base_item_id, hq) VALUES(10923, false),(10923, true);
INSERT INTO base_items VALUES(10924,$$Hardsilver Magnifiers of Casting$$,$$ハードシルバーマグニファイアーズ$$,$$Lunettes grossissantes d'incantateur en durargent$$,$$Hartsilber-Lupenbrille der Magie$$,$$140de84d6a6$$);
INSERT INTO items(base_item_id, hq) VALUES(10924, false),(10924, true);
INSERT INTO base_items VALUES(10925,$$Hallowed Chestnut Mask of Casting$$,$$ハロードチェスナット・キャスターマスク$$,$$Masque d'incantateur en châtaignier sanctifié$$,$$Geheiligte Kastanienmaske der Magie$$,$$41a5ea1bbfd$$);
INSERT INTO items(base_item_id, hq) VALUES(10925, false),(10925, true);
INSERT INTO base_items VALUES(10926,$$Serpentskin Hat of Casting$$,$$アンフィプテレキャスターハット$$,$$Chapeau d'incantateur en cuir d'amphiptère$$,$$Schlangenleder-Hut der Magie$$,$$5e40cfae532$$);
INSERT INTO items(base_item_id, hq) VALUES(10926, false),(10926, true);
INSERT INTO base_items VALUES(10927,$$Chimerical Felt Hat of Casting$$,$$キマイラフェルト・キャスターハット$$,$$Chapeau d'incantateur en feutre chimérique$$,$$Chimärenfilz-Hut der Magie$$,$$f2569e6be1e$$);
INSERT INTO items(base_item_id, hq) VALUES(10927, false),(10927, true);
INSERT INTO base_items VALUES(10928,$$Aurum Regis Circlet of Casting$$,$$オーラムレギス・キャスターサークレット$$,$$Diadème d'incantateur en aurum regis$$,$$Königsgold-Stirnreif der Magie$$,$$1c7eb59e704$$);
INSERT INTO items(base_item_id, hq) VALUES(10928, false),(10928, true);
INSERT INTO base_items VALUES(10929,$$Rainbow Robe of Casting$$,$$レインボークロス・キャスターローブ$$,$$Robe d'incantateur en étoffe arc-en-ciel$$,$$Regenbogen-Robe der Magie$$,$$a181349b4aa$$);
INSERT INTO items(base_item_id, hq) VALUES(10929, false),(10929, true);
INSERT INTO base_items VALUES(10930,$$Holy Rainbow Shirt of Casting$$,$$ホーリーレインボー・キャスターシャツ$$,$$Chemise d'incantateur en étoffe arc-en-ciel sacrée$$,$$Heiliges Regenbogen-Hemd der Magie$$,$$705d6073fdd$$);
INSERT INTO items(base_item_id, hq) VALUES(10930, false),(10930, true);
INSERT INTO base_items VALUES(10931,$$Ramie Robe of Casting$$,$$ラミーキャスターローブ$$,$$Robe d'incantateur en ramie$$,$$Ramien-Robe der Magie$$,$$2612b272bec$$);
INSERT INTO items(base_item_id, hq) VALUES(10931, false),(10931, true);
INSERT INTO base_items VALUES(10932,$$Hallowed Ramie Doublet of Casting$$,$$ハロードラミー・キャスターダブレット$$,$$Doublet d'incantateur en ramie sanctifié$$,$$Geheiligte Ramien-Weste der Magie$$,$$bdbf40d51de$$);
INSERT INTO items(base_item_id, hq) VALUES(10932, false),(10932, true);
INSERT INTO base_items VALUES(10933,$$Chimerical Felt Robe of Casting$$,$$キマイラフェルト・キャスターローブ$$,$$Robe d'incantateur en feutre chimérique$$,$$Chimärenfilz-Robe der Magie$$,$$aa2552e9b78$$);
INSERT INTO items(base_item_id, hq) VALUES(10933, false),(10933, true);
INSERT INTO base_items VALUES(10934,$$Chimerical Felt Coat of Casting$$,$$キマイラフェルト・キャスターコート$$,$$Manteau d'incantateur en feutre chimérique$$,$$Chimärenfilz-Mantel der Magie$$,$$b9d9fc283eb$$);
INSERT INTO items(base_item_id, hq) VALUES(10934, false),(10934, true);
INSERT INTO base_items VALUES(10935,$$Astral Silk Doublet of Casting$$,$$アストラルシルク・キャスターダブレット$$,$$Doublet d'incantateur en soie astrale$$,$$Astralseiden-Weste der Magie$$,$$44f69285110$$);
INSERT INTO items(base_item_id, hq) VALUES(10935, false),(10935, true);
INSERT INTO base_items VALUES(10936,$$Archaeoskin Gloves of Casting$$,$$アルケオーニスキャスターグローブ$$,$$Gants d'incantateur en cuir d'archéornis$$,$$Archaeoleder-Handschuhe der Magie$$,$$cc9228c60bc$$);
INSERT INTO items(base_item_id, hq) VALUES(10936, false),(10936, true);
INSERT INTO base_items VALUES(10937,$$Wyvernskin Gloves of Casting$$,$$ワイバーンキャスターグローブ$$,$$Gants d'incantateur en cuir de wyverne$$,$$Wyvernleder-Handschuhe der Magie$$,$$9e107ecb674$$);
INSERT INTO items(base_item_id, hq) VALUES(10937, false),(10937, true);
INSERT INTO base_items VALUES(10938,$$Ramie Halfgloves of Casting$$,$$ラミー・キャスターハーフグローブ$$,$$Mitaines d'incantateur en ramie$$,$$Ramien-Kurzfingerhandschuhe der Magie$$,$$3b7fe2a0f70$$);
INSERT INTO items(base_item_id, hq) VALUES(10938, false),(10938, true);
INSERT INTO base_items VALUES(10939,$$Dragonskin Gloves of Casting$$,$$ドラゴンレザー・キャスターグローブ$$,$$Gants d'incantateur en cuir de dragon$$,$$Drachenleder-Handschuhe der Magie$$,$$79a01b538bf$$);
INSERT INTO items(base_item_id, hq) VALUES(10939, false),(10939, true);
INSERT INTO base_items VALUES(10940,$$Serpentskin Dress Gloves of Casting$$,$$アンフィプテレ・キャスタードレスグローブ$$,$$Gants d'apparat d'incantateur en cuir d'amphiptère$$,$$Schlangenleder-Galahandschuhe der Magie$$,$$e21b25c1cb6$$);
INSERT INTO items(base_item_id, hq) VALUES(10940, false),(10940, true);
INSERT INTO base_items VALUES(10941,$$Serpentskin Gloves of Casting$$,$$アンフィプテレキャスターグローブ$$,$$Gants d'incantateur en cuir d'amphiptère$$,$$Schlangenleder-Handschuhe der Magie$$,$$d3a99ff3c1a$$);
INSERT INTO items(base_item_id, hq) VALUES(10941, false),(10941, true);
INSERT INTO base_items VALUES(10942,$$Astral Silk Dress Gloves of Casting$$,$$アストラルシルク・キャスタードレスグローブ$$,$$Gants d'apparat d'incantateur en soie astrale$$,$$Astralseiden-Galahandschuhe der Magie$$,$$192b31474b7$$);
INSERT INTO items(base_item_id, hq) VALUES(10942, false),(10942, true);
INSERT INTO base_items VALUES(10943,$$Rainbow Sash of Casting$$,$$レインボークロス・キャスターサッシュ$$,$$Écharpe d'incantateur en étoffe arc-en-ciel$$,$$Regenbogen-Schärpe der Magie$$,$$35c5609eafe$$);
INSERT INTO items(base_item_id, hq) VALUES(10943, false),(10943, true);
INSERT INTO base_items VALUES(10944,$$Wyvernskin Belt of Casting$$,$$ワイバーンキャスターベルト$$,$$Ceinture d'incantateur en cuir de wyverne$$,$$Wyvernleder-Gürtel der Magie$$,$$4815204e527$$);
INSERT INTO items(base_item_id, hq) VALUES(10944, false),(10944, true);
INSERT INTO base_items VALUES(10945,$$Dhalmelskin Belt of Casting$$,$$ダルメルキャスターベルト$$,$$Ceinture d'incantateur en cuir de dhalmel$$,$$Dhalmelleder-Gürtel der Magie$$,$$ceecdf21b52$$);
INSERT INTO items(base_item_id, hq) VALUES(10945, false),(10945, true);
INSERT INTO base_items VALUES(10946,$$Hallowed Ramie Sash of Casting$$,$$ハロードラミー・キャスターサッシュ$$,$$Écharpe d'incantateur en ramie sanctifiée$$,$$Geheiligte Ramien-Schärpe der Magie$$,$$fe0196e0b15$$);
INSERT INTO items(base_item_id, hq) VALUES(10946, false),(10946, true);
INSERT INTO base_items VALUES(10947,$$Chimerical Felt Corset of Casting$$,$$キマイラフェルト・キャスターコルセット$$,$$Corset d'incantateur en feutre chimérique$$,$$Chimärenfilz-Korsett der Magie$$,$$8e78c538613$$);
INSERT INTO items(base_item_id, hq) VALUES(10947, false),(10947, true);
INSERT INTO base_items VALUES(10948,$$Chimerical Felt Sash of Casting$$,$$キマイラフェルト・キャスターサッシュ$$,$$Écharpe d'incantateur en feutre chimérique$$,$$Chimärenfilz-Schärpe der Magie$$,$$66308b8d78c$$);
INSERT INTO items(base_item_id, hq) VALUES(10948, false),(10948, true);
INSERT INTO base_items VALUES(10949,$$Griffin Leather Corset of Casting$$,$$グリフィンキャスターコルセット$$,$$Corset d'incantateur en cuir de griffon$$,$$Greifenleder-Korsett der Magie$$,$$97d40246029$$);
INSERT INTO items(base_item_id, hq) VALUES(10949, false),(10949, true);
INSERT INTO base_items VALUES(10950,$$Rainbow Slops of Casting$$,$$レインボークロス・キャスタースロップ$$,$$Trousses d'incantateur en étoffe arc-en-ciel$$,$$Regenbogen-Beinlinge der Magie$$,$$1b93a15826a$$);
INSERT INTO items(base_item_id, hq) VALUES(10950, false),(10950, true);
INSERT INTO base_items VALUES(10951,$$Holy Rainbow Sarouel of Casting$$,$$ホーリーレインボー・キャスターサルエル$$,$$Saroual d'incantateur en étoffe arc-en-ciel sacrée$$,$$Heilige Regenbogen-Sarouel der Magie$$,$$f61579d8cb4$$);
INSERT INTO items(base_item_id, hq) VALUES(10951, false),(10951, true);
INSERT INTO base_items VALUES(10952,$$Ramie Tonban of Casting$$,$$ラミーキャスタートンバン$$,$$Tomban d'incantateur en ramie$$,$$Ramien-Tonban der Magie$$,$$8df3d139622$$);
INSERT INTO items(base_item_id, hq) VALUES(10952, false),(10952, true);
INSERT INTO base_items VALUES(10953,$$Hallowed Ramie Gaskins of Casting$$,$$ハロードラミー・キャスターガスキン$$,$$Grègues d'incantateur en ramie sanctifiée$$,$$Geheiligter Ramien-Gaskin der Magie$$,$$b20072f5f14$$);
INSERT INTO items(base_item_id, hq) VALUES(10953, false),(10953, true);
INSERT INTO base_items VALUES(10954,$$Chimerical Felt Breeches of Casting$$,$$キマイラフェルト・キャスターブリーチ$$,$$Braies d'incantateur en feutre chimérique$$,$$Chimärenfilz-Reiterhose der Magie$$,$$03b9d07af41$$);
INSERT INTO items(base_item_id, hq) VALUES(10954, false),(10954, true);
INSERT INTO base_items VALUES(10955,$$Serpentskin Tights of Casting$$,$$アンフィプテレキャスタータイツ$$,$$Collants d'incantateur en cuir d'amphiptère$$,$$Schlangenleder-Strumpfhose der Magie$$,$$d542137c494$$);
INSERT INTO items(base_item_id, hq) VALUES(10955, false),(10955, true);
INSERT INTO base_items VALUES(10956,$$Astral Silk Bottoms of Casting$$,$$アストラルシルク・キャスターボトム$$,$$Bas-de-corps d'incantateur en soie astrale$$,$$Astralseiden-Miederhose der Magie$$,$$9c32f10bb29$$);
INSERT INTO items(base_item_id, hq) VALUES(10956, false),(10956, true);
INSERT INTO base_items VALUES(10957,$$Archaeoskin Shoes of Casting$$,$$アルケオーニスキャスターシューズ$$,$$Chaussures d'incantateur en cuir d'archéornis$$,$$Archaeoleder-Schuhe der Magie$$,$$f313092b0df$$);
INSERT INTO items(base_item_id, hq) VALUES(10957, false),(10957, true);
INSERT INTO base_items VALUES(10958,$$Wyvernskin Boots of Casting$$,$$ワイバーンキャスターブーツ$$,$$Bottes d'incantateur en cuir de wyverne$$,$$Wyvernleder-Stiefel der Magie$$,$$3386460b787$$);
INSERT INTO items(base_item_id, hq) VALUES(10958, false),(10958, true);
INSERT INTO base_items VALUES(10959,$$Dhalmelskin Crakows of Casting$$,$$ダルメルキャスタークラコー$$,$$Souliers à poulaines d'incantateur en cuir de dhalmel$$,$$Dhalmelleder-Poulaines der Magie$$,$$21f23f2042e$$);
INSERT INTO items(base_item_id, hq) VALUES(10959, false),(10959, true);
INSERT INTO base_items VALUES(10960,$$Dragonskin Boots of Casting$$,$$ドラゴンレザー・キャスターブーツ$$,$$Bottes d'incantateur en cuir de dragon$$,$$Drachenleder-Stiefel der Magie$$,$$f531cd396ed$$);
INSERT INTO items(base_item_id, hq) VALUES(10960, false),(10960, true);
INSERT INTO base_items VALUES(10961,$$Serpentskin Thighboots of Casting$$,$$アンフィプテレ・キャスターサイブーツ$$,$$Cuissardes d'incantateur en cuir d'amphiptère$$,$$Schlangenleder-Kniestiefel der Magie$$,$$2255ac03310$$);
INSERT INTO items(base_item_id, hq) VALUES(10961, false),(10961, true);
INSERT INTO base_items VALUES(10963,$$Griffin Leather Boots of Casting$$,$$グリフィンキャスターブーツ$$,$$Bottes d'incantateur en cuir de griffon$$,$$Greifenleder-Stiefel der Magie$$,$$5be785d61ca$$);
INSERT INTO items(base_item_id, hq) VALUES(10963, false),(10963, true);
INSERT INTO base_items VALUES(10964,$$Rainbow Ribbon of Fending$$,$$レインボークロスリボン・オブ・ディフェンス$$,$$Ruban de protecteur en étoffe arc-en-ciel$$,$$Regenbogen-Schleife der Verteidigung$$,$$286586dbe4a$$);
INSERT INTO items(base_item_id, hq) VALUES(10964, false),(10964, true);
INSERT INTO base_items VALUES(10965,$$Mythrite Necklace of Fending$$,$$ミスライトディフェンダーネックレス$$,$$Collier de protecteur en mithrite$$,$$Mythrit-Halsband der Verteidigung$$,$$5fd63653b41$$);
INSERT INTO items(base_item_id, hq) VALUES(10965, false),(10965, true);
INSERT INTO base_items VALUES(10966,$$Ramie Ribbon of Fending$$,$$ラミーリボン・オブ・ディフェンス$$,$$Ruban de protecteur en ramie$$,$$Ramien-Schleife der Verteidigung$$,$$52b3b74cbb3$$);
INSERT INTO items(base_item_id, hq) VALUES(10966, false),(10966, true);
INSERT INTO base_items VALUES(10967,$$Opal Choker of Fending$$,$$オパールディフェンダーチョーカー$$,$$Ras de cou de protecteur en opale$$,$$Opal-Halsberge der Verteidigung$$,$$4abda4e8f43$$);
INSERT INTO items(base_item_id, hq) VALUES(10967, false),(10967, true);
INSERT INTO base_items VALUES(10968,$$Aurum Regis Necklace of Fending$$,$$オーラムレギス・ディフェンダーネックレス$$,$$Collier de protecteur en aurum regis$$,$$Königsgold-Halsband der Verteidigung$$,$$aea621cc4ca$$);
INSERT INTO items(base_item_id, hq) VALUES(10968, false),(10968, true);
INSERT INTO base_items VALUES(10969,$$Citrine Choker of Fending$$,$$シトリンディフェンダーチョーカー$$,$$Ras de cou de protecteur en citrine$$,$$Zitrin-Halsberge der Verteidigung$$,$$3e1c9525b8b$$);
INSERT INTO items(base_item_id, hq) VALUES(10969, false),(10969, true);
INSERT INTO base_items VALUES(10970,$$Mythrite Bangle of Fending$$,$$ミスライトディフェンダーバングル$$,$$Joncs de protecteur en mithrite$$,$$Mythrit-Armringe der Verteidigung$$,$$f1b16bbb9a9$$);
INSERT INTO items(base_item_id, hq) VALUES(10970, false),(10970, true);
INSERT INTO base_items VALUES(10971,$$Mythrite Bracelet of Fending$$,$$ミスライトディフェンダーブレスレット$$,$$Bracelet de protecteur en mithrite$$,$$Mythrit-Armreife der Verteidigung$$,$$d6029037895$$);
INSERT INTO items(base_item_id, hq) VALUES(10971, false),(10971, true);
INSERT INTO base_items VALUES(10972,$$Hardsilver Bangle of Fending$$,$$ハードシルバー・ディフェンダーバングル$$,$$Joncs de protecteur en durargent$$,$$Hartsilber-Armringe der Verteidigung$$,$$063f85ffc22$$);
INSERT INTO items(base_item_id, hq) VALUES(10972, false),(10972, true);
INSERT INTO base_items VALUES(10973,$$Opal Bracelet of Fending$$,$$オパールディフェンダーブレスレット$$,$$Bracelet de protecteur en opale$$,$$Opal-Armreife der Verteidigung$$,$$6b731243f5f$$);
INSERT INTO items(base_item_id, hq) VALUES(10973, false),(10973, true);
INSERT INTO base_items VALUES(10974,$$Aurum Regis Bracelet of Fending$$,$$オーラムレギス・ディフェンダーブレスレット$$,$$Bracelet de protecteur en aurum regis$$,$$Königsgold-Armreife der Verteidigung$$,$$680ba7ed868$$);
INSERT INTO items(base_item_id, hq) VALUES(10974, false),(10974, true);
INSERT INTO base_items VALUES(10975,$$Chrysolite Bracelet of Fending$$,$$クリソライトディフェンダーブレスレット$$,$$Bracelet de protecteur en chrysolite$$,$$Chrysolith-Armreife der Verteidigung$$,$$14b71b72e0f$$);
INSERT INTO items(base_item_id, hq) VALUES(10975, false),(10975, true);
INSERT INTO base_items VALUES(10976,$$Mythrite Earrings of Fending$$,$$ミスライトディフェンダーイヤリング$$,$$Boucles d'oreilles de protecteur en mithrite$$,$$Mythrit-Ohrringe der Verteidigung$$,$$e6573ea0474$$);
INSERT INTO items(base_item_id, hq) VALUES(10976, false),(10976, true);
INSERT INTO base_items VALUES(10977,$$Mythrite Earblades of Fending$$,$$ミスライトディフェンダーピアス$$,$$Pendants d'oreilles de protecteur en mithrite$$,$$Mythrit-Ohrstecker der Verteidigung$$,$$cffaac2dcf0$$);
INSERT INTO items(base_item_id, hq) VALUES(10977, false),(10977, true);
INSERT INTO base_items VALUES(10978,$$Hardsilver Earrings of Fending$$,$$ハードシルバー・ディフェンダーイヤリング$$,$$Boucles d'oreilles de protecteur en durargent$$,$$Hartsilber-Ohrringe der Verteidigung$$,$$da63583dc6a$$);
INSERT INTO items(base_item_id, hq) VALUES(10978, false),(10978, true);
INSERT INTO base_items VALUES(10979,$$Opal Earrings of Fending$$,$$オパールディフェンダーイヤリング$$,$$Boucles d'oreilles de protecteur en opale$$,$$Opal-Ohrringe der Verteidigung$$,$$dd122c32ca1$$);
INSERT INTO items(base_item_id, hq) VALUES(10979, false),(10979, true);
INSERT INTO base_items VALUES(10980,$$Aurum Regis Earrings of Fending$$,$$オーラムレギス・ディフェンダーピアス$$,$$Pendants d'oreilles de protecteur en aurum regis$$,$$Königsgold-Ohrringe der Verteidigung$$,$$4e2185846e8$$);
INSERT INTO items(base_item_id, hq) VALUES(10980, false),(10980, true);
INSERT INTO base_items VALUES(10981,$$Chrysolite Earrings of Fending$$,$$クリソライトディフェンダーイヤリング$$,$$Boucles d'oreilles de protecteur en chrysolite$$,$$Chrysolith-Ohrringe der Verteidigung$$,$$9ee3f312858$$);
INSERT INTO items(base_item_id, hq) VALUES(10981, false),(10981, true);
INSERT INTO base_items VALUES(10982,$$Agate Ring of Fending$$,$$アゲートディフェンダーリング$$,$$Bague de protecteur en agate$$,$$Achat-Ring der Verteidigung$$,$$6368fe90f46$$);
INSERT INTO items(base_item_id, hq) VALUES(10982, false),(10982, true);
INSERT INTO base_items VALUES(10983,$$Yeti Fang Ring of Fending$$,$$イエティファング・ディフェンダーリング$$,$$Bague de protecteur en croc de yéti$$,$$Yetihauer-Ring der Verteidigung$$,$$c6b9d4c43bf$$);
INSERT INTO items(base_item_id, hq) VALUES(10983, false),(10983, true);
INSERT INTO base_items VALUES(10984,$$Mormorion Ring of Fending$$,$$モルモリオンディフェンダーリング$$,$$Bague de protecteur en mormorion$$,$$Morion-Ring der Verteidigung$$,$$ce26e35b554$$);
INSERT INTO items(base_item_id, hq) VALUES(10984, false),(10984, true);
INSERT INTO base_items VALUES(10985,$$Opal Ring of Fending$$,$$オパールディフェンダーリング$$,$$Bague de protecteur en opale$$,$$Opal-Ring der Verteidigung$$,$$e97fbdf0971$$);
INSERT INTO items(base_item_id, hq) VALUES(10985, false),(10985, true);
INSERT INTO base_items VALUES(10986,$$Griffin Talon Ring of Fending$$,$$グリフィンクロー・ディフェンダーリング$$,$$Bague de protecteur en serre de griffon$$,$$Greifenklauen-Ring der Verteidigung$$,$$53842b9adbe$$);
INSERT INTO items(base_item_id, hq) VALUES(10986, false),(10986, true);
INSERT INTO base_items VALUES(10987,$$Chrysolite Ring of Fending$$,$$クリソライトディフェンダーリング$$,$$Bague de protecteur en chrysolite$$,$$Chrysolith-Ring der Verteidigung$$,$$b1a28144805$$);
INSERT INTO items(base_item_id, hq) VALUES(10987, false),(10987, true);
INSERT INTO base_items VALUES(10988,$$Rainbow Ribbon of Slaying$$,$$レインボークロスリボン・オブ・アタック$$,$$Ruban d'attaquant en étoffe arc-en-ciel$$,$$Regenbogen-Schleife des Schlachtens$$,$$83029e6ce95$$);
INSERT INTO items(base_item_id, hq) VALUES(10988, false),(10988, true);
INSERT INTO base_items VALUES(10989,$$Mythrite Necklace of Slaying$$,$$ミスライトアタッカーネックレス$$,$$Collier d'attaquant en mithrite$$,$$Mythrit-Halsband des Schlachtens$$,$$6831a84bc3e$$);
INSERT INTO items(base_item_id, hq) VALUES(10989, false),(10989, true);
INSERT INTO base_items VALUES(10990,$$Ramie Ribbon of Slaying$$,$$ラミーリボン・オブ・アタック$$,$$Ruban d'attaquant en ramie$$,$$Ramien-Schleife des Schlachtens$$,$$013cb5e7118$$);
INSERT INTO items(base_item_id, hq) VALUES(10990, false),(10990, true);
INSERT INTO base_items VALUES(10991,$$Opal Choker of Slaying$$,$$オパールアタッカーチョーカー$$,$$Ras de cou d'attaquant en opale$$,$$Opal-Halsberge des Schlachtens$$,$$9af6e48f60c$$);
INSERT INTO items(base_item_id, hq) VALUES(10991, false),(10991, true);
INSERT INTO base_items VALUES(10992,$$Aurum Regis Necklace of Slaying$$,$$オーラムレギス・アタッカーネックレス$$,$$Collier d'attaquant en aurum regis$$,$$Königsgold-Halsband des Schlachtens$$,$$2ba31d79a78$$);
INSERT INTO items(base_item_id, hq) VALUES(10992, false),(10992, true);
INSERT INTO base_items VALUES(10993,$$Citrine Choker of Slaying$$,$$シトリンアタッカーチョーカー$$,$$Ras de cou d'attaquant en citrine$$,$$Zitrin-Halsberge des Schlachtens$$,$$e43f856f7de$$);
INSERT INTO items(base_item_id, hq) VALUES(10993, false),(10993, true);
INSERT INTO base_items VALUES(10994,$$Mythrite Bangle of Slaying$$,$$ミスライトアタッカーバングル$$,$$Joncs d'attaquant en mithrite$$,$$Mythrit-Armringe des Schlachtens$$,$$822d6cccecb$$);
INSERT INTO items(base_item_id, hq) VALUES(10994, false),(10994, true);
INSERT INTO base_items VALUES(10995,$$Mythrite Bracelet of Slaying$$,$$ミスライトアタッカーブレスレット$$,$$Bracelet d'attaquant en mithrite$$,$$Mythrit-Armreife des Schlachtens$$,$$26a9b15d591$$);
INSERT INTO items(base_item_id, hq) VALUES(10995, false),(10995, true);
INSERT INTO base_items VALUES(10996,$$Hardsilver Bangle of Slaying$$,$$ハードシルバー・アタッカーバングル$$,$$Joncs d'attaquant en durargent$$,$$Hartsilber-Armringe des Schlachtens$$,$$cfa3d703a56$$);
INSERT INTO items(base_item_id, hq) VALUES(10996, false),(10996, true);
INSERT INTO base_items VALUES(10997,$$Opal Bracelet of Slaying$$,$$オパールアタッカーブレスレット$$,$$Bracelet d'attaquant en opale$$,$$Opal-Armreife des Schlachtens$$,$$666275fbe97$$);
INSERT INTO items(base_item_id, hq) VALUES(10997, false),(10997, true);
INSERT INTO base_items VALUES(10998,$$Aurum Regis Bracelet of Slaying$$,$$オーラムレギス・アタッカーブレスレット$$,$$Bracelet d'attaquant en aurum regis$$,$$Königsgold-Armreife des Schlachtens$$,$$f2fa0969923$$);
INSERT INTO items(base_item_id, hq) VALUES(10998, false),(10998, true);
INSERT INTO base_items VALUES(10999,$$Chrysolite Bracelets of Slaying$$,$$クリソライトアタッカーブレスレット$$,$$Bracelet d'attaquant en chrysolite$$,$$Chrysolith-Armreife des Schlachtens$$,$$3e776e14790$$);
INSERT INTO items(base_item_id, hq) VALUES(10999, false),(10999, true);
INSERT INTO base_items VALUES(11000,$$Mythrite Earrings of Slaying$$,$$ミスライトアタッカーイヤリング$$,$$Boucles d'oreilles d'attaquant en mithrite$$,$$Mythrit-Ohrringe des Schlachtens$$,$$7898343ff58$$);
INSERT INTO items(base_item_id, hq) VALUES(11000, false),(11000, true);
INSERT INTO base_items VALUES(11001,$$Mythrite Earblades of Slaying$$,$$ミスライトアタッカーピアス$$,$$Pendants d'oreilles d'attaquant en mithrite$$,$$Mythrit-Ohrstecker des Schlachtens$$,$$0af0ef27711$$);
INSERT INTO items(base_item_id, hq) VALUES(11001, false),(11001, true);
INSERT INTO base_items VALUES(11002,$$Hardsilver Earrings of Slaying$$,$$ハードシルバー・アタッカーイヤリング$$,$$Boucles d'oreilles d'attaquant en durargent$$,$$Hartsilber-Ohrringe des Schlachtens$$,$$32c089e1cef$$);
INSERT INTO items(base_item_id, hq) VALUES(11002, false),(11002, true);
INSERT INTO base_items VALUES(11003,$$Opal Earrings of Slaying$$,$$オパールアタッカーイヤリング$$,$$Boucles d'oreilles d'attaquant en opale$$,$$Opal-Ohrringe des Schlachtens$$,$$487ab8ad75e$$);
INSERT INTO items(base_item_id, hq) VALUES(11003, false),(11003, true);
INSERT INTO base_items VALUES(11004,$$Aurum Regis Earrings of Slaying$$,$$オーラムレギス・アタッカーピアス$$,$$Pendants d'oreilles d'attaquant en aurum regis$$,$$Königsgold-Ohrringe des Schlachtens$$,$$1266ce375d1$$);
INSERT INTO items(base_item_id, hq) VALUES(11004, false),(11004, true);
INSERT INTO base_items VALUES(11005,$$Chrysolite Earrings of Slaying$$,$$クリソライトアタッカーイヤリング$$,$$Boucles d'oreilles d'attaquant en chrysolite$$,$$Chrysolith-Ohrringe des Schlachtens$$,$$9099d88596a$$);
INSERT INTO items(base_item_id, hq) VALUES(11005, false),(11005, true);
INSERT INTO base_items VALUES(11006,$$Agate Ring of Slaying$$,$$アゲートアタッカーリング$$,$$Bague d'attaquant en agate$$,$$Achat-Ring des Schlachtens$$,$$acb639931ad$$);
INSERT INTO items(base_item_id, hq) VALUES(11006, false),(11006, true);
INSERT INTO base_items VALUES(11007,$$Yeti Fang Ring of Slaying$$,$$イエティファング・アタッカーリング$$,$$Bague d'attaquant en croc de yéti$$,$$Yetihauer-Ring des Schlachtens$$,$$a8ff5da13ee$$);
INSERT INTO items(base_item_id, hq) VALUES(11007, false),(11007, true);
INSERT INTO base_items VALUES(11008,$$Mormorion Ring of Slaying$$,$$モルモリオンアタッカーリング$$,$$Bague d'attaquant en mormorion$$,$$Morion-Ring des Schlachtens$$,$$f70c20beb52$$);
INSERT INTO items(base_item_id, hq) VALUES(11008, false),(11008, true);
INSERT INTO base_items VALUES(11009,$$Opal Ring of Slaying$$,$$オパールアタッカーリング$$,$$Bague d'attaquant en opale$$,$$Opal-Ring des Schlachtens$$,$$2f20ce78e39$$);
INSERT INTO items(base_item_id, hq) VALUES(11009, false),(11009, true);
INSERT INTO base_items VALUES(11010,$$Griffin Talon Ring of Slaying$$,$$グリフィンクロー・アタッカーリング$$,$$Bague d'attaquant en serre de griffon$$,$$Greifenklauen-Ring des Schlachtens$$,$$824d28ec94b$$);
INSERT INTO items(base_item_id, hq) VALUES(11010, false),(11010, true);
INSERT INTO base_items VALUES(11011,$$Chrysolite Ring of Slaying$$,$$クリソライトアタッカーリング$$,$$Bague d'attaquant en chrysolite$$,$$Chrysolith-Ring des Schlachtens$$,$$b6d245a94cc$$);
INSERT INTO items(base_item_id, hq) VALUES(11011, false),(11011, true);
INSERT INTO base_items VALUES(11012,$$Rainbow Ribbon of Aiming$$,$$レインボークロスリボン・オブ・レンジ$$,$$Ruban de pisteur en étoffe arc-en-ciel$$,$$Regenbogen-Schleife des Zielens$$,$$8eb2dd7574e$$);
INSERT INTO items(base_item_id, hq) VALUES(11012, false),(11012, true);
INSERT INTO base_items VALUES(11013,$$Mythrite Necklace of Aiming$$,$$ミスライトレンジャーネックレス$$,$$Collier de pisteur en mithrite$$,$$Mythrit-Halsband des Zielens$$,$$f1c9966ac12$$);
INSERT INTO items(base_item_id, hq) VALUES(11013, false),(11013, true);
INSERT INTO base_items VALUES(11014,$$Ramie Ribbon of Aiming$$,$$ラミーリボン・オブ・レンジ$$,$$Ruban de pisteur en ramie$$,$$Ramien-Schleife des Zielens$$,$$0ebdfa13ec4$$);
INSERT INTO items(base_item_id, hq) VALUES(11014, false),(11014, true);
INSERT INTO base_items VALUES(11015,$$Opal Choker of Aiming$$,$$オパールレンジャーチョーカー$$,$$Ras de cou de pisteur en opale$$,$$Opal-Halsberge des Zielens$$,$$658956b4a0f$$);
INSERT INTO items(base_item_id, hq) VALUES(11015, false),(11015, true);
INSERT INTO base_items VALUES(11016,$$Aurum Regis Necklace of Aiming$$,$$オーラムレギス・レンジャーネックレス$$,$$Collier de pisteur en aurum regis$$,$$Königsgold-Halsband des Zielens$$,$$fc6e79295e1$$);
INSERT INTO items(base_item_id, hq) VALUES(11016, false),(11016, true);
INSERT INTO base_items VALUES(11017,$$Citrine Choker of Aiming$$,$$シトリンレンジャーチョーカー$$,$$Ras de cou de pisteur en citrine$$,$$Zitrin-Halsberge des Zielens$$,$$e7fe01a401d$$);
INSERT INTO items(base_item_id, hq) VALUES(11017, false),(11017, true);
INSERT INTO base_items VALUES(11018,$$Mythrite Bangle of Aiming$$,$$ミスライトレンジャーバングル$$,$$Joncs de pisteur en mithrite$$,$$Mythrit-Armringe des Zielens$$,$$06a2c1e117d$$);
INSERT INTO items(base_item_id, hq) VALUES(11018, false),(11018, true);
INSERT INTO base_items VALUES(11019,$$Mythrite Bracelet of Aiming$$,$$ミスライトレンジャーブレスレット$$,$$Bracelet de pisteur en mithrite$$,$$Mythrit-Armreife des Zielens$$,$$f043ae14a66$$);
INSERT INTO items(base_item_id, hq) VALUES(11019, false),(11019, true);
INSERT INTO base_items VALUES(11020,$$Hardsilver Bangle of Aiming$$,$$ハードシルバー・レンジャーバングル$$,$$Joncs de pisteur en durargent$$,$$Hartsilber-Armringe des Zielens$$,$$f5c1e7fb688$$);
INSERT INTO items(base_item_id, hq) VALUES(11020, false),(11020, true);
INSERT INTO base_items VALUES(11021,$$Opal Bracelets of Aiming$$,$$オパールレンジャーブレスレット$$,$$Bracelet de pisteur en opale$$,$$Opal-Armreife des Zielens$$,$$32a80a84d33$$);
INSERT INTO items(base_item_id, hq) VALUES(11021, false),(11021, true);
INSERT INTO base_items VALUES(11022,$$Aurum Regis Bracelet of Aiming$$,$$オーラムレギス・レンジャーブレスレット$$,$$Bracelet de pisteur en aurum regis$$,$$Königsgold-Armreife des Zielens$$,$$20e67ef7d0d$$);
INSERT INTO items(base_item_id, hq) VALUES(11022, false),(11022, true);
INSERT INTO base_items VALUES(11023,$$Chrysolite Bracelets of Aiming$$,$$クリソライトレンジャーブレスレット$$,$$Bracelet de pisteur en chrysolite$$,$$Chrysolith-Armreife des Zielens$$,$$0d342e11570$$);
INSERT INTO items(base_item_id, hq) VALUES(11023, false),(11023, true);
INSERT INTO base_items VALUES(11024,$$Mythrite Earrings of Aiming$$,$$ミスライトレンジャーイヤリング$$,$$Boucles d'oreilles de pisteur en mithrite$$,$$Mythrit-Ohrringe des Zielens$$,$$aa65bcb61ad$$);
INSERT INTO items(base_item_id, hq) VALUES(11024, false),(11024, true);
INSERT INTO base_items VALUES(11025,$$Mythrite Earblades of Aiming$$,$$ミスライトレンジャーピアス$$,$$Pendants d'oreilles de pisteur en mithrite$$,$$Mythrit-Ohrstecker des Zielens$$,$$008675e08cf$$);
INSERT INTO items(base_item_id, hq) VALUES(11025, false),(11025, true);
INSERT INTO base_items VALUES(11026,$$Hardsilver Earrings of Aiming$$,$$ハードシルバー・レンジャーイヤリング$$,$$Boucles d'oreilles de pisteur en durargent$$,$$Hartsilber-Ohrringe des Zielens$$,$$72ad223b940$$);
INSERT INTO items(base_item_id, hq) VALUES(11026, false),(11026, true);
INSERT INTO base_items VALUES(11027,$$Opal Earrings of Aiming$$,$$オパールレンジャーイヤリング$$,$$Boucles d'oreilles de pisteur en opale$$,$$Opal-Ohrringe des Zielens$$,$$64772a62ec5$$);
INSERT INTO items(base_item_id, hq) VALUES(11027, false),(11027, true);
INSERT INTO base_items VALUES(11028,$$Aurum Regis Earrings of Aiming$$,$$オーラムレギス・レンジャーピアス$$,$$Pendants d'oreilles de pisteur en aurum regis$$,$$Königsgold-Ohrringe des Zielens$$,$$1fb2628d64c$$);
INSERT INTO items(base_item_id, hq) VALUES(11028, false),(11028, true);
INSERT INTO base_items VALUES(11029,$$Chrysolite Earrings of Aiming$$,$$クリソライトレンジャーイヤリング$$,$$Boucles d'oreilles de pisteur en chrysolite$$,$$Chrysolith-Ohrringe des Zielens$$,$$6a067e5e37d$$);
INSERT INTO items(base_item_id, hq) VALUES(11029, false),(11029, true);
INSERT INTO base_items VALUES(11030,$$Agate Ring of Aiming$$,$$アゲートレンジャーリング$$,$$Bague de pisteur en agate$$,$$Achat-Ring des Zielens$$,$$c7f375b9d67$$);
INSERT INTO items(base_item_id, hq) VALUES(11030, false),(11030, true);
INSERT INTO base_items VALUES(11031,$$Yeti Fang Ring of Aiming$$,$$イエティファング・レンジャーリング$$,$$Bague de pisteur en croc de yéti$$,$$Yetihauer-Ring des Zielens$$,$$11a2430291f$$);
INSERT INTO items(base_item_id, hq) VALUES(11031, false),(11031, true);
INSERT INTO base_items VALUES(11032,$$Mormorion Ring of Aiming$$,$$モルモリオンレンジャーリング$$,$$Bague de pisteur en mormorion$$,$$Morion-Ring des Zielens$$,$$3b885d44d8e$$);
INSERT INTO items(base_item_id, hq) VALUES(11032, false),(11032, true);
INSERT INTO base_items VALUES(11033,$$Opal Ring of Aiming$$,$$オパールレンジャーリング$$,$$Bague de pisteur en opale$$,$$Opal-Ring des Zielens$$,$$5a78fae5f8b$$);
INSERT INTO items(base_item_id, hq) VALUES(11033, false),(11033, true);
INSERT INTO base_items VALUES(11034,$$Griffin Talon Ring of Aiming$$,$$グリフィンクロー・レンジャーリング$$,$$Bague de pisteur en serre de griffon$$,$$Greifenklauen-Ring des Zielens$$,$$0d3daecd266$$);
INSERT INTO items(base_item_id, hq) VALUES(11034, false),(11034, true);
INSERT INTO base_items VALUES(11035,$$Chrysolite Ring of Aiming$$,$$クリソライトレンジャーリング$$,$$Bague de pisteur en chrysolite$$,$$Chrysolith-Ring des Zielens$$,$$ea87a6ed059$$);
INSERT INTO items(base_item_id, hq) VALUES(11035, false),(11035, true);
INSERT INTO base_items VALUES(11036,$$Rainbow Ribbon of Healing$$,$$レインボークロスリボン・オブ・ヒール$$,$$Ruban de soigneur en étoffe arc-en-ciel$$,$$Regenbogen-Schleife der Heilung$$,$$e901523f5d5$$);
INSERT INTO items(base_item_id, hq) VALUES(11036, false),(11036, true);
INSERT INTO base_items VALUES(11037,$$Mythrite Necklace of Healing$$,$$ミスライトヒーラーネックレス$$,$$Collier de soigneur en mithrite$$,$$Mythrit-Halsband der Heilung$$,$$d5cb519872c$$);
INSERT INTO items(base_item_id, hq) VALUES(11037, false),(11037, true);
INSERT INTO base_items VALUES(11038,$$Ramie Ribbon of Healing$$,$$ラミーリボン・オブ・ヒール$$,$$Ruban de soigneur en ramie$$,$$Ramien-Schleife der Heilung$$,$$a74c6b82e88$$);
INSERT INTO items(base_item_id, hq) VALUES(11038, false),(11038, true);
INSERT INTO base_items VALUES(11039,$$Opal Choker of Healing$$,$$オパールヒーラーチョーカー$$,$$Ras de cou de soigneur en opale$$,$$Opal-Halsberge der Heilung$$,$$93991d24b57$$);
INSERT INTO items(base_item_id, hq) VALUES(11039, false),(11039, true);
INSERT INTO base_items VALUES(11040,$$Aurum Regis Necklace of Healing$$,$$オーラムレギス・ヒーラーネックレス$$,$$Collier de soigneur en aurum regis$$,$$Königsgold-Halsband der Heilung$$,$$065450a62f9$$);
INSERT INTO items(base_item_id, hq) VALUES(11040, false),(11040, true);
INSERT INTO base_items VALUES(11041,$$Citrine Choker of Healing$$,$$シトリンヒーラーチョーカー$$,$$Ras de cou de soigneur en citrine$$,$$Zitrin-Halsberge der Heilung$$,$$b237e9c9b03$$);
INSERT INTO items(base_item_id, hq) VALUES(11041, false),(11041, true);
INSERT INTO base_items VALUES(11042,$$Mythrite Bangle of Healing$$,$$ミスライトヒーラーバングル$$,$$Joncs de soigneur en mithrite$$,$$Mythrit-Armringe der Heilung$$,$$96094c665b8$$);
INSERT INTO items(base_item_id, hq) VALUES(11042, false),(11042, true);
INSERT INTO base_items VALUES(11043,$$Mythrite Bracelet of Healing$$,$$ミスライトヒーラーブレスレット$$,$$Bracelet de soigneur en mithrite$$,$$Mythrit-Armreife der Heilung$$,$$04aebe9d946$$);
INSERT INTO items(base_item_id, hq) VALUES(11043, false),(11043, true);
INSERT INTO base_items VALUES(11044,$$Hardsilver Bangle of Healing$$,$$ハードシルバー・ヒーラーバングル$$,$$Joncs de soigneur en durargent$$,$$Hartsilber-Armringe der Heilung$$,$$2bd56e01618$$);
INSERT INTO items(base_item_id, hq) VALUES(11044, false),(11044, true);
INSERT INTO base_items VALUES(11045,$$Opal Bracelets of Healing$$,$$オパールヒーラーブレスレット$$,$$Bracelet de soigneur en opale$$,$$Opal-Armreife der Heilung$$,$$3967f974ffe$$);
INSERT INTO items(base_item_id, hq) VALUES(11045, false),(11045, true);
INSERT INTO base_items VALUES(11046,$$Aurum Regis Bracelet of Healing$$,$$オーラムレギス・ヒーラーブレスレット$$,$$Bracelet de soigneur en aurum regis$$,$$Königsgold-Armreife der Heilung$$,$$0c39dd31624$$);
INSERT INTO items(base_item_id, hq) VALUES(11046, false),(11046, true);
INSERT INTO base_items VALUES(11047,$$Chrysolite Bracelets of Healing$$,$$クリソライトヒーラーブレスレット$$,$$Bracelet de soigneur en chrysolite$$,$$Chrysolith-Armreife der Heilung$$,$$248b541e3a0$$);
INSERT INTO items(base_item_id, hq) VALUES(11047, false),(11047, true);
INSERT INTO base_items VALUES(11048,$$Mythrite Earrings of Healing$$,$$ミスライトヒーラーイヤリング$$,$$Boucles d'oreilles de soigneur en mithrite$$,$$Mythrit-Ohrringe der Heilung$$,$$5f573003830$$);
INSERT INTO items(base_item_id, hq) VALUES(11048, false),(11048, true);
INSERT INTO base_items VALUES(11049,$$Mythrite Earblades of Healing$$,$$ミスライトヒーラーピアス$$,$$Pendants d'oreilles de soigneur en mithrite$$,$$Mythrit-Ohrstecker der Heilung$$,$$bf2e8d39f2f$$);
INSERT INTO items(base_item_id, hq) VALUES(11049, false),(11049, true);
INSERT INTO base_items VALUES(11050,$$Hardsilver Earrings of Healing$$,$$ハードシルバー・ヒーラーイヤリング$$,$$Boucles d'oreilles de soigneur en durargent$$,$$Hartsilber-Ohrringe der Heilung$$,$$fbaaf8c4671$$);
INSERT INTO items(base_item_id, hq) VALUES(11050, false),(11050, true);
INSERT INTO base_items VALUES(11051,$$Opal Earrings of Healing$$,$$オパールヒーラーイヤリング$$,$$Boucles d'oreilles de soigneur en opale$$,$$Opal-Ohrringe der Heilung$$,$$260ed3fd21a$$);
INSERT INTO items(base_item_id, hq) VALUES(11051, false),(11051, true);
INSERT INTO base_items VALUES(11052,$$Aurum Regis Earrings of Healing$$,$$オーラムレギス・ヒーラーピアス$$,$$Pendants d'oreilles de soigneur en aurum regis$$,$$Königsgold-Ohrringe der Heilung$$,$$334818fa7ab$$);
INSERT INTO items(base_item_id, hq) VALUES(11052, false),(11052, true);
INSERT INTO base_items VALUES(11053,$$Chrysolite Earrings of Healing$$,$$クリソライトヒーラーイヤリング$$,$$Boucles d'oreilles de soigneur en chrysolite$$,$$Chrysolith-Ohrringe der Heilung$$,$$6549844282c$$);
INSERT INTO items(base_item_id, hq) VALUES(11053, false),(11053, true);
INSERT INTO base_items VALUES(11054,$$Agate Ring of Healing$$,$$アゲートヒーラーリング$$,$$Bague de soigneur en agate$$,$$Achat-Ring der Heilung$$,$$7ce253963ee$$);
INSERT INTO items(base_item_id, hq) VALUES(11054, false),(11054, true);
INSERT INTO base_items VALUES(11055,$$Yeti Fang Ring of Healing$$,$$イエティファング・ヒーラーリング$$,$$Bague de soigneur en croc de yéti$$,$$Yetihauer-Ring der Heilung$$,$$d759194ba7a$$);
INSERT INTO items(base_item_id, hq) VALUES(11055, false),(11055, true);
INSERT INTO base_items VALUES(11056,$$Mormorion Ring of Healing$$,$$モルモリオンヒーラーリング$$,$$Bague de soigneur en mormorion$$,$$Morion-Ring der Heilung$$,$$774cb6f8dd0$$);
INSERT INTO items(base_item_id, hq) VALUES(11056, false),(11056, true);
INSERT INTO base_items VALUES(11057,$$Opal Ring of Healing$$,$$オパールヒーラーリング$$,$$Bague de soigneur en opale$$,$$Opal-Ring der Heilung$$,$$d1bed9e85a0$$);
INSERT INTO items(base_item_id, hq) VALUES(11057, false),(11057, true);
INSERT INTO base_items VALUES(11058,$$Griffin Talon Ring of Healing$$,$$グリフィンクロー・ヒーラーリング$$,$$Bague de soigneur en serre de griffon$$,$$Greifenklauen-Ring der Heilung$$,$$531124ac6d1$$);
INSERT INTO items(base_item_id, hq) VALUES(11058, false),(11058, true);
INSERT INTO base_items VALUES(11059,$$Chrysolite Ring of Healing$$,$$クリソライトヒーラーリング$$,$$Bague de soigneur en chrysolite$$,$$Chrysolith-Ring der Heilung$$,$$38cb11cbdc3$$);
INSERT INTO items(base_item_id, hq) VALUES(11059, false),(11059, true);
INSERT INTO base_items VALUES(11060,$$Rainbow Ribbon of Casting$$,$$レインボークロスリボン・オブ・キャスト$$,$$Ruban d'incantateur en étoffe arc-en-ciel$$,$$Regenbogen-Schleife der Magie$$,$$870eff33065$$);
INSERT INTO items(base_item_id, hq) VALUES(11060, false),(11060, true);
INSERT INTO base_items VALUES(11061,$$Mythrite Necklace of Casting$$,$$ミスライトキャスターネックレス$$,$$Collier d'incantateur en mithrite$$,$$Mythrit-Halsband der Magie$$,$$b87c9012e05$$);
INSERT INTO items(base_item_id, hq) VALUES(11061, false),(11061, true);
INSERT INTO base_items VALUES(11062,$$Ramie Ribbon of Casting$$,$$ラミーリボン・オブ・キャスト$$,$$Ruban d'incantateur en ramie$$,$$Ramien-Schleife der Magie$$,$$304d8a3fa31$$);
INSERT INTO items(base_item_id, hq) VALUES(11062, false),(11062, true);
INSERT INTO base_items VALUES(11063,$$Opal Choker of Casting$$,$$オパールキャスターチョーカー$$,$$Ras de cou d'incantateur en opale$$,$$Opal-Halsberge der Magie$$,$$4530b21416b$$);
INSERT INTO items(base_item_id, hq) VALUES(11063, false),(11063, true);
INSERT INTO base_items VALUES(11064,$$Aurum Regis Necklace of Casting$$,$$オーラムレギス・キャスターネックレス$$,$$Collier d'incantateur en aurum regis$$,$$Königsgold-Halsband der Magie$$,$$51dff3a21a9$$);
INSERT INTO items(base_item_id, hq) VALUES(11064, false),(11064, true);
INSERT INTO base_items VALUES(11065,$$Citrine Choker of Casting$$,$$シトリンキャスターチョーカー$$,$$Ras de cou d'incantateur en citrine$$,$$Zitrin-Halsberge der Magie$$,$$1b312bb354c$$);
INSERT INTO items(base_item_id, hq) VALUES(11065, false),(11065, true);
INSERT INTO base_items VALUES(11066,$$Mythrite Bangle of Casting$$,$$ミスライトキャスターバングル$$,$$Joncs d'incantateur en mithrite$$,$$Mythrit-Armringe der Magie$$,$$cf0f9a93c44$$);
INSERT INTO items(base_item_id, hq) VALUES(11066, false),(11066, true);
INSERT INTO base_items VALUES(11067,$$Mythrite Bracelet of Casting$$,$$ミスライトキャスターブレスレット$$,$$Bracelet d'incantateur en mithrite$$,$$Mythrit-Armreife der Magie$$,$$700add8bc39$$);
INSERT INTO items(base_item_id, hq) VALUES(11067, false),(11067, true);
INSERT INTO base_items VALUES(11068,$$Hardsilver Bangle of Casting$$,$$ハードシルバー・キャスターバングル$$,$$Joncs d'incantateur en durargent$$,$$Hartsilber-Armring der Magie$$,$$60f378a7133$$);
INSERT INTO items(base_item_id, hq) VALUES(11068, false),(11068, true);
INSERT INTO base_items VALUES(11069,$$Opal Bracelets of Casting$$,$$オパールキャスターブレスレット$$,$$Bracelet d'incantateur en opale$$,$$Opal-Armreife der Magie$$,$$a1d1f593bf9$$);
INSERT INTO items(base_item_id, hq) VALUES(11069, false),(11069, true);
INSERT INTO base_items VALUES(11070,$$Aurum Regis Bracelet of Casting$$,$$オーラムレギス・キャスターブレスレット$$,$$Bracelet d'incantateur en aurum regis$$,$$Königsgold-Armreife der Magie$$,$$252c03b40c8$$);
INSERT INTO items(base_item_id, hq) VALUES(11070, false),(11070, true);
INSERT INTO base_items VALUES(11071,$$Chrysolite Bracelets of Casting$$,$$クリソライトキャスターブレスレット$$,$$Bracelet d'incantateur en chrysolite$$,$$Chrysolith-Armreife der Magie$$,$$75bc48dbab7$$);
INSERT INTO items(base_item_id, hq) VALUES(11071, false),(11071, true);
INSERT INTO base_items VALUES(11072,$$Mythrite Earrings of Casting$$,$$ミスライトキャスターイヤリング$$,$$Boucles d'oreilles d'incantateur en mithrite$$,$$Mythrit-Ohrringe der Magie$$,$$d997c096906$$);
INSERT INTO items(base_item_id, hq) VALUES(11072, false),(11072, true);
INSERT INTO base_items VALUES(11073,$$Mythrite Earblades of Casting$$,$$ミスライトキャスターピアス$$,$$Pendants d'oreilles d'incantateur en mithrite$$,$$Mythrit-Ohrstecker der Magie$$,$$bd1213934e7$$);
INSERT INTO items(base_item_id, hq) VALUES(11073, false),(11073, true);
INSERT INTO base_items VALUES(11074,$$Hardsilver Earrings of Casting$$,$$ハードシルバー・キャスターイヤリング$$,$$Boucles d'oreilles d'incantateur en durargent$$,$$Hartsilber-Ohrringe der Magie$$,$$ecc852e33f6$$);
INSERT INTO items(base_item_id, hq) VALUES(11074, false),(11074, true);
INSERT INTO base_items VALUES(11075,$$Opal Earrings of Casting$$,$$オパールキャスターイヤリング$$,$$Boucles d'oreilles d'incantateur en opale$$,$$Opal-Ohrringe der Magie$$,$$a40bfb6f8f8$$);
INSERT INTO items(base_item_id, hq) VALUES(11075, false),(11075, true);
INSERT INTO base_items VALUES(11076,$$Aurum Regis Earrings of Casting$$,$$オーラムレギス・キャスターピアス$$,$$Pendants d'oreilles d'incantateur en aurum regis$$,$$Königsgold-Ohrringe der Magie$$,$$0c8ead91300$$);
INSERT INTO items(base_item_id, hq) VALUES(11076, false),(11076, true);
INSERT INTO base_items VALUES(11078,$$Agate Ring of Casting$$,$$アゲートキャスターリング$$,$$Bague d'incantateur en agate$$,$$Achat-Ring der Magie$$,$$4395dbc2d7a$$);
INSERT INTO items(base_item_id, hq) VALUES(11078, false),(11078, true);
INSERT INTO base_items VALUES(11079,$$Yeti Fang Ring of Casting$$,$$イエティファング・キャスターリング$$,$$Bague d'incantateur en croc de yéti$$,$$Yetihauer-Ring der Magie$$,$$40394e26c27$$);
INSERT INTO items(base_item_id, hq) VALUES(11079, false),(11079, true);
INSERT INTO base_items VALUES(11080,$$Mormorion Ring of Casting$$,$$モルモリオンキャスターリング$$,$$Bague d'incantateur en mormorion$$,$$Morion-Ring der Magie$$,$$5d21e792a46$$);
INSERT INTO items(base_item_id, hq) VALUES(11080, false),(11080, true);
INSERT INTO base_items VALUES(11081,$$Opal Ring of Casting$$,$$オパールキャスターリング$$,$$Bague d'incantateur en opale$$,$$Opal-Ring der Magie$$,$$491ee698c90$$);
INSERT INTO items(base_item_id, hq) VALUES(11081, false),(11081, true);
INSERT INTO base_items VALUES(11082,$$Griffin Talon Ring of Casting$$,$$グリフィンクロー・キャスターリング$$,$$Bague d'incantateur en serre de griffon$$,$$Greifenklauen-Ring der Magie$$,$$119a06a222a$$);
INSERT INTO items(base_item_id, hq) VALUES(11082, false),(11082, true);
INSERT INTO base_items VALUES(11083,$$Chrysolite Ring of Casting$$,$$クリソライトキャスターリング$$,$$Bague d'incantateur en chrysolite$$,$$Chrysolith-Ring der Magie$$,$$18bce7fc319$$);
INSERT INTO items(base_item_id, hq) VALUES(11083, false),(11083, true);
INSERT INTO base_items VALUES(11871,$$Mythrite Halfheart Saw$$,$$ミスライトラウンドソー$$,$$Scie ronde en mithrite$$,$$Mythrit-Rundsäge$$,$$5ff8c4224a9$$);
INSERT INTO items(base_item_id, hq) VALUES(11871, false),(11871, true);
INSERT INTO base_items VALUES(11872,$$Hardsilver Saw$$,$$ハードシルバーソー$$,$$Scie ronde en durargent$$,$$Hartsilber-Säge$$,$$20c45828b95$$);
INSERT INTO items(base_item_id, hq) VALUES(11872, false),(11872, true);
INSERT INTO base_items VALUES(11873,$$Titanium Halfheart Saw$$,$$チタンラウンドソー$$,$$Scie ronde en titane$$,$$Titan-Rundsäge$$,$$95cf3199a1a$$);
INSERT INTO items(base_item_id, hq) VALUES(11873, false),(11873, true);
INSERT INTO base_items VALUES(11874,$$Adamantite Saw$$,$$アダマンソー$$,$$Scie ronde en adamantium$$,$$Adamantium-Säge$$,$$49aecfb5c2f$$);
INSERT INTO items(base_item_id, hq) VALUES(11874, false),(11874, true);
INSERT INTO base_items VALUES(11875,$$Mythrite Lump Hammer$$,$$ミスライトランプハンマー$$,$$Massette en mithrite$$,$$Mythrit-Schlägel$$,$$10ff5738147$$);
INSERT INTO items(base_item_id, hq) VALUES(11875, false),(11875, true);
INSERT INTO base_items VALUES(11876,$$Titanium Cross-pein Hammer$$,$$チタン・クロスペインハンマー$$,$$Marteau à panne croisée en titane$$,$$Titan-Kreuzschlaghammer$$,$$b060ea1321c$$);
INSERT INTO items(base_item_id, hq) VALUES(11876, false),(11876, true);
INSERT INTO base_items VALUES(11877,$$Titanium Lump Hammer$$,$$チタンランプハンマー$$,$$Massette en titane$$,$$Titan-Schlägel$$,$$0f77890c7e9$$);
INSERT INTO items(base_item_id, hq) VALUES(11877, false),(11877, true);
INSERT INTO base_items VALUES(11878,$$Adamantite Cross-pein Hammer$$,$$アダマン・クロスペインハンマー$$,$$Marteau à panne croisée en adamantium$$,$$Adamantium-Kreuzschlaghammer$$,$$2f4972a361f$$);
INSERT INTO items(base_item_id, hq) VALUES(11878, false),(11878, true);
INSERT INTO base_items VALUES(11879,$$Mythrite Raising Hammer$$,$$ミスライトレイジングハンマー$$,$$Marteau de batteur en mithrite$$,$$Mythrit-Schlichthammer$$,$$7e63a2531c3$$);
INSERT INTO items(base_item_id, hq) VALUES(11879, false),(11879, true);
INSERT INTO base_items VALUES(11880,$$Titanium Ball-pein Hammer$$,$$チタンアーモラーハンマー$$,$$Marteau à panne ronde en titane$$,$$Titan-Schlosserhammer$$,$$190272ed41a$$);
INSERT INTO items(base_item_id, hq) VALUES(11880, false),(11880, true);
INSERT INTO base_items VALUES(11881,$$Titanium Raising Hammer$$,$$チタンレイジングハンマー$$,$$Marteau de batteur en titane$$,$$Titan-Schlichthammer$$,$$7b6bb991718$$);
INSERT INTO items(base_item_id, hq) VALUES(11881, false),(11881, true);
INSERT INTO base_items VALUES(11882,$$Adamantite Ball-pein Hammer$$,$$アダマンアーモラーハンマー$$,$$Marteau à panne ronde en adamantium$$,$$Adamantium-Schlosserhammer$$,$$b3fe1d4aef8$$);
INSERT INTO items(base_item_id, hq) VALUES(11882, false),(11882, true);
INSERT INTO base_items VALUES(11883,$$Mythrite Lapidary Hammer$$,$$ミスライトラピダリーハンマー$$,$$Marteau de lapidaire en mithrite$$,$$Mythrit-Juwelierhammer$$,$$108b41e96f0$$);
INSERT INTO items(base_item_id, hq) VALUES(11883, false),(11883, true);
INSERT INTO base_items VALUES(11884,$$Hardsilver Texture Hammer$$,$$ハードシルバー・ゴールドスミスハンマー$$,$$Marteau d'orfèvre en durargent$$,$$Hartsilber-Stockhammer$$,$$36c9a6124dc$$);
INSERT INTO items(base_item_id, hq) VALUES(11884, false),(11884, true);
INSERT INTO base_items VALUES(11885,$$Hardsilver Lapidary Hammer$$,$$ハードシルバー・ラピダリーハンマー$$,$$Marteau de lapidaire en durargent$$,$$Hartsilber-Juwelierhammer$$,$$bf9b6126bb4$$);
INSERT INTO items(base_item_id, hq) VALUES(11885, false),(11885, true);
INSERT INTO base_items VALUES(11886,$$Aurum Regis Texture Hammer$$,$$オーラムレギス・ゴールドスミスハンマー$$,$$Marteau d'orfèvre en aurum regis$$,$$Königsgold-Stockhammer$$,$$9e129305f3b$$);
INSERT INTO items(base_item_id, hq) VALUES(11886, false),(11886, true);
INSERT INTO base_items VALUES(11887,$$Mythrite Round Knife$$,$$ミスライトラウンドナイフ$$,$$Couteau arrondi en mithrite$$,$$Mythrit-Rundmesser$$,$$188f3462de4$$);
INSERT INTO items(base_item_id, hq) VALUES(11887, false),(11887, true);
INSERT INTO base_items VALUES(11888,$$Titanium Creasing Knife$$,$$チタン・レザーワーカーナイフ$$,$$Couteau de tanneur en titane$$,$$Titan-Rillmesser$$,$$464d1afa1ec$$);
INSERT INTO items(base_item_id, hq) VALUES(11888, false),(11888, true);
INSERT INTO base_items VALUES(11889,$$Hardsilver Round Knife$$,$$ハードシルバー・ラウンドナイフ$$,$$Couteau arrondi en durargent$$,$$Hartsilber-Rundmesser$$,$$b78997178c2$$);
INSERT INTO items(base_item_id, hq) VALUES(11889, false),(11889, true);
INSERT INTO base_items VALUES(11890,$$Aurum Regis Creasing Knife$$,$$オーラムレギス・レザーワーカーナイフ$$,$$Couteau de tanneur en aurum regis$$,$$Königsgold-Rillmesser$$,$$0509376535f$$);
INSERT INTO items(base_item_id, hq) VALUES(11890, false),(11890, true);
INSERT INTO base_items VALUES(11891,$$Mythrite Needle$$,$$ミスライトニードル$$,$$Aiguille en mithrite$$,$$Mythrit-Nadel$$,$$31b62697ea4$$);
INSERT INTO items(base_item_id, hq) VALUES(11891, false),(11891, true);
INSERT INTO base_items VALUES(11892,$$Hardsilver Needle$$,$$ハードシルバーニードル$$,$$Aiguille en durargent$$,$$Hartsilber-Nadel$$,$$e516fd8b5e2$$);
INSERT INTO items(base_item_id, hq) VALUES(11892, false),(11892, true);
INSERT INTO base_items VALUES(11893,$$Dragon Fang Needle$$,$$ドラゴンファングニードル$$,$$Aiguille en croc de dragon$$,$$Drachenfangzahn-Nadel$$,$$83c35acd0bd$$);
INSERT INTO items(base_item_id, hq) VALUES(11893, false),(11893, true);
INSERT INTO base_items VALUES(11894,$$Griffin Talon Needle$$,$$グリフィンニードル$$,$$Aiguille en serre de griffon$$,$$Greifenklauen-Nadel$$,$$ba2279fa349$$);
INSERT INTO items(base_item_id, hq) VALUES(11894, false),(11894, true);
INSERT INTO base_items VALUES(11895,$$Mythrite Alembic$$,$$ミスライトアレンビック$$,$$Alambic en mithrite$$,$$Mythrit-Destillierkolben$$,$$5980faf095d$$);
INSERT INTO items(base_item_id, hq) VALUES(11895, false),(11895, true);
INSERT INTO base_items VALUES(11896,$$Hardsilver Alembic$$,$$ハードシルバーアレンビック$$,$$Alambic en durargent$$,$$Hartsilber-Destillierkolben$$,$$6f59ded55e6$$);
INSERT INTO items(base_item_id, hq) VALUES(11896, false),(11896, true);
INSERT INTO base_items VALUES(11897,$$Titanium Alembic$$,$$チタンアレンビック$$,$$Alambic en titane$$,$$Titan-Destillierkolben$$,$$a18495cfa18$$);
INSERT INTO items(base_item_id, hq) VALUES(11897, false),(11897, true);
INSERT INTO base_items VALUES(11898,$$Adamantite Alembic$$,$$アダマンアレンビック$$,$$Alambic en adamantium$$,$$Adamantium-Destillierkolben$$,$$c88172129ec$$);
INSERT INTO items(base_item_id, hq) VALUES(11898, false),(11898, true);
INSERT INTO base_items VALUES(11899,$$Frypan Caliente$$,$$サボテンダーフライパン$$,$$Poêle à frire pampa$$,$$Kaktor-Bratpfanne$$,$$254a970e753$$);
INSERT INTO items(base_item_id, hq) VALUES(11899, false),(11899, true);
INSERT INTO base_items VALUES(11900,$$Titanium Frypan$$,$$チタンフライパン$$,$$Poêle à frire en titane$$,$$Titan-Bratpfanne$$,$$e7cf990b1ee$$);
INSERT INTO items(base_item_id, hq) VALUES(11900, false),(11900, true);
INSERT INTO base_items VALUES(11901,$$Mandragoras Frypan$$,$$マンドラーズフライパン$$,$$Poêle à frire mandragores$$,$$Mandragora-Bratpfanne$$,$$01f3d66291e$$);
INSERT INTO items(base_item_id, hq) VALUES(11901, false),(11901, true);
INSERT INTO base_items VALUES(11902,$$Adamantite Frypan$$,$$アダマンフライパン$$,$$Poêle à frire en adamantium$$,$$Adamantium-Bratpfanne$$,$$8a01e4117a5$$);
INSERT INTO items(base_item_id, hq) VALUES(11902, false),(11902, true);
INSERT INTO base_items VALUES(11903,$$Mythrite Pickaxe$$,$$ミスライトピック$$,$$Pioche en mithrite$$,$$Mythrit-Spitzhacke$$,$$54a6eb94475$$);
INSERT INTO items(base_item_id, hq) VALUES(11903, false),(11903, true);
INSERT INTO base_items VALUES(11904,$$Hardsilver Dolabra$$,$$ハードシルバードラブラ$$,$$Dolabre en durargent$$,$$Hartsilber-Dolabra$$,$$4116899e1e8$$);
INSERT INTO items(base_item_id, hq) VALUES(11904, false),(11904, true);
INSERT INTO base_items VALUES(11905,$$Titanium Pickaxe$$,$$チタンピック$$,$$Pioche en titane$$,$$Titan-Spitzhacke$$,$$dd88e5ac5d3$$);
INSERT INTO items(base_item_id, hq) VALUES(11905, false),(11905, true);
INSERT INTO base_items VALUES(11906,$$Adamantite Dolabra$$,$$アダマンドラブラ$$,$$Dolabre en adamantium$$,$$Adamantium-Dolabra$$,$$8514587c0b9$$);
INSERT INTO items(base_item_id, hq) VALUES(11906, false),(11906, true);
INSERT INTO base_items VALUES(11907,$$Mythrite Hatchet$$,$$ミスライトハチェット$$,$$Hachette en mithrite$$,$$Mythrit-Handbeil$$,$$6579ab3e544$$);
INSERT INTO items(base_item_id, hq) VALUES(11907, false),(11907, true);
INSERT INTO base_items VALUES(11908,$$Titanium Hatchet$$,$$チタンハチェット$$,$$Hachette en titane$$,$$Titan-Handbeil$$,$$e83a16d0a5f$$);
INSERT INTO items(base_item_id, hq) VALUES(11908, false),(11908, true);
INSERT INTO base_items VALUES(11909,$$Hardsilver Hatchet$$,$$ハードシルバーハチェット$$,$$Hachette en durargent$$,$$Hartsilber-Handbeil$$,$$e0e01477cc1$$);
INSERT INTO items(base_item_id, hq) VALUES(11909, false),(11909, true);
INSERT INTO base_items VALUES(11910,$$Adamantite Hatchet$$,$$アダマンハチェット$$,$$Hachette en adamantium$$,$$Adamantium-Handbeil$$,$$be3733a9d57$$);
INSERT INTO items(base_item_id, hq) VALUES(11910, false),(11910, true);
INSERT INTO base_items VALUES(11911,$$Cedar Fishing Rod$$,$$シーダーフィッシングロッド$$,$$Canne à pêche en cèdre$$,$$Zedernangelrute$$,$$d286ff8e022$$);
INSERT INTO items(base_item_id, hq) VALUES(11911, false),(11911, true);
INSERT INTO base_items VALUES(11912,$$Dark Chestnut Fishing Rod$$,$$ダークチェスナット・フィッシングロッド$$,$$Canne à pêche en châtaignier sombre$$,$$Kastanienangelrute$$,$$089953154d1$$);
INSERT INTO items(base_item_id, hq) VALUES(11912, false),(11912, true);
INSERT INTO base_items VALUES(11913,$$Hallowed Chestnut Fishing Rod$$,$$ハロードチェスナット・フィッシングロッド$$,$$Canne à pêche en châtaignier sanctifié$$,$$Geheiligte Kastanienangelrute$$,$$1f528722dc3$$);
INSERT INTO items(base_item_id, hq) VALUES(11913, false),(11913, true);
INSERT INTO base_items VALUES(11914,$$Birch Fishing Rod$$,$$バーチフィッシングロッド$$,$$Canne à pêche en bouleau$$,$$Birkenangelrute$$,$$f333124ffd9$$);
INSERT INTO items(base_item_id, hq) VALUES(11914, false),(11914, true);
INSERT INTO base_items VALUES(11915,$$Mythrite Claw Hammer$$,$$ミスライトクローハンマー$$,$$Marteau arrache-clou en mithrite$$,$$Mythrit-Klauenhammer$$,$$2f412b320a5$$);
INSERT INTO items(base_item_id, hq) VALUES(11915, false),(11915, true);
INSERT INTO base_items VALUES(11916,$$Titanium Claw Hammer$$,$$チタンクローハンマー$$,$$Marteau arrache-clou en titane$$,$$Titan-Klauenhammer$$,$$674bcf28409$$);
INSERT INTO items(base_item_id, hq) VALUES(11916, false),(11916, true);
INSERT INTO base_items VALUES(11917,$$Adamantite Claw Hammer$$,$$アダマンクローハンマー$$,$$Marteau arrache-clou en adamantium$$,$$Adamantium-Klauenhammer$$,$$0990b38ac1a$$);
INSERT INTO items(base_item_id, hq) VALUES(11917, false),(11917, true);
INSERT INTO base_items VALUES(11918,$$Fortified Claw Hammer$$,$$アダマンクローハンマーDX$$,$$Marteau arrache-clou en adamantium renforcé$$,$$Verstärkter Klauenhammer$$,$$efd4abf48bf$$);
INSERT INTO items(base_item_id, hq) VALUES(11918, false),(11918, true);
INSERT INTO base_items VALUES(11919,$$Mythrite File$$,$$ミスライトファイル$$,$$Lime en mithrite$$,$$Mythrit-Feile$$,$$2f76d064367$$);
INSERT INTO items(base_item_id, hq) VALUES(11919, false),(11919, true);
INSERT INTO base_items VALUES(11920,$$Titanium File$$,$$チタンファイル$$,$$Lime en titane$$,$$Titan-Feile$$,$$b32b3d8afe7$$);
INSERT INTO items(base_item_id, hq) VALUES(11920, false),(11920, true);
INSERT INTO base_items VALUES(11921,$$Adamantite File$$,$$アダマンファイル$$,$$Lime en adamantium$$,$$Adamantium-Feile$$,$$f01d5274686$$);
INSERT INTO items(base_item_id, hq) VALUES(11921, false),(11921, true);
INSERT INTO base_items VALUES(11922,$$Polished Adamantite File$$,$$アダマンファイルDX$$,$$Lime en adamantium renforcée$$,$$Polierte Adamantium-Feile$$,$$2f5cabcc4a8$$);
INSERT INTO items(base_item_id, hq) VALUES(11922, false),(11922, true);
INSERT INTO base_items VALUES(11923,$$Mythrite Pliers$$,$$ミスライトプライヤー$$,$$Tenailles en mithrite$$,$$Mythritzange$$,$$6f543e02da1$$);
INSERT INTO items(base_item_id, hq) VALUES(11923, false),(11923, true);
INSERT INTO base_items VALUES(11924,$$Titanium Pliers$$,$$チタンプライヤー$$,$$Tenailles en titane$$,$$Titanzange$$,$$285768c2361$$);
INSERT INTO items(base_item_id, hq) VALUES(11924, false),(11924, true);
INSERT INTO base_items VALUES(11925,$$Adamantite Pliers$$,$$アダマンプライヤー$$,$$Tenailles en adamantium$$,$$Adamantiumzange$$,$$a371640bae0$$);
INSERT INTO items(base_item_id, hq) VALUES(11925, false),(11925, true);
INSERT INTO base_items VALUES(11926,$$Double-jointed Adamantite Pliers$$,$$アダマンプライヤーDX$$,$$Tenailles en adamantium renforcées$$,$$Verstärkte Adamantiumzange$$,$$ea09caf9f9e$$);
INSERT INTO items(base_item_id, hq) VALUES(11926, false),(11926, true);
INSERT INTO base_items VALUES(11927,$$Astral Grinding Wheel$$,$$アストラルグラインディングホイール$$,$$Meule astrale$$,$$Astral-Schleifrad$$,$$b11938067f2$$);
INSERT INTO items(base_item_id, hq) VALUES(11927, false),(11927, true);
INSERT INTO base_items VALUES(11928,$$Cloud Mica Grinding Wheel$$,$$クラウドマイカ・グラインディングホイール$$,$$Meule en mica blanc$$,$$Wolkenglimmer-Schleifrad$$,$$07f99f66379$$);
INSERT INTO items(base_item_id, hq) VALUES(11928, false),(11928, true);
INSERT INTO base_items VALUES(11929,$$Dragonscale Grinding Wheel$$,$$ドラゴンスケイル・グラインディングホイール$$,$$Meule en écaille de dragon$$,$$Drachenschuppen-Schleifrad$$,$$b1c93b3cd67$$);
INSERT INTO items(base_item_id, hq) VALUES(11929, false),(11929, true);
INSERT INTO base_items VALUES(11930,$$Sun Mica Grinding Wheel$$,$$サンマイカ・グラインディングホイール$$,$$Meule en mica doré$$,$$Sonnenglimmer-Schleifrad$$,$$f508e940052$$);
INSERT INTO items(base_item_id, hq) VALUES(11930, false),(11930, true);
INSERT INTO base_items VALUES(11931,$$Mythrite Awl$$,$$ミスライトアウル$$,$$Alêne en mithrite$$,$$Mythrit-Ahle$$,$$3c0f7144cb7$$);
INSERT INTO items(base_item_id, hq) VALUES(11931, false),(11931, true);
INSERT INTO base_items VALUES(11932,$$Titanium Awl$$,$$チタンアウル$$,$$Alêne en titane$$,$$Titan-Ahle$$,$$e8a03caa428$$);
INSERT INTO items(base_item_id, hq) VALUES(11932, false),(11932, true);
INSERT INTO base_items VALUES(11933,$$Adamantite Awl$$,$$アダマンアウル$$,$$Alêne en adamantium$$,$$Adamantium-Ahle$$,$$45cb38de54b$$);
INSERT INTO items(base_item_id, hq) VALUES(11933, false),(11933, true);
INSERT INTO base_items VALUES(11934,$$Sharpened Adamantite Awl$$,$$アダマンアウルDX$$,$$Alêne en adamantium renforcée$$,$$Spitze Adamantium-Ahle$$,$$3646fd72c33$$);
INSERT INTO items(base_item_id, hq) VALUES(11934, false),(11934, true);
INSERT INTO base_items VALUES(11935,$$Holy Cedar Spinning Wheel$$,$$ホーリーシーダー・スピニングホイール$$,$$Rouet en cèdre sacré$$,$$Heiliges Zedern-Spinnrad$$,$$d88ecfa69e0$$);
INSERT INTO items(base_item_id, hq) VALUES(11935, false),(11935, true);
INSERT INTO base_items VALUES(11936,$$Dark Chestnut Spinning Wheel$$,$$ダークチェスナット・スピニングホイール$$,$$Rouet en châtaignier sombre$$,$$Kastanien-Spinnrad$$,$$94f7841df5f$$);
INSERT INTO items(base_item_id, hq) VALUES(11936, false),(11936, true);
INSERT INTO base_items VALUES(11937,$$Birch Spinning Wheel$$,$$バーチスピニングホイール$$,$$Rouet en bouleau$$,$$Birken-Spinnrad$$,$$cf6e59efd4e$$);
INSERT INTO items(base_item_id, hq) VALUES(11937, false),(11937, true);
INSERT INTO base_items VALUES(11938,$$Astral Birch Spinning Wheel$$,$$アストラルバーチ・スピニングホイール$$,$$Rouet en bouleau astral$$,$$Astralbirken-Spinnrad$$,$$0d2938e2304$$);
INSERT INTO items(base_item_id, hq) VALUES(11938, false),(11938, true);
INSERT INTO base_items VALUES(11939,$$Mythrite Mortar$$,$$ミスライトモーター$$,$$Mortier en mithrite$$,$$Mythrit-Mörser$$,$$e199a765b56$$);
INSERT INTO items(base_item_id, hq) VALUES(11939, false),(11939, true);
INSERT INTO base_items VALUES(11940,$$Titanium Mortar$$,$$チタンモーター$$,$$Mortier en titane$$,$$Titan-Mörser$$,$$445c860fa00$$);
INSERT INTO items(base_item_id, hq) VALUES(11940, false),(11940, true);
INSERT INTO base_items VALUES(11941,$$Adamantite Mortar$$,$$アダマンモーター$$,$$Mortier en adamantium$$,$$Adamantium-Mörser$$,$$5b2f088b259$$);
INSERT INTO items(base_item_id, hq) VALUES(11941, false),(11941, true);
INSERT INTO base_items VALUES(11942,$$Heavy Adamantite Mortar$$,$$アダマンモーターDX$$,$$Mortier en adamantium renforcé$$,$$Schwerer Adamantium-Mörser$$,$$b1ca21251fc$$);
INSERT INTO items(base_item_id, hq) VALUES(11942, false),(11942, true);
INSERT INTO base_items VALUES(11943,$$Mythrite Culinary Knife$$,$$ミスライトクリナリーナイフ$$,$$Couteau de cuisine en mithrite$$,$$Mythrit-Küchenmesser$$,$$6756e099274$$);
INSERT INTO items(base_item_id, hq) VALUES(11943, false),(11943, true);
INSERT INTO base_items VALUES(11944,$$Titanium Culinary Knife$$,$$チタンクリナリーナイフ$$,$$Couteau de cuisine en titane$$,$$Titan-Küchenmesser$$,$$66dbcefe5ef$$);
INSERT INTO items(base_item_id, hq) VALUES(11944, false),(11944, true);
INSERT INTO base_items VALUES(11945,$$Adamantite Culinary Knife$$,$$アダマンクリナリーナイフ$$,$$Couteau de cuisine en adamantium$$,$$Adamantium-Küchenmesser$$,$$ad54e0ca55b$$);
INSERT INTO items(base_item_id, hq) VALUES(11945, false),(11945, true);
INSERT INTO base_items VALUES(11946,$$Wrapped Adamantite Culinary Knife$$,$$アダマンクリナリーナイフDX$$,$$Couteau de cuisine en adamantium renforcé$$,$$Umwickeltes Adamantium-Küchenmesser$$,$$0c209eda008$$);
INSERT INTO items(base_item_id, hq) VALUES(11946, false),(11946, true);
INSERT INTO base_items VALUES(11947,$$Mythrite Sledgehammer$$,$$ミスライトモール$$,$$Maillet en mithrite$$,$$Mythrit-Vorschlaghammer$$,$$45bf9c988c7$$);
INSERT INTO items(base_item_id, hq) VALUES(11947, false),(11947, true);
INSERT INTO base_items VALUES(11948,$$Titanium Sledgehammer$$,$$チタンモール$$,$$Maillet en titane$$,$$Titan-Vorschlaghammer$$,$$ae203011eae$$);
INSERT INTO items(base_item_id, hq) VALUES(11948, false),(11948, true);
INSERT INTO base_items VALUES(11949,$$Adamantite Sledgehammer$$,$$アダマンモール$$,$$Maillet en adamantium$$,$$Adamantium-Vorschlaghammer$$,$$162efe8cdec$$);
INSERT INTO items(base_item_id, hq) VALUES(11949, false),(11949, true);
INSERT INTO base_items VALUES(11950,$$Weighted Adamantite Sledgehammer$$,$$アダマンモールDX$$,$$Maillet en adamantium renforcé$$,$$Schwerer Adamantium-Vorschlaghammer$$,$$c2574ae6c0c$$);
INSERT INTO items(base_item_id, hq) VALUES(11950, false),(11950, true);
INSERT INTO base_items VALUES(11951,$$Mythrite Scythe$$,$$ミスライトサイズ$$,$$Faux en mithrite$$,$$Mythrit-Sense$$,$$6593805b94d$$);
INSERT INTO items(base_item_id, hq) VALUES(11951, false),(11951, true);
INSERT INTO base_items VALUES(11952,$$Titanium Scythe$$,$$チタンサイズ$$,$$Faux en titane$$,$$Titan-Sense$$,$$0803c14b23c$$);
INSERT INTO items(base_item_id, hq) VALUES(11952, false),(11952, true);
INSERT INTO base_items VALUES(11953,$$Adamantite Scythe$$,$$アダマンサイズ$$,$$Faux en adamantium$$,$$Adamantium-Sense$$,$$628f178c5b0$$);
INSERT INTO items(base_item_id, hq) VALUES(11953, false),(11953, true);
INSERT INTO base_items VALUES(11954,$$Balanced Adamantite Scythe$$,$$アダマンサイズDX$$,$$Faux en adamantium renforcée$$,$$Ausbalancierte Adamantium-Sense$$,$$6743e749964$$);
INSERT INTO items(base_item_id, hq) VALUES(11954, false),(11954, true);
INSERT INTO base_items VALUES(11955,$$Mythrite Goggles of Crafting$$,$$ミスライトクラフターゴーグル$$,$$Lunettes des créations en mithrite$$,$$Mythrit-Schutzbrille des Handwerks$$,$$a585176df46$$);
INSERT INTO items(base_item_id, hq) VALUES(11955, false),(11955, true);
INSERT INTO base_items VALUES(11956,$$Holy Rainbow Wedge Cap$$,$$ホーリーレインボー・ウェッジキャップ$$,$$Calot en étoffe arc-en-ciel sacrée$$,$$Heiliges Regenbogen-Schiffchen$$,$$cd41f52a54e$$);
INSERT INTO items(base_item_id, hq) VALUES(11956, false),(11956, true);
INSERT INTO base_items VALUES(11957,$$Ramie Turban of Crafting$$,$$ラミークラフターターバン$$,$$Turban des créations en ramie$$,$$Ramien-Turban des Handwerks$$,$$202c3c32656$$);
INSERT INTO items(base_item_id, hq) VALUES(11957, false),(11957, true);
INSERT INTO base_items VALUES(11959,$$Chimerical Felt Turban of Crafting$$,$$キマイラフェルト・クラフターターバン$$,$$Turban des créations en feutre chimérique$$,$$Chimärenfilz-Turban des Handwerks$$,$$f5a1623a02a$$);
INSERT INTO items(base_item_id, hq) VALUES(11959, false),(11959, true);
INSERT INTO base_items VALUES(11960,$$Archaeoskin Jackcoat of Crafting$$,$$アルケオーニス・クラフタージャックコート$$,$$Pardosse des créations en cuir d'archéornis$$,$$Archaeoleder-Jackenmantel des Handwerks$$,$$6f802424ff8$$);
INSERT INTO items(base_item_id, hq) VALUES(11960, false),(11960, true);
INSERT INTO base_items VALUES(11961,$$Holy Rainbow Coatee$$,$$ホーリーレインボーコーティー$$,$$Boléro en étoffe arc-en-ciel sacrée$$,$$Heiliger Regenbogen-Spenzer$$,$$c0cb94a1b0e$$);
INSERT INTO items(base_item_id, hq) VALUES(11961, false),(11961, true);
INSERT INTO base_items VALUES(11962,$$Ramie Doublet of Crafting$$,$$ラミークラフターダブレット$$,$$Doublet des créations en ramie$$,$$Ramien-Wams des Handwerks$$,$$e1c857ace37$$);
INSERT INTO items(base_item_id, hq) VALUES(11962, false),(11962, true);
INSERT INTO base_items VALUES(11964,$$Chimerical Felt Doublet of Crafting$$,$$キマイラフェルト・クラフターダブレット$$,$$Doublet des créations en feutre chimérique$$,$$Chimärenfilz-Wams des Handwerks$$,$$9531b612585$$);
INSERT INTO items(base_item_id, hq) VALUES(11964, false),(11964, true);
INSERT INTO base_items VALUES(11965,$$Archaeoskin Gloves of Crafting$$,$$アルケオーニスクラフターグローブ$$,$$Gants des créations en cuir d'archéornis$$,$$Archaeoleder-Handschuhe des Handwerks$$,$$682ae40bfc5$$);
INSERT INTO items(base_item_id, hq) VALUES(11965, false),(11965, true);
INSERT INTO base_items VALUES(11966,$$Holy Rainbow Gloves$$,$$ホーリーレインボー・ドレスグローブ$$,$$Gants d'apparat en étoffe arc-en-ciel sacrée$$,$$Heilige Regenbogen-Handschuhe$$,$$e89bb111cde$$);
INSERT INTO items(base_item_id, hq) VALUES(11966, false),(11966, true);
INSERT INTO base_items VALUES(11967,$$Dhalmelskin Halfgloves of Crafting$$,$$ダルメルハーフグローブ$$,$$Mitaines en cuir de dhalmel$$,$$Dhalmelleder-Kurzfingerhandschuhe des Handwerks$$,$$c0ab70afad7$$);
INSERT INTO items(base_item_id, hq) VALUES(11967, false),(11967, true);
INSERT INTO base_items VALUES(11969,$$Serpentskin Halfgloves of Crafting$$,$$アンフィプテレハーフグローブ$$,$$Mitaines en cuir d'amphiptère$$,$$Schlangenleder-Kurzfingerhandschuhe des Handwerks$$,$$ad1a59bbb89$$);
INSERT INTO items(base_item_id, hq) VALUES(11969, false),(11969, true);
INSERT INTO base_items VALUES(11970,$$Holy Rainbow Apron$$,$$ホーリーレインボーエプロン$$,$$Tablier en étoffe arc-en-ciel sacrée$$,$$Heilige Regenbogen-Schürze$$,$$74f91e1dcc3$$);
INSERT INTO items(base_item_id, hq) VALUES(11970, false),(11970, true);
INSERT INTO base_items VALUES(11971,$$Dragonskin Belt of Crafting$$,$$ドラゴンレザー・クラフターベルト$$,$$Ceinture des créations en cuir de dragon$$,$$Schlangenleder-Gürtel des Handwerks$$,$$397d5cdf23b$$);
INSERT INTO items(base_item_id, hq) VALUES(11971, false),(11971, true);
INSERT INTO base_items VALUES(11972,$$Griffin Leather Tool Belt$$,$$グリフィンツールベルト$$,$$Ceinture à outils en cuir de griffon$$,$$Greifenleder-Werkzeuggürtel$$,$$b5983070628$$);
INSERT INTO items(base_item_id, hq) VALUES(11972, false),(11972, true);
INSERT INTO base_items VALUES(11973,$$Archaeoskin Breeches of Crafting$$,$$アルケオーニスクラフターブリーチ$$,$$Braies des créations en cuir d'archéornis$$,$$Archaeoleder-Reiterhose des Handwerks$$,$$a6a1b8b2a82$$);
INSERT INTO items(base_item_id, hq) VALUES(11973, false),(11973, true);
INSERT INTO base_items VALUES(11974,$$Holy Rainbow Bottoms$$,$$ホーリーレインボーボトム$$,$$Bas-de-corps en étoffe arc-en-ciel sacrée$$,$$Heilige Regenbogen-Hose$$,$$d67ed712883$$);
INSERT INTO items(base_item_id, hq) VALUES(11974, false),(11974, true);
INSERT INTO base_items VALUES(11975,$$Ramie Skirt$$,$$ラミースカート$$,$$Jupe en ramie$$,$$Ramien-Rock$$,$$0bf1e3a0952$$);
INSERT INTO items(base_item_id, hq) VALUES(11975, false),(11975, true);
INSERT INTO base_items VALUES(11977,$$Chimerical Felt Skirt$$,$$キマイラフェルトスカート$$,$$Jupe en feutre chimérique$$,$$Chimärenfilz-Rock$$,$$317b46a2c1f$$);
INSERT INTO items(base_item_id, hq) VALUES(11977, false),(11977, true);
INSERT INTO base_items VALUES(11978,$$Archaeoskin Jackboots of Crafting$$,$$アルケオーニス・クラフタージャックブーツ$$,$$Bottes militaires des créations en cuir d'archéornis$$,$$Archaeoleder-Kampfstiefel des Handwerks$$,$$ed45e75f165$$);
INSERT INTO items(base_item_id, hq) VALUES(11978, false),(11978, true);
INSERT INTO base_items VALUES(11979,$$Holy Rainbow Shoes$$,$$ホーリーレインボー・ドレスシューズ$$,$$Chaussures d'apparat en étoffe arc-en-ciel sacrée$$,$$Heilige Regenbogen-Schuhe$$,$$83f9d09ba8d$$);
INSERT INTO items(base_item_id, hq) VALUES(11979, false),(11979, true);
INSERT INTO base_items VALUES(11980,$$Dhalmelskin Shoes$$,$$ダルメルシューズ$$,$$Chaussures en cuir de dhalmel$$,$$Dhalmelleder-Schuhe$$,$$936e054d8eb$$);
INSERT INTO items(base_item_id, hq) VALUES(11980, false),(11980, true);
INSERT INTO base_items VALUES(11982,$$Serpentskin Shoes$$,$$アンフィプテレシューズ$$,$$Chaussures en cuir d'amphiptère$$,$$Schlangenleder-Schuhe$$,$$77a3f4037ef$$);
INSERT INTO items(base_item_id, hq) VALUES(11982, false),(11982, true);
INSERT INTO base_items VALUES(11983,$$Mythrite Goggles of Gathering$$,$$ミスライトギャザラーゴーグル$$,$$Lunettes des ressources en mithrite$$,$$Mythrit-Schutzbrille des Eifers$$,$$a599774a6fb$$);
INSERT INTO items(base_item_id, hq) VALUES(11983, false),(11983, true);
INSERT INTO base_items VALUES(11984,$$Holy Rainbow Hat$$,$$ホーリーレインボー・ストローハット$$,$$Chapeau en étoffe arc-en-ciel sacrée$$,$$Heiliger Regenbogen-Strohhut$$,$$0bfca69f3b4$$);
INSERT INTO items(base_item_id, hq) VALUES(11984, false),(11984, true);
INSERT INTO base_items VALUES(11985,$$Dhalmelskin Bush Hat$$,$$ダルメルブッシュハット$$,$$Chapeau mou en cuir de dhalmel$$,$$Dhalmelleder-Buschhut$$,$$83ade1378ca$$);
INSERT INTO items(base_item_id, hq) VALUES(11985, false),(11985, true);
INSERT INTO base_items VALUES(11987,$$Serpentskin Bush Hat$$,$$アンフィプテレブッシュハット$$,$$Chapeau mou en cuir d'amphiptère$$,$$Schlangenleder-Buschhut$$,$$90cfe30f862$$);
INSERT INTO items(base_item_id, hq) VALUES(11987, false),(11987, true);
INSERT INTO base_items VALUES(11988,$$Archaeoskin Jackcoat of Gathering$$,$$アルケオーニス・ギャザラージャックコート$$,$$Pardosse des ressources en cuir d'archéornis$$,$$Archaeoleder-Jackenmantel des Eifers$$,$$fa144c44473$$);
INSERT INTO items(base_item_id, hq) VALUES(11988, false),(11988, true);
INSERT INTO base_items VALUES(11989,$$Wyvernskin Jerkin$$,$$ワイバーンジャーキン$$,$$Pourpoint en cuir de wyverne$$,$$Wyvernleder-Jerkin$$,$$4b64465e516$$);
INSERT INTO items(base_item_id, hq) VALUES(11989, false),(11989, true);
INSERT INTO base_items VALUES(11990,$$Dhalmelskin Vest$$,$$ダルメルベスト$$,$$Gilet en cuir de dhalmel$$,$$Dhalmelleder-Weste$$,$$d605eeac1fb$$);
INSERT INTO items(base_item_id, hq) VALUES(11990, false),(11990, true);
INSERT INTO base_items VALUES(11992,$$Serpentskin Vest$$,$$アンフィプテレベスト$$,$$Gilet en cuir d'amphiptère$$,$$Schlangenleder-Weste$$,$$3da648ade97$$);
INSERT INTO items(base_item_id, hq) VALUES(11992, false),(11992, true);
INSERT INTO base_items VALUES(11993,$$Archaeoskin Gloves of Gathering$$,$$アルケオーニスギャザラーグローブ$$,$$Gants des ressources en cuir d'archéornis$$,$$Archaeoleder-Handschuhe des Eifers$$,$$e7151de8d3e$$);
INSERT INTO items(base_item_id, hq) VALUES(11993, false),(11993, true);
INSERT INTO base_items VALUES(11994,$$Holy Rainbow Work Gloves$$,$$ホーリーレインボー・ワークグローブ$$,$$Gants de travail en étoffe arc-en-ciel sacrée$$,$$Heilige Regenbogen-Arbeitshandschuhe$$,$$9aa72903958$$);
INSERT INTO items(base_item_id, hq) VALUES(11994, false),(11994, true);
INSERT INTO base_items VALUES(11995,$$Dhalmelskin Gloves$$,$$ダルメルグローブ$$,$$Gants en cuir de dhalmel$$,$$Dhalmelleder-Handschuhe$$,$$0d43ef7165b$$);
INSERT INTO items(base_item_id, hq) VALUES(11995, false),(11995, true);
INSERT INTO base_items VALUES(11997,$$Serpentskin Gloves$$,$$アンフィプテレグローブ$$,$$Gants en cuir d'amphiptère$$,$$Schlangenleder-Handschuhe des Eifers$$,$$40862598699$$);
INSERT INTO items(base_item_id, hq) VALUES(11997, false),(11997, true);
INSERT INTO base_items VALUES(11998,$$Wyvernskin Field Belt$$,$$ワイバーンフィールドベルト$$,$$Ceinture de récolteur en cuir de wyverne$$,$$Wyvernleder-Feldgürtel$$,$$319d4c81327$$);
INSERT INTO items(base_item_id, hq) VALUES(11998, false),(11998, true);
INSERT INTO base_items VALUES(11999,$$Dragonskin Belt of Gathering$$,$$ドラゴンレザー・ギャザラーベルト$$,$$Ceinture des ressources en cuir de dragon$$,$$Schlangenleder-Gürtel des Eifers$$,$$4baa21ddb36$$);
INSERT INTO items(base_item_id, hq) VALUES(11999, false),(11999, true);
INSERT INTO base_items VALUES(12000,$$Griffin Leather Survival Belt$$,$$グリフィンサバイバルベルト$$,$$Ceinture de survie en cuir de griffon$$,$$Greifenleder-Überlebensgürtel$$,$$1210090f53e$$);
INSERT INTO items(base_item_id, hq) VALUES(12000, false),(12000, true);
INSERT INTO base_items VALUES(12001,$$Archaeoskin Breeches of Gathering$$,$$アルケオーニスギャザラーブリーチ$$,$$Braies des ressources en cuir d'archéornis$$,$$Archaeoleder-Reiterhose des Eifers$$,$$623ef995077$$);
INSERT INTO items(base_item_id, hq) VALUES(12001, false),(12001, true);
INSERT INTO base_items VALUES(12002,$$Wyvernskin Culottes$$,$$ワイバーンキュロット$$,$$Culotte en cuir de wyverne$$,$$Wyvernleder-Kniebundhose$$,$$8bd8ca82935$$);
INSERT INTO items(base_item_id, hq) VALUES(12002, false),(12002, true);
INSERT INTO base_items VALUES(12003,$$Ramie Trousers of Gathering$$,$$ラミーギャザラートラウザー$$,$$Pantalon des ressources en ramie$$,$$Ramien-Hose des Eifers$$,$$3a0cba4992b$$);
INSERT INTO items(base_item_id, hq) VALUES(12003, false),(12003, true);
INSERT INTO base_items VALUES(12005,$$Chimerical Felt Trousers$$,$$キマイラフェルトトラウザー$$,$$Pantalon en feutre chimérique$$,$$Chimärenfilz-Hose$$,$$cff8009c628$$);
INSERT INTO items(base_item_id, hq) VALUES(12005, false),(12005, true);
INSERT INTO base_items VALUES(12006,$$Archaeoskin Jackboots of Gathering$$,$$アルケオーニス・ギャザラージャックブーツ$$,$$Bottes militaires des ressources en cuir d'archéornis$$,$$Archaeoleder-Kampfstiefel des Eifers$$,$$b712f0a898e$$);
INSERT INTO items(base_item_id, hq) VALUES(12006, false),(12006, true);
INSERT INTO base_items VALUES(12007,$$Wyvernskin Workboots$$,$$ワイバーンワークブーツ$$,$$Bottes de travail en cuir de wyverne$$,$$Wyvernleder-Arbeitsstiefel$$,$$49f206dcbc9$$);
INSERT INTO items(base_item_id, hq) VALUES(12007, false),(12007, true);
INSERT INTO base_items VALUES(12008,$$Dhalmelskin Fringe Boots$$,$$ダルメルフリンジブーツ$$,$$Bottes à franges en cuir de dhalmel$$,$$Dhalmelleder-Fransenstiefel$$,$$e9674e58c6d$$);
INSERT INTO items(base_item_id, hq) VALUES(12008, false),(12008, true);
INSERT INTO base_items VALUES(12010,$$Serpentskin Fringe Boots$$,$$アンフィプテレフリンジブーツ$$,$$Bottes à franges en cuir d'amphiptère$$,$$Schlangenleder-Fransenstiefel$$,$$af34e92c1ae$$);
INSERT INTO items(base_item_id, hq) VALUES(12010, false),(12010, true);
INSERT INTO base_items VALUES(12011,$$Holy Cedar Necklace$$,$$ホーリーシーダーネックレス$$,$$Collier en cèdre sacré$$,$$Heilige Zedern-Halskette$$,$$09525cd5f2d$$);
INSERT INTO items(base_item_id, hq) VALUES(12011, false),(12011, true);
INSERT INTO base_items VALUES(12012,$$Hallowed Chestnut Necklace$$,$$ハロードチェスナットネックレス$$,$$Collier en châtaignier sanctifié$$,$$Geheiligte Kastanien-Halskette$$,$$50a73af5a6b$$);
INSERT INTO items(base_item_id, hq) VALUES(12012, false),(12012, true);
INSERT INTO base_items VALUES(12013,$$Astral Birch Necklace$$,$$アストラルバーチネックレス$$,$$Collier en bouleau astral$$,$$Astralbirken-Halskette$$,$$888a054414a$$);
INSERT INTO items(base_item_id, hq) VALUES(12013, false),(12013, true);
INSERT INTO base_items VALUES(12014,$$Holy Cedar Armillae$$,$$ホーリーシーダーアルミラ$$,$$Armilles en cèdre sacré$$,$$Heilige Zedern-Armillae$$,$$92b388a2425$$);
INSERT INTO items(base_item_id, hq) VALUES(12014, false),(12014, true);
INSERT INTO base_items VALUES(12015,$$Hallowed Chestnut Armillae$$,$$ハロードチェスナットアルミラ$$,$$Armilles en châtaignier sanctifié$$,$$Geheiligte Kastanien-Armillae$$,$$544a36aa835$$);
INSERT INTO items(base_item_id, hq) VALUES(12015, false),(12015, true);
INSERT INTO base_items VALUES(12016,$$Astral Birch Armillae$$,$$アストラルバーチアルミラ$$,$$Armilles en bouleau astral$$,$$Astralbirken-Armillae$$,$$aa23e2857cf$$);
INSERT INTO items(base_item_id, hq) VALUES(12016, false),(12016, true);
INSERT INTO base_items VALUES(12017,$$Yeti Fang Earrings$$,$$イエティファングイヤリング$$,$$Boucles d'oreilles en croc de yéti$$,$$Yetihauer-Ohrringe$$,$$192ad3da9bd$$);
INSERT INTO items(base_item_id, hq) VALUES(12017, false),(12017, true);
INSERT INTO base_items VALUES(12018,$$Dragon Fang Earrings$$,$$ドラゴンファングイヤリング$$,$$Boucles d'oreilles en croc de dragon$$,$$Drachenfangzahn-Ohrringe$$,$$d441084e778$$);
INSERT INTO items(base_item_id, hq) VALUES(12018, false),(12018, true);
INSERT INTO base_items VALUES(12019,$$Aurum Regis Earrings of Crafting$$,$$オーラムレギス・クラフターピアス$$,$$Pendants d'oreilles des créations en aurum regis$$,$$Königsgold-Ohrringe des Handwerks$$,$$5c42fd3c3d8$$);
INSERT INTO items(base_item_id, hq) VALUES(12019, false),(12019, true);
INSERT INTO base_items VALUES(12020,$$Holy Cedar Ring$$,$$ホーリーシーダーリング$$,$$Bague en cèdre sacré$$,$$Heiliger Zedern-Ring$$,$$e9206a607ba$$);
INSERT INTO items(base_item_id, hq) VALUES(12020, false),(12020, true);
INSERT INTO base_items VALUES(12021,$$Hallowed Chestnut Ring$$,$$ハロードチェスナットリング$$,$$Bague en châtaignier sanctifié$$,$$Geheiligter Kastanien-Ring$$,$$b2adba4c673$$);
INSERT INTO items(base_item_id, hq) VALUES(12021, false),(12021, true);
INSERT INTO base_items VALUES(12022,$$Astral Birch Ring$$,$$アストラルバーチリング$$,$$Bague en bouleau astral$$,$$Astralbirken-Ring$$,$$f21379742ca$$);
INSERT INTO items(base_item_id, hq) VALUES(12022, false),(12022, true);
INSERT INTO base_items VALUES(12023,$$Wyvernskin Choker$$,$$ワイバーンチョーカー$$,$$Ras de cou en cuir de wyverne$$,$$Wyvernleder-Halsberge$$,$$5ef851b6ac8$$);
INSERT INTO items(base_item_id, hq) VALUES(12023, false),(12023, true);
INSERT INTO base_items VALUES(12024,$$Dragonskin Choker$$,$$ドラゴンレザーチョーカー$$,$$Ras de cou en cuir de dragon$$,$$Drachenleder-Halsberge$$,$$306e0889f58$$);
INSERT INTO items(base_item_id, hq) VALUES(12024, false),(12024, true);
INSERT INTO base_items VALUES(12025,$$Griffin Leather Choker$$,$$グリフィンチョーカー$$,$$Ras de cou en cuir de griffon$$,$$Greifenleder-Halsberge$$,$$acbfa5a05b5$$);
INSERT INTO items(base_item_id, hq) VALUES(12025, false),(12025, true);
INSERT INTO base_items VALUES(12026,$$Wyvernskin Wristbands$$,$$ワイバーンリストバンド$$,$$Poignets en cuir de wyverne$$,$$Wyvernleder-Armbänder$$,$$b7470613f84$$);
INSERT INTO items(base_item_id, hq) VALUES(12026, false),(12026, true);
INSERT INTO base_items VALUES(12027,$$Dragonskin Wristbands$$,$$ドラゴンレザー・リストバンド$$,$$Poignets en cuir de dragon$$,$$Drachenleder-Armbänder$$,$$31238ab3975$$);
INSERT INTO items(base_item_id, hq) VALUES(12027, false),(12027, true);
INSERT INTO base_items VALUES(12028,$$Griffin Leather Wristbands$$,$$グリフィンリストバンド$$,$$Poignets en cuir de griffon$$,$$Greifenleder-Armbänder$$,$$23eb0347d19$$);
INSERT INTO items(base_item_id, hq) VALUES(12028, false),(12028, true);
INSERT INTO base_items VALUES(12029,$$Mythrite Earrings of Gathering$$,$$ミスライトギャザラーイヤリング$$,$$Boucles d'oreilles des ressources en mithrite$$,$$Mythrit-Ohrringe des Eifers$$,$$0eb089790cf$$);
INSERT INTO items(base_item_id, hq) VALUES(12029, false),(12029, true);
INSERT INTO base_items VALUES(12030,$$Hardsilver Earrings of Gathering$$,$$ハードシルバー・ギャザラーイヤリング$$,$$Boucles d'oreilles des ressources en durargent$$,$$Hartsilber-Ohrringe des Eifers$$,$$c4834aad491$$);
INSERT INTO items(base_item_id, hq) VALUES(12030, false),(12030, true);
INSERT INTO base_items VALUES(12031,$$Aurum Regis Earrings of Gathering$$,$$オーラムレギス・ギャザラーピアス$$,$$Boucles d'oreilles des ressources en aurum regis$$,$$Königsgold-Ohrringe des Eifers$$,$$f22a0dfcf25$$);
INSERT INTO items(base_item_id, hq) VALUES(12031, false),(12031, true);
INSERT INTO base_items VALUES(12032,$$Wyvernskin Ring$$,$$ワイバーンリング$$,$$Bague en cuir de wyverne$$,$$Wyvernleder-Ring$$,$$81ca4589adb$$);
INSERT INTO items(base_item_id, hq) VALUES(12032, false),(12032, true);
INSERT INTO base_items VALUES(12033,$$Dragonskin Ring$$,$$ドラゴンレザーリング$$,$$Bague en cuir de dragon$$,$$Drachenleder-Ring$$,$$9d5a9472a00$$);
INSERT INTO items(base_item_id, hq) VALUES(12033, false),(12033, true);
INSERT INTO base_items VALUES(12034,$$Griffin Leather Ring$$,$$グリフィンリング$$,$$Bague en cuir de griffon$$,$$Greifenleder-Ring$$,$$ddc4f542914$$);
INSERT INTO items(base_item_id, hq) VALUES(12034, false),(12034, true);
INSERT INTO base_items VALUES(12042,$$Heavenscracker$$,$$ヘヴンスクラッカー$$,$$Pétard céleste$$,$$Himmelsknaller$$,$$dd764f7f84a$$);
INSERT INTO items(base_item_id, hq) VALUES(12042, false);
INSERT INTO base_items VALUES(12049,$$Unicolt$$,$$ユニコルト$$,$$Bébé licorne$$,$$Kleinhorn$$,$$b205a1dd7e2$$);
INSERT INTO items(base_item_id, hq) VALUES(12049, false);
INSERT INTO base_items VALUES(12051,$$Atrophied Atomos$$,$$ミニマムアトモス$$,$$Atomos atrophié$$,$$Mini-Atomos$$,$$0d956b9675a$$);
INSERT INTO items(base_item_id, hq) VALUES(12051, false);
INSERT INTO base_items VALUES(12052,$$Owlet$$,$$オウレット$$,$$Bébé hibou$$,$$Eulette$$,$$4c5732044dd$$);
INSERT INTO items(base_item_id, hq) VALUES(12052, false);
INSERT INTO base_items VALUES(12053,$$Ugly Duckling$$,$$アグリー・ダックリング$$,$$Vilain petit canard$$,$$Hässliches Entlein$$,$$9a3695ba9a8$$);
INSERT INTO items(base_item_id, hq) VALUES(12053, false);
INSERT INTO base_items VALUES(12054,$$Gaelikitten$$,$$ゲイラキトン$$,$$Gaélichaton$$,$$Geira-Kätzchen$$,$$78ac510b66a$$);
INSERT INTO items(base_item_id, hq) VALUES(12054, false);
INSERT INTO base_items VALUES(12055,$$Clockwork Barrow$$,$$クロックワークカート$$,$$Brouette mécanique$$,$$Aufzieh-Schubkarre$$,$$94a9a96feaa$$);
INSERT INTO items(base_item_id, hq) VALUES(12055, false);
INSERT INTO base_items VALUES(12056,$$Lesser Panda$$,$$レッサーパンダ$$,$$Petit panda roux$$,$$Rotpanda-Stofftier$$,$$667ade9fe9a$$);
INSERT INTO items(base_item_id, hq) VALUES(12056, false);
INSERT INTO base_items VALUES(12057,$$Page 63$$,$$63ページ$$,$$Page 63$$,$$Seite 63$$,$$5da28b60c31$$);
INSERT INTO items(base_item_id, hq) VALUES(12057, false);
INSERT INTO base_items VALUES(12058,$$Iron Dwarf$$,$$鉄小人$$,$$Nain d'acier$$,$$Eisenzwerg$$,$$14cadfd9f08$$);
INSERT INTO items(base_item_id, hq) VALUES(12058, false);
INSERT INTO base_items VALUES(12061,$$Gestahl$$,$$ガストラ$$,$$Gestahl$$,$$Gestahl-Schoßhund$$,$$4b96847b970$$);
INSERT INTO items(base_item_id, hq) VALUES(12061, false);
INSERT INTO base_items VALUES(12062,$$Steam-powered Gobwalker G-VII$$,$$VII号スチームウォーカー$$,$$Gobblindé G-VII à vapeur$$,$$Dampf-Stampfer$$,$$e431dec6335$$);
INSERT INTO items(base_item_id, hq) VALUES(12062, false);
INSERT INTO base_items VALUES(12069,$$Gold Rush Minecart$$,$$ゴールドラッシュ$$,$$Chariot de mine mécanique$$,$$Goldrausch-Karre$$,$$a297c9e0eac$$);
INSERT INTO items(base_item_id, hq) VALUES(12069, false);
INSERT INTO base_items VALUES(12081,$$Highland Barding$$,$$ハイランド・バード$$,$$Barde des Hautes terres$$,$$Hochland-Rossharnisch$$,$$c5dc27f9796$$);
INSERT INTO items(base_item_id, hq) VALUES(12081, false);
INSERT INTO base_items VALUES(12082,$$Expanse Barding$$,$$ビスマルク・バード$$,$$Barde de Bismarck$$,$$Bismarck-Rossharnisch$$,$$d0a9bf9f777$$);
INSERT INTO items(base_item_id, hq) VALUES(12082, false);
INSERT INTO base_items VALUES(12083,$$Hive Barding$$,$$ラーヴァナ・バード$$,$$Barde de Ravana$$,$$Ravana-Rossharnisch$$,$$a3a42b063d2$$);
INSERT INTO items(base_item_id, hq) VALUES(12083, false);
INSERT INTO base_items VALUES(12084,$$Alpine Chair$$,$$イシュガルディアン・ウッドチェア$$,$$Chaise en bois ishgardaise$$,$$Ishgarder Holzstuhl$$,$$f4bdbc88a93$$);
INSERT INTO items(base_item_id, hq) VALUES(12084, false);
INSERT INTO base_items VALUES(12085,$$Alpine Round Table$$,$$イシュガルディアン・ラウンドテーブル$$,$$Table ronde ishgardaise$$,$$Ishgarder Rundtisch$$,$$a5d805293ef$$);
INSERT INTO items(base_item_id, hq) VALUES(12085, false);
INSERT INTO base_items VALUES(12086,$$Alpine Tea Set$$,$$イシュガルディアン・ティーセット$$,$$Goûter ishgardais$$,$$Ishgarder Teeservice$$,$$3b04967e9ce$$);
INSERT INTO items(base_item_id, hq) VALUES(12086, false);
INSERT INTO base_items VALUES(12087,$$Stuffed Carbuncle$$,$$招きカーバンクル$$,$$Maneki-Carbuncle$$,$$Karfunkel-Maskottchen$$,$$0537b5754c9$$);
INSERT INTO items(base_item_id, hq) VALUES(12087, false);
INSERT INTO base_items VALUES(12088,$$Oriental Breakfast$$,$$オリエンタル・モーニングセット$$,$$Petit déjeuner oriental$$,$$Fernöstliches Frühstück$$,$$5412af052e9$$);
INSERT INTO items(base_item_id, hq) VALUES(12088, false);
INSERT INTO base_items VALUES(12089,$$Nameday Cake$$,$$バースデーケーキ$$,$$Gâteau d'anniversaire$$,$$Geburtstagskuchen$$,$$534f17290e6$$);
INSERT INTO items(base_item_id, hq) VALUES(12089, false);
INSERT INTO base_items VALUES(12090,$$Cake Tray$$,$$ケーキスタンド$$,$$Assortiment de gourmandises$$,$$Etagere$$,$$7ac1e2d465f$$);
INSERT INTO items(base_item_id, hq) VALUES(12090, false);
INSERT INTO base_items VALUES(12091,$$Oriental Supper$$,$$オリエンタル・ディナーセット$$,$$Dîner oriental$$,$$Fernöstliches Abendessen$$,$$46783d5f2c8$$);
INSERT INTO items(base_item_id, hq) VALUES(12091, false);
INSERT INTO base_items VALUES(12092,$$Riviera Lunch$$,$$ラノシアン・ランチセット$$,$$Déjeuner noscéen$$,$$Riviera-Lunch$$,$$05d3ed7c7bf$$);
INSERT INTO items(base_item_id, hq) VALUES(12092, false);
INSERT INTO base_items VALUES(12093,$$Oriental Wind Chime$$,$$風鈴$$,$$Fûrin$$,$$Windglöckchen$$,$$2bc7464ce67$$);
INSERT INTO items(base_item_id, hq) VALUES(12093, false);
INSERT INTO base_items VALUES(12094,$$Toy Box$$,$$絡繰り玩具箱$$,$$Coffre à jouets$$,$$Spielzeugtruhe$$,$$fb89cfa5683$$);
INSERT INTO items(base_item_id, hq) VALUES(12094, false);
INSERT INTO base_items VALUES(12095,$$Glade Half Partition$$,$$シュラウド・ハーフパーティション$$,$$Demi-cloison sombrelinçoise$$,$$Halbhoher Wald-Raumteiler$$,$$2d1aa38a7e1$$);
INSERT INTO items(base_item_id, hq) VALUES(12095, false);
INSERT INTO base_items VALUES(12096,$$Oasis Half Partition$$,$$ザナラーン・ハーフパーティション$$,$$Demi-cloison thanalanaise$$,$$Halbhoher Oasen-Raumteiler$$,$$d1647b233fc$$);
INSERT INTO items(base_item_id, hq) VALUES(12096, false);
INSERT INTO base_items VALUES(12097,$$Cask Rack$$,$$カスクラック$$,$$Étagère à tonneaux$$,$$Fassgestell$$,$$cb465bda0b7$$);
INSERT INTO items(base_item_id, hq) VALUES(12097, false);
INSERT INTO base_items VALUES(12098,$$Display Stand$$,$$ディスプレイスタンド$$,$$Présentoir ornementé$$,$$Postament$$,$$17e3be2c914$$);
INSERT INTO items(base_item_id, hq) VALUES(12098, false);
INSERT INTO base_items VALUES(12099,$$Miniature Gold Saucer$$,$$ミニチュア・ゴールドソーサー$$,$$Gold Saucer miniature$$,$$Gold Saucer-Modell$$,$$00c559b3b7b$$);
INSERT INTO items(base_item_id, hq) VALUES(12099, false);
INSERT INTO base_items VALUES(12100,$$Royal Plotting Table$$,$$ロイヤルタクティカルテーブル$$,$$Grande table du Cartel$$,$$Königlicher Konferenztisch$$,$$e862767d83d$$);
INSERT INTO items(base_item_id, hq) VALUES(12100, false);
INSERT INTO base_items VALUES(12101,$$Round Banquet Table$$,$$バンケットラウンドテーブル$$,$$Table de banquet ronde$$,$$Runder Banketttisch$$,$$b40b6fc7003$$);
INSERT INTO items(base_item_id, hq) VALUES(12101, false);
INSERT INTO base_items VALUES(12102,$$Gold Saucer Corner Counter$$,$$ゴールドソーサー・コーナーカウンター$$,$$Comptoir en coin du Gold Saucer$$,$$Gold Saucer-Ecktresen$$,$$3a42f6770ea$$);
INSERT INTO items(base_item_id, hq) VALUES(12102, false);
INSERT INTO base_items VALUES(12103,$$Bearskin Rug$$,$$ベアーラグ$$,$$Tapis en peau d'ours$$,$$Bärenfell$$,$$7497618d5e9$$);
INSERT INTO items(base_item_id, hq) VALUES(12103, false);
INSERT INTO base_items VALUES(12104,$$Gordian Bureau$$,$$ゴルディオンの書机$$,$$Secrétaire gordien$$,$$Gordischer Schreibtisch$$,$$6ebeeb82880$$);
INSERT INTO items(base_item_id, hq) VALUES(12104, false);
INSERT INTO base_items VALUES(12105,$$Savage Gordian Bureau$$,$$ゴルディオンの書机【零式】$$,$$Secrétaire gordien ornementé$$,$$Epischer gordischer Schreibtisch$$,$$af9856afa0f$$);
INSERT INTO items(base_item_id, hq) VALUES(12105, false);
INSERT INTO base_items VALUES(12106,$$Gordian Chair$$,$$ゴルディオンの椅子$$,$$Assise gordienne$$,$$Gordischer Stuhl$$,$$8d3420bc508$$);
INSERT INTO items(base_item_id, hq) VALUES(12106, false);
INSERT INTO base_items VALUES(12107,$$Savage Gordian Chair$$,$$ゴルディオンの椅子【零式】$$,$$Assise gordienne ornementée$$,$$Epischer gordischer Stuhl$$,$$8736323875a$$);
INSERT INTO items(base_item_id, hq) VALUES(12107, false);
INSERT INTO base_items VALUES(12108,$$Star Sapphire Music Box$$,$$スターサファイアオルゴール$$,$$Boîte à musique au saphir étoilé$$,$$Sternensaphir-Spieldose$$,$$2ef3939c883$$);
INSERT INTO items(base_item_id, hq) VALUES(12108, false);
INSERT INTO base_items VALUES(12109,$$Star Ruby Music Box$$,$$スタールビーオルゴール$$,$$Boîte à musique au rubis étoilé$$,$$Sternenrubin-Spieldose$$,$$17a5c3420ff$$);
INSERT INTO items(base_item_id, hq) VALUES(12109, false);
INSERT INTO base_items VALUES(12110,$$Triple Triad Board$$,$$トリプルトライアドボード$$,$$Plateau de Triple Triade$$,$$Triple Triad-Spielbrett$$,$$e20617b7d1c$$);
INSERT INTO items(base_item_id, hq) VALUES(12110, false);
INSERT INTO base_items VALUES(12111,$$Expanse Fountain$$,$$ビスマルクの霊泉$$,$$Fontaine de Bismarck$$,$$Bismarck-Brunnen$$,$$46ee06277bf$$);
INSERT INTO items(base_item_id, hq) VALUES(12111, false);
INSERT INTO base_items VALUES(12112,$$Boundless Expanse Fountain$$,$$雲神ビスマルクの霊泉$$,$$Fontaine du Migrateur des brumes$$,$$Bismarck-Luxusbrunnen$$,$$f31a0a4d995$$);
INSERT INTO items(base_item_id, hq) VALUES(12112, false);
INSERT INTO base_items VALUES(12113,$$Topiary Moogle$$,$$モーグリトピアリー$$,$$Topiaire de Mog$$,$$Mogry-Busch$$,$$e02db405888$$);
INSERT INTO items(base_item_id, hq) VALUES(12113, false);
INSERT INTO base_items VALUES(12114,$$Standing Signboard$$,$$スタンディングサインボード$$,$$Tableau d'informations$$,$$Klapptafel$$,$$f27a85f106a$$);
INSERT INTO items(base_item_id, hq) VALUES(12114, false);
INSERT INTO base_items VALUES(12115,$$Laundry Pole$$,$$ハンギングドライヤー$$,$$Étendoir à linge de jardin$$,$$Wäschegerüst$$,$$ceccdccf51a$$);
INSERT INTO items(base_item_id, hq) VALUES(12115, false);
INSERT INTO base_items VALUES(12214,$$Grade 1 Wheel of Recreation$$,$$遊戯のエーテリアルホイールG1$$,$$Tour du divertissement I$$,$$Rad der Erholung I$$,$$34f85ec0aaa$$);
INSERT INTO items(base_item_id, hq) VALUES(12214, false);
INSERT INTO base_items VALUES(12215,$$Grade 2 Wheel of Recreation$$,$$遊戯のエーテリアルホイールG2$$,$$Tour du divertissement II$$,$$Rad der Erholung II$$,$$3648e667543$$);
INSERT INTO items(base_item_id, hq) VALUES(12215, false);
INSERT INTO base_items VALUES(12216,$$Grade 3 Wheel of Recreation$$,$$遊戯のエーテリアルホイールG3$$,$$Tour du divertissement III$$,$$Rad der Erholung III$$,$$78b70757978$$);
INSERT INTO items(base_item_id, hq) VALUES(12216, false);
INSERT INTO base_items VALUES(12220,$$Red Moko Grass$$,$$赤モコ草$$,$$Touffe d'herbe de moko rouge$$,$$Rotes Moko-Gras$$,$$ae07966e0b5$$);
INSERT INTO items(base_item_id, hq) VALUES(12220, false),(12220, true);
INSERT INTO base_items VALUES(12221,$$Cassia Log$$,$$鉄刀木$$,$$Rondin de cassier$$,$$Kassia-Holzscheit$$,$$338c41f7521$$);
INSERT INTO items(base_item_id, hq) VALUES(12221, false),(12221, true);
INSERT INTO base_items VALUES(12222,$$Chemically Treated Chimera Hide$$,$$強化キメラ生物の粗皮$$,$$Peau chimérique traitée$$,$$Chemisch behandelte Chimärenhaut$$,$$1e22b358a79$$);
INSERT INTO items(base_item_id, hq) VALUES(12222, false),(12222, true);
INSERT INTO base_items VALUES(12223,$$Raw Celestine$$,$$天青石$$,$$Célestine brute$$,$$Roh-Coelestine$$,$$208ad7b8a06$$);
INSERT INTO items(base_item_id, hq) VALUES(12223, false),(12223, true);
INSERT INTO base_items VALUES(12224,$$Vivianite$$,$$藍鉄鉱$$,$$Minerai de vivianite$$,$$Vivianit$$,$$2b1dcb75d78$$);
INSERT INTO items(base_item_id, hq) VALUES(12224, false),(12224, true);
INSERT INTO base_items VALUES(12225,$$Deep-red Crystal$$,$$深緋のクリスタル$$,$$Cristal écarlate$$,$$Scharlachroter Kristall$$,$$f1029e78d55$$);
INSERT INTO items(base_item_id, hq) VALUES(12225, false),(12225, true);
INSERT INTO base_items VALUES(12226,$$Deep-red Cluster$$,$$深緋のクラスター$$,$$Agrégat écarlate$$,$$Scharlachroter Polykristall$$,$$3c5bf9e8c84$$);
INSERT INTO items(base_item_id, hq) VALUES(12226, false),(12226, true);
INSERT INTO base_items VALUES(12227,$$Deep-green Crystal$$,$$翠緑のクリスタル$$,$$Cristal viride$$,$$Moosgrüner Kristall$$,$$9a141b67559$$);
INSERT INTO items(base_item_id, hq) VALUES(12227, false),(12227, true);
INSERT INTO base_items VALUES(12228,$$Deep-green Cluster$$,$$翠緑のクラスター$$,$$Agrégat viride$$,$$Moosgrüner Polykristall$$,$$087cd185787$$);
INSERT INTO items(base_item_id, hq) VALUES(12228, false),(12228, true);
INSERT INTO base_items VALUES(12229,$$Deep-blue Crystal$$,$$紺碧のクリスタル$$,$$Cristal azur$$,$$Azurblauer Kristall$$,$$5ca042b3545$$);
INSERT INTO items(base_item_id, hq) VALUES(12229, false),(12229, true);
INSERT INTO base_items VALUES(12230,$$Deep-blue Cluster$$,$$紺碧のクラスター$$,$$Agrégat azur$$,$$Azurblauer Polykristall$$,$$58a83a0303e$$);
INSERT INTO items(base_item_id, hq) VALUES(12230, false),(12230, true);
INSERT INTO base_items VALUES(12231,$$Farreach Canvas$$,$$ファーリーチカンバス$$,$$Canevas de la côte des Adieux$$,$$Farreach-Tuch$$,$$7ad5a24a576$$);
INSERT INTO items(base_item_id, hq) VALUES(12231, false),(12231, true);
INSERT INTO base_items VALUES(12232,$$Cassia Lumber$$,$$タガヤサン材$$,$$Madrier de cassier$$,$$Kassia-Bauholz$$,$$c3914d1d368$$);
INSERT INTO items(base_item_id, hq) VALUES(12232, false),(12232, true);
INSERT INTO base_items VALUES(12233,$$High Allagan Chimera Leather$$,$$ハイアラガンキメラレザー$$,$$Cuir chimérique haut-allagois$$,$$Hochallagisches Chimärenleder$$,$$340b4ea93b8$$);
INSERT INTO items(base_item_id, hq) VALUES(12233, false),(12233, true);
INSERT INTO base_items VALUES(12234,$$Lupin Plot$$,$$ルピナスガーデン$$,$$Lupins$$,$$Lupinen-Beet$$,$$0af57c12e31$$);
INSERT INTO items(base_item_id, hq) VALUES(12234, false);
INSERT INTO base_items VALUES(12235,$$Explorer's Campfire$$,$$探検家の焚火炉$$,$$Feu de camp d'explorateur$$,$$Entdecker-Feuerstelle$$,$$2fddf7ef989$$);
INSERT INTO items(base_item_id, hq) VALUES(12235, false);
INSERT INTO base_items VALUES(12241,$$Timeworn Archaeoskin Map$$,$$古ぼけた地図G6$$,$$Vieille carte en peau d'archéornis$$,$$Vergilbte Archaeoleder-Karte$$,$$64e5627c2e4$$);
INSERT INTO items(base_item_id, hq) VALUES(12241, false);
INSERT INTO base_items VALUES(12242,$$Timeworn Wyvernskin Map$$,$$古ぼけた地図G7$$,$$Vieille carte en peau de wyverne$$,$$Vergilbte Wyvernleder-Karte$$,$$020f450c464$$);
INSERT INTO items(base_item_id, hq) VALUES(12242, false);
INSERT INTO base_items VALUES(12243,$$Timeworn Dragonskin Map$$,$$古ぼけた地図G8$$,$$Vieille carte en peau de dragon$$,$$Vergilbte Drachenleder-Karte$$,$$c52144817d8$$);
INSERT INTO items(base_item_id, hq) VALUES(12243, false);
INSERT INTO base_items VALUES(12254,$$Gordian Gear$$,$$ゴルディオンの歯車$$,$$Petit rouage gordien$$,$$Gordisches Zahnrad$$,$$19f3c58a67f$$);
INSERT INTO items(base_item_id, hq) VALUES(12254, false);
INSERT INTO base_items VALUES(12255,$$Large Gordian Gear$$,$$ゴルディオンの大歯車$$,$$Grand rouage gordien$$,$$Großes gordisches Zahnrad$$,$$bc5fbcf6da3$$);
INSERT INTO items(base_item_id, hq) VALUES(12255, false);
INSERT INTO base_items VALUES(12256,$$Bismarck's Baleen$$,$$ビスマルクの角$$,$$Corne de Bismarck$$,$$Bismarck-Barte$$,$$15307a96280$$);
INSERT INTO items(base_item_id, hq) VALUES(12256, false);
INSERT INTO base_items VALUES(12257,$$Expanse Baleen$$,$$雲神ビスマルクの角$$,$$Corne du Migrateur des brumes$$,$$Himmels-Barte$$,$$af0ab8c2e46$$);
INSERT INTO items(base_item_id, hq) VALUES(12257, false);
INSERT INTO base_items VALUES(12258,$$Ravana's Forewing$$,$$ラーヴァナの翅$$,$$Aile de Ravana$$,$$Ravana-Schwinge$$,$$22b19fb6620$$);
INSERT INTO items(base_item_id, hq) VALUES(12258, false);
INSERT INTO base_items VALUES(12259,$$Hive Forewing$$,$$武神ラーヴァナの翅$$,$$Aile du Maître des lames$$,$$Kolonie-Schwinge$$,$$e9ecb2fc705$$);
INSERT INTO items(base_item_id, hq) VALUES(12259, false);
INSERT INTO base_items VALUES(12518,$$Mythrite Nugget$$,$$ミスライトナゲット$$,$$Pépite de mithrite$$,$$Mythrit-Nugget$$,$$cd9a6be87f3$$);
INSERT INTO items(base_item_id, hq) VALUES(12518, false),(12518, true);
INSERT INTO base_items VALUES(12519,$$Mythrite Ingot$$,$$ミスライトインゴット$$,$$Lingot de mithrite$$,$$Mythrit-Barren$$,$$42cc4c8cad6$$);
INSERT INTO items(base_item_id, hq) VALUES(12519, false),(12519, true);
INSERT INTO base_items VALUES(12520,$$Hardsilver Nugget$$,$$ハードシルバーナゲット$$,$$Pépite de durargent$$,$$Hartsilber-Nugget$$,$$53951682d68$$);
INSERT INTO items(base_item_id, hq) VALUES(12520, false),(12520, true);
INSERT INTO base_items VALUES(12521,$$Hardsilver Ingot$$,$$ハードシルバーインゴット$$,$$Lingot de durargent$$,$$Hartsilber-Barren$$,$$1d9c4880fd6$$);
INSERT INTO items(base_item_id, hq) VALUES(12521, false),(12521, true);
INSERT INTO base_items VALUES(12522,$$Aurum Regis Nugget$$,$$オーラムレギスナゲット$$,$$Pépite d'aurum regis$$,$$Königsgold-Nugget$$,$$606677f4b74$$);
INSERT INTO items(base_item_id, hq) VALUES(12522, false),(12522, true);
INSERT INTO base_items VALUES(12523,$$Aurum Regis Ingot$$,$$オーラムレギスインゴット$$,$$Lingot d'aurum regis$$,$$Königsgold-Barren$$,$$245f244b17f$$);
INSERT INTO items(base_item_id, hq) VALUES(12523, false),(12523, true);
INSERT INTO base_items VALUES(12524,$$Titanium Nugget$$,$$チタンナゲット$$,$$Pépite de titane$$,$$Titan-Nugget$$,$$ea9225b9b39$$);
INSERT INTO items(base_item_id, hq) VALUES(12524, false),(12524, true);
INSERT INTO base_items VALUES(12525,$$Titanium Ingot$$,$$チタンインゴット$$,$$Lingot de titane$$,$$Titan-Barren$$,$$71b9a21b0fb$$);
INSERT INTO items(base_item_id, hq) VALUES(12525, false),(12525, true);
INSERT INTO base_items VALUES(12526,$$Adamantite Nugget$$,$$アダマンナゲット$$,$$Pépite d'adamant$$,$$Adamantium-Nugget$$,$$d3da73ccbd7$$);
INSERT INTO items(base_item_id, hq) VALUES(12526, false),(12526, true);
INSERT INTO base_items VALUES(12527,$$Adamantite Ingot$$,$$アダマンインゴット$$,$$Lingot d'adamant$$,$$Adamantium-Barren$$,$$e6ebc968131$$);
INSERT INTO items(base_item_id, hq) VALUES(12527, false),(12527, true);
INSERT INTO base_items VALUES(12528,$$Mythrite Rivets$$,$$ミスライトリベット$$,$$Rivets en mithrite$$,$$Mythrit-Nieten$$,$$9ef049ed272$$);
INSERT INTO items(base_item_id, hq) VALUES(12528, false),(12528, true);
INSERT INTO base_items VALUES(12529,$$Titanium Rivets$$,$$チタンリベット$$,$$Rivets en titane$$,$$Titan-Nieten$$,$$3deae4683b0$$);
INSERT INTO items(base_item_id, hq) VALUES(12529, false),(12529, true);
INSERT INTO base_items VALUES(12530,$$Adamantite Rivets$$,$$アダマンリベット$$,$$Rivets en adamantium$$,$$Adamantium-Nieten$$,$$644ab5c9032$$);
INSERT INTO items(base_item_id, hq) VALUES(12530, false),(12530, true);
INSERT INTO base_items VALUES(12531,$$Mythrite Sand$$,$$精霊銀砂$$,$$Sable de mithrite$$,$$Mythrit-Sandklumpen$$,$$be73a85f632$$);
INSERT INTO items(base_item_id, hq) VALUES(12531, false),(12531, true);
INSERT INTO base_items VALUES(12532,$$Hardsilver Sand$$,$$硬銀砂$$,$$Sable de durargent$$,$$Hartsilber-Sandklumpen$$,$$0860f9869d9$$);
INSERT INTO items(base_item_id, hq) VALUES(12532, false),(12532, true);
INSERT INTO base_items VALUES(12533,$$Aurum Regis Sand$$,$$皇金砂$$,$$Sable d'aurum regis$$,$$Königsgold-Sandklumpen$$,$$97834f2f01d$$);
INSERT INTO items(base_item_id, hq) VALUES(12533, false),(12533, true);
INSERT INTO base_items VALUES(12534,$$Mythrite Ore$$,$$精霊銀鉱$$,$$Minerai de mithrite$$,$$Mythrit-Erz$$,$$8ba054dd6d4$$);
INSERT INTO items(base_item_id, hq) VALUES(12534, false),(12534, true);
INSERT INTO base_items VALUES(12535,$$Hardsilver Ore$$,$$硬銀鉱$$,$$Minerai de durargent$$,$$Hartsilber-Erz$$,$$d6a6cb46264$$);
INSERT INTO items(base_item_id, hq) VALUES(12535, false),(12535, true);
INSERT INTO base_items VALUES(12536,$$Aurum Regis Ore$$,$$皇金鉱$$,$$Minerai d'aurum regis$$,$$Königsgold-Erz$$,$$a123bde6009$$);
INSERT INTO items(base_item_id, hq) VALUES(12536, false),(12536, true);
INSERT INTO base_items VALUES(12537,$$Titanium Ore$$,$$チタン鉱$$,$$Minerai de titane$$,$$Titan-Erz$$,$$f1f08adeb9d$$);
INSERT INTO items(base_item_id, hq) VALUES(12537, false),(12537, true);
INSERT INTO base_items VALUES(12539,$$Cloud Mica$$,$$白雲母$$,$$Mica blanc$$,$$Wolkenglimmer$$,$$b6a6a34397f$$);
INSERT INTO items(base_item_id, hq) VALUES(12539, false),(12539, true);
INSERT INTO base_items VALUES(12540,$$Sun Mica$$,$$金雲母$$,$$Mica doré$$,$$Sonnenglimmer$$,$$c1ce1190462$$);
INSERT INTO items(base_item_id, hq) VALUES(12540, false),(12540, true);
INSERT INTO base_items VALUES(12541,$$Larimar$$,$$ラリマール$$,$$Larimar$$,$$Larimar$$,$$558e8b93077$$);
INSERT INTO items(base_item_id, hq) VALUES(12541, false),(12541, true);
INSERT INTO base_items VALUES(12542,$$Tiger's Eye$$,$$タイガーズアイ$$,$$Œil-de-tigre$$,$$Tigerauge$$,$$bed7274a27f$$);
INSERT INTO items(base_item_id, hq) VALUES(12542, false),(12542, true);
INSERT INTO base_items VALUES(12543,$$Agate$$,$$アゲート$$,$$Agate$$,$$Achat$$,$$c1b6e17e1ba$$);
INSERT INTO items(base_item_id, hq) VALUES(12543, false),(12543, true);
INSERT INTO base_items VALUES(12544,$$Star Ruby$$,$$スタールビー$$,$$Rubis étoilé$$,$$Sternenrubin$$,$$02386a716ed$$);
INSERT INTO items(base_item_id, hq) VALUES(12544, false),(12544, true);
INSERT INTO base_items VALUES(12545,$$Star Sapphire$$,$$スターサファイア$$,$$Saphir étoilé$$,$$Sternensaphir$$,$$ad6bc78937b$$);
INSERT INTO items(base_item_id, hq) VALUES(12545, false),(12545, true);
INSERT INTO base_items VALUES(12546,$$Opal$$,$$オパール$$,$$Opale$$,$$Opal$$,$$cc264ca0d73$$);
INSERT INTO items(base_item_id, hq) VALUES(12546, false),(12546, true);
INSERT INTO base_items VALUES(12547,$$Citrine$$,$$シトリン$$,$$Citrine$$,$$Zitrin$$,$$9d34a3bee33$$);
INSERT INTO items(base_item_id, hq) VALUES(12547, false),(12547, true);
INSERT INTO base_items VALUES(12548,$$Chrysolite$$,$$クリソライト$$,$$Chrysolite$$,$$Chrysolith$$,$$0126a2e75ec$$);
INSERT INTO items(base_item_id, hq) VALUES(12548, false),(12548, true);
INSERT INTO base_items VALUES(12549,$$Mormorion$$,$$モルモリオン$$,$$Mormorion$$,$$Morion$$,$$c52c35fa4ae$$);
INSERT INTO items(base_item_id, hq) VALUES(12549, false),(12549, true);
INSERT INTO base_items VALUES(12550,$$Carnelian$$,$$カーネリアン$$,$$Cornaline$$,$$Karneol$$,$$0f70a3eb0bb$$);
INSERT INTO items(base_item_id, hq) VALUES(12550, false),(12550, true);
INSERT INTO base_items VALUES(12551,$$Raw Larimar$$,$$ラリマール原石$$,$$Larimar brut$$,$$Roh-Larimar$$,$$5b407327943$$);
INSERT INTO items(base_item_id, hq) VALUES(12551, false),(12551, true);
INSERT INTO base_items VALUES(12552,$$Raw Tiger's Eye$$,$$タイガーズアイ原石$$,$$Œil-de-tigre brut$$,$$Roh-Tigerauge$$,$$bb83be6338e$$);
INSERT INTO items(base_item_id, hq) VALUES(12552, false),(12552, true);
INSERT INTO base_items VALUES(12553,$$Raw Agate$$,$$アゲート原石$$,$$Agate brute$$,$$Roh-Achat$$,$$1fc6051b389$$);
INSERT INTO items(base_item_id, hq) VALUES(12553, false),(12553, true);
INSERT INTO base_items VALUES(12554,$$Raw Star Ruby$$,$$スタールビー原石$$,$$Rubis étoilé brut$$,$$Roh-Sternenrubin$$,$$328048d9ae8$$);
INSERT INTO items(base_item_id, hq) VALUES(12554, false),(12554, true);
INSERT INTO base_items VALUES(12555,$$Raw Star Sapphire$$,$$スターサファイア原石$$,$$Saphir étoilé brut$$,$$Roh-Sternensaphir$$,$$dfbec1b9fd7$$);
INSERT INTO items(base_item_id, hq) VALUES(12555, false),(12555, true);
INSERT INTO base_items VALUES(12556,$$Raw Opal$$,$$オパール原石$$,$$Opale brute$$,$$Roh-Opal$$,$$24f1c18735b$$);
INSERT INTO items(base_item_id, hq) VALUES(12556, false),(12556, true);
INSERT INTO base_items VALUES(12557,$$Raw Citrine$$,$$シトリン原石$$,$$Citrine brute$$,$$Roh-Zitrin$$,$$82e97d849fa$$);
INSERT INTO items(base_item_id, hq) VALUES(12557, false),(12557, true);
INSERT INTO base_items VALUES(12558,$$Raw Chrysolite$$,$$クリソライト原石$$,$$Chrysolite brute$$,$$Roh-Chrysolith$$,$$b2b761c443a$$);
INSERT INTO items(base_item_id, hq) VALUES(12558, false),(12558, true);
INSERT INTO base_items VALUES(12559,$$Raw Mormorion$$,$$モルモリオン原石$$,$$Mormorion brut$$,$$Roh-Morion$$,$$25137701c08$$);
INSERT INTO items(base_item_id, hq) VALUES(12559, false),(12559, true);
INSERT INTO base_items VALUES(12560,$$Raw Carnelian$$,$$カーネリアン原石$$,$$Cornaline brute$$,$$Roh-Karneol$$,$$8038ef9ad9f$$);
INSERT INTO items(base_item_id, hq) VALUES(12560, false),(12560, true);
INSERT INTO base_items VALUES(12561,$$Cloud Mica Whetstone$$,$$白雲母砥石$$,$$Pierre à aiguiser en mica blanc$$,$$Wolkenglimmer-Wetzstein$$,$$464daafdc74$$);
INSERT INTO items(base_item_id, hq) VALUES(12561, false),(12561, true);
INSERT INTO base_items VALUES(12562,$$Archaeornis Leather$$,$$アルケオーニスレザー$$,$$Cuir d'archéornis$$,$$Archaeoleder$$,$$6e555642c9a$$);
INSERT INTO items(base_item_id, hq) VALUES(12562, false),(12562, true);
INSERT INTO base_items VALUES(12563,$$Wyvern Leather$$,$$ワイバーンレザー$$,$$Cuir de wyverne$$,$$Wyvernleder$$,$$f2459e08d0b$$);
INSERT INTO items(base_item_id, hq) VALUES(12563, false),(12563, true);
INSERT INTO base_items VALUES(12564,$$Dhalmel Leather$$,$$ダルメルレザー$$,$$Cuir de dhalmel$$,$$Dhalmelleder$$,$$9d69b7ea262$$);
INSERT INTO items(base_item_id, hq) VALUES(12564, false),(12564, true);
INSERT INTO base_items VALUES(12565,$$Dragon Leather$$,$$ドラゴンレザー$$,$$Cuir de dragon$$,$$Drachenleder$$,$$ad08e38057b$$);
INSERT INTO items(base_item_id, hq) VALUES(12565, false),(12565, true);
INSERT INTO base_items VALUES(12566,$$Amphiptere Leather$$,$$アンフィプテレレザー$$,$$Cuir d'amphiptère$$,$$Amphiterenleder$$,$$2ac3687aaf4$$);
INSERT INTO items(base_item_id, hq) VALUES(12566, false),(12566, true);
INSERT INTO base_items VALUES(12567,$$Griffin Leather$$,$$グリフィンレザー$$,$$Cuir de griffon$$,$$Greifenleder$$,$$a5b2f2bf827$$);
INSERT INTO items(base_item_id, hq) VALUES(12567, false),(12567, true);
INSERT INTO base_items VALUES(12568,$$Archaeornis Skin$$,$$アルケオーニスの粗皮$$,$$Peau d'archéornis$$,$$Archaeohaut$$,$$244dfde4b79$$);
INSERT INTO items(base_item_id, hq) VALUES(12568, false),(12568, true);
INSERT INTO base_items VALUES(12569,$$Wyvern Skin$$,$$ワイバーンの粗皮$$,$$Peau de wyverne$$,$$Wyvernhaut$$,$$de17cd6832c$$);
INSERT INTO items(base_item_id, hq) VALUES(12569, false),(12569, true);
INSERT INTO base_items VALUES(12570,$$Dhalmel Hide$$,$$ダルメルの粗皮$$,$$Peau de dhalmel$$,$$Dhalmelhaut$$,$$6ff67449446$$);
INSERT INTO items(base_item_id, hq) VALUES(12570, false),(12570, true);
INSERT INTO base_items VALUES(12571,$$Dragon Skin$$,$$ドラゴンの粗皮$$,$$Peau de dragon$$,$$Drachenhaut$$,$$176ac6bd7d2$$);
INSERT INTO items(base_item_id, hq) VALUES(12571, false),(12571, true);
INSERT INTO base_items VALUES(12572,$$Amphiptere Skin$$,$$アンフィプテレの粗皮$$,$$Peau d'amphiptère$$,$$Amphiterenhaut$$,$$604bbe778fa$$);
INSERT INTO items(base_item_id, hq) VALUES(12572, false),(12572, true);
INSERT INTO base_items VALUES(12573,$$Griffin Hide$$,$$グリフィンの粗皮$$,$$Peau de griffon$$,$$Greifenhaut$$,$$24b168ebe72$$);
INSERT INTO items(base_item_id, hq) VALUES(12573, false),(12573, true);
INSERT INTO base_items VALUES(12574,$$Bearskin$$,$$ベアーの粗皮$$,$$Peau d'ours$$,$$Bärenhäute$$,$$61e36781c0a$$);
INSERT INTO items(base_item_id, hq) VALUES(12574, false),(12574, true);
INSERT INTO base_items VALUES(12575,$$Yeti Fang$$,$$イエティの牙$$,$$Dent de yéti$$,$$Yetifangzahn$$,$$2a7eabe0eb6$$);
INSERT INTO items(base_item_id, hq) VALUES(12575, false),(12575, true);
INSERT INTO base_items VALUES(12576,$$Dragon Fang$$,$$ドラゴンの牙$$,$$Dent de dragon$$,$$Drachenfangzahn$$,$$cb1483f48a9$$);
INSERT INTO items(base_item_id, hq) VALUES(12576, false),(12576, true);
INSERT INTO base_items VALUES(12577,$$Griffin Talon$$,$$グリフィンの爪$$,$$Serre de griffon$$,$$Greifenklaue$$,$$6c872c0e22a$$);
INSERT INTO items(base_item_id, hq) VALUES(12577, false),(12577, true);
INSERT INTO base_items VALUES(12578,$$Dark Chestnut Log$$,$$ダークチェスナット原木$$,$$Rondin de châtaignier sombre$$,$$Dunkles Kastanienholz$$,$$9233534d387$$);
INSERT INTO items(base_item_id, hq) VALUES(12578, false),(12578, true);
INSERT INTO base_items VALUES(12579,$$Birch Log$$,$$バーチ原木$$,$$Rondin de bouleau$$,$$Birkenholz$$,$$941d910d6bf$$);
INSERT INTO items(base_item_id, hq) VALUES(12579, false),(12579, true);
INSERT INTO base_items VALUES(12580,$$Holy Cedar Lumber$$,$$ホーリーシーダー材$$,$$Madrier de cèdre sacré$$,$$Heiliges Zedern-Bauholz$$,$$4627ab8fad9$$);
INSERT INTO items(base_item_id, hq) VALUES(12580, false),(12580, true);
INSERT INTO base_items VALUES(12581,$$Dark Chestnut Lumber$$,$$ダークチェスナット材$$,$$Madrier de châtaignier sombre$$,$$Dunkles Kastanien-Bauholz$$,$$991db4544c1$$);
INSERT INTO items(base_item_id, hq) VALUES(12581, false),(12581, true);
INSERT INTO base_items VALUES(12582,$$Hallowed Chestnut Lumber$$,$$ハロードチェスナット材$$,$$Madrier de châtaignier sanctifié$$,$$Geheiligtes Kastanien-Bauholz$$,$$9028e028564$$);
INSERT INTO items(base_item_id, hq) VALUES(12582, false),(12582, true);
INSERT INTO base_items VALUES(12583,$$Birch Lumber$$,$$バーチ材$$,$$Madrier de bouleau$$,$$Birken-Bauholz$$,$$989a9678e43$$);
INSERT INTO items(base_item_id, hq) VALUES(12583, false),(12583, true);
INSERT INTO base_items VALUES(12584,$$Astral Birch Lumber$$,$$アストラルバーチ材$$,$$Madrier de bouleau astral$$,$$Astralbirken-Bauholz$$,$$3493b7046bd$$);
INSERT INTO items(base_item_id, hq) VALUES(12584, false),(12584, true);
INSERT INTO base_items VALUES(12585,$$Dark Chestnut Branch$$,$$ダークチェスナットの枝$$,$$Branche de châtaignier sombre$$,$$Dunkler Kastanienast$$,$$e6ffb810040$$);
INSERT INTO items(base_item_id, hq) VALUES(12585, false),(12585, true);
INSERT INTO base_items VALUES(12586,$$Birch Branch$$,$$バーチの枝$$,$$Branche de bouleau$$,$$Birkenast$$,$$1389565e8ee$$);
INSERT INTO items(base_item_id, hq) VALUES(12586, false),(12586, true);
INSERT INTO base_items VALUES(12587,$$Wattle Bark$$,$$ワットル樹皮$$,$$Écorce d'acacia$$,$$Akazienrinde$$,$$74a45e46d83$$);
INSERT INTO items(base_item_id, hq) VALUES(12587, false),(12587, true);
INSERT INTO base_items VALUES(12588,$$Rainbow Cloth$$,$$虹布$$,$$Étoffe arc-en-ciel$$,$$Regenbogenstoff$$,$$df8ace228cb$$);
INSERT INTO items(base_item_id, hq) VALUES(12588, false),(12588, true);
INSERT INTO base_items VALUES(12589,$$Holy Rainbow Cloth$$,$$聖虹布$$,$$Étoffe arc-en-ciel sacrée$$,$$Heiliger Regenbogenstoff$$,$$bcd157418d0$$);
INSERT INTO items(base_item_id, hq) VALUES(12589, false),(12589, true);
INSERT INTO base_items VALUES(12590,$$Ramie Cloth$$,$$青麻布$$,$$Étoffe de ramie$$,$$Ramienstoff$$,$$85a3122a967$$);
INSERT INTO items(base_item_id, hq) VALUES(12590, false),(12590, true);
INSERT INTO base_items VALUES(12591,$$Hallowed Ramie Cloth$$,$$聖麻布$$,$$Étoffe de ramie sacrée$$,$$Geheiligter Ramienstoff$$,$$3c1a1f10725$$);
INSERT INTO items(base_item_id, hq) VALUES(12591, false),(12591, true);
INSERT INTO base_items VALUES(12592,$$Chimerical Felt$$,$$キマイラフェルト$$,$$Étoffe de feutre chimérique$$,$$Chimärenfilz$$,$$4d50a7f26d7$$);
INSERT INTO items(base_item_id, hq) VALUES(12592, false),(12592, true);
INSERT INTO base_items VALUES(12593,$$Astral Silk$$,$$星絹布$$,$$Étoffe de soie astrale$$,$$Astralseide$$,$$80a3455412d$$);
INSERT INTO items(base_item_id, hq) VALUES(12593, false),(12593, true);
INSERT INTO base_items VALUES(12594,$$Rainbow Thread$$,$$虹糸$$,$$Fil arc-en-ciel$$,$$Regenbogenfaden$$,$$564610980b0$$);
INSERT INTO items(base_item_id, hq) VALUES(12594, false),(12594, true);
INSERT INTO base_items VALUES(12595,$$Ramie Thread$$,$$青麻糸$$,$$Fil de ramie$$,$$Ramienfaden$$,$$02838a95bc6$$);
INSERT INTO items(base_item_id, hq) VALUES(12595, false),(12595, true);
INSERT INTO base_items VALUES(12596,$$Crawler Silk$$,$$クロウラーの絹糸$$,$$Fil de soie de chenille$$,$$Kriecher-Seidengarn$$,$$ca2fdc94b84$$);
INSERT INTO items(base_item_id, hq) VALUES(12596, false),(12596, true);
INSERT INTO base_items VALUES(12597,$$Rainbow Cotton Boll$$,$$虹綿$$,$$Fleur de coton arc-en-ciel$$,$$Regenbogen-Baumwoll-Samenkapsel$$,$$840de7a3dcb$$);
INSERT INTO items(base_item_id, hq) VALUES(12597, false),(12597, true);
INSERT INTO base_items VALUES(12598,$$Stalk of Ramie$$,$$青麻$$,$$Tige de ramie$$,$$Ramie$$,$$631896aca47$$);
INSERT INTO items(base_item_id, hq) VALUES(12598, false),(12598, true);
INSERT INTO base_items VALUES(12599,$$Chimera Mane$$,$$キマイラのタテガミ$$,$$Crinière de chimère$$,$$Chimärenmähne$$,$$71395df1d81$$);
INSERT INTO items(base_item_id, hq) VALUES(12599, false),(12599, true);
INSERT INTO base_items VALUES(12600,$$Crawler Cocoon$$,$$クロウラーのマユ$$,$$Cocon de chenille$$,$$Kriecher-Kokon$$,$$1c1f1132d3b$$);
INSERT INTO items(base_item_id, hq) VALUES(12600, false),(12600, true);
INSERT INTO base_items VALUES(12601,$$Enchanted Mythrite Ink$$,$$ミスライトエンチャントインク$$,$$Encre de mithrite enchantée$$,$$Mythrit-Zaubertinte$$,$$62c027db992$$);
INSERT INTO items(base_item_id, hq) VALUES(12601, false),(12601, true);
INSERT INTO base_items VALUES(12602,$$Enchanted Hardsilver Ink$$,$$ハードシルバー・エンチャントインク$$,$$Encre de durargent enchantée$$,$$Hartsilber-Zaubertinte$$,$$1d8e6fbaced$$);
INSERT INTO items(base_item_id, hq) VALUES(12602, false),(12602, true);
INSERT INTO base_items VALUES(12603,$$Enchanted Aurum Regis Ink$$,$$オーラムレギス・エンチャントインク$$,$$Encre d'aurum regis enchantée$$,$$Königsgold-Zaubertinte$$,$$ff7a1ffc079$$);
INSERT INTO items(base_item_id, hq) VALUES(12603, false),(12603, true);
INSERT INTO base_items VALUES(12604,$$Holy Water$$,$$聖水$$,$$Eau sacrée$$,$$Heiliges Wasser$$,$$c44fa01ac3f$$);
INSERT INTO items(base_item_id, hq) VALUES(12604, false),(12604, true);
INSERT INTO base_items VALUES(12605,$$Hallowed Water$$,$$祝聖水$$,$$Eau sanctifiée$$,$$Geheiligtes Wasser$$,$$48923ea6233$$);
INSERT INTO items(base_item_id, hq) VALUES(12605, false),(12605, true);
INSERT INTO base_items VALUES(12606,$$Astral Oil$$,$$アストラルオイル$$,$$Huile astrale$$,$$Astralöl$$,$$be15db59193$$);
INSERT INTO items(base_item_id, hq) VALUES(12606, false),(12606, true);
INSERT INTO base_items VALUES(12607,$$Growth Formula Epsilon$$,$$グロースフォーミュラ・イプシロン$$,$$Formule de croissance epsilon$$,$$Wachstumsformel Epsilon$$,$$d2b5b35b70a$$);
INSERT INTO items(base_item_id, hq) VALUES(12607, false),(12607, true);
INSERT INTO base_items VALUES(12608,$$Growth Formula Zeta$$,$$グロースフォーミュラ・ゼータ$$,$$Formule de croissance zêta$$,$$Wachstumsformel Zeta$$,$$2c378643cf0$$);
INSERT INTO items(base_item_id, hq) VALUES(12608, false),(12608, true);
INSERT INTO base_items VALUES(12609,$$Bear Fat$$,$$熊脂$$,$$Graisse d'ours$$,$$Bärenfett$$,$$32d3fa9f50f$$);
INSERT INTO items(base_item_id, hq) VALUES(12609, false),(12609, true);
INSERT INTO base_items VALUES(12610,$$Crystal Glass$$,$$クリスタルガラス$$,$$Verre en cristal$$,$$Kristallglas$$,$$18268c2caca$$);
INSERT INTO items(base_item_id, hq) VALUES(12610, false),(12610, true);
INSERT INTO base_items VALUES(12611,$$Black Firesand$$,$$黒色火薬$$,$$Sable noir incandescent$$,$$Schwarzer Feuersand$$,$$f8d5621360f$$);
INSERT INTO items(base_item_id, hq) VALUES(12611, false),(12611, true);
INSERT INTO base_items VALUES(12612,$$Grade 1 Strength Dissolvent$$,$$剛力の錬金溶剤G1$$,$$Dissolvant de force I$$,$$Stärke-Lösungsmittel I$$,$$8d869bfbc9b$$);
INSERT INTO items(base_item_id, hq) VALUES(12612, false),(12612, true);
INSERT INTO base_items VALUES(12613,$$Grade 1 Dexterity Dissolvent$$,$$眼力の錬金溶剤G1$$,$$Dissolvant de dextérité I$$,$$Geschicklichkeit-Lösungsmittel I$$,$$da59155c7ae$$);
INSERT INTO items(base_item_id, hq) VALUES(12613, false),(12613, true);
INSERT INTO base_items VALUES(12614,$$Grade 1 Vitality Dissolvent$$,$$活力の錬金溶剤G1$$,$$Dissolvant de vitalité I$$,$$Konstitution-Lösungsmittel I$$,$$29c81652bb3$$);
INSERT INTO items(base_item_id, hq) VALUES(12614, false),(12614, true);
INSERT INTO base_items VALUES(12615,$$Grade 1 Intelligence Dissolvent$$,$$知力の錬金溶剤G1$$,$$Dissolvant d'intelligence I$$,$$Intelligenz-Lösungsmittel I$$,$$32d70adca23$$);
INSERT INTO items(base_item_id, hq) VALUES(12615, false),(12615, true);
INSERT INTO base_items VALUES(12616,$$Grade 1 Mind Dissolvent$$,$$心力の錬金溶剤G1$$,$$Dissolvant d'esprit I$$,$$Willenskraft-Lösungsmittel I$$,$$ed8eb8b3801$$);
INSERT INTO items(base_item_id, hq) VALUES(12616, false),(12616, true);
INSERT INTO base_items VALUES(12617,$$Grade 2 Strength Dissolvent$$,$$剛力の錬金溶剤G2$$,$$Dissolvant de force II$$,$$Stärke-Lösungsmittel II$$,$$7efcd6f0b1d$$);
INSERT INTO items(base_item_id, hq) VALUES(12617, false),(12617, true);
INSERT INTO base_items VALUES(12618,$$Grade 2 Dexterity Dissolvent$$,$$眼力の錬金溶剤G2$$,$$Dissolvant de dextérité II$$,$$Geschicklichkeit-Lösungsmittel II$$,$$8adb26bb7f0$$);
INSERT INTO items(base_item_id, hq) VALUES(12618, false),(12618, true);
INSERT INTO base_items VALUES(12619,$$Grade 2 Vitality Dissolvent$$,$$活力の錬金溶剤G2$$,$$Dissolvant de vitalité II$$,$$Konstitution-Lösungsmittel II$$,$$b9b2ace5746$$);
INSERT INTO items(base_item_id, hq) VALUES(12619, false),(12619, true);
INSERT INTO base_items VALUES(12620,$$Grade 2 Intelligence Dissolvent$$,$$知力の錬金溶剤G2$$,$$Dissolvant d'intelligence II$$,$$Intelligenz-Lösungsmittel II$$,$$21d29e3b485$$);
INSERT INTO items(base_item_id, hq) VALUES(12620, false),(12620, true);
INSERT INTO base_items VALUES(12621,$$Grade 2 Mind Dissolvent$$,$$心力の錬金溶剤G2$$,$$Dissolvant d'esprit II$$,$$Willenskraft-Lösungsmittel II$$,$$73ef77dbc88$$);
INSERT INTO items(base_item_id, hq) VALUES(12621, false),(12621, true);
INSERT INTO base_items VALUES(12622,$$Draconian Potion of Strength$$,$$剛力の竜薬$$,$$Potion draconique de force$$,$$Drachentrank der Stärke$$,$$9a1c91f80ed$$);
INSERT INTO items(base_item_id, hq) VALUES(12622, false),(12622, true);
INSERT INTO base_items VALUES(12623,$$Draconian Potion of Dexterity$$,$$眼力の竜薬$$,$$Potion draconique de dextérité$$,$$Drachentrank der Geschicklichkeit$$,$$394c817b639$$);
INSERT INTO items(base_item_id, hq) VALUES(12623, false),(12623, true);
INSERT INTO base_items VALUES(12624,$$Draconian Potion of Vitality$$,$$活力の竜薬$$,$$Potion draconique de vitalité$$,$$Drachentrank der Konstitution$$,$$337a372f463$$);
INSERT INTO items(base_item_id, hq) VALUES(12624, false),(12624, true);
INSERT INTO base_items VALUES(12625,$$Draconian Potion of Intelligence$$,$$知力の竜薬$$,$$Potion draconique d'intelligence$$,$$Drachentrank der Intelligenz$$,$$c2f852ec418$$);
INSERT INTO items(base_item_id, hq) VALUES(12625, false),(12625, true);
INSERT INTO base_items VALUES(12626,$$Draconian Potion of Mind$$,$$心力の竜薬$$,$$Potion draconique d'esprit$$,$$Drachentrank der Willenskraft$$,$$5d44d51e4c1$$);
INSERT INTO items(base_item_id, hq) VALUES(12626, false),(12626, true);
INSERT INTO base_items VALUES(12627,$$Dragon Scale$$,$$ドラゴンの鱗$$,$$Écailles de dragon$$,$$Drachenschuppe$$,$$ee3a5c1685b$$);
INSERT INTO items(base_item_id, hq) VALUES(12627, false),(12627, true);
INSERT INTO base_items VALUES(12628,$$Deepeye Tears$$,$$ディープアイの涙$$,$$Larme d'oculus$$,$$Glotzaugen-Tränen$$,$$2d248688947$$);
INSERT INTO items(base_item_id, hq) VALUES(12628, false),(12628, true);
INSERT INTO base_items VALUES(12629,$$Dhalmel Saliva$$,$$ダルメルの唾液$$,$$Salive de dhalmel$$,$$Dhalmel-Speichel$$,$$01a4c2be406$$);
INSERT INTO items(base_item_id, hq) VALUES(12629, false),(12629, true);
INSERT INTO base_items VALUES(12630,$$Dragon Blood$$,$$竜族の血$$,$$Sang de dragon$$,$$Drachenblut$$,$$cca40d0160b$$);
INSERT INTO items(base_item_id, hq) VALUES(12630, false),(12630, true);
INSERT INTO base_items VALUES(12631,$$Dravanian Spring Water$$,$$ドラヴァニア天然水$$,$$Eau de source de Dravania$$,$$Dravanisches Quellwasser$$,$$b1b95ea9312$$);
INSERT INTO items(base_item_id, hq) VALUES(12631, false),(12631, true);
INSERT INTO base_items VALUES(12632,$$Abalathian Spring Water$$,$$アバラシア天然水$$,$$Eau de source d'Abalathia$$,$$Abalathisches Quellwasser$$,$$a22b7275089$$);
INSERT INTO items(base_item_id, hq) VALUES(12632, false),(12632, true);
INSERT INTO base_items VALUES(12633,$$Skyspring Water$$,$$浮島の泉水$$,$$Eau d'île céleste$$,$$Wolken-Quellwasser$$,$$c4bf68c2c2d$$);
INSERT INTO items(base_item_id, hq) VALUES(12633, false),(12633, true);
INSERT INTO base_items VALUES(12634,$$Seventh Heaven$$,$$アストラルフラワー$$,$$Fleur astrale$$,$$Siebter Himmel-Blume$$,$$591ad1f9679$$);
INSERT INTO items(base_item_id, hq) VALUES(12634, false),(12634, true);
INSERT INTO base_items VALUES(12635,$$Gelato Flesh$$,$$ジェラートの肉$$,$$Viande de gelato$$,$$Gelato-Fleisch$$,$$0112aef578c$$);
INSERT INTO items(base_item_id, hq) VALUES(12635, false),(12635, true);
INSERT INTO base_items VALUES(12636,$$Wyvern Wing$$,$$ワイバーンの翼膜$$,$$Aile de wyverne$$,$$Wyvern-Flügel$$,$$538fef47201$$);
INSERT INTO items(base_item_id, hq) VALUES(12636, false),(12636, true);
INSERT INTO base_items VALUES(12637,$$Icetrap Leaf$$,$$アイストラップの葉$$,$$Feuille de piège-glace$$,$$Eisfallen-Blatt$$,$$5766c9b49c4$$);
INSERT INTO items(base_item_id, hq) VALUES(12637, false),(12637, true);
INSERT INTO base_items VALUES(12638,$$Coneflower$$,$$エキナセア$$,$$Échinacée$$,$$Purpursonnenhut$$,$$6eef16e1870$$);
INSERT INTO items(base_item_id, hq) VALUES(12638, false),(12638, true);
INSERT INTO base_items VALUES(12639,$$Cow Bitter$$,$$タンジー$$,$$Tanaisie$$,$$Wurmkraut$$,$$86d3feeaec6$$);
INSERT INTO items(base_item_id, hq) VALUES(12639, false),(12639, true);
INSERT INTO base_items VALUES(12640,$$Dandelion$$,$$ダンデライオン$$,$$Pissenlit$$,$$Löwenzahn-Blüte$$,$$614538491c4$$);
INSERT INTO items(base_item_id, hq) VALUES(12640, false),(12640, true);
INSERT INTO base_items VALUES(12642,$$Rue$$,$$ヘンルーダ$$,$$Rue des jardins$$,$$Weinraute$$,$$e1e9336d16a$$);
INSERT INTO items(base_item_id, hq) VALUES(12642, false),(12642, true);
INSERT INTO base_items VALUES(12643,$$Coriander$$,$$コリアンダー$$,$$Coriandre$$,$$Koriander$$,$$eafe91b4a4b$$);
INSERT INTO items(base_item_id, hq) VALUES(12643, false),(12643, true);
INSERT INTO base_items VALUES(12644,$$Aurum Regis Cylinder$$,$$オーラムレギスシリンダー$$,$$Cylindre en aurum regis$$,$$Königsgold-Walze$$,$$e3eb4688bb5$$);
INSERT INTO items(base_item_id, hq) VALUES(12644, false),(12644, true);
INSERT INTO base_items VALUES(12645,$$Thavnairian Leather$$,$$サベネアンレザー$$,$$Cuir de Thavnair$$,$$Thavnair-Leder$$,$$f9403424e0f$$);
INSERT INTO items(base_item_id, hq) VALUES(12645, false),(12645, true);
INSERT INTO base_items VALUES(12646,$$Thavnairian Silk$$,$$サベネアンシルク$$,$$Étoffe de soie de Thavnair$$,$$Thavnair-Seide$$,$$cac097b69bb$$);
INSERT INTO items(base_item_id, hq) VALUES(12646, false),(12646, true);
INSERT INTO base_items VALUES(12647,$$Atomos Corpulence$$,$$アトモスの肉片$$,$$Chair d'Atomos$$,$$Atomos-Fett$$,$$8797a8c53c7$$);
INSERT INTO items(base_item_id, hq) VALUES(12647, false),(12647, true);
INSERT INTO base_items VALUES(12648,$$Steel Mainspring$$,$$ゼンマイバネ$$,$$Ressort moteur en acier$$,$$Stahl-Triebfeder$$,$$68f30b2f256$$);
INSERT INTO items(base_item_id, hq) VALUES(12648, false),(12648, true);
INSERT INTO base_items VALUES(12649,$$Steel Wheel Bearing$$,$$ホイールベアリング$$,$$Roulement de roue en acier$$,$$Stahl-Radlager$$,$$50f43ac51c0$$);
INSERT INTO items(base_item_id, hq) VALUES(12649, false),(12649, true);
INSERT INTO base_items VALUES(12650,$$Lupin Seedling$$,$$ルピナスの苗$$,$$Bulbe de lupin$$,$$Lupinen-Setzling$$,$$a02c893cfe7$$);
INSERT INTO items(base_item_id, hq) VALUES(12650, false),(12650, true);
INSERT INTO base_items VALUES(12651,$$Iron Giant Scrap$$,$$鉄巨人の残骸$$,$$Débris de colosse$$,$$Eisengiganten-Überreste$$,$$60efd4b3570$$);
INSERT INTO items(base_item_id, hq) VALUES(12651, false),(12651, true);
INSERT INTO base_items VALUES(12652,$$Gobwalker Shielding$$,$$VII号ゴブリ鋼板$$,$$Blindage de gobtank G-VII$$,$$Stampfer-Rüstungsteil$$,$$465dc06dfb4$$);
INSERT INTO items(base_item_id, hq) VALUES(12652, false),(12652, true);
INSERT INTO base_items VALUES(12653,$$Far Eastern Coin$$,$$東方小判$$,$$Pièce d'Extrême-Orient$$,$$Fernöstliche Münze$$,$$54b87bf0860$$);
INSERT INTO items(base_item_id, hq) VALUES(12653, false),(12653, true);
INSERT INTO base_items VALUES(12654,$$Toy Box Schema$$,$$細工箱の設計図$$,$$Schéma de boîte à malice$$,$$Spielzeugkasten-Schema$$,$$a7b52bc9428$$);
INSERT INTO items(base_item_id, hq) VALUES(12654, false),(12654, true);
INSERT INTO base_items VALUES(12655,$$Fine Alumen$$,$$デオードアルメン$$,$$Alun fin$$,$$Feinalaune$$,$$43edee55b66$$);
INSERT INTO items(base_item_id, hq) VALUES(12655, false),(12655, true);
INSERT INTO base_items VALUES(12656,$$Shrub Seedling$$,$$低木の苗$$,$$Bulbe d'arbuste$$,$$Busch-Setzling$$,$$e88d66a081c$$);
INSERT INTO items(base_item_id, hq) VALUES(12656, false),(12656, true);
INSERT INTO base_items VALUES(12657,$$Magnanimous Mogcrown$$,$$モーグリの王冠$$,$$Couronne mog$$,$$Großherzige Mogkrone$$,$$e6e6087daf7$$);
INSERT INTO items(base_item_id, hq) VALUES(12657, false),(12657, true);
INSERT INTO base_items VALUES(12658,$$Dusk Leather$$,$$ダスクレザー$$,$$Cuir du crépuscule$$,$$Dämmerungsleder$$,$$9b9cf75f151$$);
INSERT INTO items(base_item_id, hq) VALUES(12658, false);
INSERT INTO base_items VALUES(12670,$$Old World Striking Dummy$$,$$シャーレアンダミー$$,$$Mannequin d'entraînement sharlayanais$$,$$Sharlayanische Holzpuppe$$,$$3b8d55311b7$$);
INSERT INTO items(base_item_id, hq) VALUES(12670, false);
INSERT INTO base_items VALUES(12671,$$Sunflower Plot$$,$$サンフラワーガーデン$$,$$Tournesols$$,$$Sonnenblumen-Beet$$,$$5288bd17049$$);
INSERT INTO items(base_item_id, hq) VALUES(12671, false);
INSERT INTO base_items VALUES(12704,$$Stonefly Nymph$$,$$ストーンラーヴァ$$,$$Nymphe de plécoptère$$,$$Steinfliegen-Larve$$,$$c6403ce3e45$$);
INSERT INTO items(base_item_id, hq) VALUES(12704, false);
INSERT INTO base_items VALUES(12705,$$Purse Web Spider$$,$$ツチグモ$$,$$Atypidae$$,$$Tapezierspinne$$,$$cce659c7c34$$);
INSERT INTO items(base_item_id, hq) VALUES(12705, false);
INSERT INTO base_items VALUES(12706,$$Goblin Jig$$,$$ゴブリンジグ$$,$$Leurre de Gobelin$$,$$Goblinköder$$,$$5ae73cebfd7$$);
INSERT INTO items(base_item_id, hq) VALUES(12706, false);
INSERT INTO base_items VALUES(12707,$$Bladed Steel Jig$$,$$ブレーデッドジグ$$,$$Leurre en métal ciselé$$,$$Stahlköder$$,$$cf50dbc3d8b$$);
INSERT INTO items(base_item_id, hq) VALUES(12707, false);
INSERT INTO base_items VALUES(12708,$$Red Balloon$$,$$レッドバルーン$$,$$Scaraballon rouge$$,$$Roter Ballonkäfer$$,$$413a97d81e7$$);
INSERT INTO items(base_item_id, hq) VALUES(12708, false);
INSERT INTO base_items VALUES(12709,$$Magma Worm$$,$$マグマワーム$$,$$Ver de magma$$,$$Magmawurm$$,$$9bed983a255$$);
INSERT INTO items(base_item_id, hq) VALUES(12709, false);
INSERT INTO base_items VALUES(12710,$$Fiend Worm$$,$$バイオレットワーム$$,$$Ver violet$$,$$Eufelswurm$$,$$e568088edad$$);
INSERT INTO items(base_item_id, hq) VALUES(12710, false);
INSERT INTO base_items VALUES(12711,$$Brute Leech$$,$$ブルートリーチ$$,$$Sangsue bestiale$$,$$Grobegel$$,$$4a1b812df6f$$);
INSERT INTO items(base_item_id, hq) VALUES(12711, false);
INSERT INTO base_items VALUES(12712,$$Giant Crane Fly$$,$$ジャンボガガンボ$$,$$Tipule géante$$,$$Riesenschnake$$,$$696b15e1382$$);
INSERT INTO items(base_item_id, hq) VALUES(12712, false);
INSERT INTO base_items VALUES(12713,$$Icepick$$,$$アイスピックスメルト$$,$$Pic-à-glace$$,$$Eispickel$$,$$bc1f7ab1ea4$$);
INSERT INTO items(base_item_id, hq) VALUES(12713, false),(12713, true);
INSERT INTO base_items VALUES(12714,$$Cloud Coral$$,$$白雲珊瑚$$,$$Corail des nuages$$,$$Wolkenkoralle$$,$$243edf67eb6$$);
INSERT INTO items(base_item_id, hq) VALUES(12714, false),(12714, true);
INSERT INTO base_items VALUES(12715,$$Ice Faerie$$,$$ハルオネ$$,$$Fée des glaces$$,$$Eisfee$$,$$07633e7c884$$);
INSERT INTO items(base_item_id, hq) VALUES(12715, false),(12715, true);
INSERT INTO base_items VALUES(12716,$$Skyworm$$,$$スカイワーム$$,$$Ver céleste$$,$$Himmelswurm$$,$$9352dd5e7c1$$);
INSERT INTO items(base_item_id, hq) VALUES(12716, false),(12716, true);
INSERT INTO base_items VALUES(12718,$$Coerthan Crab$$,$$クルザスクラブ$$,$$Crabe du Coerthas$$,$$Coerthische Krabbe$$,$$6fb0e61e678$$);
INSERT INTO items(base_item_id, hq) VALUES(12718, false),(12718, true);
INSERT INTO base_items VALUES(12719,$$Fanged Clam$$,$$ファングクラム$$,$$Palourde crochue$$,$$Fangzahn-Muschel$$,$$1411d406df7$$);
INSERT INTO items(base_item_id, hq) VALUES(12719, false),(12719, true);
INSERT INTO base_items VALUES(12720,$$Lake Urchin$$,$$レイクアーチン$$,$$Oursin des lacs$$,$$Seeigel$$,$$b237f8bb4a9$$);
INSERT INTO items(base_item_id, hq) VALUES(12720, false),(12720, true);
INSERT INTO base_items VALUES(12721,$$Whilom Catfish$$,$$アカザ$$,$$Poisson-chat de Vairlame$$,$$Weiland-Katfisch$$,$$210177619aa$$);
INSERT INTO items(base_item_id, hq) VALUES(12721, false),(12721, true);
INSERT INTO base_items VALUES(12722,$$Blueclaw Shrimp$$,$$マクロブラキウム$$,$$Crevette géante bleue$$,$$Blauklauen-Garnele$$,$$5a2136eccdd$$);
INSERT INTO items(base_item_id, hq) VALUES(12722, false),(12722, true);
INSERT INTO base_items VALUES(12723,$$Starflower$$,$$スターフラワー$$,$$Fleur des étoiles$$,$$Sternenblume$$,$$cc0127ec360$$);
INSERT INTO items(base_item_id, hq) VALUES(12723, false),(12723, true);
INSERT INTO base_items VALUES(12724,$$Glacier Core$$,$$グレイシャーコア$$,$$Noyau de glacier$$,$$Gletscherkern$$,$$646719e5bde$$);
INSERT INTO items(base_item_id, hq) VALUES(12724, false),(12724, true);
INSERT INTO base_items VALUES(12725,$$Ogre Horn Snail$$,$$オーガホーン$$,$$Escargot corne d'ogre$$,$$Ogerhorn-Schnecke$$,$$ca88da50b12$$);
INSERT INTO items(base_item_id, hq) VALUES(12725, false),(12725, true);
INSERT INTO base_items VALUES(12726,$$Sorcerer Fish$$,$$ソーサラーフィッシュ$$,$$Poisson ensorceleur$$,$$Zaubererfisch$$,$$51ea1892b2d$$);
INSERT INTO items(base_item_id, hq) VALUES(12726, false),(12726, true);
INSERT INTO base_items VALUES(12727,$$Hotrod$$,$$ヒートロッド$$,$$Poisson-canne$$,$$Hotrod$$,$$cb58c182606$$);
INSERT INTO items(base_item_id, hq) VALUES(12727, false),(12727, true);
INSERT INTO base_items VALUES(12728,$$Maiboi$$,$$マイボイ$$,$$Maïboï$$,$$Maiboi$$,$$3a028fe6d3f$$);
INSERT INTO items(base_item_id, hq) VALUES(12728, false),(12728, true);
INSERT INTO base_items VALUES(12729,$$Three-lip Carp$$,$$スリーリップス$$,$$Carpe à trois lèvres$$,$$Dreilippen-Karpfen$$,$$2f9d60d5208$$);
INSERT INTO items(base_item_id, hq) VALUES(12729, false),(12729, true);
INSERT INTO base_items VALUES(12730,$$Bullfrog$$,$$ブルフロッグ$$,$$Grenouille-taureau$$,$$Ochsenfrosch$$,$$1df2e83106c$$);
INSERT INTO items(base_item_id, hq) VALUES(12730, false),(12730, true);
INSERT INTO base_items VALUES(12731,$$Cloudfish$$,$$クラウドフィッシュ$$,$$Poisson-nuage$$,$$Wolkenfisch$$,$$9e5fe32330a$$);
INSERT INTO items(base_item_id, hq) VALUES(12731, false),(12731, true);
INSERT INTO base_items VALUES(12732,$$Mahu Wai$$,$$マフワイ$$,$$Mahu waï$$,$$Mahu Wai$$,$$c9751b6508f$$);
INSERT INTO items(base_item_id, hq) VALUES(12732, false),(12732, true);
INSERT INTO base_items VALUES(12733,$$Rock Mussel$$,$$イシガイ$$,$$Moule des roches$$,$$Steinmuschel$$,$$bbc08f46251$$);
INSERT INTO items(base_item_id, hq) VALUES(12733, false),(12733, true);
INSERT INTO base_items VALUES(12734,$$Buoyant Oviform$$,$$フライングエッグ$$,$$Œuf volant$$,$$Flieger-Ei$$,$$170cf9500a3$$);
INSERT INTO items(base_item_id, hq) VALUES(12734, false),(12734, true);
INSERT INTO base_items VALUES(12735,$$Whiteloom$$,$$スカイルーム$$,$$Chanterelle céleste$$,$$Weißschimmer$$,$$9d4bd42a5a1$$);
INSERT INTO items(base_item_id, hq) VALUES(12735, false),(12735, true);
INSERT INTO base_items VALUES(12736,$$Blue Cloud Coral$$,$$青空珊瑚$$,$$Corail céruléen$$,$$Blaue Wolkenkoralle$$,$$07d8758c167$$);
INSERT INTO items(base_item_id, hq) VALUES(12736, false),(12736, true);
INSERT INTO base_items VALUES(12737,$$Seema Patrician$$,$$ノーブルシーマ$$,$$Seema noble$$,$$Patrizier-Seema$$,$$329adf2bd18$$);
INSERT INTO items(base_item_id, hq) VALUES(12737, false),(12737, true);
INSERT INTO base_items VALUES(12738,$$Ammonite$$,$$アンモナイト$$,$$Ammonite$$,$$Ammonit$$,$$ca2de4324bc$$);
INSERT INTO items(base_item_id, hq) VALUES(12738, false),(12738, true);
INSERT INTO base_items VALUES(12739,$$Bubble Eye$$,$$出目金$$,$$Poisson télescope$$,$$Blasenauge$$,$$c49b66cf508$$);
INSERT INTO items(base_item_id, hq) VALUES(12739, false),(12739, true);
INSERT INTO base_items VALUES(12740,$$Grass Carp$$,$$草魚$$,$$Carpe de roseau$$,$$Graskarpfen$$,$$617b32765e2$$);
INSERT INTO items(base_item_id, hq) VALUES(12740, false),(12740, true);
INSERT INTO base_items VALUES(12741,$$Pipira Pira$$,$$ピピラ・ピラ$$,$$Pipira pira$$,$$Pipira Pira$$,$$c791420a7ba$$);
INSERT INTO items(base_item_id, hq) VALUES(12741, false),(12741, true);
INSERT INTO base_items VALUES(12742,$$Dravanian Squeaker$$,$$サカサナマズ$$,$$Silure renversé$$,$$Dravanischer Rückenschwimmer$$,$$5fd3f0c1c87$$);
INSERT INTO items(base_item_id, hq) VALUES(12742, false),(12742, true);
INSERT INTO base_items VALUES(12743,$$Kissing Fish$$,$$キッシング・グラミー$$,$$Gourami embrasseur$$,$$Küssender Gurami$$,$$20d8193888a$$);
INSERT INTO items(base_item_id, hq) VALUES(12743, false),(12743, true);
INSERT INTO base_items VALUES(12744,$$Mitre Slug$$,$$ミトラスラッグ$$,$$Limace-mitre$$,$$Mitraschnecke$$,$$df155741c4c$$);
INSERT INTO items(base_item_id, hq) VALUES(12744, false),(12744, true);
INSERT INTO base_items VALUES(12745,$$Lava Crab$$,$$ラーヴァクラブ$$,$$Crabe de lave$$,$$Lavakrabbe$$,$$3d240e9fdec$$);
INSERT INTO items(base_item_id, hq) VALUES(12745, false),(12745, true);
INSERT INTO base_items VALUES(12746,$$Storm Core$$,$$ストームコア$$,$$Cœur-d'orage$$,$$Sturmkern$$,$$233d342f51d$$);
INSERT INTO items(base_item_id, hq) VALUES(12746, false),(12746, true);
INSERT INTO base_items VALUES(12747,$$Scholar Sculpin$$,$$サリャクスカルピン$$,$$Chabot érudit$$,$$Forscher-Groppe$$,$$5f619fb632e$$);
INSERT INTO items(base_item_id, hq) VALUES(12747, false),(12747, true);
INSERT INTO base_items VALUES(12748,$$Gigant Grouper$$,$$ギガントグルーパー$$,$$Garoupa géant$$,$$Riesenzackenbarsch$$,$$01b0ef29500$$);
INSERT INTO items(base_item_id, hq) VALUES(12748, false),(12748, true);
INSERT INTO base_items VALUES(12749,$$Vanuhead$$,$$バヌバヌヘッド$$,$$Tête-de-Vanu$$,$$Vanukopf$$,$$8011e3472d2$$);
INSERT INTO items(base_item_id, hq) VALUES(12749, false),(12749, true);
INSERT INTO base_items VALUES(12750,$$Marble Oscar$$,$$アストロノータス$$,$$Oscar marbré$$,$$Marmorbarsch$$,$$ed088c9a8b9$$);
INSERT INTO items(base_item_id, hq) VALUES(12750, false),(12750, true);
INSERT INTO base_items VALUES(12751,$$Lungfish$$,$$肺魚$$,$$Dipnoi$$,$$Lungenfisch$$,$$5995971c98f$$);
INSERT INTO items(base_item_id, hq) VALUES(12751, false),(12751, true);
INSERT INTO base_items VALUES(12752,$$Tigerfish$$,$$タイガーフィッシュ$$,$$Poisson tigre$$,$$Tigerfisch$$,$$a413a47e78c$$);
INSERT INTO items(base_item_id, hq) VALUES(12752, false),(12752, true);
INSERT INTO base_items VALUES(12753,$$Sky Faerie$$,$$スカイフェアリー・セレネ$$,$$Fée lunaire$$,$$Himmelsfee$$,$$b007ed490e3$$);
INSERT INTO items(base_item_id, hq) VALUES(12753, false),(12753, true);
INSERT INTO base_items VALUES(12754,$$Granite Crab$$,$$グラナイトクラブ$$,$$Crabe de granite$$,$$Granitkrabbe$$,$$f32036e0522$$);
INSERT INTO items(base_item_id, hq) VALUES(12754, false),(12754, true);
INSERT INTO base_items VALUES(12755,$$Aithon's Colt$$,$$アイトーンコルト$$,$$Poulain d'Aithon$$,$$Aithons Colt$$,$$44cac8875f8$$);
INSERT INTO items(base_item_id, hq) VALUES(12755, false),(12755, true);
INSERT INTO base_items VALUES(12756,$$Shipworm$$,$$シップワーム$$,$$Taret$$,$$Schiffsbohrwurm$$,$$55d2839f84f$$);
INSERT INTO items(base_item_id, hq) VALUES(12756, false),(12756, true);
INSERT INTO base_items VALUES(12757,$$Hedgemole Cricket$$,$$グリロタルパ$$,$$Courtilière nageuse$$,$$Stachelmullgrille$$,$$9b26faf58e9$$);
INSERT INTO items(base_item_id, hq) VALUES(12757, false),(12757, true);
INSERT INTO base_items VALUES(12758,$$Mogpom$$,$$ポンポンポン$$,$$Marimog$$,$$Mogpom$$,$$0d6c1535072$$);
INSERT INTO items(base_item_id, hq) VALUES(12758, false),(12758, true);
INSERT INTO base_items VALUES(12759,$$Magma Tree$$,$$マグマツリー$$,$$Arbre de magma$$,$$Magmabaum$$,$$8c2f34ea087$$);
INSERT INTO items(base_item_id, hq) VALUES(12759, false),(12759, true);
INSERT INTO base_items VALUES(12760,$$Cloud Rider$$,$$アバーブクラウド$$,$$Saute-nuage$$,$$Wolkenreiter$$,$$1aeda08d4cd$$);
INSERT INTO items(base_item_id, hq) VALUES(12760, false),(12760, true);
INSERT INTO base_items VALUES(12761,$$Dravanian Bass$$,$$ドラヴァニアンバス$$,$$Bar dravanien$$,$$Dravanischer Barsch$$,$$52d1702bd8d$$);
INSERT INTO items(base_item_id, hq) VALUES(12761, false),(12761, true);
INSERT INTO base_items VALUES(12762,$$Coerthan Puffer$$,$$クルザスパファー$$,$$Tétrodon du Coerthas$$,$$Coerthischer Kugelfisch$$,$$3eec062265a$$);
INSERT INTO items(base_item_id, hq) VALUES(12762, false),(12762, true);
INSERT INTO base_items VALUES(12763,$$Snowcaller$$,$$雪乞魚$$,$$Poisson cherche-neige$$,$$Schneerufer$$,$$13940fc5fe2$$);
INSERT INTO items(base_item_id, hq) VALUES(12763, false),(12763, true);
INSERT INTO base_items VALUES(12764,$$Dragonhead$$,$$ドラゴンカブリ$$,$$Crâne-de-dragon$$,$$Drachenkopf$$,$$10426e03a94$$);
INSERT INTO items(base_item_id, hq) VALUES(12764, false),(12764, true);
INSERT INTO base_items VALUES(12765,$$Mercy Staff$$,$$氷神魚$$,$$Déesse des neiges$$,$$Schneegöttin$$,$$b41c0cb9281$$);
INSERT INTO items(base_item_id, hq) VALUES(12765, false),(12765, true);
INSERT INTO base_items VALUES(12766,$$Rime Eater$$,$$アイスイーター$$,$$Gobe-givre$$,$$Raureiffresser$$,$$0a9570ae4b3$$);
INSERT INTO items(base_item_id, hq) VALUES(12766, false),(12766, true);
INSERT INTO base_items VALUES(12767,$$Warmwater Bichir$$,$$ポリプテルス$$,$$Polyptère solaire$$,$$Warmwasser-Flösselhecht$$,$$60ba4c94a07$$);
INSERT INTO items(base_item_id, hq) VALUES(12767, false),(12767, true);
INSERT INTO base_items VALUES(12768,$$Noontide Oscar$$,$$ホワイトオスカー$$,$$Oscar blanc$$,$$Albinobarsch$$,$$c1009ba7ac1$$);
INSERT INTO items(base_item_id, hq) VALUES(12768, false),(12768, true);
INSERT INTO base_items VALUES(12769,$$Shadowhisker$$,$$ジャウー$$,$$Silure-jaguar$$,$$Schattenbackenbart$$,$$4dd92b8b34c$$);
INSERT INTO items(base_item_id, hq) VALUES(12769, false),(12769, true);
INSERT INTO base_items VALUES(12770,$$Gobbie Mask$$,$$ゴブリパス$$,$$Poulpe gobelin$$,$$Goblinmaske$$,$$ee548108492$$);
INSERT INTO items(base_item_id, hq) VALUES(12770, false),(12770, true);
INSERT INTO base_items VALUES(12771,$$Blue Medusa$$,$$スカイメデューサ$$,$$Méduse céruléenne$$,$$Blaue Medusa$$,$$a6e14d31669$$);
INSERT INTO items(base_item_id, hq) VALUES(12771, false),(12771, true);
INSERT INTO base_items VALUES(12772,$$Cindersmith$$,$$キンバーナイト$$,$$Gibbule de basalte$$,$$Zunderschmied$$,$$7d4f46db11e$$);
INSERT INTO items(base_item_id, hq) VALUES(12772, false),(12772, true);
INSERT INTO base_items VALUES(12773,$$Bullwhip$$,$$ブラックウィップ$$,$$Gobie-fouet$$,$$Peitschenfisch$$,$$69ff474954d$$);
INSERT INTO items(base_item_id, hq) VALUES(12773, false),(12773, true);
INSERT INTO base_items VALUES(12775,$$High Allagan Helmet$$,$$ハイアラガンクラブ$$,$$Limule haut-allagoise$$,$$Hochallagische Krabbe$$,$$999f9b3a9d1$$);
INSERT INTO items(base_item_id, hq) VALUES(12775, false),(12775, true);
INSERT INTO base_items VALUES(12776,$$Platinum Fish$$,$$白金魚$$,$$Cyprin platiné$$,$$Platinfisch$$,$$d4d93ca2bff$$);
INSERT INTO items(base_item_id, hq) VALUES(12776, false),(12776, true);
INSERT INTO base_items VALUES(12777,$$Aether Eye$$,$$エーテルアイ$$,$$Œil-d'éther$$,$$Ätherauge$$,$$e31ea9eb313$$);
INSERT INTO items(base_item_id, hq) VALUES(12777, false),(12777, true);
INSERT INTO base_items VALUES(12778,$$Azysfish$$,$$アジスフィッシュ$$,$$Killi d'Azys$$,$$Azysfisch$$,$$6d6cb98e323$$);
INSERT INTO items(base_item_id, hq) VALUES(12778, false),(12778, true);
INSERT INTO base_items VALUES(12779,$$Crystalfin$$,$$クリスタルフィッシュ$$,$$Poisson de cristal$$,$$Kristallflosse$$,$$29335cc6f7b$$);
INSERT INTO items(base_item_id, hq) VALUES(12779, false),(12779, true);
INSERT INTO base_items VALUES(12780,$$Sweetfish$$,$$香魚$$,$$Poisson-sucre$$,$$Süßfisch$$,$$4c8ca475149$$);
INSERT INTO items(base_item_id, hq) VALUES(12780, false),(12780, true);
INSERT INTO base_items VALUES(12781,$$Orn Butterfly$$,$$バタフライフィッシュ$$,$$Poisson-papillon$$,$$Orn-Schmetterling$$,$$c9ee71f3316$$);
INSERT INTO items(base_item_id, hq) VALUES(12781, false),(12781, true);
INSERT INTO base_items VALUES(12782,$$Hundred Fin$$,$$バサバサ$$,$$Rascasse à crête$$,$$Hundertflosse$$,$$a0c287efda7$$);
INSERT INTO items(base_item_id, hq) VALUES(12782, false),(12782, true);
INSERT INTO base_items VALUES(12783,$$Autumn Leaf$$,$$リーフフィッシュ$$,$$Poisson-feuille$$,$$Herbstlaub$$,$$30fe91ca981$$);
INSERT INTO items(base_item_id, hq) VALUES(12783, false),(12783, true);
INSERT INTO base_items VALUES(12784,$$Manasail$$,$$マナセイル$$,$$Voile-de-mana$$,$$Manasegler$$,$$37a934c19c0$$);
INSERT INTO items(base_item_id, hq) VALUES(12784, false),(12784, true);
INSERT INTO base_items VALUES(12785,$$Sky Sweeper$$,$$スカイスウィーパー$$,$$Rémora céleste$$,$$Himmelsfeger$$,$$6f5f8fed8dd$$);
INSERT INTO items(base_item_id, hq) VALUES(12785, false),(12785, true);
INSERT INTO base_items VALUES(12786,$$Magma Louse$$,$$マグマラウス$$,$$Pou de magma$$,$$Magmalaus$$,$$31cbb2e3dec$$);
INSERT INTO items(base_item_id, hq) VALUES(12786, false),(12786, true);
INSERT INTO base_items VALUES(12787,$$Cometoise$$,$$コメットータス$$,$$Tortue comète$$,$$Kometenkröte$$,$$d825e0da1ac$$);
INSERT INTO items(base_item_id, hq) VALUES(12787, false),(12787, true);
INSERT INTO base_items VALUES(12788,$$Aetherochemical Compound #123$$,$$魔科学物質123$$,$$Produit expérimental n°123$$,$$Ätherochemischer Verbund Nr. 123$$,$$ddacf443baf$$);
INSERT INTO items(base_item_id, hq) VALUES(12788, false),(12788, true);
INSERT INTO base_items VALUES(12789,$$Brown Bolo$$,$$ブラウンブーメラン$$,$$Boomerang brun$$,$$Brauner Bumerang$$,$$2e83d8ccf0a$$);
INSERT INTO items(base_item_id, hq) VALUES(12789, false),(12789, true);
INSERT INTO base_items VALUES(12790,$$Philosopher's Stone$$,$$学士貝$$,$$Telline d'aspirant$$,$$Philosophenstein$$,$$d1eed1a0d82$$);
INSERT INTO items(base_item_id, hq) VALUES(12790, false),(12790, true);
INSERT INTO base_items VALUES(12791,$$Fountfish$$,$$ブレードガンナー$$,$$Poisson-arbalétrier$$,$$Quellenfisch$$,$$0e70444805a$$);
INSERT INTO items(base_item_id, hq) VALUES(12791, false),(12791, true);
INSERT INTO base_items VALUES(12792,$$Weston Bowfin$$,$$アミア・カルヴァ$$,$$Poisson-loutre$$,$$Westen-Kahlhecht$$,$$46c91529faf$$);
INSERT INTO items(base_item_id, hq) VALUES(12792, false),(12792, true);
INSERT INTO base_items VALUES(12793,$$Letter Puffer$$,$$バルーンパファー$$,$$Tétrodon-ballon$$,$$Ballon-Kugelfisch$$,$$d2bfa31dca9$$);
INSERT INTO items(base_item_id, hq) VALUES(12793, false),(12793, true);
INSERT INTO base_items VALUES(12794,$$Star Faerie$$,$$スカイフェアリー・エオス$$,$$Fée aurorale$$,$$Sternenfee$$,$$e75874e96a6$$);
INSERT INTO items(base_item_id, hq) VALUES(12794, false),(12794, true);
INSERT INTO base_items VALUES(12795,$$Gloaming Coral$$,$$夕空珊瑚$$,$$Corail crépusculaire$$,$$Dämmerkoralle$$,$$d6f3d39935a$$);
INSERT INTO items(base_item_id, hq) VALUES(12795, false),(12795, true);
INSERT INTO base_items VALUES(12796,$$Albino Octopus$$,$$ホワイトオクトパス$$,$$Poulpe blanc$$,$$Albino-Oktopus$$,$$87bfb8120c3$$);
INSERT INTO items(base_item_id, hq) VALUES(12796, false),(12796, true);
INSERT INTO base_items VALUES(12797,$$Dragon's Soul$$,$$ドラゴンソウル$$,$$Âme-de-dragon$$,$$Drachenseele$$,$$d7c9f51460d$$);
INSERT INTO items(base_item_id, hq) VALUES(12797, false),(12797, true);
INSERT INTO base_items VALUES(12798,$$Tornado Shark$$,$$トルネドシャーク$$,$$Requin-tornade$$,$$Tornadohai$$,$$12a36024ade$$);
INSERT INTO items(base_item_id, hq) VALUES(12798, false),(12798, true);
INSERT INTO base_items VALUES(12799,$$Warballoon$$,$$ハイウィンドジェリー$$,$$Méduse-dirigeable$$,$$Hochwindqualle$$,$$94878605a9c$$);
INSERT INTO items(base_item_id, hq) VALUES(12799, false),(12799, true);
INSERT INTO base_items VALUES(12800,$$Fossiltongue$$,$$フォッシルアロワナ$$,$$Arowana fossile$$,$$Fossilienzüngler$$,$$c792c0f6951$$);
INSERT INTO items(base_item_id, hq) VALUES(12800, false),(12800, true);
INSERT INTO base_items VALUES(12801,$$Proto-hropken$$,$$プロプケン$$,$$Protohropken$$,$$Proto-Hropken$$,$$76f53890aac$$);
INSERT INTO items(base_item_id, hq) VALUES(12801, false),(12801, true);
INSERT INTO base_items VALUES(12802,$$Caiman$$,$$カイマン$$,$$Caïman$$,$$Kaiman$$,$$42c50a9cd0f$$);
INSERT INTO items(base_item_id, hq) VALUES(12802, false),(12802, true);
INSERT INTO base_items VALUES(12803,$$Euphotic Pirarucu$$,$$バイオピラルク$$,$$Pirarucu allagois$$,$$Euphotischer Pirarucu$$,$$620321e7c02$$);
INSERT INTO items(base_item_id, hq) VALUES(12803, false),(12803, true);
INSERT INTO base_items VALUES(12804,$$Illuminati Perch$$,$$イルミナティパーチ$$,$$Perche Main indigo$$,$$Indigobarsch$$,$$79be43b4ebf$$);
INSERT INTO items(base_item_id, hq) VALUES(12804, false),(12804, true);
INSERT INTO base_items VALUES(12805,$$Rudderfish$$,$$スカイハイフィッシュ$$,$$Poisson-javelot$$,$$Ruderfisch$$,$$d126e68e538$$);
INSERT INTO items(base_item_id, hq) VALUES(12805, false),(12805, true);
INSERT INTO base_items VALUES(12806,$$Bomb Puffer$$,$$ガスボムパファー$$,$$Tétrodon-bombe$$,$$Bomben-Kugelfisch$$,$$58809076509$$);
INSERT INTO items(base_item_id, hq) VALUES(12806, false),(12806, true);
INSERT INTO base_items VALUES(12807,$$Mucous Minnow$$,$$魔魚$$,$$Carpe muqueuse$$,$$Schleimwobbler$$,$$9b7e772916d$$);
INSERT INTO items(base_item_id, hq) VALUES(12807, false),(12807, true);
INSERT INTO base_items VALUES(12808,$$Unidentified Flying Biomass$$,$$未確認飛行生物$$,$$Organisme volant non identifié$$,$$Unidentifizierte fliegende Biomasse$$,$$da4819906b7$$);
INSERT INTO items(base_item_id, hq) VALUES(12808, false),(12808, true);
INSERT INTO base_items VALUES(12809,$$Hospitalier Fish$$,$$ガラ・ルファ$$,$$Poisson-docteur$$,$$Doktorfisch$$,$$effece25edd$$);
INSERT INTO items(base_item_id, hq) VALUES(12809, false),(12809, true);
INSERT INTO base_items VALUES(12810,$$Scorpionfly$$,$$スコーピオンフライ$$,$$Crevette-scorpion$$,$$Skorpionfliege$$,$$491b2870772$$);
INSERT INTO items(base_item_id, hq) VALUES(12810, false),(12810, true);
INSERT INTO base_items VALUES(12811,$$Rockclimber$$,$$ロッククライマー$$,$$Gobie grimpeur$$,$$Felsenkletterer$$,$$9b2bbbb7ca9$$);
INSERT INTO items(base_item_id, hq) VALUES(12811, false),(12811, true);
INSERT INTO base_items VALUES(12812,$$Blood Skipper$$,$$ブラッドスキッパー$$,$$Gobie sanglant$$,$$Blutskipper$$,$$4dfb757a7c1$$);
INSERT INTO items(base_item_id, hq) VALUES(12812, false),(12812, true);
INSERT INTO base_items VALUES(12813,$$Cobrafish$$,$$コブラフィッシュ$$,$$Poisson-cobra$$,$$Kobrafisch$$,$$b5070504da3$$);
INSERT INTO items(base_item_id, hq) VALUES(12813, false),(12813, true);
INSERT INTO base_items VALUES(12814,$$Moogle Spirit$$,$$スピリット$$,$$Esprit-de-Vanu$$,$$Mogryseele$$,$$bc858c6070a$$);
INSERT INTO items(base_item_id, hq) VALUES(12814, false),(12814, true);
INSERT INTO base_items VALUES(12815,$$Oil Eel$$,$$オイルイール$$,$$Anguille huileuse$$,$$Öl-Aal$$,$$6873c688d16$$);
INSERT INTO items(base_item_id, hq) VALUES(12815, false),(12815, true);
INSERT INTO base_items VALUES(12816,$$Jeweled Jellyfish$$,$$ジュエリージェリー$$,$$Méduse joaillière$$,$$Edelsteinqualle$$,$$2b68ad0a364$$);
INSERT INTO items(base_item_id, hq) VALUES(12816, false),(12816, true);
INSERT INTO base_items VALUES(12817,$$Battle Galley$$,$$バトルガレー$$,$$Grondin-galère$$,$$Kampfgaleere$$,$$0987f905f60$$);
INSERT INTO items(base_item_id, hq) VALUES(12817, false),(12817, true);
INSERT INTO base_items VALUES(12818,$$Yalm Lobster$$,$$ヤルムロブスター$$,$$Homard-yalm$$,$$Yalmhummer$$,$$c7fd09660e9$$);
INSERT INTO items(base_item_id, hq) VALUES(12818, false),(12818, true);
INSERT INTO base_items VALUES(12819,$$Hinterlands Perch$$,$$ヒンターランドパーチ$$,$$Perche dravanienne$$,$$Hinterlandbarsch$$,$$149c7f1ea04$$);
INSERT INTO items(base_item_id, hq) VALUES(12819, false),(12819, true);
INSERT INTO base_items VALUES(12820,$$Oven Catfish$$,$$ヨウガンナマズ$$,$$Silure volcanique$$,$$Ofen-Katfisch$$,$$e61a72b2c19$$);
INSERT INTO items(base_item_id, hq) VALUES(12820, false),(12820, true);
INSERT INTO base_items VALUES(12821,$$Pteranodon$$,$$プテラノドン$$,$$Ptéranodon$$,$$Pteranodon$$,$$50c81332813$$);
INSERT INTO items(base_item_id, hq) VALUES(12821, false),(12821, true);
INSERT INTO base_items VALUES(12822,$$Winged Gurnard$$,$$フライングガーナード$$,$$Grondin volant$$,$$Geflügelter Knurrhahn$$,$$155cab88596$$);
INSERT INTO items(base_item_id, hq) VALUES(12822, false),(12822, true);
INSERT INTO base_items VALUES(12823,$$Spring Urchin$$,$$スパエキノス$$,$$Oursin thermal$$,$$Thermal-Seeigel$$,$$1f67714da75$$);
INSERT INTO items(base_item_id, hq) VALUES(12823, false),(12823, true);
INSERT INTO base_items VALUES(12824,$$Cherry Trout$$,$$チェリートラウト$$,$$Truite cerise$$,$$Kirschforelle$$,$$32dca48f3fe$$);
INSERT INTO items(base_item_id, hq) VALUES(12824, false),(12824, true);
INSERT INTO base_items VALUES(12825,$$Stupendemys$$,$$スチュペンデミス$$,$$Archelon aérien$$,$$Stupendemys$$,$$7e2bc4af75e$$);
INSERT INTO items(base_item_id, hq) VALUES(12825, false),(12825, true);
INSERT INTO base_items VALUES(12826,$$Black Magefish$$,$$ブラックメイジフィッシュ$$,$$Poisson mage noir$$,$$Schwarzmagierfisch$$,$$b19aa89976d$$);
INSERT INTO items(base_item_id, hq) VALUES(12826, false),(12826, true);
INSERT INTO base_items VALUES(12827,$$Barreleye$$,$$バレルアイ$$,$$Poisson-jumelles$$,$$Gespensterfisch$$,$$b4faf66a1ab$$);
INSERT INTO items(base_item_id, hq) VALUES(12827, false),(12827, true);
INSERT INTO base_items VALUES(12829,$$Catkiller$$,$$ゲイラキラー$$,$$Mange-gaélichats$$,$$Geirakiller$$,$$deea91ce489$$);
INSERT INTO items(base_item_id, hq) VALUES(12829, false),(12829, true);
INSERT INTO base_items VALUES(12830,$$Loosetongue$$,$$フィロソファーアロワナ$$,$$Arowana penseur$$,$$Freizüngler$$,$$c50b60be3bc$$);
INSERT INTO items(base_item_id, hq) VALUES(12830, false),(12830, true);
INSERT INTO base_items VALUES(12831,$$Thaliak Caiman$$,$$サリャクカイマン$$,$$Caïman de Thaliak$$,$$Thaliak-Kaiman$$,$$778f68801fb$$);
INSERT INTO items(base_item_id, hq) VALUES(12831, false),(12831, true);
INSERT INTO base_items VALUES(12832,$$Lavalord$$,$$溶岩王$$,$$Seigneur du magma$$,$$Lavalord$$,$$062c8bf3f05$$);
INSERT INTO items(base_item_id, hq) VALUES(12832, false),(12832, true);
INSERT INTO base_items VALUES(12833,$$Tupuxuara$$,$$トゥプクスアラ$$,$$Tupuxuara$$,$$Tupuxuara$$,$$023b43f89b6$$);
INSERT INTO items(base_item_id, hq) VALUES(12833, false),(12833, true);
INSERT INTO base_items VALUES(12834,$$Vampiric Tapestry$$,$$ヴァンパイアブランケット$$,$$Voile-vampire$$,$$Vampirteppich$$,$$05162af1e7b$$);
INSERT INTO items(base_item_id, hq) VALUES(12834, false),(12834, true);
INSERT INTO base_items VALUES(12835,$$Storm Chaser$$,$$ストームライダー$$,$$Grondin-orage$$,$$Sturmjäger$$,$$c617882ec23$$);
INSERT INTO items(base_item_id, hq) VALUES(12835, false),(12835, true);
INSERT INTO base_items VALUES(12836,$$Berserker Betta$$,$$バーサーカーベタ$$,$$Betta berserk$$,$$Berserker-Betta$$,$$c3fd486af6f$$);
INSERT INTO items(base_item_id, hq) VALUES(12836, false),(12836, true);
INSERT INTO base_items VALUES(12837,$$Capelin$$,$$カペリン$$,$$Capelan$$,$$Kapelan$$,$$176882b5cd0$$);
INSERT INTO items(base_item_id, hq) VALUES(12837, false),(12837, true);
INSERT INTO base_items VALUES(12842,$$Ishgardian Tea$$,$$イシュガルドティー$$,$$Thé ishgardais$$,$$Ishgarder Tee$$,$$6cef670d442$$);
INSERT INTO items(base_item_id, hq) VALUES(12842, false),(12842, true);
INSERT INTO base_items VALUES(12843,$$Frozen Spirits$$,$$フローズンカクテル$$,$$Mélange glacé$$,$$Eiskalter Fruchtcocktail$$,$$6ce392723c1$$);
INSERT INTO items(base_item_id, hq) VALUES(12843, false),(12843, true);
INSERT INTO base_items VALUES(12844,$$Hot Chocolate$$,$$ホットココア$$,$$Chocolat chaud$$,$$Heiße Schokolade$$,$$096c3cb0a3b$$);
INSERT INTO items(base_item_id, hq) VALUES(12844, false),(12844, true);
INSERT INTO base_items VALUES(12845,$$Fig Bavarois$$,$$ババロア・オ・フィグ$$,$$Flan aux figues$$,$$Feigen à la Barvarois$$,$$074848e3746$$);
INSERT INTO items(base_item_id, hq) VALUES(12845, false),(12845, true);
INSERT INTO base_items VALUES(12846,$$Sohm Al Tart$$,$$ソーム・アル・オ・マロン$$,$$Sohm Al aux marrons$$,$$Mont Sohm Al$$,$$3b235d9a049$$);
INSERT INTO items(base_item_id, hq) VALUES(12846, false),(12846, true);
INSERT INTO base_items VALUES(12847,$$Marron Glace$$,$$マロングラッセ$$,$$Marrons glacés$$,$$Glasierte Glanznüsse$$,$$fb25a597fee$$);
INSERT INTO items(base_item_id, hq) VALUES(12847, false),(12847, true);
INSERT INTO base_items VALUES(12848,$$Creme Brulee$$,$$クレームブリュレ$$,$$Crème brûlée$$,$$Crème brulée$$,$$4ded7d291a0$$);
INSERT INTO items(base_item_id, hq) VALUES(12848, false),(12848, true);
INSERT INTO base_items VALUES(12849,$$Kaiser Roll$$,$$カイザーゼンメル$$,$$Pain empereur$$,$$Kaisersemmel$$,$$712e981d1cd$$);
INSERT INTO items(base_item_id, hq) VALUES(12849, false),(12849, true);
INSERT INTO base_items VALUES(12850,$$Ishgardian Muffin$$,$$イシュガルドマフィン$$,$$Pain ishgardais$$,$$Quiche Ishgarder Art$$,$$92e36043072$$);
INSERT INTO items(base_item_id, hq) VALUES(12850, false),(12850, true);
INSERT INTO base_items VALUES(12851,$$Liver-Cheese Sandwich$$,$$レバーケースゼンメル$$,$$Sandwich au fromage de foie$$,$$Leberkäsesemmel$$,$$b49271d735c$$);
INSERT INTO items(base_item_id, hq) VALUES(12851, false),(12851, true);
INSERT INTO base_items VALUES(12852,$$Almond Cream Croissant$$,$$クロワッサンアマンド$$,$$Croissant amandé$$,$$Mandelcroissant$$,$$837b3547c16$$);
INSERT INTO items(base_item_id, hq) VALUES(12852, false),(12852, true);
INSERT INTO base_items VALUES(12853,$$Sauteed Porcini$$,$$ポルチーニソテー$$,$$Bolets sautés$$,$$Porciniragout$$,$$e3813ba7478$$);
INSERT INTO items(base_item_id, hq) VALUES(12853, false),(12853, true);
INSERT INTO base_items VALUES(12854,$$Morel Salad$$,$$モリーユサラダ$$,$$Salade verte aux morilles$$,$$Mörchel-Salat$$,$$b5294844d36$$);
INSERT INTO items(base_item_id, hq) VALUES(12854, false),(12854, true);
INSERT INTO base_items VALUES(12855,$$Grilled Sweetfish$$,$$グリルドスイートフィッシュ$$,$$Poisson-sucre grillé$$,$$Gegrillte Purpur-Forelle$$,$$a52c19bf97c$$);
INSERT INTO items(base_item_id, hq) VALUES(12855, false),(12855, true);
INSERT INTO base_items VALUES(12856,$$Baked Pipira Pira$$,$$ベイクドピピラ・ピラ$$,$$Pipira pira au four$$,$$Gebackener Pipira Pira$$,$$c9cb0dab608$$);
INSERT INTO items(base_item_id, hq) VALUES(12856, false),(12856, true);
INSERT INTO base_items VALUES(12857,$$Urchin Loaf$$,$$アーチンテリーヌ$$,$$Terrine d'oursins$$,$$Seeigel-Pastete$$,$$4174dfa55e2$$);
INSERT INTO items(base_item_id, hq) VALUES(12857, false),(12857, true);
INSERT INTO base_items VALUES(12858,$$Cockatrice Meatballs$$,$$フリカデレ$$,$$Fricadelle de cocatrix$$,$$Cockatrice-Frikadelle$$,$$dccc8d92ef2$$);
INSERT INTO items(base_item_id, hq) VALUES(12858, false),(12858, true);
INSERT INTO base_items VALUES(12859,$$Royal Eggs$$,$$エッグロワイヤル$$,$$Œufs royaux$$,$$Eier Royal$$,$$8c0c9188f90$$);
INSERT INTO items(base_item_id, hq) VALUES(12859, false),(12859, true);
INSERT INTO base_items VALUES(12861,$$Baked Onion Soup$$,$$オニオングラタンスープ$$,$$Soupe à l'oignon$$,$$Überbackene Zwiebelsuppe$$,$$6b218c327b8$$);
INSERT INTO items(base_item_id, hq) VALUES(12861, false),(12861, true);
INSERT INTO base_items VALUES(12862,$$Beet Soup$$,$$クリムゾンスープ$$,$$Soupe pourpre$$,$$Purpurrote Beete-Suppe$$,$$c22fc7acb1d$$);
INSERT INTO items(base_item_id, hq) VALUES(12862, false),(12862, true);
INSERT INTO base_items VALUES(12863,$$Emerald Soup$$,$$エメラルドスープ$$,$$Soupe émeraude$$,$$Emeraldgrüne Bohnensuppe$$,$$6062a095615$$);
INSERT INTO items(base_item_id, hq) VALUES(12863, false),(12863, true);
INSERT INTO base_items VALUES(12865,$$Seafood Stew$$,$$トマトシチュー$$,$$Ragoût du pêcheur$$,$$Ishgarder Fischtopf$$,$$825524aa839$$);
INSERT INTO items(base_item_id, hq) VALUES(12865, false),(12865, true);
INSERT INTO base_items VALUES(12866,$$Stuffed Cabbage Rolls$$,$$挽肉のキャベツ巻き$$,$$Paupiettes de chou$$,$$Gefüllte Kohlroulade$$,$$b09335ef7c0$$);
INSERT INTO items(base_item_id, hq) VALUES(12866, false),(12866, true);
INSERT INTO base_items VALUES(12867,$$Dhalmel Gratin$$,$$アウフラウフ$$,$$Gratin de dhalmel$$,$$Dhalmel-Gratin$$,$$aef2d96dc79$$);
INSERT INTO items(base_item_id, hq) VALUES(12867, false),(12867, true);
INSERT INTO base_items VALUES(12868,$$Stuffed Chysahl$$,$$スタッフドキャベイジ$$,$$Cabus farci$$,$$Gefüllter Kohlkraut-Kopf$$,$$4cb85b0975c$$);
INSERT INTO items(base_item_id, hq) VALUES(12868, false),(12868, true);
INSERT INTO base_items VALUES(12869,$$Dhalmel Fricassee$$,$$ダルメルフリカッセ$$,$$Fricassée de dhalmel$$,$$Dhalmel-Frikassee$$,$$d684044f486$$);
INSERT INTO items(base_item_id, hq) VALUES(12869, false),(12869, true);
INSERT INTO base_items VALUES(12870,$$Snurbleberry Tart$$,$$スナーブルベリータルト$$,$$Tarte aux lainuchairelles$$,$$Flockenbeerentorte$$,$$ecedff78680$$);
INSERT INTO items(base_item_id, hq) VALUES(12870, false),(12870, true);
INSERT INTO base_items VALUES(12871,$$Gastornis Egg$$,$$ガストルニスの卵$$,$$Œuf de gastornis$$,$$Gastornis-Ei$$,$$f4f827e873b$$);
INSERT INTO items(base_item_id, hq) VALUES(12871, false),(12871, true);
INSERT INTO base_items VALUES(12872,$$Okeanis Egg$$,$$オーケアニスの卵$$,$$Œuf d'océanide$$,$$Okeanis-Ei$$,$$69526b66571$$);
INSERT INTO items(base_item_id, hq) VALUES(12872, false),(12872, true);
INSERT INTO base_items VALUES(12873,$$Loaghtan Chump$$,$$ロフタンのフランク$$,$$Viande persillée de loaghtan$$,$$Loagthan-Fleisch$$,$$86d63a75d5a$$);
INSERT INTO items(base_item_id, hq) VALUES(12873, false),(12873, true);
INSERT INTO base_items VALUES(12874,$$Dhalmel Meat$$,$$ダルメルの肉$$,$$Viande de dhalmel$$,$$Dhalmel-Fleisch$$,$$cb190eda27d$$);
INSERT INTO items(base_item_id, hq) VALUES(12874, false),(12874, true);
INSERT INTO base_items VALUES(12875,$$Okeanis Tail$$,$$オーケアニスの肉$$,$$Viande d'océanide$$,$$Okeanis-Fleisch$$,$$4e350dc81c3$$);
INSERT INTO items(base_item_id, hq) VALUES(12875, false),(12875, true);
INSERT INTO base_items VALUES(12876,$$Cockatrice Thigh$$,$$コカトリスの肉$$,$$Cuisse de cocatrix$$,$$Cockatrice-Fleisch$$,$$ae569d49efc$$);
INSERT INTO items(base_item_id, hq) VALUES(12876, false),(12876, true);
INSERT INTO base_items VALUES(12877,$$Pearl Sprouts$$,$$プチキャベツ$$,$$Chou-bourgeon$$,$$Kohlsprösschen$$,$$bc1bbfdfa38$$);
INSERT INTO items(base_item_id, hq) VALUES(12877, false),(12877, true);
INSERT INTO base_items VALUES(12878,$$Cyclops Onion$$,$$サイクロプスオニオン$$,$$Échalion cyclope$$,$$Zyklopenzwiebel$$,$$dec5812c5d5$$);
INSERT INTO items(base_item_id, hq) VALUES(12878, false),(12878, true);
INSERT INTO base_items VALUES(12879,$$Emerald Beans$$,$$エメラルドビーン$$,$$Haricots émeraude$$,$$Emeraldbohne$$,$$551c5571921$$);
INSERT INTO items(base_item_id, hq) VALUES(12879, false),(12879, true);
INSERT INTO base_items VALUES(12880,$$Highland Wheat$$,$$ハイランド小麦$$,$$Blé des hautes terres$$,$$Hochlandweizen$$,$$2602d61161c$$);
INSERT INTO items(base_item_id, hq) VALUES(12880, false),(12880, true);
INSERT INTO base_items VALUES(12881,$$Highland Flour$$,$$ハイランド小麦粉$$,$$Farine des hautes terres$$,$$Hochlandmehl$$,$$a92dca950e3$$);
INSERT INTO items(base_item_id, hq) VALUES(12881, false),(12881, true);
INSERT INTO base_items VALUES(12882,$$Coerthan Tea Leaves$$,$$クルザス茶葉$$,$$Feuilles de thé du Coerthas$$,$$Coerthische Teeblätter$$,$$9cc8e6b3c04$$);
INSERT INTO items(base_item_id, hq) VALUES(12882, false),(12882, true);
INSERT INTO base_items VALUES(12883,$$Sprig of Mist Dill$$,$$イノンド$$,$$Aneth$$,$$Nebeldill$$,$$0baa401fbdc$$);
INSERT INTO items(base_item_id, hq) VALUES(12883, false),(12883, true);
INSERT INTO base_items VALUES(12884,$$Chives$$,$$チャイブ$$,$$Ciboulette$$,$$Schnittlauch$$,$$88a8524e44e$$);
INSERT INTO items(base_item_id, hq) VALUES(12884, false),(12884, true);
INSERT INTO base_items VALUES(12885,$$Magma Beet$$,$$マグマビート$$,$$Betteraves de magma$$,$$Magmabeete$$,$$2d2d4baecf7$$);
INSERT INTO items(base_item_id, hq) VALUES(12885, false),(12885, true);
INSERT INTO base_items VALUES(12886,$$Heavenly Kukuru Powder$$,$$チャーチココアパウダー$$,$$Poudre de kukuru sacré$$,$$Himmlisches Kukuru-Pulver$$,$$d74d0b09dc9$$);
INSERT INTO items(base_item_id, hq) VALUES(12886, false),(12886, true);
INSERT INTO base_items VALUES(12887,$$Sesame Seeds$$,$$セサミ$$,$$Sésame$$,$$Sesam$$,$$f4caefdee4d$$);
INSERT INTO items(base_item_id, hq) VALUES(12887, false),(12887, true);
INSERT INTO base_items VALUES(12888,$$Yak Milk$$,$$ヤクの乳$$,$$Lait de yak$$,$$Yak-Milch$$,$$e88844e767a$$);
INSERT INTO items(base_item_id, hq) VALUES(12888, false),(12888, true);
INSERT INTO base_items VALUES(12889,$$Heavens Lemon$$,$$ヘヴンズドレモン$$,$$Citron céleste$$,$$Himmelszitrone$$,$$c847f25f224$$);
INSERT INTO items(base_item_id, hq) VALUES(12889, false),(12889, true);
INSERT INTO base_items VALUES(12890,$$Hollandaise Sauce$$,$$オランデーズソース$$,$$Sauce ishgardaise$$,$$Sauce ishgardaise$$,$$ebc4c0f4c0e$$);
INSERT INTO items(base_item_id, hq) VALUES(12890, false),(12890, true);
INSERT INTO base_items VALUES(12891,$$Birch Sap$$,$$バーチ樹液$$,$$Sève de bouleau$$,$$Birkensaft$$,$$a1613b0bb54$$);
INSERT INTO items(base_item_id, hq) VALUES(12891, false),(12891, true);
INSERT INTO base_items VALUES(12892,$$Birch Syrup$$,$$バーチシロップ$$,$$Sirop de bouleau$$,$$Birkensirup$$,$$45c3189d9d2$$);
INSERT INTO items(base_item_id, hq) VALUES(12892, false),(12892, true);
INSERT INTO base_items VALUES(12893,$$Dark Chestnut$$,$$ダークマロン$$,$$Marron sombre$$,$$Dunkle Kastanie$$,$$586dd941468$$);
INSERT INTO items(base_item_id, hq) VALUES(12893, false),(12893, true);
INSERT INTO base_items VALUES(12894,$$Sour Cream$$,$$サワークリーム$$,$$Crème aigre$$,$$Sauerrahm$$,$$2050bc49106$$);
INSERT INTO items(base_item_id, hq) VALUES(12894, false),(12894, true);
INSERT INTO base_items VALUES(12895,$$Fermented Butter$$,$$発酵バター$$,$$Beurre fermenté$$,$$Fermentierte Butter$$,$$ebfa0152b70$$);
INSERT INTO items(base_item_id, hq) VALUES(12895, false),(12895, true);
INSERT INTO base_items VALUES(12896,$$Old World Fig$$,$$オールドワールドフィグ$$,$$Figue du vieux continent$$,$$Sharlayanische Feige$$,$$444ad2e89f0$$);
INSERT INTO items(base_item_id, hq) VALUES(12896, false),(12896, true);
INSERT INTO base_items VALUES(12897,$$Cloud Banana$$,$$クラウドバナナ$$,$$Banane céleste$$,$$Wolkenbanane$$,$$a783e1c1b4c$$);
INSERT INTO items(base_item_id, hq) VALUES(12897, false),(12897, true);
INSERT INTO base_items VALUES(12898,$$Morel$$,$$モリーユ$$,$$Morille$$,$$Mörchel$$,$$069082a65e5$$);
INSERT INTO items(base_item_id, hq) VALUES(12898, false),(12898, true);
INSERT INTO base_items VALUES(12899,$$Porcini$$,$$ポルチーニ$$,$$Bolet$$,$$Porcini-Pilz$$,$$f3cca8fe754$$);
INSERT INTO items(base_item_id, hq) VALUES(12899, false),(12899, true);
INSERT INTO base_items VALUES(12901,$$Abalathian Rock Salt$$,$$アバラシア岩塩$$,$$Sel gemme d'Abalathia$$,$$Abalathisches Steinsalz$$,$$595ace94c19$$);
INSERT INTO items(base_item_id, hq) VALUES(12901, false),(12901, true);
INSERT INTO base_items VALUES(12902,$$Honeydew Almonds$$,$$スイートアーモンド$$,$$Amandes mielleuses$$,$$Honigmandeln$$,$$043110080f8$$);
INSERT INTO items(base_item_id, hq) VALUES(12902, false),(12902, true);
INSERT INTO base_items VALUES(12903,$$Dravanian Paprika$$,$$ドラヴァニアパプリカ$$,$$Paprika dravanien$$,$$Dravanische Paprikaschote$$,$$c8866808ca2$$);
INSERT INTO items(base_item_id, hq) VALUES(12903, false),(12903, true);
INSERT INTO base_items VALUES(12904,$$Snurbleberry$$,$$スナーブルベリー$$,$$Lainuchairelle$$,$$Flockenbeere$$,$$d6f25974723$$);
INSERT INTO items(base_item_id, hq) VALUES(12904, false),(12904, true);
INSERT INTO base_items VALUES(12905,$$Bouillon Cube$$,$$固形ブイヨン$$,$$Bouillon cube$$,$$Bouillon$$,$$720866b37bc$$);
INSERT INTO items(base_item_id, hq) VALUES(12905, false);
INSERT INTO base_items VALUES(12906,$$Oriental Bean Sauce$$,$$オリエンタルソイソース$$,$$Sauce de soja$$,$$Orientalische Würzsoße$$,$$41475f33012$$);
INSERT INTO items(base_item_id, hq) VALUES(12906, false);
INSERT INTO base_items VALUES(12907,$$Oriental Bean Paste$$,$$オリエンタルミソペースト$$,$$Pâte de soja$$,$$Orientalische Bohnenpaste$$,$$1e9e96c7299$$);
INSERT INTO items(base_item_id, hq) VALUES(12907, false);
INSERT INTO base_items VALUES(12908,$$Vermicelli$$,$$ヴァーミセリ$$,$$Vermicelles$$,$$Vermicelli$$,$$bb2f08a2bb0$$);
INSERT INTO items(base_item_id, hq) VALUES(12908, false),(12908, true);
INSERT INTO base_items VALUES(12909,$$Mossy Stone Greatsword$$,$$苔むした石刃$$,$$Grande épée en pierre moussue$$,$$Moosiges Steingroßschwert$$,$$0bdeac111a2$$);
INSERT INTO items(base_item_id, hq) VALUES(12909, false);
INSERT INTO base_items VALUES(12910,$$Mossy Stone Cannon$$,$$苔むした石筒$$,$$Canon en pierre moussue$$,$$Moosige Steinkanone$$,$$47b3a614bff$$);
INSERT INTO items(base_item_id, hq) VALUES(12910, false);
INSERT INTO base_items VALUES(12911,$$Mossy Stone Globe$$,$$苔むした石盤$$,$$Globe en pierre moussue$$,$$Moosiger Steinglobus$$,$$d75043b4f68$$);
INSERT INTO items(base_item_id, hq) VALUES(12911, false);
INSERT INTO base_items VALUES(12912,$$Celestine$$,$$セレスタイン$$,$$Célestine$$,$$Coelestine$$,$$19c30b3f4cc$$);
INSERT INTO items(base_item_id, hq) VALUES(12912, false),(12912, true);
INSERT INTO base_items VALUES(12913,$$Garlond Steel$$,$$ガーロンド鋼$$,$$Acier de Garlond$$,$$Garlond-Stahl$$,$$a01b0952853$$);
INSERT INTO items(base_item_id, hq) VALUES(12913, false),(12913, true);
INSERT INTO base_items VALUES(12914,$$Deep-red Enchanted Ink$$,$$深緋のエンチャントインク$$,$$Encre écarlate enchantée$$,$$Scharlachrote Zaubertinte$$,$$7a34a3ac311$$);
INSERT INTO items(base_item_id, hq) VALUES(12914, false),(12914, true);
INSERT INTO base_items VALUES(12915,$$Superior Deep-red Enchanted Ink$$,$$深緋のハイエンチャントインク$$,$$Encre écarlate enchantée de haute qualité$$,$$Scharlachrote Starkzauber-Tinte$$,$$60122cb1847$$);
INSERT INTO items(base_item_id, hq) VALUES(12915, false),(12915, true);
INSERT INTO base_items VALUES(12916,$$Deep-green Enchanted Ink$$,$$翠緑のエンチャントインク$$,$$Encre viride enchantée$$,$$Moosgrüne Zaubertinte$$,$$e51043e2699$$);
INSERT INTO items(base_item_id, hq) VALUES(12916, false),(12916, true);
INSERT INTO base_items VALUES(12917,$$Superior Deep-green Enchanted Ink$$,$$翠緑のハイエンチャントインク$$,$$Encre viride enchantée de haute qualité$$,$$Moosgrüne Starkzauber-Tinte$$,$$3eacc95394a$$);
INSERT INTO items(base_item_id, hq) VALUES(12917, false),(12917, true);
INSERT INTO base_items VALUES(12918,$$Deep-blue Enchanted Ink$$,$$紺碧のエンチャントインク$$,$$Encre azur enchantée$$,$$Azurblaue Zaubertinte$$,$$68fe44b99dd$$);
INSERT INTO items(base_item_id, hq) VALUES(12918, false),(12918, true);
INSERT INTO base_items VALUES(12919,$$Superior Deep-blue Enchanted Ink$$,$$紺碧のハイエンチャントインク$$,$$Encre azur enchantée de haute qualité$$,$$Azurblaue Starkzauber-Tinte$$,$$a8c976efa10$$);
INSERT INTO items(base_item_id, hq) VALUES(12919, false),(12919, true);
INSERT INTO base_items VALUES(12920,$$Red Clay$$,$$天然粘土$$,$$Argile naturelle$$,$$Roter Lehm$$,$$26e21f83a27$$);
INSERT INTO items(base_item_id, hq) VALUES(12920, false);
INSERT INTO base_items VALUES(12921,$$Black Clay$$,$$石粉粘土$$,$$Argile synthétique$$,$$Schwarzer Lehm$$,$$9f8a117307d$$);
INSERT INTO items(base_item_id, hq) VALUES(12921, false);
INSERT INTO base_items VALUES(12922,$$Synthetic Resin$$,$$錬金樹脂$$,$$Résine alchimique$$,$$Kunstharz$$,$$fd1e4d2a0d2$$);
INSERT INTO items(base_item_id, hq) VALUES(12922, false);
INSERT INTO base_items VALUES(12923,$$Bamboo Weave$$,$$バンブーストリップ$$,$$Lamelles de bambou$$,$$Bambusgewebe$$,$$3367bc7014c$$);
INSERT INTO items(base_item_id, hq) VALUES(12923, false);
INSERT INTO base_items VALUES(12924,$$Balsa Wood Scrap$$,$$バルサ廃材$$,$$Chutes de balsa$$,$$Balsaholzscheit$$,$$08fc4594f90$$);
INSERT INTO items(base_item_id, hq) VALUES(12924, false);
INSERT INTO base_items VALUES(12925,$$Balsa Wood Lumber$$,$$バルサ材$$,$$Madrier de balsa$$,$$Balsabauholz$$,$$3f35fd5a556$$);
INSERT INTO items(base_item_id, hq) VALUES(12925, false);
INSERT INTO base_items VALUES(12926,$$Synthetic Fiber$$,$$錬金繊維$$,$$Fibre alchimique$$,$$Kunstfaser$$,$$763bc37c558$$);
INSERT INTO items(base_item_id, hq) VALUES(12926, false);
INSERT INTO base_items VALUES(12927,$$Aetherochemical Fiber$$,$$魔科学繊維$$,$$Fibre éthérochimique$$,$$Ätherochemische Faser$$,$$d9d331b8976$$);
INSERT INTO items(base_item_id, hq) VALUES(12927, false);
INSERT INTO base_items VALUES(12928,$$Empty Crystal$$,$$鈍色のクリスタル$$,$$Cristal grisâtre$$,$$Leerer Kristall$$,$$9698249281f$$);
INSERT INTO items(base_item_id, hq) VALUES(12928, false);
INSERT INTO base_items VALUES(12929,$$Empty Cluster$$,$$鈍色のクラスター$$,$$Agrégat grisâtre$$,$$Leerer Polykristall$$,$$407cd89951e$$);
INSERT INTO items(base_item_id, hq) VALUES(12929, false);
INSERT INTO base_items VALUES(12931,$$Purified Coke$$,$$高純度コークス$$,$$Coke purifié$$,$$Hochwertiges Koks$$,$$dca7ffdfcc4$$);
INSERT INTO items(base_item_id, hq) VALUES(12931, false),(12931, true);
INSERT INTO base_items VALUES(12932,$$Raziqcoat$$,$$アブダルラジクの硬化触媒$$,$$Fard de Raziq$$,$$Raziq-Härtungskatalysator$$,$$3403ff57f63$$);
INSERT INTO items(base_item_id, hq) VALUES(12932, false),(12932, true);
INSERT INTO base_items VALUES(12933,$$Dryad Sap$$,$$霊木樹液塊$$,$$Sève de dryade$$,$$Dryadensaft$$,$$d1d78b3d43a$$);
INSERT INTO items(base_item_id, hq) VALUES(12933, false),(12933, true);
INSERT INTO base_items VALUES(12934,$$Moonbeam Silk$$,$$閃糸$$,$$Fil de soie du clair de lune$$,$$Mond-Seidengarn$$,$$925efd47227$$);
INSERT INTO items(base_item_id, hq) VALUES(12934, false),(12934, true);
INSERT INTO base_items VALUES(12935,$$Odorless Animal Fat$$,$$無香獣脂$$,$$Graisse animale inodorante$$,$$Geruchloses Tierfett$$,$$900863605b3$$);
INSERT INTO items(base_item_id, hq) VALUES(12935, false),(12935, true);
INSERT INTO base_items VALUES(12936,$$Duskborne Aethersand$$,$$微光の霊砂$$,$$Sable éthéréen de l'aube$$,$$Abenddämmerungs-Seelensand$$,$$2dfb34c4a45$$);
INSERT INTO items(base_item_id, hq) VALUES(12936, false),(12936, true);
INSERT INTO base_items VALUES(12937,$$Dawnborne Aethersand$$,$$暁光の霊砂$$,$$Sable éthéréen de l'aurore$$,$$Morgengrauen-Seelensand$$,$$65ad6bd3d1b$$);
INSERT INTO items(base_item_id, hq) VALUES(12937, false),(12937, true);
INSERT INTO base_items VALUES(12938,$$Landborne Aethersand$$,$$大地の霊砂$$,$$Sable éthéréen tellurique$$,$$Mineral-Seelensand$$,$$f71d706b30f$$);
INSERT INTO items(base_item_id, hq) VALUES(12938, false),(12938, true);
INSERT INTO base_items VALUES(12939,$$Leafborne Aethersand$$,$$大樹の霊砂$$,$$Sable éthéréen végétal$$,$$Blumen-Seelensand$$,$$7cb8f073ce8$$);
INSERT INTO items(base_item_id, hq) VALUES(12939, false),(12939, true);
INSERT INTO base_items VALUES(12940,$$Seaborne Aethersand$$,$$大海の霊砂$$,$$Sable éthéréen marin$$,$$Meeres-Seelensand$$,$$d871a171fd5$$);
INSERT INTO items(base_item_id, hq) VALUES(12940, false),(12940, true);
INSERT INTO base_items VALUES(12941,$$Chalcocite$$,$$輝銅鉱$$,$$Minerai de chalcocite$$,$$Chalkosin$$,$$ebd52899e2d$$);
INSERT INTO items(base_item_id, hq) VALUES(12941, false),(12941, true);
INSERT INTO base_items VALUES(12942,$$Cuprite$$,$$赤銅鉱$$,$$Minerai de cuprite$$,$$Cuprit$$,$$4bd8322b150$$);
INSERT INTO items(base_item_id, hq) VALUES(12942, false),(12942, true);
INSERT INTO base_items VALUES(12943,$$Dravanian Mistletoe$$,$$ドラヴァニアミスルトゥ$$,$$Gui de Dravania$$,$$Dravanischer Mistelzweig$$,$$41e7d3b5a18$$);
INSERT INTO items(base_item_id, hq) VALUES(12943, false),(12943, true);
INSERT INTO base_items VALUES(12944,$$Abalathian Mistletoe$$,$$アバラシアミスルトゥ$$,$$Gui d'Abalathia$$,$$Abalathischer Mistelzweig$$,$$6f6975ca491$$);
INSERT INTO items(base_item_id, hq) VALUES(12944, false),(12944, true);
INSERT INTO base_items VALUES(12945,$$Red Alumen$$,$$レッドアルメン$$,$$Alun rouge$$,$$Rotalaune$$,$$0c99ee9bf0b$$);
INSERT INTO items(base_item_id, hq) VALUES(12945, false),(12945, true);
INSERT INTO base_items VALUES(12966,$$Bright Fire Rock$$,$$強火性岩$$,$$Pierre de feu intense$$,$$Leuchtender Feuergesteinsbrocken$$,$$884fbb2e1a3$$);
INSERT INTO items(base_item_id, hq) VALUES(12966, false),(12966, true);
INSERT INTO base_items VALUES(12967,$$Bright Lightning Rock$$,$$強雷性岩$$,$$Pierre de foudre intense$$,$$Leuchtender Blitzgesteinsbrocken$$,$$a4335b495d2$$);
INSERT INTO items(base_item_id, hq) VALUES(12967, false),(12967, true);
INSERT INTO base_items VALUES(12968,$$Granular Clay$$,$$赤玉土$$,$$Argile granuleuse$$,$$Körniger Lehm$$,$$32c9183e261$$);
INSERT INTO items(base_item_id, hq) VALUES(12968, false),(12968, true);
INSERT INTO base_items VALUES(12969,$$Peat Moss$$,$$ピートモス$$,$$Tourbe$$,$$Torfmoos$$,$$d6409d34015$$);
INSERT INTO items(base_item_id, hq) VALUES(12969, false),(12969, true);
INSERT INTO base_items VALUES(12970,$$Black Soil$$,$$黒土$$,$$Terreau noir$$,$$Schwarze Erde$$,$$787a1bb251e$$);
INSERT INTO items(base_item_id, hq) VALUES(12970, false),(12970, true);
INSERT INTO base_items VALUES(12971,$$Highland Oregano$$,$$オレガノ$$,$$Origan$$,$$Hochland-Oregano$$,$$026539a9c78$$);
INSERT INTO items(base_item_id, hq) VALUES(12971, false),(12971, true);
INSERT INTO base_items VALUES(12972,$$Furymint$$,$$スペアミント$$,$$Menthe douce$$,$$Furienminze$$,$$ef778de9100$$);
INSERT INTO items(base_item_id, hq) VALUES(12972, false),(12972, true);
INSERT INTO base_items VALUES(12973,$$Clary Sage$$,$$クラリーセージ$$,$$Sauge sclarée$$,$$Muskatellersalbei$$,$$8417fe25770$$);
INSERT INTO items(base_item_id, hq) VALUES(12973, false),(12973, true);
INSERT INTO base_items VALUES(12990,$$Haddock$$,$$ハドック$$,$$Haddock$$,$$Schellfisch$$,$$dc9b369ff09$$);
INSERT INTO items(base_item_id, hq) VALUES(12990, false);
INSERT INTO base_items VALUES(12991,$$Orthodox Barding$$,$$オーソドックスバード$$,$$Barde orthodoxe$$,$$Orthodoxer Rossharnisch$$,$$8b8b9c49a5e$$);
INSERT INTO items(base_item_id, hq) VALUES(12991, false);
INSERT INTO base_items VALUES(12996,$$Chivalric Coat of Fending$$,$$シバルリー・ディフェンダーコート$$,$$Manteau de protecteur chevaleresque$$,$$Rittermantel der Verteidigung$$,$$c0a20a260c5$$);
INSERT INTO items(base_item_id, hq) VALUES(12996, false),(12996, true);
INSERT INTO base_items VALUES(12997,$$Chivalric Coat of Maiming$$,$$シバルリー・スレイヤーコート$$,$$Manteau d'abatteur chevaleresque$$,$$Rittermantel des Verstümmelns$$,$$53a563fa26d$$);
INSERT INTO items(base_item_id, hq) VALUES(12997, false),(12997, true);
INSERT INTO base_items VALUES(12998,$$Chivalric Coat of Striking$$,$$シバルリー・ストライカーコート$$,$$Manteau d'agresseur chevaleresque$$,$$Rittermantel des Schlagens$$,$$80679be461f$$);
INSERT INTO items(base_item_id, hq) VALUES(12998, false),(12998, true);
INSERT INTO base_items VALUES(12999,$$Chivalric Battledress of Aiming$$,$$シバルリー・レンジャーバトルドレス$$,$$Broigne de pisteur chevaleresque$$,$$Ritterkampfanzug des Zielens$$,$$1fea56fe0b5$$);
INSERT INTO items(base_item_id, hq) VALUES(12999, false),(12999, true);
INSERT INTO base_items VALUES(13000,$$Chivalric Coat of Scouting$$,$$シバルリー・スカウトコート$$,$$Manteau d'éclaireur chevaleresque$$,$$Rittermantel des Spähens$$,$$5bab7388d34$$);
INSERT INTO items(base_item_id, hq) VALUES(13000, false),(13000, true);
INSERT INTO base_items VALUES(13001,$$Chivalric Doublet of Healing$$,$$シバルリー・ヒーラーダブレット$$,$$Doublet de soigneur chevaleresque$$,$$Ritterwams der Heilung$$,$$79efccea018$$);
INSERT INTO items(base_item_id, hq) VALUES(13001, false),(13001, true);
INSERT INTO base_items VALUES(13002,$$Chivalric Doublet of Casting$$,$$シバルリー・キャスターダブレット$$,$$Doublet d'incantateur chevaleresque$$,$$Ritterwams der Magie$$,$$466faf73c0b$$);
INSERT INTO items(base_item_id, hq) VALUES(13002, false),(13002, true);
INSERT INTO base_items VALUES(13003,$$Iron Giant Core$$,$$鉄巨人のコア$$,$$Cœur de géant d'acier$$,$$Eisengiganten-Kern$$,$$c22241d64da$$);
INSERT INTO items(base_item_id, hq) VALUES(13003, false),(13003, true);
INSERT INTO base_items VALUES(13005,$$Millmaster's Saw$$,$$ミルマスターソー$$,$$Scie d'expert de l'établi$$,$$Schreinermeister-Säge$$,$$a27bb1eedad$$);
INSERT INTO items(base_item_id, hq) VALUES(13005, false),(13005, true);
INSERT INTO base_items VALUES(13006,$$Forgemaster's Hammer$$,$$フォージマスターハンマー$$,$$Marteau d'expert de la forge$$,$$Waffenschmiedemeister-Hammer$$,$$36e0c929554$$);
INSERT INTO items(base_item_id, hq) VALUES(13006, false),(13006, true);
INSERT INTO base_items VALUES(13007,$$Hammermaster's Beetle$$,$$ハンマーマスターハンマー$$,$$Mailloche d'expert de la fonderie$$,$$Rüstungsschmiedemeister-Treibhammer$$,$$ccc84e0436f$$);
INSERT INTO items(base_item_id, hq) VALUES(13007, false),(13007, true);
INSERT INTO base_items VALUES(13008,$$Gemmaster's Mallet$$,$$ジェムマスターマレット$$,$$Massette d'expert des gemmes$$,$$Kunstschmiedemeister-Fäustel$$,$$5b5a77df029$$);
INSERT INTO items(base_item_id, hq) VALUES(13008, false),(13008, true);
INSERT INTO base_items VALUES(13009,$$Hidemaster's Knife$$,$$ハイドマスターナイフ$$,$$Couteau d'expert de la peausserie$$,$$Lederermeister-Messer$$,$$516addadcfc$$);
INSERT INTO items(base_item_id, hq) VALUES(13009, false),(13009, true);
INSERT INTO base_items VALUES(13010,$$Boltmaster's Needle$$,$$ボルトマスターニードル$$,$$Aiguille d'expert des étoffes$$,$$Schneidermeister-Nadel$$,$$932e02500be$$);
INSERT INTO items(base_item_id, hq) VALUES(13010, false),(13010, true);
INSERT INTO base_items VALUES(13011,$$Cauldronmaster's Alembic$$,$$コルドロンマスターアレンビック$$,$$Alambic d'expert des mixtures$$,$$Labormeister-Destillierkolben$$,$$afdd403d01c$$);
INSERT INTO items(base_item_id, hq) VALUES(13011, false),(13011, true);
INSERT INTO base_items VALUES(13012,$$Galleymaster's Frypan$$,$$ガリーマスターフライパン$$,$$Poêle d'expert des fourneaux$$,$$Feinschmeckermeister-Bratpfanne$$,$$4350aa97f7d$$);
INSERT INTO items(base_item_id, hq) VALUES(13012, false),(13012, true);
INSERT INTO base_items VALUES(13013,$$Millmaster's Cap$$,$$ミルマスターキャップ$$,$$Casquette d'expert de l'établi$$,$$Schreinermeister-Kappe$$,$$f15c9dc04d1$$);
INSERT INTO items(base_item_id, hq) VALUES(13013, false),(13013, true);
INSERT INTO base_items VALUES(13014,$$Millmaster's Apron$$,$$ミルマスターエプロン$$,$$Tablier d'expert de l'établi$$,$$Schreinermeister-Schürze$$,$$0f8de9548e5$$);
INSERT INTO items(base_item_id, hq) VALUES(13014, false),(13014, true);
INSERT INTO base_items VALUES(13015,$$Millmaster's Gloves$$,$$ミルマスターグローブ$$,$$Gants d'expert de l'établi$$,$$Schreinermeister-Handschuhe$$,$$ce579308148$$);
INSERT INTO items(base_item_id, hq) VALUES(13015, false),(13015, true);
INSERT INTO base_items VALUES(13016,$$Millmaster's Slops$$,$$ミルマスタースロップ$$,$$Trousses d'expert de l'établi$$,$$Schreinermeister-Beinlinge$$,$$62c76f65c0c$$);
INSERT INTO items(base_item_id, hq) VALUES(13016, false),(13016, true);
INSERT INTO base_items VALUES(13017,$$Millmaster's Workboots$$,$$ミルマスターワークブーツ$$,$$Bottes de travail d'expert de l'établi$$,$$Schreinermeister-Arbeitsstiefel$$,$$8812dec946c$$);
INSERT INTO items(base_item_id, hq) VALUES(13017, false),(13017, true);
INSERT INTO base_items VALUES(13018,$$Forgemaster's Goggles$$,$$フォージマスターゴーグル$$,$$Lunettes d'expert de la forge$$,$$Waffenschmiedemeister-Brille$$,$$b7f67d64ef1$$);
INSERT INTO items(base_item_id, hq) VALUES(13018, false),(13018, true);
INSERT INTO base_items VALUES(13019,$$Forgemaster's Redingote$$,$$フォージマスタールダンゴット$$,$$Redingote d'expert de la forge$$,$$Waffenschmiedemeister-Schürze$$,$$40ddd5e542b$$);
INSERT INTO items(base_item_id, hq) VALUES(13019, false),(13019, true);
INSERT INTO base_items VALUES(13020,$$Forgemaster's Gloves$$,$$フォージマスターグローブ$$,$$Gants d'expert de la forge$$,$$Waffenschmiedemeister-Handschuhe$$,$$87b2fa5493d$$);
INSERT INTO items(base_item_id, hq) VALUES(13020, false),(13020, true);
INSERT INTO base_items VALUES(13021,$$Forgemaster's Slops$$,$$フォージマスタースロップ$$,$$Trousses d'expert de la forge$$,$$Waffenschmiedemeister-Beinlinge$$,$$de214f22b26$$);
INSERT INTO items(base_item_id, hq) VALUES(13021, false),(13021, true);
INSERT INTO base_items VALUES(13022,$$Forgemaster's Sandals$$,$$フォージマスターサンダル$$,$$Sandales d'expert de la forge$$,$$Waffenschmiedemeister-Sandalen$$,$$4d3d3fc4925$$);
INSERT INTO items(base_item_id, hq) VALUES(13022, false),(13022, true);
INSERT INTO base_items VALUES(13023,$$Hammermaster's Visor$$,$$ハンマーマスターバイザー$$,$$Visière d'expert de la fonderie$$,$$Rüstungsschmiedemeister-Visier$$,$$38852f44e15$$);
INSERT INTO items(base_item_id, hq) VALUES(13023, false),(13023, true);
INSERT INTO base_items VALUES(13024,$$Hammermaster's Waist Apron$$,$$ハンマーマスターウエストエプロン$$,$$Jupe-tablier d'expert de la fonderie$$,$$Rüstungsschmiedemeister-Schürze$$,$$f0c2aaaa34d$$);
INSERT INTO items(base_item_id, hq) VALUES(13024, false),(13024, true);
INSERT INTO base_items VALUES(13025,$$Hammermaster's Work Gloves$$,$$ハンマーマスターワークグローブ$$,$$Gants de travail d'expert de la fonderie$$,$$Rüstungsschmiedemeister-Arbeitshandschuhe$$,$$16a79d9fd14$$);
INSERT INTO items(base_item_id, hq) VALUES(13025, false),(13025, true);
INSERT INTO base_items VALUES(13026,$$Hammermaster's Slops$$,$$ハンマーマスタースロップ$$,$$Trousses d'expert de la fonderie$$,$$Rüstungsschmiedemeister-Beinlinge$$,$$dae2f5cb995$$);
INSERT INTO items(base_item_id, hq) VALUES(13026, false),(13026, true);
INSERT INTO base_items VALUES(13027,$$Hammermaster's Workboots$$,$$ハンマーマスターワークブーツ$$,$$Bottes de travail d'expert de la fonderie$$,$$Rüstungsschmiedemeister-Arbeitsstiefel$$,$$e75fb0ba86d$$);
INSERT INTO items(base_item_id, hq) VALUES(13027, false),(13027, true);
INSERT INTO base_items VALUES(13028,$$Gemmaster's Coronal$$,$$ジェムマスターコロナ$$,$$Parure de front d'expert des gemmes$$,$$Kunstschmiedemeister-Diadem$$,$$1b95f34a840$$);
INSERT INTO items(base_item_id, hq) VALUES(13028, false),(13028, true);
INSERT INTO base_items VALUES(13029,$$Gemmaster's Gown$$,$$ジェムマスターガウン$$,$$Peignoir d'expert des gemmes$$,$$Kunstschmiedemeister-Talar$$,$$0dd221be9d7$$);
INSERT INTO items(base_item_id, hq) VALUES(13029, false),(13029, true);
INSERT INTO base_items VALUES(13030,$$Gemmaster's Chaplets$$,$$ジェムマスターチャプレット$$,$$Chapelets d'expert des gemmes$$,$$Kunstschmiedemeister-Ringbänder$$,$$5fe8de1722c$$);
INSERT INTO items(base_item_id, hq) VALUES(13030, false),(13030, true);
INSERT INTO base_items VALUES(13031,$$Gemmaster's Trousers$$,$$ジェムマスタートラウザー$$,$$Pantalon d'expert des gemmes$$,$$Kunstschmiedemeister-Hose$$,$$5128f7100c9$$);
INSERT INTO items(base_item_id, hq) VALUES(13031, false),(13031, true);
INSERT INTO base_items VALUES(13032,$$Gemmaster's Sandals$$,$$ジェムマスターサンダル$$,$$Sandales d'expert des gemmes$$,$$Kunstschmiedemeister-Sandalen$$,$$d8d0df84529$$);
INSERT INTO items(base_item_id, hq) VALUES(13032, false),(13032, true);
INSERT INTO base_items VALUES(13033,$$Hidemaster's Cap$$,$$ハイドマスターキャップ$$,$$Casquette d'expert de la peausserie$$,$$Lederermeister-Kappe$$,$$c466ba4c7ec$$);
INSERT INTO items(base_item_id, hq) VALUES(13033, false),(13033, true);
INSERT INTO base_items VALUES(13034,$$Hidemaster's Apron$$,$$ハイドマスターエプロン$$,$$Tablier d'expert de la peausserie$$,$$Lederermeister-Schürze$$,$$051fa8f561d$$);
INSERT INTO items(base_item_id, hq) VALUES(13034, false),(13034, true);
INSERT INTO base_items VALUES(13035,$$Hidemaster's Gloves$$,$$ハイドマスターグローブ$$,$$Gants d'expert de la peausserie$$,$$Lederermeister-Handschuhe$$,$$03c29924a9f$$);
INSERT INTO items(base_item_id, hq) VALUES(13035, false),(13035, true);
INSERT INTO base_items VALUES(13036,$$Hidemaster's Trousers$$,$$ハイドマスタートラウザー$$,$$Pantalon d'expert de la peausserie$$,$$Lederermeister-Hose$$,$$f9184d08edc$$);
INSERT INTO items(base_item_id, hq) VALUES(13036, false),(13036, true);
INSERT INTO base_items VALUES(13037,$$Hidemaster's Workboots$$,$$ハイドマスターワークブーツ$$,$$Bottes de travail d'expert de la peausserie$$,$$Lederermeister-Arbeitsstiefel$$,$$1d8c294710c$$);
INSERT INTO items(base_item_id, hq) VALUES(13037, false),(13037, true);
INSERT INTO base_items VALUES(13038,$$Boltmaster's Gibus$$,$$ボルトマスターギブス$$,$$Haut-de-forme d'expert des étoffes$$,$$Schneidermeister-Zylinder$$,$$25d7f7e5c35$$);
INSERT INTO items(base_item_id, hq) VALUES(13038, false),(13038, true);
INSERT INTO base_items VALUES(13039,$$Boltmaster's Dreadnought$$,$$ボルトマスターコート$$,$$Manteau d'expert des étoffes$$,$$Schneidermeister-Mantel$$,$$3ba3f590e4a$$);
INSERT INTO items(base_item_id, hq) VALUES(13039, false),(13039, true);
INSERT INTO base_items VALUES(13040,$$Boltmaster's Gloves$$,$$ボルトマスターグローブ$$,$$Gants d'expert des étoffes$$,$$Schneidermeister-Handschuhe$$,$$bc1876ed249$$);
INSERT INTO items(base_item_id, hq) VALUES(13040, false),(13040, true);
INSERT INTO base_items VALUES(13041,$$Boltmaster's Slacks$$,$$ボルトマスタースラックス$$,$$Fuseau-collant d'expert des étoffes$$,$$Schneidermeister-Hose$$,$$94f6b717ad1$$);
INSERT INTO items(base_item_id, hq) VALUES(13041, false),(13041, true);
INSERT INTO base_items VALUES(13042,$$Boltmaster's Top Boots$$,$$ボルトマスタートップブーツ$$,$$Bottines d'expert des étoffes$$,$$Schneidermeister-Stiefel$$,$$672c3fa6954$$);
INSERT INTO items(base_item_id, hq) VALUES(13042, false),(13042, true);
INSERT INTO base_items VALUES(13043,$$Cauldronmaster's Spectacles$$,$$コルドロンマスターモノクル$$,$$Lunettes d'expert des mixtures$$,$$Labormeister-Brille$$,$$bf1909f3c65$$);
INSERT INTO items(base_item_id, hq) VALUES(13043, false),(13043, true);
INSERT INTO base_items VALUES(13044,$$Cauldronmaster's Overcoat$$,$$コルドロンマスターオーバーコート$$,$$Pardessus d'expert des mixtures$$,$$Labormeister-Mantel$$,$$83a3025678b$$);
INSERT INTO items(base_item_id, hq) VALUES(13044, false),(13044, true);
INSERT INTO base_items VALUES(13045,$$Cauldronmaster's Gloves$$,$$コルドロンマスターグローブ$$,$$Gants d'expert des mixtures$$,$$Labormeister-Handschuhe$$,$$f2d22e4a743$$);
INSERT INTO items(base_item_id, hq) VALUES(13045, false),(13045, true);
INSERT INTO base_items VALUES(13046,$$Cauldronmaster's Longkilt$$,$$コルドロンマスターロングキルト$$,$$Jupe portefeuille d'expert des mixtures$$,$$Labormeister-Rock$$,$$52a93b56312$$);
INSERT INTO items(base_item_id, hq) VALUES(13046, false),(13046, true);
INSERT INTO base_items VALUES(13047,$$Cauldronmaster's Jackboots$$,$$コルドロンマスタージャックブーツ$$,$$Bottes militaires d'expert des mixtures$$,$$Labormeister-Stiefel$$,$$e6306dd1375$$);
INSERT INTO items(base_item_id, hq) VALUES(13047, false),(13047, true);
INSERT INTO base_items VALUES(13048,$$Galleymaster's Toque$$,$$ガリーマスタートーク$$,$$Toque d'expert des fourneaux$$,$$Feinschmeckermeister-Mütze$$,$$2622b1ae0ed$$);
INSERT INTO items(base_item_id, hq) VALUES(13048, false),(13048, true);
INSERT INTO base_items VALUES(13049,$$Galleymaster's Whites$$,$$ガリーマスターエプロン$$,$$Tablier d'expert des fourneaux$$,$$Feinschmeckermeister-Schürze$$,$$8ac4f565c61$$);
INSERT INTO items(base_item_id, hq) VALUES(13049, false),(13049, true);
INSERT INTO base_items VALUES(13050,$$Galleymaster's Gloves$$,$$ガリーマスターグローブ$$,$$Gants d'expert des fourneaux$$,$$Feinschmeckermeister-Handschuhe$$,$$b0c7c5bf904$$);
INSERT INTO items(base_item_id, hq) VALUES(13050, false),(13050, true);
INSERT INTO base_items VALUES(13051,$$Galleymaster's Trousers$$,$$ガリーマスタートラウザー$$,$$Pantalon d'expert des fourneaux$$,$$Feinschmeckermeister-Hose$$,$$fd1c5b50153$$);
INSERT INTO items(base_item_id, hq) VALUES(13051, false),(13051, true);
INSERT INTO base_items VALUES(13052,$$Galleymaster's Top Boots$$,$$ガリーマスタートップブーツ$$,$$Bottines d'expert des fourneaux$$,$$Feinschmeckermeister-Stiefel$$,$$63696c029a3$$);
INSERT INTO items(base_item_id, hq) VALUES(13052, false),(13052, true);
INSERT INTO base_items VALUES(13055,$$Steward Permit$$,$$雇用証書:使用人$$,$$Licence de recrutement: employé de maison$$,$$Diener-Vertrag$$,$$873b4980d9d$$);
INSERT INTO items(base_item_id, hq) VALUES(13055, false);
INSERT INTO base_items VALUES(13058,$$Coffin Lid$$,$$棺の板材$$,$$Planche de cercueil$$,$$Sargdeckel$$,$$63c7a2fca44$$);
INSERT INTO items(base_item_id, hq) VALUES(13058, false);
INSERT INTO base_items VALUES(13059,$$Sephirot Sap$$,$$セフィロトの樹液塊$$,$$Sève de Sephirot$$,$$Sephirot-Harz$$,$$223d00142a8$$);
INSERT INTO items(base_item_id, hq) VALUES(13059, false);
INSERT INTO base_items VALUES(13060,$$Fiend Sap$$,$$魔神セフィロトの樹液塊$$,$$Sève du Démon$$,$$Dämonisches Sephirot-Harz$$,$$8e93f3d956e$$);
INSERT INTO items(base_item_id, hq) VALUES(13060, false);
INSERT INTO base_items VALUES(13061,$$Crystal Bell$$,$$美容師の呼び鈴$$,$$Sonnette de l'esthéticien$$,$$Kristallglocke$$,$$708324ed3b7$$);
INSERT INTO items(base_item_id, hq) VALUES(13061, false);
INSERT INTO base_items VALUES(13062,$$Stuffed Succubus$$,$$サキュバスのぬいぐるみ$$,$$Succube en peluche$$,$$Sukkubus-Hexe$$,$$b20e0fd65c7$$);
INSERT INTO items(base_item_id, hq) VALUES(13062, false);
INSERT INTO base_items VALUES(13063,$$Pumpkin Desk$$,$$パンプキンデスク$$,$$Table citrouille$$,$$Kürbis-Tisch$$,$$26805b310d6$$);
INSERT INTO items(base_item_id, hq) VALUES(13063, false);
INSERT INTO base_items VALUES(13064,$$Starlight Ornament$$,$$スターライトオーナメント$$,$$Guirlande de la fête des étoiles$$,$$Sternenlichtdekoration$$,$$9193e68fd99$$);
INSERT INTO items(base_item_id, hq) VALUES(13064, false);
INSERT INTO base_items VALUES(13065,$$Twin Star Ornament$$,$$ダブル・スターライトオーナメント$$,$$Double-guirlande de la fête des étoiles$$,$$Doppel-Sternenlichtdekoration$$,$$b6fcb2116f0$$);
INSERT INTO items(base_item_id, hq) VALUES(13065, false);
INSERT INTO base_items VALUES(13066,$$Starlight Sentinel$$,$$スターライトツリー$$,$$Sapin de la fête des étoiles$$,$$Sternenlichtbäumchen$$,$$81740e3f08e$$);
INSERT INTO items(base_item_id, hq) VALUES(13066, false);
INSERT INTO base_items VALUES(13067,$$Oriental Orange Basket$$,$$オリエンタル・オレンジバスケット$$,$$Corbeille d'oranges orientales$$,$$Fernöstlicher Orangenkorb$$,$$8f43ffc5d23$$);
INSERT INTO items(base_item_id, hq) VALUES(13067, false);
INSERT INTO base_items VALUES(13068,$$Paissa Doll$$,$$パイッサダルマ$$,$$Païssa porte-bonheur$$,$$Paissa-Puppe$$,$$fcf584e4cd8$$);
INSERT INTO items(base_item_id, hq) VALUES(13068, false);
INSERT INTO base_items VALUES(13069,$$The Unending Journey$$,$$愛用の紀行録$$,$$Carnet de voyage$$,$$Die Unendliche Reise$$,$$2b96571e05d$$);
INSERT INTO items(base_item_id, hq) VALUES(13069, false);
INSERT INTO base_items VALUES(13070,$$Oriental Tea Set$$,$$オリエンタル・ティーセット$$,$$Set de thé oriental$$,$$Fernöstliches Teeservice$$,$$ea036a70137$$);
INSERT INTO items(base_item_id, hq) VALUES(13070, false);
INSERT INTO base_items VALUES(13071,$$Manor Oven$$,$$御用邸の焜炉$$,$$Fourneau du manoir$$,$$Herrenhaus-Ofen$$,$$8ab892d3cb8$$);
INSERT INTO items(base_item_id, hq) VALUES(13071, false);
INSERT INTO base_items VALUES(13072,$$Manor Counter$$,$$御用邸の調理台$$,$$Plan de travail du manoir$$,$$Herrenhaus-Tresen$$,$$5eb5da602cb$$);
INSERT INTO items(base_item_id, hq) VALUES(13072, false);
INSERT INTO base_items VALUES(13073,$$Stack of Tomes$$,$$山積みの蔵書$$,$$Pile de livres$$,$$Bücherstapel$$,$$465a7b3b2ba$$);
INSERT INTO items(base_item_id, hq) VALUES(13073, false);
INSERT INTO base_items VALUES(13074,$$Pile of Tomes$$,$$崩れた蔵書$$,$$Tas de livres$$,$$Bücherhaufen$$,$$d949b9a2b93$$);
INSERT INTO items(base_item_id, hq) VALUES(13074, false);
INSERT INTO base_items VALUES(13075,$$Oriental Round Table$$,$$オリエンタル・ラウンドテーブル$$,$$Table ronde orientale$$,$$Fernöstlicher Rundtisch$$,$$2ff9b47927f$$);
INSERT INTO items(base_item_id, hq) VALUES(13075, false);
INSERT INTO base_items VALUES(13076,$$Mhachi Coffin$$,$$マハの棺$$,$$Cercueil mhachois$$,$$Mhach-Sarg$$,$$521018edbcd$$);
INSERT INTO items(base_item_id, hq) VALUES(13076, false);
INSERT INTO base_items VALUES(13077,$$Funguar Chair$$,$$ファンガーチェア$$,$$Tabouret fungus$$,$$Fungus-Stuhl$$,$$54ddb17b298$$);
INSERT INTO items(base_item_id, hq) VALUES(13077, false);
INSERT INTO base_items VALUES(13078,$$Mahogany Partition Door$$,$$マホガニーパーティションドア$$,$$Porte de partition en acajou$$,$$Mahagoni-Raumteiler$$,$$8876fecc580$$);
INSERT INTO items(base_item_id, hq) VALUES(13078, false);
INSERT INTO base_items VALUES(13079,$$Pumpkin Chair$$,$$パンプキンチェア$$,$$Chaise citrouille$$,$$Kürbis-Stuhl$$,$$26e2b7f0248$$);
INSERT INTO items(base_item_id, hq) VALUES(13079, false);
INSERT INTO base_items VALUES(13080,$$Broken Heart Chair (Right)$$,$$ライトハートチェア$$,$$Fauteuil demi-cœur droite$$,$$Gebrochener Herzstuhl (rechte Hälfte)$$,$$48cc93e15fa$$);
INSERT INTO items(base_item_id, hq) VALUES(13080, false);
INSERT INTO base_items VALUES(13081,$$Broken Heart Chair (Left)$$,$$レフトハートチェア$$,$$Fauteuil demi-cœur gauche$$,$$Gebrochener Herzstuhl (linke Hälfte)$$,$$4b2be3d884e$$);
INSERT INTO items(base_item_id, hq) VALUES(13081, false);
INSERT INTO base_items VALUES(13082,$$Paramour Bed$$,$$パラムールベッド$$,$$Lit de soupirant$$,$$Buhlen-Bett$$,$$c144c3b1a8b$$);
INSERT INTO items(base_item_id, hq) VALUES(13082, false);
INSERT INTO base_items VALUES(13084,$$Topiary Chocobo$$,$$チョコボトピアリー$$,$$Topiaire de bébé chocobo$$,$$Chocobo-Busch$$,$$62784a36ab8$$);
INSERT INTO items(base_item_id, hq) VALUES(13084, false);
INSERT INTO base_items VALUES(13088,$$Sephirot Root$$,$$セフィロトの根$$,$$Racine séphirotique$$,$$Sephirot-Wurzel$$,$$655b939107d$$);
INSERT INTO items(base_item_id, hq) VALUES(13088, false);
INSERT INTO base_items VALUES(13089,$$Sephirot Tree$$,$$セフィロトの樹$$,$$Arbre séphirotique$$,$$Sephirot-Baum$$,$$7979d5f6c48$$);
INSERT INTO items(base_item_id, hq) VALUES(13089, false);
INSERT INTO base_items VALUES(13090,$$Oriental Grass$$,$$ドマグラスガーデン$$,$$Roseaux de Doma$$,$$Fernöstliches Gras$$,$$5967b2d7604$$);
INSERT INTO items(base_item_id, hq) VALUES(13090, false);
INSERT INTO base_items VALUES(13091,$$Dravanian Down Tree$$,$$ドラヴァニアン・ダウンツリー$$,$$Arbre duveteux dravanien$$,$$Dravanischer Baum$$,$$87028276f19$$);
INSERT INTO items(base_item_id, hq) VALUES(13091, false);
INSERT INTO base_items VALUES(13092,$$Microscopically Small Mogwall$$,$$モグモグ・コテージウォール$$,$$Mur de maisonnette mog$$,$$Kleine Mogry-Wand$$,$$27f17148f1c$$);
INSERT INTO items(base_item_id, hq) VALUES(13092, false);
INSERT INTO base_items VALUES(13093,$$Middlingly Medium Mogwall$$,$$モグモグ・ハウスウォール$$,$$Mur de pavillon mog$$,$$Mittelgroße Mogry-Wand$$,$$ed1b521cad6$$);
INSERT INTO items(base_item_id, hq) VALUES(13093, false);
INSERT INTO base_items VALUES(13094,$$Monstrously Large Mogwall$$,$$モグモグ・レジデンスウォール$$,$$Mur de villa mog$$,$$Große Mogry-Wand$$,$$3a072302445$$);
INSERT INTO items(base_item_id, hq) VALUES(13094, false);
INSERT INTO base_items VALUES(13095,$$Cob Inner Wall$$,$$マッドインナーウォール$$,$$Revêtement mural en torchis$$,$$Lehm-Innenwand$$,$$ac1e25a4201$$);
INSERT INTO items(base_item_id, hq) VALUES(13095, false);
INSERT INTO base_items VALUES(13096,$$Manor Flooring$$,$$御用邸のフローリング$$,$$Parquet du manoir$$,$$Herrenhaus-Fußboden$$,$$a0c6c1da597$$);
INSERT INTO items(base_item_id, hq) VALUES(13096, false);
INSERT INTO base_items VALUES(13097,$$Faerie Chandelier$$,$$フェアリーシャンデリア$$,$$Lustre des fées$$,$$Feen-Kronleuchter$$,$$706c7572f19$$);
INSERT INTO items(base_item_id, hq) VALUES(13097, false);
INSERT INTO base_items VALUES(13114,$$General-purpose Pure White Dye$$,$$カララント:ピュアホワイト$$,$$Teinture blanc immaculé$$,$$Wolkenweißer Farbstoff$$,$$6211e78e6d9$$);
INSERT INTO items(base_item_id, hq) VALUES(13114, false);
INSERT INTO base_items VALUES(13115,$$General-purpose Jet Black Dye$$,$$カララント:ジェットブラック$$,$$Teinture noir de jais$$,$$Rabenschwarzer Farbstoff$$,$$12c4a36e31c$$);
INSERT INTO items(base_item_id, hq) VALUES(13115, false);
INSERT INTO base_items VALUES(13116,$$General-purpose Metallic Silver Dye$$,$$カララント:シャインシルバー$$,$$Teinture argent brillant$$,$$Metallic silberner Farbstoff$$,$$5b32bb8603a$$);
INSERT INTO items(base_item_id, hq) VALUES(13116, false);
INSERT INTO base_items VALUES(13117,$$General-purpose Metallic Gold Dye$$,$$カララント:シャインゴールド$$,$$Teinture or brillant$$,$$Metallic goldener Farbstoff$$,$$1d87dbc8fbb$$);
INSERT INTO items(base_item_id, hq) VALUES(13117, false);
INSERT INTO base_items VALUES(13256,$$Flat Cap$$,$$フラットキャップ$$,$$Casquette classique$$,$$Ledermütze$$,$$e3b70063ddd$$);
INSERT INTO items(base_item_id, hq) VALUES(13256, false),(13256, true);
INSERT INTO base_items VALUES(13257,$$Red Beret$$,$$レッドベレー$$,$$Béret rouge$$,$$Rotes Barett$$,$$e31c1ad9d8b$$);
INSERT INTO items(base_item_id, hq) VALUES(13257, false),(13257, true);
INSERT INTO base_items VALUES(13258,$$Green Beret$$,$$グリーンベレー$$,$$Béret vert$$,$$Grünes Barett$$,$$7b101c7e945$$);
INSERT INTO items(base_item_id, hq) VALUES(13258, false),(13258, true);
INSERT INTO base_items VALUES(13259,$$White Beret$$,$$ホワイトベレー$$,$$Béret blanc$$,$$Weißes Barett$$,$$ce4a95f2379$$);
INSERT INTO items(base_item_id, hq) VALUES(13259, false),(13259, true);
INSERT INTO base_items VALUES(13262,$$Elegant Rimless Glasses$$,$$エレガント・リムレスグラス$$,$$Lunettes élégantes à monture percée$$,$$Elegante rahmenlose Brille$$,$$9a0c1ceb47f$$);
INSERT INTO items(base_item_id, hq) VALUES(13262, false),(13262, true);
INSERT INTO base_items VALUES(13263,$$Reading Glasses$$,$$リーディンググラス$$,$$Lunettes de lecture$$,$$Lesebrille$$,$$384f1fb2302$$);
INSERT INTO items(base_item_id, hq) VALUES(13263, false),(13263, true);
INSERT INTO base_items VALUES(13266,$$High House Justaucorps$$,$$ハイハウスジュストコール$$,$$Justaucorps de maison noble$$,$$Adels-Justaucorps$$,$$c311971e8c3$$);
INSERT INTO items(base_item_id, hq) VALUES(13266, false),(13266, true);
INSERT INTO base_items VALUES(13267,$$High House Breeches$$,$$ハイハウスブリーチ$$,$$Braies de maison noble$$,$$Adels-Reiterhose$$,$$cf014fb104f$$);
INSERT INTO items(base_item_id, hq) VALUES(13267, false),(13267, true);
INSERT INTO base_items VALUES(13268,$$High House Boots$$,$$ハイハウスブーツ$$,$$Bottes de maison noble$$,$$Adels-Stiefel$$,$$118e7960842$$);
INSERT INTO items(base_item_id, hq) VALUES(13268, false),(13268, true);
INSERT INTO base_items VALUES(13269,$$High House Cloche$$,$$ハイハウスクローシュ$$,$$Chapeau cloche de maison noble$$,$$Adels-Strohhut$$,$$f67333e6ff6$$);
INSERT INTO items(base_item_id, hq) VALUES(13269, false),(13269, true);
INSERT INTO base_items VALUES(13270,$$High House Bustle$$,$$ハイハウス・バッスルドレス$$,$$Robe à tournure de maison noble$$,$$Adels-Reifrock$$,$$d8357b20efa$$);
INSERT INTO items(base_item_id, hq) VALUES(13270, false),(13270, true);
INSERT INTO base_items VALUES(13271,$$High House Halfboots$$,$$ハイハウス・ショートブーツ$$,$$Bottines de maison noble$$,$$Adels-Schuhe$$,$$4e03e0a9795$$);
INSERT INTO items(base_item_id, hq) VALUES(13271, false),(13271, true);
INSERT INTO base_items VALUES(13272,$$Falconer's Shirt$$,$$ファルコナーシャツ$$,$$Chemise de fauconnier$$,$$Falknerhemd$$,$$4b1318f7258$$);
INSERT INTO items(base_item_id, hq) VALUES(13272, false),(13272, true);
INSERT INTO base_items VALUES(13273,$$Punching Gloves$$,$$パンチンググローブ$$,$$Gants de pugilat$$,$$Schläger-Handschuhe$$,$$a515f223e58$$);
INSERT INTO items(base_item_id, hq) VALUES(13273, false),(13273, true);
INSERT INTO base_items VALUES(13275,$$Paissa Brat$$,$$パイッサ・ブラット$$,$$Petiot païssa$$,$$Paissa-Fratz$$,$$36b949e7142$$);
INSERT INTO items(base_item_id, hq) VALUES(13275, false);
INSERT INTO base_items VALUES(13276,$$Wind-up Illuminatus$$,$$マメット・ブルーハンド$$,$$Gobelin de la Mimine bleue$$,$$Indigohand-Puppe$$,$$00647f8ad66$$);
INSERT INTO items(base_item_id, hq) VALUES(13276, false);
INSERT INTO base_items VALUES(13279,$$Hunting Hawk$$,$$ハンティング・ホーク$$,$$Buse chasseuse$$,$$Jagdfalke$$,$$1aa38125a50$$);
INSERT INTO items(base_item_id, hq) VALUES(13279, false);
INSERT INTO base_items VALUES(13283,$$Korpokkur Kid$$,$$コロコロポックル$$,$$Pon-korpokkur$$,$$Korpokkur-Pflänzchen$$,$$2f47d2d0b2c$$);
INSERT INTO items(base_item_id, hq) VALUES(13283, false);
INSERT INTO base_items VALUES(13284,$$Wind-up Ifrit$$,$$マメット・イフリート$$,$$Petit Ifrit$$,$$Mini-Ifrit$$,$$0c4a14985d6$$);
INSERT INTO items(base_item_id, hq) VALUES(13284, false);
INSERT INTO base_items VALUES(13285,$$Thorne Dynasty Mantelshelf$$,$$ソーン朝の飾り棚$$,$$Estrade de la dynastie des Thorne$$,$$Thorne-Ära-Kaminsims$$,$$a7bfda563bd$$);
INSERT INTO items(base_item_id, hq) VALUES(13285, false);
INSERT INTO base_items VALUES(13301,$$Camphorwood Necklace of Fending$$,$$カンファーディフェンダーネックレス$$,$$Collier de protecteur en camphrier$$,$$Kampferholz-Halsband der Verteidigung$$,$$24f1ce83bbf$$);
INSERT INTO items(base_item_id, hq) VALUES(13301, false),(13301, true);
INSERT INTO base_items VALUES(13302,$$Eikon Iron Earring of Fending$$,$$イコンアロイ・ディフェンダーイヤリング$$,$$Boucle d'oreille primordiale de protecteur$$,$$Ikoneneisen-Ohrringe der Verteidigung$$,$$4e67a324d0d$$);
INSERT INTO items(base_item_id, hq) VALUES(13302, false),(13302, true);
INSERT INTO base_items VALUES(13303,$$Camphorwood Armillae of Fending$$,$$カンファーディフェンダーアルミラ$$,$$Armilles de protecteur en camphrier$$,$$Kampferholz-Armillae der Verteidigung$$,$$28635ebb614$$);
INSERT INTO items(base_item_id, hq) VALUES(13303, false),(13303, true);
INSERT INTO base_items VALUES(13304,$$Eikon Iron Ring of Fending$$,$$イコンアロイ・ディフェンダーリング$$,$$Bague primordiale de protecteur$$,$$Ikoneneisen-Ring der Verteidigung$$,$$3359dd9399c$$);
INSERT INTO items(base_item_id, hq) VALUES(13304, false),(13304, true);
INSERT INTO base_items VALUES(13305,$$Camphorwood Necklace of Slaying$$,$$カンファーアタッカーネックレス$$,$$Collier d'attaquant en camphrier$$,$$Kampferholz-Halsband des Schlachtens$$,$$2a075f182c4$$);
INSERT INTO items(base_item_id, hq) VALUES(13305, false),(13305, true);
INSERT INTO base_items VALUES(13306,$$Eikon Iron Earring of Slaying$$,$$イコンアロイ・アタッカーイヤリング$$,$$Boucle d'oreille primordiale d'attaquant$$,$$Ikoneneisen-Ohrringe des Schlachtens$$,$$0d7e76f997c$$);
INSERT INTO items(base_item_id, hq) VALUES(13306, false),(13306, true);
INSERT INTO base_items VALUES(13307,$$Camphorwood Armillae of Slaying$$,$$カンファーアタッカーアルミラ$$,$$Armilles d'attaquant en camphrier$$,$$Kampferholz-Armillae des Schlachtens$$,$$e947c1a41bf$$);
INSERT INTO items(base_item_id, hq) VALUES(13307, false),(13307, true);
INSERT INTO base_items VALUES(13308,$$Eikon Iron Ring of Slaying$$,$$イコンアロイ・アタッカーリング$$,$$Bague primordiale d'attaquant$$,$$Ikoneneisen-Ring des Schlachtens$$,$$4c38582c0d8$$);
INSERT INTO items(base_item_id, hq) VALUES(13308, false),(13308, true);
INSERT INTO base_items VALUES(13309,$$Camphorwood Necklace of Aiming$$,$$カンファーレンジャーネックレス$$,$$Collier de pisteur en camphrier$$,$$Kampferholz-Halsband des Zielens$$,$$2622c9896dd$$);
INSERT INTO items(base_item_id, hq) VALUES(13309, false),(13309, true);
INSERT INTO base_items VALUES(13310,$$Eikon Iron Earring of Aiming$$,$$イコンアロイ・レンジャーイヤリング$$,$$Boucle d'oreille primordiale de pisteur$$,$$Ikoneneisen-Ohrringe des Zielens$$,$$63d3a9cd7c3$$);
INSERT INTO items(base_item_id, hq) VALUES(13310, false),(13310, true);
INSERT INTO base_items VALUES(13311,$$Camphorwood Armillae of Aiming$$,$$カンファーレンジャーアルミラ$$,$$Armilles de pisteur en camphrier$$,$$Kampferholz-Armillae des Zielens$$,$$67706825108$$);
INSERT INTO items(base_item_id, hq) VALUES(13311, false),(13311, true);
INSERT INTO base_items VALUES(13312,$$Eikon Iron Ring of Aiming$$,$$イコンアロイ・レンジャーリング$$,$$Bague primordiale de pisteur$$,$$Ikoneneisen-Ring des Zielens$$,$$7244be1d2f1$$);
INSERT INTO items(base_item_id, hq) VALUES(13312, false),(13312, true);
INSERT INTO base_items VALUES(13313,$$Camphorwood Necklace of Healing$$,$$カンファーヒーラーネックレス$$,$$Collier de soigneur en camphrier$$,$$Kampferholz-Halsband der Heilung$$,$$8fffcc757c0$$);
INSERT INTO items(base_item_id, hq) VALUES(13313, false),(13313, true);
INSERT INTO base_items VALUES(13314,$$Eikon Iron Earring of Healing$$,$$イコンアロイ・ヒーラーイヤリング$$,$$Boucle d'oreille primordiale de soigneur$$,$$Ikoneneisen-Ohrringe der Heilung$$,$$6857bb3572b$$);
INSERT INTO items(base_item_id, hq) VALUES(13314, false),(13314, true);
INSERT INTO base_items VALUES(13315,$$Camphorwood Armillae of Healing$$,$$カンファーヒーラーアルミラ$$,$$Armilles de soigneur en camphrier$$,$$Kampferholz-Armillae der Heilung$$,$$5db25fa2c73$$);
INSERT INTO items(base_item_id, hq) VALUES(13315, false),(13315, true);
INSERT INTO base_items VALUES(13316,$$Eikon Iron Ring of Healing$$,$$イコンアロイ・ヒーラーリング$$,$$Bague primordiale de soigneur$$,$$Ikoneneisen-Ring der Heilung$$,$$7608a8b785e$$);
INSERT INTO items(base_item_id, hq) VALUES(13316, false),(13316, true);
INSERT INTO base_items VALUES(13317,$$Camphorwood Necklace of Casting$$,$$カンファーキャスターネックレス$$,$$Collier d'incantateur en camphrier$$,$$Kampferholz-Halsband der Magie$$,$$3301fd22912$$);
INSERT INTO items(base_item_id, hq) VALUES(13317, false),(13317, true);
INSERT INTO base_items VALUES(13318,$$Eikon Iron Earring of Casting$$,$$イコンアロイ・キャスターイヤリング$$,$$Boucle d'oreille primordiale d'incantateur$$,$$Ikoneneisen-Ohrringe der Magie$$,$$45c40566d89$$);
INSERT INTO items(base_item_id, hq) VALUES(13318, false),(13318, true);
INSERT INTO base_items VALUES(13319,$$Camphorwood Armillae of Casting$$,$$カンファーキャスターアルミラ$$,$$Armilles d'incantateur en camphrier$$,$$Kampferholz-Armillae der Magie$$,$$7568d076d30$$);
INSERT INTO items(base_item_id, hq) VALUES(13319, false),(13319, true);
INSERT INTO base_items VALUES(13320,$$Eikon Iron Ring of Casting$$,$$イコンアロイ・キャスターリング$$,$$Bague primordiale d'incantateur$$,$$Ikoneneisen-Ring der Magie$$,$$b652d857673$$);
INSERT INTO items(base_item_id, hq) VALUES(13320, false),(13320, true);
INSERT INTO base_items VALUES(13354,$$Cold Knight's Cookfire$$,$$騎兵の焚火炉$$,$$Feu de camp de chevalier$$,$$Kochstelle für frierende Ritter$$,$$d2b82bdb3ce$$);
INSERT INTO items(base_item_id, hq) VALUES(13354, false);
INSERT INTO base_items VALUES(13355,$$Oriental Snowcave$$,$$ドマ風かまくら$$,$$Abri de neige domien$$,$$Fernöstliche Schneehöhle$$,$$cdb4dbd22ac$$);
INSERT INTO items(base_item_id, hq) VALUES(13355, false);
INSERT INTO base_items VALUES(13590,$$Pterodactyl Strap$$,$$プテロダクティルスストラップ$$,$$Lanière en cuir de ptérodactyle$$,$$Pterodaktylus-Lederriemen$$,$$60c600e3bbf$$);
INSERT INTO items(base_item_id, hq) VALUES(13590, false),(13590, true);
INSERT INTO base_items VALUES(13592,$$Titanium Alloy Square$$,$$チタンアロイプレートレット$$,$$Plaquette en alliage de titane$$,$$Titanlegierungs-Plättchen$$,$$1711ffa381f$$);
INSERT INTO items(base_item_id, hq) VALUES(13592, false),(13592, true);
INSERT INTO base_items VALUES(13594,$$Blessed Fletchings$$,$$祝福された矢羽$$,$$Penne bénie$$,$$Geweihte Befiederung$$,$$f40756dcf11$$);
INSERT INTO items(base_item_id, hq) VALUES(13594, false),(13594, true);
INSERT INTO base_items VALUES(13596,$$Moogle Miniature$$,$$モグモグフェーヴ$$,$$Fève mog$$,$$Porzellan-Mogry$$,$$fc171026c9e$$);
INSERT INTO items(base_item_id, hq) VALUES(13596, false),(13596, true);
INSERT INTO base_items VALUES(13637,$$Max-Potion$$,$$マキシポーション$$,$$Maxi potion$$,$$Maxtrank$$,$$810081f550e$$);
INSERT INTO items(base_item_id, hq) VALUES(13637, false),(13637, true);
INSERT INTO base_items VALUES(13638,$$Max-Ether$$,$$マキシエーテル$$,$$Maxi éther$$,$$Max-Äther$$,$$bdc7322695b$$);
INSERT INTO items(base_item_id, hq) VALUES(13638, false),(13638, true);
INSERT INTO base_items VALUES(13640,$$Sky Pirate's Helm of Fending$$,$$スカイパイレーツ・ディフェンダーヘルム$$,$$Casque de protecteur de pirate des cieux$$,$$Luftpiraten-Helm der Verteidigung$$,$$230b4730578$$);
INSERT INTO items(base_item_id, hq) VALUES(13640, false),(13640, true);
INSERT INTO base_items VALUES(13641,$$Sky Pirate's Coat of Fending$$,$$スカイパイレーツ・ディフェンダーコート$$,$$Manteau de protecteur de pirate des cieux$$,$$Luftpiraten-Mantel der Verteidigung$$,$$c210b67bc8f$$);
INSERT INTO items(base_item_id, hq) VALUES(13641, false),(13641, true);
INSERT INTO base_items VALUES(13642,$$Sky Pirate's Gauntlets of Fending$$,$$スカイパイレーツ・ディフェンダーガントレット$$,$$Gantelets de protecteur de pirate des cieux$$,$$Luftpiraten-Panzerhandschuhe der Verteidigung$$,$$49e9a9c6767$$);
INSERT INTO items(base_item_id, hq) VALUES(13642, false),(13642, true);
INSERT INTO base_items VALUES(13643,$$Sky Pirate's Gaskins of Fending$$,$$スカイパイレーツ・ディフェンダーガスキン$$,$$Grègues de protecteur de pirate des cieux$$,$$Luftpiraten-Gaskin der Verteidigung$$,$$028e6e28f6e$$);
INSERT INTO items(base_item_id, hq) VALUES(13643, false),(13643, true);
INSERT INTO base_items VALUES(13644,$$Sky Pirate's Boots of Fending$$,$$スカイパイレーツ・ディフェンダーブーツ$$,$$Bottes de protecteur de pirate des cieux$$,$$Luftpiraten-Stiefel der Verteidigung$$,$$cf11333fe94$$);
INSERT INTO items(base_item_id, hq) VALUES(13644, false),(13644, true);
INSERT INTO base_items VALUES(13646,$$Sky Pirate's Helm of Maiming$$,$$スカイパイレーツ・スレイヤーヘルム$$,$$Casque d'abatteur de pirate des cieux$$,$$Luftpiraten-Helm des Verstümmelns$$,$$5144878fb57$$);
INSERT INTO items(base_item_id, hq) VALUES(13646, false),(13646, true);
INSERT INTO base_items VALUES(13647,$$Sky Pirate's Coat of Maiming$$,$$スカイパイレーツ・スレイヤーコート$$,$$Manteau d'abatteur de pirate des cieux$$,$$Luftpiraten-Mantel des Verstümmelns$$,$$e132d83cdae$$);
INSERT INTO items(base_item_id, hq) VALUES(13647, false),(13647, true);
INSERT INTO base_items VALUES(13648,$$Sky Pirate's Gauntlets of Maiming$$,$$スカイパイレーツ・スレイヤーガントレット$$,$$Gantelets d'abatteur de pirate des cieux$$,$$Luftpiraten-Panzerhandschuhe des Verstümmelns$$,$$b3b9bffdb5c$$);
INSERT INTO items(base_item_id, hq) VALUES(13648, false),(13648, true);
INSERT INTO base_items VALUES(13649,$$Sky Pirate's Gaskins of Maiming$$,$$スカイパイレーツ・スレイヤーガスキン$$,$$Grègues d'abatteur de pirate des cieux$$,$$Luftpiraten-Gaskin des Verstümmelns$$,$$202251e4041$$);
INSERT INTO items(base_item_id, hq) VALUES(13649, false),(13649, true);
INSERT INTO base_items VALUES(13650,$$Sky Pirate's Boots of Maiming$$,$$スカイパイレーツ・スレイヤーブーツ$$,$$Bottes d'abatteur de pirate des cieux$$,$$Luftpiraten-Stiefel des Verstümmelns$$,$$cecff1666a6$$);
INSERT INTO items(base_item_id, hq) VALUES(13650, false),(13650, true);
INSERT INTO base_items VALUES(13652,$$Sky Pirate's Mask of Striking$$,$$スカイパイレーツ・ストライカーマスク$$,$$Masque d'agresseur de pirate des cieux$$,$$Luftpiraten-Maske des Schlagens$$,$$a82a598f91a$$);
INSERT INTO items(base_item_id, hq) VALUES(13652, false),(13652, true);
INSERT INTO base_items VALUES(13653,$$Sky Pirate's Jacket of Striking$$,$$スカイパイレーツ・ストライカージャケット$$,$$Jaque d'agresseur de pirate des cieux$$,$$Luftpiraten-Jacke des Schlagens$$,$$7cec88b0ddf$$);
INSERT INTO items(base_item_id, hq) VALUES(13653, false),(13653, true);
INSERT INTO base_items VALUES(13654,$$Sky Pirate's Gloves of Striking$$,$$スカイパイレーツ・ストライカーグローブ$$,$$Gants d'agresseur de pirate des cieux$$,$$Luftpiraten-Handschuhe des Schlagens$$,$$c8d8121583d$$);
INSERT INTO items(base_item_id, hq) VALUES(13654, false),(13654, true);
INSERT INTO base_items VALUES(13655,$$Sky Pirate's Trousers of Striking$$,$$スカイパイレーツ・ストライカートラウザー$$,$$Pantalon d'agresseur de pirate des cieux$$,$$Luftpiraten-Hose des Schlagens$$,$$434834ea581$$);
INSERT INTO items(base_item_id, hq) VALUES(13655, false),(13655, true);
INSERT INTO base_items VALUES(13656,$$Sky Pirate's Boots of Striking$$,$$スカイパイレーツ・ストライカーブーツ$$,$$Bottes d'agresseur de pirate des cieux$$,$$Luftpiraten-Stiefel des Schlagens$$,$$b7cb8ae51aa$$);
INSERT INTO items(base_item_id, hq) VALUES(13656, false),(13656, true);
INSERT INTO base_items VALUES(13658,$$Sky Pirate's Beret of Aiming$$,$$スカイパイレーツ・レンジャーベレー$$,$$Béret de pisteur de pirate des cieux$$,$$Luftpiraten-Barett des Zielens$$,$$e527b1f5e3d$$);
INSERT INTO items(base_item_id, hq) VALUES(13658, false),(13658, true);
INSERT INTO base_items VALUES(13659,$$Sky Pirate's Vest of Aiming$$,$$スカイパイレーツ・レンジャーベスト$$,$$Gilet de pisteur de pirate des cieux$$,$$Luftpiraten-Weste des Zielens$$,$$ecc0f599bac$$);
INSERT INTO items(base_item_id, hq) VALUES(13659, false),(13659, true);
INSERT INTO base_items VALUES(13660,$$Sky Pirate's Gloves of Aiming$$,$$スカイパイレーツ・レンジャーグローブ$$,$$Gants de pisteur de pirate des cieux$$,$$Luftpiraten-Handschuhe des Zielens$$,$$2a12df1941c$$);
INSERT INTO items(base_item_id, hq) VALUES(13660, false),(13660, true);
INSERT INTO base_items VALUES(13661,$$Sky Pirate's Halfslops of Aiming$$,$$スカイパイレーツ・レンジャーハーフパンツ$$,$$Demi-trousses de pisteur de pirate des cieux$$,$$Luftpiraten-Beinlinge des Zielens$$,$$b0dc5bdb5b8$$);
INSERT INTO items(base_item_id, hq) VALUES(13661, false),(13661, true);
INSERT INTO base_items VALUES(13662,$$Sky Pirate's Boots of Aiming$$,$$スカイパイレーツ・レンジャーブーツ$$,$$Bottes de pisteur de pirate des cieux$$,$$Luftpiraten-Stiefel des Zielens$$,$$9a861a4ec5d$$);
INSERT INTO items(base_item_id, hq) VALUES(13662, false),(13662, true);
INSERT INTO base_items VALUES(13664,$$Sky Pirate's Mask of Scouting$$,$$スカイパイレーツ・スカウトマスク$$,$$Masque d'éclaireur de pirate des cieux$$,$$Luftpiraten-Maske des Spähens$$,$$fa40c12a45b$$);
INSERT INTO items(base_item_id, hq) VALUES(13664, false),(13664, true);
INSERT INTO base_items VALUES(13665,$$Sky Pirate's Jacket of Scouting$$,$$スカイパイレーツ・スカウトジャケット$$,$$Jaque d'éclaireur de pirate des cieux$$,$$Luftpiraten-Jacke des Spähens$$,$$f30ad7a0d87$$);
INSERT INTO items(base_item_id, hq) VALUES(13665, false),(13665, true);
INSERT INTO base_items VALUES(13666,$$Sky Pirate's Gloves of Scouting$$,$$スカイパイレーツ・スカウトグローブ$$,$$Gants d'éclaireur de pirate des cieux$$,$$Luftpiraten-Handschuhe des Spähens$$,$$81572d77cdd$$);
INSERT INTO items(base_item_id, hq) VALUES(13666, false),(13666, true);
INSERT INTO base_items VALUES(13667,$$Sky Pirate's Trousers of Scouting$$,$$スカイパイレーツ・スカウトトラウザー$$,$$Pantalon d'éclaireur de pirate des cieux$$,$$Luftpiraten-Hose des Spähens$$,$$7170af8b88e$$);
INSERT INTO items(base_item_id, hq) VALUES(13667, false),(13667, true);
INSERT INTO base_items VALUES(13668,$$Sky Pirate's Boots of Scouting$$,$$スカイパイレーツ・スカウトブーツ$$,$$Bottes d'éclaireur de pirate des cieux$$,$$Luftpiraten-Stiefel des Spähens$$,$$24f97b3e517$$);
INSERT INTO items(base_item_id, hq) VALUES(13668, false),(13668, true);
INSERT INTO base_items VALUES(13670,$$Sky Pirate's Cap of Healing$$,$$スカイパイレーツ・ヒーラーキャップ$$,$$Chapeau de soigneur de pirate des cieux$$,$$Luftpiraten-Kappe der Heilung$$,$$1b7072bbef8$$);
INSERT INTO items(base_item_id, hq) VALUES(13670, false),(13670, true);
INSERT INTO base_items VALUES(13671,$$Sky Pirate's Coat of Healing$$,$$スカイパイレーツ・ヒーラーコート$$,$$Manteau de soigneur de pirate des cieux$$,$$Luftpiraten-Mantel der Heilung$$,$$45f74d622be$$);
INSERT INTO items(base_item_id, hq) VALUES(13671, false),(13671, true);
INSERT INTO base_items VALUES(13672,$$Sky Pirate's Gloves of Healing$$,$$スカイパイレーツ・ヒーラーグローブ$$,$$Gants de soigneur de pirate des cieux$$,$$Luftpiraten-Handschuhe der Heilung$$,$$d26b3be70e6$$);
INSERT INTO items(base_item_id, hq) VALUES(13672, false),(13672, true);
INSERT INTO base_items VALUES(13673,$$Sky Pirate's Bottoms of Healing$$,$$スカイパイレーツ・ヒーラーボトム$$,$$Bas-de-corps de soigneur de pirate des cieux$$,$$Luftpiraten-Hose der Heilung$$,$$6c52fa45aea$$);
INSERT INTO items(base_item_id, hq) VALUES(13673, false),(13673, true);
INSERT INTO base_items VALUES(13674,$$Sky Pirate's Shoes of Healing$$,$$スカイパイレーツ・ヒーラーシューズ$$,$$Chaussures de soigneur de pirate des cieux$$,$$Luftpiraten-Schuhe der Heilung$$,$$4e54b182721$$);
INSERT INTO items(base_item_id, hq) VALUES(13674, false),(13674, true);
INSERT INTO base_items VALUES(13676,$$Sky Pirate's Cap of Casting$$,$$スカイパイレーツ・キャスターキャップ$$,$$Chapeau d'incantateur de pirate des cieux$$,$$Luftpiraten-Kappe der Magie$$,$$1034b17f4cb$$);
INSERT INTO items(base_item_id, hq) VALUES(13676, false),(13676, true);
INSERT INTO base_items VALUES(13677,$$Sky Pirate's Coat of Casting$$,$$スカイパイレーツ・キャスターコート$$,$$Manteau d'incantateur de pirate des cieux$$,$$Luftpiraten-Mantel der Magie$$,$$870f62dbec9$$);
INSERT INTO items(base_item_id, hq) VALUES(13677, false),(13677, true);
INSERT INTO base_items VALUES(13678,$$Sky Pirate's Gloves of Casting$$,$$スカイパイレーツ・キャスターグローブ$$,$$Gants d'incantateur de pirate des cieux$$,$$Luftpiraten-Handschuhe der Magie$$,$$d0ac9ec5454$$);
INSERT INTO items(base_item_id, hq) VALUES(13678, false),(13678, true);
INSERT INTO base_items VALUES(13679,$$Sky Pirate's Bottoms of Casting$$,$$スカイパイレーツ・キャスターボトム$$,$$Bas-de-corps d'incantateur de pirate des cieux$$,$$Luftpiraten-Hose der Magie$$,$$2df41a367eb$$);
INSERT INTO items(base_item_id, hq) VALUES(13679, false),(13679, true);
INSERT INTO base_items VALUES(13680,$$Sky Pirate's Shoes of Casting$$,$$スカイパイレーツ・キャスターシューズ$$,$$Chaussures d'incantateur de pirate des cieux$$,$$Luftpiraten-Schuhe der Magie$$,$$569c4bdb396$$);
INSERT INTO items(base_item_id, hq) VALUES(13680, false),(13680, true);
INSERT INTO base_items VALUES(13682,$$Rainbow Justaucorps$$,$$レインボークロスジュストコール$$,$$Justaucorps en étoffe arc-en-ciel$$,$$Regenbogen-Justaucorps$$,$$86e0082fb16$$);
INSERT INTO items(base_item_id, hq) VALUES(13682, false),(13682, true);
INSERT INTO base_items VALUES(13683,$$Rainbow Breeches$$,$$レインボークロスブリーチ$$,$$Braies en étoffe arc-en-ciel$$,$$Regenbogen-Reiterhose$$,$$e4fafe07e77$$);
INSERT INTO items(base_item_id, hq) VALUES(13683, false),(13683, true);
INSERT INTO base_items VALUES(13684,$$Archaeoskin Boots$$,$$アルケオーニスブーツ$$,$$Bottes en cuir d'archéornis$$,$$Archaeoleder-Stiefel$$,$$798e38348a9$$);
INSERT INTO items(base_item_id, hq) VALUES(13684, false),(13684, true);
INSERT INTO base_items VALUES(13685,$$Archaeoskin Cloche$$,$$アルケオーニスクローシュ$$,$$Chapeau cloche en cuir d'archéornis$$,$$Archaeoleder-Strohhut$$,$$2ec6d23a674$$);
INSERT INTO items(base_item_id, hq) VALUES(13685, false),(13685, true);
INSERT INTO base_items VALUES(13686,$$Rainbow Bustle$$,$$レインボークロス・バッスルドレス$$,$$Robe à tournure en étoffe arc-en-ciel$$,$$Regenbogen-Reifrock$$,$$a8f63eafdd9$$);
INSERT INTO items(base_item_id, hq) VALUES(13686, false),(13686, true);
INSERT INTO base_items VALUES(13687,$$Archaeoskin Halfboots$$,$$アルケオーニスショートブーツ$$,$$Bottines en cuir d'archéornis$$,$$Archaeoleder-Schuhe$$,$$96f55cf485d$$);
INSERT INTO items(base_item_id, hq) VALUES(13687, false),(13687, true);
INSERT INTO base_items VALUES(13688,$$Ramie Shirt$$,$$ラミーシャツ$$,$$Chemise en ramie$$,$$Ramien-Hemd$$,$$77ce9b969d5$$);
INSERT INTO items(base_item_id, hq) VALUES(13688, false),(13688, true);
INSERT INTO base_items VALUES(13708,$$General-purpose Pastel Pink Dye$$,$$カララント:パステルピンク$$,$$Teinture rose pastel$$,$$Pastellrosa Farbstoff$$,$$d4248d41a25$$);
INSERT INTO items(base_item_id, hq) VALUES(13708, false);
INSERT INTO base_items VALUES(13711,$$General-purpose Pastel Green Dye$$,$$カララント:パステルグリーン$$,$$Teinture vert pastel$$,$$Pastellgrüner Farbstoff$$,$$ce58845f9ab$$);
INSERT INTO items(base_item_id, hq) VALUES(13711, false);
INSERT INTO base_items VALUES(13712,$$General-purpose Dark Green Dye$$,$$カララント:ダークグリーン$$,$$Teinture vert foncé$$,$$Dunkelgrüner Farbstoff$$,$$8ae009a2d4b$$);
INSERT INTO items(base_item_id, hq) VALUES(13712, false);
INSERT INTO base_items VALUES(13713,$$General-purpose Pastel Blue Dye$$,$$カララント:パステルブルー$$,$$Teinture bleu pastel$$,$$Pastellblauer Farbstoff$$,$$dfcf9ed3b94$$);
INSERT INTO items(base_item_id, hq) VALUES(13713, false);
INSERT INTO base_items VALUES(13714,$$General-purpose Dark Blue Dye$$,$$カララント:ダークブルー$$,$$Teinture bleu foncé$$,$$Dunkelblauer Farbstoff$$,$$9495d7d85fe$$);
INSERT INTO items(base_item_id, hq) VALUES(13714, false);
INSERT INTO base_items VALUES(13715,$$General-purpose Pastel Purple Dye$$,$$カララント:パステルパープル$$,$$Teinture violet pastel$$,$$Pastellvioletter Farbstoff$$,$$cf30e756804$$);
INSERT INTO items(base_item_id, hq) VALUES(13715, false);
INSERT INTO base_items VALUES(13716,$$General-purpose Dark Purple Dye$$,$$カララント:ダークパープル$$,$$Teinture violet foncé$$,$$Dunkelvioletter Farbstoff$$,$$f4489265237$$);
INSERT INTO items(base_item_id, hq) VALUES(13716, false);
INSERT INTO base_items VALUES(13717,$$General-purpose Metallic Red Dye$$,$$カララント:メタリックレッド$$,$$Teinture rouge métallique$$,$$Metallic roter Farbstoff$$,$$351ff2db47a$$);
INSERT INTO items(base_item_id, hq) VALUES(13717, false);
INSERT INTO base_items VALUES(13720,$$General-purpose Metallic Green Dye$$,$$カララント:メタリックグリーン$$,$$Teinture vert métallique$$,$$Metallic grüner Farbstoff$$,$$d8c4a370e72$$);
INSERT INTO items(base_item_id, hq) VALUES(13720, false);
INSERT INTO base_items VALUES(13721,$$General-purpose Metallic Sky Blue Dye$$,$$カララント:メタリックスカイブルー$$,$$Teinture bleu ciel métallique$$,$$Metallic himmelblauer Farbstoff$$,$$a53443deda8$$);
INSERT INTO items(base_item_id, hq) VALUES(13721, false);
INSERT INTO base_items VALUES(13722,$$General-purpose Metallic Blue Dye$$,$$カララント:メタリックブルー$$,$$Teinture bleu métallique$$,$$Metallic blauer Farbstoff$$,$$0330daf480e$$);
INSERT INTO items(base_item_id, hq) VALUES(13722, false);
INSERT INTO base_items VALUES(13723,$$General-purpose Metallic Purple Dye$$,$$カララント:メタリックパープル$$,$$Teinture violet métallique$$,$$Metallic violetter Farbstoff$$,$$58bec677cf5$$);
INSERT INTO items(base_item_id, hq) VALUES(13723, false);
INSERT INTO base_items VALUES(13726,$$Iron Clapper$$,$$アイアンクラッパー$$,$$Battant en fer$$,$$Eisenklöppel$$,$$976c55e1613$$);
INSERT INTO items(base_item_id, hq) VALUES(13726, false);
INSERT INTO base_items VALUES(13727,$$Functional Proto-hropken$$,$$オプロプケン$$,$$Protohropken fonctionnel$$,$$Funktionaler Proto-Hropken$$,$$c435c79b3fb$$);
INSERT INTO items(base_item_id, hq) VALUES(13727, false),(13727, true);
INSERT INTO base_items VALUES(13728,$$Coerthan Clione$$,$$クルザスクリオネ$$,$$Clione du Coerthas$$,$$Coerthische Ruderschnecke$$,$$b14b6abb7c5$$);
INSERT INTO items(base_item_id, hq) VALUES(13728, false),(13728, true);
INSERT INTO base_items VALUES(13729,$$Dravanian Smelt$$,$$ドラヴァニアスメルト$$,$$Éperlan dravanien$$,$$Dravanischer Stint$$,$$26b308f238b$$);
INSERT INTO items(base_item_id, hq) VALUES(13729, false),(13729, true);
INSERT INTO base_items VALUES(13730,$$Heavens Coral$$,$$天空珊瑚$$,$$Corail des cieux$$,$$Himmelskoralle$$,$$82c3787cf13$$);
INSERT INTO items(base_item_id, hq) VALUES(13730, false),(13730, true);
INSERT INTO base_items VALUES(13731,$$Sunsail$$,$$サンセットセイル$$,$$Voilier du couchant$$,$$Sonnensegel$$,$$e0a80201729$$);
INSERT INTO items(base_item_id, hq) VALUES(13731, false),(13731, true);
INSERT INTO base_items VALUES(13732,$$Goblin Bass$$,$$ゴブリバス$$,$$Bar gobelin$$,$$Goblinbarsch$$,$$9428045f30f$$);
INSERT INTO items(base_item_id, hq) VALUES(13732, false),(13732, true);
INSERT INTO base_items VALUES(13733,$$Pterodactyl$$,$$プテロダクティルス$$,$$Ptérodactyle$$,$$Pterodaktylus$$,$$45e0a55a514$$);
INSERT INTO items(base_item_id, hq) VALUES(13733, false),(13733, true);
INSERT INTO base_items VALUES(13734,$$Eurhinosaur$$,$$ユーリノサウルス$$,$$Eurhinosaure$$,$$Eurhinosaurus$$,$$a921b3feec7$$);
INSERT INTO items(base_item_id, hq) VALUES(13734, false),(13734, true);
INSERT INTO base_items VALUES(13736,$$Gem Marimo$$,$$ジュエルマリモ$$,$$Marimo gemme$$,$$Algenperle$$,$$8eb27084ac8$$);
INSERT INTO items(base_item_id, hq) VALUES(13736, false),(13736, true);
INSERT INTO base_items VALUES(13737,$$Crown Trout$$,$$クラウントラウト$$,$$Truite couronnée$$,$$Kronenforelle$$,$$a5a31c44c49$$);
INSERT INTO items(base_item_id, hq) VALUES(13737, false),(13737, true);
INSERT INTO base_items VALUES(13738,$$Retribution Staff$$,$$嵐神魚$$,$$Bâton de châtiment$$,$$Vergelter$$,$$b511e1c3c09$$);
INSERT INTO items(base_item_id, hq) VALUES(13738, false),(13738, true);
INSERT INTO base_items VALUES(13739,$$Thief Betta$$,$$シーフベタ$$,$$Betta voleur$$,$$Diebischer Kampffisch$$,$$ef9a5911c7f$$);
INSERT INTO items(base_item_id, hq) VALUES(13739, false),(13739, true);
INSERT INTO base_items VALUES(13740,$$Goldsmith Crab$$,$$ゴールドスミスクラブ$$,$$Crabe orfèvre$$,$$Goldschmied-Krabbe$$,$$e380b458a35$$);
INSERT INTO items(base_item_id, hq) VALUES(13740, false),(13740, true);
INSERT INTO base_items VALUES(13742,$$Steamed Staff$$,$$嵐神魚の姿蒸し$$,$$Bâton à l'étouffée$$,$$Gedünsteter Vergelter$$,$$d340d25dce6$$);
INSERT INTO items(base_item_id, hq) VALUES(13742, false),(13742, true);
INSERT INTO base_items VALUES(13743,$$Sesame Cookie$$,$$セサミクッキー$$,$$Biscuit au sésame$$,$$Sesamkeks$$,$$483f65b5569$$);
INSERT INTO items(base_item_id, hq) VALUES(13743, false),(13743, true);
INSERT INTO base_items VALUES(13744,$$Wind Silk$$,$$ウィンドシルク$$,$$Étoffe de soie des vents$$,$$Windseide$$,$$61bbe8a518c$$);
INSERT INTO items(base_item_id, hq) VALUES(13744, false),(13744, true);
INSERT INTO base_items VALUES(13745,$$Dinosaur Leather$$,$$ダイノレザー$$,$$Cuir de dinosaure$$,$$Dinosaurierleder$$,$$28c386ef4e4$$);
INSERT INTO items(base_item_id, hq) VALUES(13745, false),(13745, true);
INSERT INTO base_items VALUES(13746,$$Falconer's Hemp$$,$$ファルコナーヘンプ$$,$$Étoffe de chanvre de fauconnier$$,$$Falknerhanf$$,$$bd8381436df$$);
INSERT INTO items(base_item_id, hq) VALUES(13746, false),(13746, true);
INSERT INTO base_items VALUES(13747,$$Titanium Alloy Ingot$$,$$チタンアロイインゴット$$,$$Lingot d'alliage de titane$$,$$Titanlegierungs-Barren$$,$$bc0a7dbf223$$);
INSERT INTO items(base_item_id, hq) VALUES(13747, false),(13747, true);
INSERT INTO base_items VALUES(13748,$$Cloud Cloth$$,$$雲布$$,$$Étoffe des nuages$$,$$Wolkenstoff$$,$$909b288c587$$);
INSERT INTO items(base_item_id, hq) VALUES(13748, false),(13748, true);
INSERT INTO base_items VALUES(13749,$$Pterodactyl Leather$$,$$プテロダクティルスレザー$$,$$Cuir de ptérodactyle$$,$$Pterodaktylus-Leder$$,$$86ff9a0cadd$$);
INSERT INTO items(base_item_id, hq) VALUES(13749, false),(13749, true);
INSERT INTO base_items VALUES(13750,$$Sphalerite$$,$$閃亜鉛鉱$$,$$Minerai de sphalérite$$,$$Sphalerit$$,$$ce68a41a0b6$$);
INSERT INTO items(base_item_id, hq) VALUES(13750, false),(13750, true);
INSERT INTO base_items VALUES(13751,$$Potters Stone$$,$$浮島陶石$$,$$Pierre de potier$$,$$Töpferstein$$,$$fdf09de6189$$);
INSERT INTO items(base_item_id, hq) VALUES(13751, false),(13751, true);
INSERT INTO base_items VALUES(13752,$$Royal Mistletoe$$,$$クラウンミスルトゥ$$,$$Gui royal$$,$$Königs-Mistelzweig$$,$$7ba3590d338$$);
INSERT INTO items(base_item_id, hq) VALUES(13752, false),(13752, true);
INSERT INTO base_items VALUES(13753,$$Cloud Cotton Boll$$,$$雲綿$$,$$Fleur de coton des nuages$$,$$Wolken-Baumwoll-Samenkapsel$$,$$e92e2a55202$$);
INSERT INTO items(base_item_id, hq) VALUES(13753, false),(13753, true);
INSERT INTO base_items VALUES(13754,$$Blood Pepper$$,$$ブラッドペッパー$$,$$Piment sanglant$$,$$Blutpfeffer$$,$$c228de80f55$$);
INSERT INTO items(base_item_id, hq) VALUES(13754, false),(13754, true);
INSERT INTO base_items VALUES(13755,$$Blood Pepper Seeds$$,$$ブラッドペッパーの種$$,$$Graines de piment sanglant$$,$$Blutpfeffer-Samen$$,$$bf13ab811e7$$);
INSERT INTO items(base_item_id, hq) VALUES(13755, false);
INSERT INTO base_items VALUES(13756,$$Dravanian Mote$$,$$ドラヴァニア浮草$$,$$Mauve-nuage de Dravania$$,$$Dravanische Wasserlinsen$$,$$8170f8c283b$$);
INSERT INTO items(base_item_id, hq) VALUES(13756, false);
INSERT INTO base_items VALUES(13757,$$Oriental Grass Tuft$$,$$ドマグラスの苗$$,$$Bulbe de roseau de Doma$$,$$Fernöstliche Grassamen$$,$$1c8e385bb50$$);
INSERT INTO items(base_item_id, hq) VALUES(13757, false);
INSERT INTO base_items VALUES(13758,$$Cassia Block$$,$$タガヤサン角材$$,$$Bloc de cassier$$,$$Kassia-Block$$,$$223a3a6c616$$);
INSERT INTO items(base_item_id, hq) VALUES(13758, false),(13758, true);
INSERT INTO base_items VALUES(13759,$$Tektite$$,$$テクタイト$$,$$Tectite$$,$$Tektit$$,$$923dad83c25$$);
INSERT INTO items(base_item_id, hq) VALUES(13759, false),(13759, true);
INSERT INTO base_items VALUES(13761,$$Fossilized Dragon Bone$$,$$古竜骨片$$,$$Os de dragon fossilisé$$,$$Versteinerter Drachenknochen$$,$$ab0659418ca$$);
INSERT INTO items(base_item_id, hq) VALUES(13761, false),(13761, true);
INSERT INTO base_items VALUES(13763,$$Cloud Mushroom$$,$$クラウドマッシュルーム$$,$$Cèpe des nuages$$,$$Wolkenpilz$$,$$f3694e9ee34$$);
INSERT INTO items(base_item_id, hq) VALUES(13763, false),(13763, true);
INSERT INTO base_items VALUES(13764,$$Wind Widow$$,$$スカイウィドー$$,$$Veuve des vents$$,$$Windwitwe$$,$$27ac895ddbf$$);
INSERT INTO items(base_item_id, hq) VALUES(13764, false),(13764, true);
INSERT INTO base_items VALUES(13765,$$Old World Fig Seeds$$,$$オールドワールドフィグの種$$,$$Graines de figuier du vieux continent$$,$$Sharlayanische Feigensamen$$,$$b845d7b3d52$$);
INSERT INTO items(base_item_id, hq) VALUES(13765, false);
INSERT INTO base_items VALUES(13766,$$Chive Seeds$$,$$チャイブの種$$,$$Graines de ciboulette$$,$$Schnittlauchsamen$$,$$4243943391b$$);
INSERT INTO items(base_item_id, hq) VALUES(13766, false);
INSERT INTO base_items VALUES(13767,$$Pearl Sprout Seeds$$,$$プチキャベツの種$$,$$Graines de chou-bourgeon$$,$$Kohlsprösschen-Samen$$,$$40020e11210$$);
INSERT INTO items(base_item_id, hq) VALUES(13767, false);
INSERT INTO base_items VALUES(13768,$$Coerthan Tea Seeds$$,$$クルザス茶樹の種$$,$$Graines de théier du Coerthas$$,$$Coerthische Teesamen$$,$$1c421f4ff84$$);
INSERT INTO items(base_item_id, hq) VALUES(13768, false);
INSERT INTO base_items VALUES(13769,$$Falconer's Bottoms$$,$$ファルコナーボトム$$,$$Bas-de-corps de fauconnier$$,$$Falknerhose$$,$$4f62c78d569$$);
INSERT INTO items(base_item_id, hq) VALUES(13769, false),(13769, true);
INSERT INTO base_items VALUES(13770,$$Falconer's Boots$$,$$ファルコナーブーツ$$,$$Bottes de fauconnier$$,$$Falknerstiefel$$,$$e2d8e6090cd$$);
INSERT INTO items(base_item_id, hq) VALUES(13770, false),(13770, true);
INSERT INTO base_items VALUES(13771,$$Dragonskin Bottoms$$,$$ドラゴンレザーボトム$$,$$Bas-de-corps en cuir de dragon$$,$$Drachenleder-Hose$$,$$c4fdf99183f$$);
INSERT INTO items(base_item_id, hq) VALUES(13771, false),(13771, true);
INSERT INTO base_items VALUES(13772,$$Dragonskin Boots$$,$$ドラゴンレザーブーツ$$,$$Bottes en cuir de dragon$$,$$Drachenleder-Stiefel$$,$$8878c87eb42$$);
INSERT INTO items(base_item_id, hq) VALUES(13772, false),(13772, true);
INSERT INTO base_items VALUES(13775,$$The Emperor's New Fists$$,$$エンペラーズ・ニューフィスト$$,$$Nouveaux poings de l'Empereur$$,$$Des Kaisers neue Fäuste$$,$$481482ab4d4$$);
INSERT INTO items(base_item_id, hq) VALUES(13775, false);
INSERT INTO base_items VALUES(13790,$$Replica Allagan Blade$$,$$レプリカ・アラガンブレード$$,$$Réplique de lame allagoise$$,$$Allagische Klinge (Replik)$$,$$e173392b2ba$$);
INSERT INTO items(base_item_id, hq) VALUES(13790, false),(13790, true);
INSERT INTO base_items VALUES(13791,$$Replica Allagan Baghnakhs$$,$$レプリカ・アラガンバグナウ$$,$$Répliques de baghnakhs allagois$$,$$Allagische Baghnakhs (Replik)$$,$$1ab65e928d6$$);
INSERT INTO items(base_item_id, hq) VALUES(13791, false),(13791, true);
INSERT INTO base_items VALUES(13792,$$Replica Allagan Battleaxe$$,$$レプリカ・アラガンバトルアクス$$,$$Réplique de hache de combat allagoise$$,$$Allagische Kriegsaxt (Replik)$$,$$ddaa4b3bd8b$$);
INSERT INTO items(base_item_id, hq) VALUES(13792, false),(13792, true);
INSERT INTO base_items VALUES(13793,$$Replica Allagan Spear$$,$$レプリカ・アラガンスピア$$,$$Réplique d'hast allagois$$,$$Allagischer Speer (Replik)$$,$$1431c780e55$$);
INSERT INTO items(base_item_id, hq) VALUES(13793, false),(13793, true);
INSERT INTO base_items VALUES(13794,$$Replica Allagan Composite Bow$$,$$レプリカ・アラガンコンポジットボウ$$,$$Réplique d'arc composite allagois$$,$$Allagischer Kompositbogen (Replik)$$,$$6492b993c2a$$);
INSERT INTO items(base_item_id, hq) VALUES(13794, false),(13794, true);
INSERT INTO base_items VALUES(13795,$$Replica Allagan Cane$$,$$レプリカ・アラガンケーン$$,$$Réplique de canne allagoise$$,$$Allagischer Stock (Replik)$$,$$76400d9aec7$$);
INSERT INTO items(base_item_id, hq) VALUES(13795, false),(13795, true);
INSERT INTO base_items VALUES(13796,$$Replica Allagan Scepter$$,$$レプリカ・アラガンセプター$$,$$Réplique de sceptre allagois$$,$$Allagisches Zepter (Replik)$$,$$dd0814df48d$$);
INSERT INTO items(base_item_id, hq) VALUES(13796, false),(13796, true);
INSERT INTO base_items VALUES(13797,$$Replica Allagan Grimoire of Casting$$,$$レプリカ・アラガンキャスターグリモア$$,$$Réplique de grimoire d'incantateur d'officier allagois$$,$$Allagisches Grimoire der Magie (Replik)$$,$$bdac2781457$$);
INSERT INTO items(base_item_id, hq) VALUES(13797, false),(13797, true);
INSERT INTO base_items VALUES(13798,$$Replica Allagan Grimoire of Healing$$,$$レプリカ・アラガンヒーラーグリモア$$,$$Réplique de grimoire de soigneur d'officier allagois$$,$$Allagisches Grimoire der Heilung (Replik)$$,$$b5511797818$$);
INSERT INTO items(base_item_id, hq) VALUES(13798, false),(13798, true);
INSERT INTO base_items VALUES(13799,$$Replica Allagan Daggers$$,$$レプリカ・アラガンダガー$$,$$Répliques de dagues allagoises$$,$$Allagische Dolche (Replik)$$,$$ec616d1b5f8$$);
INSERT INTO items(base_item_id, hq) VALUES(13799, false),(13799, true);
INSERT INTO base_items VALUES(13800,$$Replica Allagan Guillotine$$,$$レプリカ・アラガン・ディバイダー$$,$$Réplique de fendoir allagois$$,$$Allagische Guillotine (Replik)$$,$$5a1d76a18c9$$);
INSERT INTO items(base_item_id, hq) VALUES(13800, false),(13800, true);
INSERT INTO base_items VALUES(13801,$$Replica Allagan Pistol$$,$$レプリカ・アラガンハンドガン$$,$$Réplique de pistolet allagois$$,$$Allagische Pistole (Replik)$$,$$1e89edc53c8$$);
INSERT INTO items(base_item_id, hq) VALUES(13801, false),(13801, true);
INSERT INTO base_items VALUES(13802,$$Replica Allagan Star Globe$$,$$レプリカ・アラガンスターグローブ$$,$$Réplique de globe céleste allagois$$,$$Allagischer Sternenglobus (Replik)$$,$$0945399b135$$);
INSERT INTO items(base_item_id, hq) VALUES(13802, false),(13802, true);
INSERT INTO base_items VALUES(13803,$$Replica Allagan Round Shield$$,$$レプリカ・アラガンラウンドシールド$$,$$Réplique de bouclier rond allagois$$,$$Allagischer Rundschild (Replik)$$,$$b9a908e4484$$);
INSERT INTO items(base_item_id, hq) VALUES(13803, false),(13803, true);
INSERT INTO base_items VALUES(13804,$$Replica Allagan Helm$$,$$レプリカ・アラガンヘルム$$,$$Réplique de heaume allagois$$,$$Allagischer Helm (Replik)$$,$$53b06dc3fa6$$);
INSERT INTO items(base_item_id, hq) VALUES(13804, false),(13804, true);
INSERT INTO base_items VALUES(13805,$$Replica Heavy Allagan Armor$$,$$レプリカ・ヘヴィアラガンアーマー$$,$$Réplique d'armure lourde allagoise$$,$$Schwerer allagischer Körperpanzer (Replik)$$,$$0672626fa9b$$);
INSERT INTO items(base_item_id, hq) VALUES(13805, false),(13805, true);
INSERT INTO base_items VALUES(13806,$$Replica Heavy Allagan Gauntlets$$,$$レプリカ・ヘヴィアラガンガントレット$$,$$Répliques de gantelets lourds allagois$$,$$Schwere allagische Panzerhandschuhe (Replik)$$,$$e7ee30aa6de$$);
INSERT INTO items(base_item_id, hq) VALUES(13806, false),(13806, true);
INSERT INTO base_items VALUES(13807,$$Replica Heavy Allagan Cuisses$$,$$レプリカ・ヘヴィアラガンクウィス$$,$$Répliques de cuissots lourds allagois$$,$$Schwere allagische Schenkelschützer (Replik)$$,$$d9e63bb5816$$);
INSERT INTO items(base_item_id, hq) VALUES(13807, false),(13807, true);
INSERT INTO base_items VALUES(13808,$$Replica Heavy Allagan Flanchard$$,$$レプリカ・ヘヴィアラガンフランチャード$$,$$Répliques de cuissières lourdes allagoises$$,$$Schwerer allagischer Flankenschützer (Replik)$$,$$d61512f50b2$$);
INSERT INTO items(base_item_id, hq) VALUES(13808, false),(13808, true);
INSERT INTO base_items VALUES(13809,$$Replica Allagan Visor of Maiming$$,$$レプリカ・アラガンスレイヤーバイザー$$,$$Réplique de visière d'abatteur allagoise$$,$$Allagisches Visier des Verstümmelns (Replik)$$,$$04ec5b452df$$);
INSERT INTO items(base_item_id, hq) VALUES(13809, false),(13809, true);
INSERT INTO base_items VALUES(13810,$$Replica Allagan Cuirass of Maiming$$,$$レプリカ・アラガンスレイヤーキュイラス$$,$$Réplique de cuirasse d'abatteur allagoise$$,$$Allagischer Kürass des Verstümmelns (Replik)$$,$$dc1f33ed61b$$);
INSERT INTO items(base_item_id, hq) VALUES(13810, false),(13810, true);
INSERT INTO base_items VALUES(13811,$$Replica Allagan Gauntlets of Maiming$$,$$レプリカ・アラガンスレイヤーガントレット$$,$$Répliques de gantelets d'abatteur allagois$$,$$Allagische Armschienen des Verstümmelns (Replik)$$,$$ce567e0dba5$$);
INSERT INTO items(base_item_id, hq) VALUES(13811, false),(13811, true);
INSERT INTO base_items VALUES(13812,$$Replica Allagan Trousers of Maiming$$,$$レプリカ・アラガンスレイヤートラウザー$$,$$Réplique de pantalon d'abatteur allagois$$,$$Allagische Strumpfhose des Verstümmelns (Replik)$$,$$1c8655cda7c$$);
INSERT INTO items(base_item_id, hq) VALUES(13812, false),(13812, true);
INSERT INTO base_items VALUES(13813,$$Replica Allagan Sollerets of Maiming$$,$$レプリカ・アラガンスレイヤーソルレット$$,$$Répliques de solerets d'abatteur allagois$$,$$Allagische Sollerets des Verstümmelns (Replik)$$,$$53fe231b6a1$$);
INSERT INTO items(base_item_id, hq) VALUES(13813, false),(13813, true);
INSERT INTO base_items VALUES(13814,$$Replica Allagan Visor of Striking$$,$$レプリカ・アラガンストライカーバイザー$$,$$Réplique de visière d'agresseur allagoise$$,$$Allagisches Visier des Schlagens (Replik)$$,$$f929e64dc80$$);
INSERT INTO items(base_item_id, hq) VALUES(13814, false),(13814, true);
INSERT INTO base_items VALUES(13815,$$Replica Allagan Cuirass of Striking$$,$$レプリカ・アラガンストライカーキュイラス$$,$$Réplique de cuirasse d'agresseur allagoise$$,$$Allagischer Kürass des Schlagens (Replik)$$,$$52f3b906bd9$$);
INSERT INTO items(base_item_id, hq) VALUES(13815, false),(13815, true);
INSERT INTO base_items VALUES(13816,$$Replica Allagan Gauntlets of Striking$$,$$レプリカ・アラガンストライカーガントレット$$,$$Répliques de gantelets d'agresseur allagois$$,$$Allagische Armschienen des Schlagens (Replik)$$,$$0713d8d4014$$);
INSERT INTO items(base_item_id, hq) VALUES(13816, false),(13816, true);
INSERT INTO base_items VALUES(13817,$$Replica Allagan Trousers of Striking$$,$$レプリカ・アラガンストライカートラウザー$$,$$Réplique de pantalon d'agresseur allagois$$,$$Allagische Strumpfhose des Schlagens (Replik)$$,$$f2fbe1cea81$$);
INSERT INTO items(base_item_id, hq) VALUES(13817, false),(13817, true);
INSERT INTO base_items VALUES(13818,$$Replica Allagan Sollerets of Striking$$,$$レプリカ・アラガンストライカーソルレット$$,$$Répliques de solerets d'agresseur allagois$$,$$Allagische Sollerets des Schlagens (Replik)$$,$$93892be1140$$);
INSERT INTO items(base_item_id, hq) VALUES(13818, false),(13818, true);
INSERT INTO base_items VALUES(13819,$$Replica Allagan Visor of Aiming$$,$$レプリカ・アラガンレンジャーバイザー$$,$$Réplique de visière de pisteur allagoise$$,$$Allagisches Visier des Zielens (Replik)$$,$$9f5bb583a6d$$);
INSERT INTO items(base_item_id, hq) VALUES(13819, false),(13819, true);
INSERT INTO base_items VALUES(13820,$$Replica Allagan Cuirass of Aiming$$,$$レプリカ・アラガンレンジャーキュイラス$$,$$Réplique de cuirasse de pisteur allagoise$$,$$Allagischer Kürass des Zielens (Replik)$$,$$d40ba03d989$$);
INSERT INTO items(base_item_id, hq) VALUES(13820, false),(13820, true);
INSERT INTO base_items VALUES(13821,$$Replica Allagan Gauntlets of Aiming$$,$$レプリカ・アラガンレンジャーガントレット$$,$$Répliques de gantelets de pisteur allagois$$,$$Allagische Armschienen des Zielens (Replik)$$,$$31108c136a3$$);
INSERT INTO items(base_item_id, hq) VALUES(13821, false),(13821, true);
INSERT INTO base_items VALUES(13822,$$Replica Allagan Trousers of Aiming$$,$$レプリカ・アラガンレンジャートラウザー$$,$$Réplique de pantalon de pisteur allagois$$,$$Allagische Strumpfhose des Zielens (Replik)$$,$$9ae53120bf2$$);
INSERT INTO items(base_item_id, hq) VALUES(13822, false),(13822, true);
INSERT INTO base_items VALUES(13823,$$Replica Allagan Sollerets of Aiming$$,$$レプリカ・アラガンレンジャーソルレット$$,$$Répliques de solerets de pisteur allagois$$,$$Allagische Sollerets des Zielens (Replik)$$,$$9af6e747e93$$);
INSERT INTO items(base_item_id, hq) VALUES(13823, false),(13823, true);
INSERT INTO base_items VALUES(13824,$$Replica Allagan Circlet of Healing$$,$$レプリカ・アラガンヒーラーサークレット$$,$$Réplique de diadème de soigneur allagois$$,$$Allagischer Stirnreif der Heilung (Replik)$$,$$1b103cd91cc$$);
INSERT INTO items(base_item_id, hq) VALUES(13824, false),(13824, true);
INSERT INTO base_items VALUES(13825,$$Replica Allagan Tunic of Healing$$,$$レプリカ・アラガンヒーラーチュニック$$,$$Réplique de tunique de soigneur allagoise$$,$$Allagische Tunika der Heilung (Replik)$$,$$2ed8bcbd539$$);
INSERT INTO items(base_item_id, hq) VALUES(13825, false),(13825, true);
INSERT INTO base_items VALUES(13826,$$Replica Allagan Gloves of Healing$$,$$レプリカ・アラガンヒーラーグローブ$$,$$Répliques de gants de soigneur allagois$$,$$Allagische Handschuhe der Heilung (Replik)$$,$$4d6fa28891a$$);
INSERT INTO items(base_item_id, hq) VALUES(13826, false),(13826, true);
INSERT INTO base_items VALUES(13827,$$Replica Allagan Breeches of Healing$$,$$レプリカ・アラガンヒーラーブリーチ$$,$$Répliques de braies de soigneur allagoises$$,$$Allagische Reiterhose der Heilung (Replik)$$,$$81d5e705426$$);
INSERT INTO items(base_item_id, hq) VALUES(13827, false),(13827, true);
INSERT INTO base_items VALUES(13828,$$Replica Allagan Boots of Healing$$,$$レプリカ・アラガンヒーラーブーツ$$,$$Répliques de bottes de soigneur allagoises$$,$$Allagische Stiefel der Heilung (Replik)$$,$$38bb10f20aa$$);
INSERT INTO items(base_item_id, hq) VALUES(13828, false),(13828, true);
INSERT INTO base_items VALUES(13829,$$Replica Allagan Circlet of Casting$$,$$レプリカ・アラガンキャスターサークレット$$,$$Réplique de diadème d'incantateur allagois$$,$$Allagischer Stirnreif der Magie (Replik)$$,$$c7291c911d9$$);
INSERT INTO items(base_item_id, hq) VALUES(13829, false),(13829, true);
INSERT INTO base_items VALUES(13830,$$Replica Allagan Tunic of Casting$$,$$レプリカ・アラガンキャスターチュニック$$,$$Réplique de tunique d'incantateur allagoise$$,$$Allagische Tunika der Magie (Replik)$$,$$4868a46fd60$$);
INSERT INTO items(base_item_id, hq) VALUES(13830, false),(13830, true);
INSERT INTO base_items VALUES(13831,$$Replica Allagan Gloves of Casting$$,$$レプリカ・アラガンキャスターグローブ$$,$$Répliques de gants d'incantateur allagois$$,$$Allagische Handschuhe der Magie (Replik)$$,$$44cdf233f49$$);
INSERT INTO items(base_item_id, hq) VALUES(13831, false),(13831, true);
INSERT INTO base_items VALUES(13832,$$Replica Allagan Breeches of Casting$$,$$レプリカ・アラガンキャスターブリーチ$$,$$Répliques de braies d'incantateur allagoises$$,$$Allagische Reiterhose der Magie (Replik)$$,$$08fe130c7d6$$);
INSERT INTO items(base_item_id, hq) VALUES(13832, false),(13832, true);
INSERT INTO base_items VALUES(13833,$$Replica Allagan Boots of Casting$$,$$レプリカ・アラガンキャスターブーツ$$,$$Répliques de bottes d'incantateur allagoises$$,$$Allagische Stiefel der Magie (Replik)$$,$$b81510b4fff$$);
INSERT INTO items(base_item_id, hq) VALUES(13833, false),(13833, true);
INSERT INTO base_items VALUES(13834,$$Replica High Allagan Kite Shield$$,$$レプリカ・ハイアラガン・カイトシールド$$,$$Réplique d'écu mandorle haut-allagois$$,$$Hochallagischer Drachenschild (Replik)$$,$$fd90a9cbc03$$);
INSERT INTO items(base_item_id, hq) VALUES(13834, false),(13834, true);
INSERT INTO base_items VALUES(13835,$$Replica High Allagan Blade$$,$$レプリカ・ハイアラガンブレード$$,$$Réplique de lame haut-allagoise$$,$$Hochallagische Klinge (Replik)$$,$$4c2b9549fcc$$);
INSERT INTO items(base_item_id, hq) VALUES(13835, false),(13835, true);
INSERT INTO base_items VALUES(13836,$$Replica High Allagan Baghnakhs$$,$$レプリカ・ハイアラガンバグナウ$$,$$Répliques de baghnakhs haut-allagois$$,$$Hochallagische Baghnakhs (Replik)$$,$$7300af0d4fd$$);
INSERT INTO items(base_item_id, hq) VALUES(13836, false),(13836, true);
INSERT INTO base_items VALUES(13837,$$Replica High Allagan Battleaxe$$,$$レプリカ・ハイアラガン・バトルアクス$$,$$Réplique de hache de combat haut-allagoise$$,$$Hochallagische Kriegsaxt (Replik)$$,$$ff5708ed028$$);
INSERT INTO items(base_item_id, hq) VALUES(13837, false),(13837, true);
INSERT INTO base_items VALUES(13838,$$Replica High Allagan Spear$$,$$レプリカ・ハイアラガンスピア$$,$$Réplique d'hast haut-allagois$$,$$Hochallagischer Speer (Replik)$$,$$168cdf322b3$$);
INSERT INTO items(base_item_id, hq) VALUES(13838, false),(13838, true);
INSERT INTO base_items VALUES(13839,$$Replica High Allagan Composite Bow$$,$$レプリカ・ハイアラガン・コンポジットボウ$$,$$Réplique d'arc composite haut-allagois$$,$$Hochallagischer Kompositbogen (Replik)$$,$$dcefe70f325$$);
INSERT INTO items(base_item_id, hq) VALUES(13839, false),(13839, true);
INSERT INTO base_items VALUES(13840,$$Replica High Allagan Crook$$,$$レプリカ・ハイアラガンクルーク$$,$$Réplique de crosse haut-allagoise$$,$$Hochallagischer Hirtenstock (Replik)$$,$$9058a2a48ea$$);
INSERT INTO items(base_item_id, hq) VALUES(13840, false),(13840, true);
INSERT INTO base_items VALUES(13841,$$Replica High Allagan Staff$$,$$レプリカ・ハイアラガンスタッフ$$,$$Réplique de bâton haut-allagois$$,$$Hochallagischer Stab (Replik)$$,$$b77fc806b4f$$);
INSERT INTO items(base_item_id, hq) VALUES(13841, false),(13841, true);
INSERT INTO base_items VALUES(13842,$$Replica High Allagan Grimoire of Casting$$,$$レプリカ・ハイアラガン・キャスターグリモア$$,$$Réplique de grimoire d'incantateur haut-allagois$$,$$Hochallagisches Grimoire der Magie (Replik)$$,$$a2d432344fb$$);
INSERT INTO items(base_item_id, hq) VALUES(13842, false),(13842, true);
INSERT INTO base_items VALUES(13843,$$Replica High Allagan Grimoire of Healing$$,$$レプリカ・ハイアラガン・ヒーラーグリモア$$,$$Réplique de grimoire de soigneur haut-allagois$$,$$Hochallagisches Grimoire der Heilung (Replik)$$,$$86dec42643f$$);
INSERT INTO items(base_item_id, hq) VALUES(13843, false),(13843, true);
INSERT INTO base_items VALUES(13844,$$Replica High Allagan Cleavers$$,$$レプリカ・ハイアラガンクリーバー$$,$$Répliques de couperets haut-allagois$$,$$Hochallagische Spalter (Replik)$$,$$a1039cc4403$$);
INSERT INTO items(base_item_id, hq) VALUES(13844, false),(13844, true);
INSERT INTO base_items VALUES(13845,$$Replica High Allagan Guillotine$$,$$レプリカ・ハイアラガン・ディバイダー$$,$$Réplique de fendoir haut-allagois$$,$$Hochallagische Guillotine (Replik)$$,$$77fe634ac0d$$);
INSERT INTO items(base_item_id, hq) VALUES(13845, false),(13845, true);
INSERT INTO base_items VALUES(13846,$$Replica High Allagan Pistol$$,$$レプリカ・ハイアラガンハンドガン$$,$$Réplique de pistolet haut-allagois$$,$$Hochallagische Pistole (Replik)$$,$$b019b7a3d74$$);
INSERT INTO items(base_item_id, hq) VALUES(13846, false),(13846, true);
INSERT INTO base_items VALUES(13847,$$Replica High Allagan Star Globe$$,$$レプリカ・ハイアラガンアストロメーター$$,$$Réplique de globe céleste haut-allagois$$,$$Hochallagischer Sternenglobus (Replik)$$,$$4a5c80a161e$$);
INSERT INTO items(base_item_id, hq) VALUES(13847, false),(13847, true);
INSERT INTO base_items VALUES(13848,$$Replica High Allagan Circlet of Fending$$,$$レプリカ・ハイアラガン・ディフェンダーサークレット$$,$$Réplique de diadème de protecteur haut-allagois$$,$$Hochallagischer Stirnreif der Verteidigung (Replik)$$,$$a88b6f604ad$$);
INSERT INTO items(base_item_id, hq) VALUES(13848, false),(13848, true);
INSERT INTO base_items VALUES(13849,$$Replica Heavy High Allagan Coat$$,$$レプリカ・ハイアラガン・ヘヴィコート$$,$$Réplique de paletot haut-allagois$$,$$Schwerer hochallagischer Mantel (Replik)$$,$$c34356c8879$$);
INSERT INTO items(base_item_id, hq) VALUES(13849, false),(13849, true);
INSERT INTO base_items VALUES(13850,$$Replica High Allagan Gauntlets of Fending$$,$$レプリカ・ハイアラガン・ディフェンダーガントレット$$,$$Répliques de gantelets de protecteur haut-allagois$$,$$Hochallagische Panzerhandschuhe der Verteidigung (Replik)$$,$$1d064a113dc$$);
INSERT INTO items(base_item_id, hq) VALUES(13850, false),(13850, true);
INSERT INTO base_items VALUES(13851,$$Replica High Allagan Trousers of Fending$$,$$レプリカ・ハイアラガン・ディフェンダートラウザー$$,$$Réplique de pantalon de protecteur haut-allagois$$,$$Hochallagische Hose der Verteidigung (Replik)$$,$$b2d76c82120$$);
INSERT INTO items(base_item_id, hq) VALUES(13851, false),(13851, true);
INSERT INTO base_items VALUES(13852,$$Replica High Allagan Sabatons of Fending$$,$$レプリカ・ハイアラガン・ディフェンダーサバトン$$,$$Répliques de sabatons de protecteur haut-allagois$$,$$Hochallagische Bärlatschen der Verteidigung (Replik)$$,$$3149e16410a$$);
INSERT INTO items(base_item_id, hq) VALUES(13852, false),(13852, true);
INSERT INTO base_items VALUES(13853,$$Replica High Allagan Headgear of Maiming$$,$$レプリカ・ハイアラガン・スレイヤーヘッドギア$$,$$Réplique de protège-tête d'abatteur haut-allagois$$,$$Hochallagische Kopfbedeckung des Verstümmelns (Replik)$$,$$a42c043f18b$$);
INSERT INTO items(base_item_id, hq) VALUES(13853, false),(13853, true);
INSERT INTO base_items VALUES(13854,$$Replica High Allagan Cuirass of Maiming$$,$$レプリカ・ハイアラガン・スレイヤーキュイラス$$,$$Réplique de cuirasse d'abatteur haut-allagoise$$,$$Hochallagischer Kürass des Verstümmelns (Replik)$$,$$2b495707629$$);
INSERT INTO items(base_item_id, hq) VALUES(13854, false),(13854, true);
INSERT INTO base_items VALUES(13855,$$Replica High Allagan Gauntlets of Maiming$$,$$レプリカ・ハイアラガン・スレイヤーガントレット$$,$$Répliques de gantelets d'abatteur haut-allagois$$,$$Hochallagische Panzerhandschuhe des Verstümmelns (Replik)$$,$$bd27330b414$$);
INSERT INTO items(base_item_id, hq) VALUES(13855, false),(13855, true);
INSERT INTO base_items VALUES(13856,$$Replica High Allagan Trousers of Maiming$$,$$レプリカ・ハイアラガン・スレイヤートラウザー$$,$$Réplique de pantalon d'abatteur haut-allagois$$,$$Hochallagische Hose des Verstümmelns (Replik)$$,$$12f043684ab$$);
INSERT INTO items(base_item_id, hq) VALUES(13856, false),(13856, true);
INSERT INTO base_items VALUES(13857,$$Replica High Allagan Sabatons of Maiming$$,$$レプリカ・ハイアラガン・スレイヤーサバトン$$,$$Répliques de sabatons d'abatteur haut-allagois$$,$$Hochallagische Bärlatschen des Verstümmelns (Replik)$$,$$037d9e38f67$$);
INSERT INTO items(base_item_id, hq) VALUES(13857, false),(13857, true);
INSERT INTO base_items VALUES(13858,$$Replica High Allagan Headgear of Striking$$,$$レプリカ・ハイアラガン・ストライカーヘッドギア$$,$$Réplique de protège-tête d'agresseur haut-allagois$$,$$Hochallagische Kopfbedeckung des Schlagens (Replik)$$,$$1016c02eee7$$);
INSERT INTO items(base_item_id, hq) VALUES(13858, false),(13858, true);
INSERT INTO base_items VALUES(13859,$$Replica High Allagan Cuirass of Striking$$,$$レプリカ・ハイアラガン・ストライカーキュイラス$$,$$Réplique de cuirasse d'agresseur haut-allagoise$$,$$Hochallagischer Kürass des Schlagens (Replik)$$,$$8bfdd6a5d90$$);
INSERT INTO items(base_item_id, hq) VALUES(13859, false),(13859, true);
INSERT INTO base_items VALUES(13860,$$Replica High Allagan Gauntlets of Striking$$,$$レプリカ・ハイアラガン・ストライカーガントレット$$,$$Répliques de gantelets d'agresseur haut-allagois$$,$$Hochallagische Panzerhandschuhe des Schlagens (Replik)$$,$$4c4778607f7$$);
INSERT INTO items(base_item_id, hq) VALUES(13860, false),(13860, true);
INSERT INTO base_items VALUES(13861,$$Replica High Allagan Trousers of Striking$$,$$レプリカ・ハイアラガン・ストライカートラウザー$$,$$Réplique de pantalon d'agresseur haut-allagois$$,$$Hochallagische Hose des Schlagens (Replik)$$,$$6ad6457333b$$);
INSERT INTO items(base_item_id, hq) VALUES(13861, false),(13861, true);
INSERT INTO base_items VALUES(13862,$$Replica High Allagan Sabatons of Striking$$,$$レプリカ・ハイアラガン・ストライカーサバトン$$,$$Répliques de sabatons d'agresseur haut-allagois$$,$$Hochallagische Bärlatschen des Schlagens (Replik)$$,$$513d271c93f$$);
INSERT INTO items(base_item_id, hq) VALUES(13862, false),(13862, true);
INSERT INTO base_items VALUES(13863,$$Replica High Allagan Mask of Aiming$$,$$レプリカ・ハイアラガン・レンジャーマスク$$,$$Réplique de masque de pisteur haut-allagois$$,$$Hochallagische Maske des Zielens (Replik)$$,$$568b8b2b0d1$$);
INSERT INTO items(base_item_id, hq) VALUES(13863, false),(13863, true);
INSERT INTO base_items VALUES(13864,$$Replica High Allagan Coat of Aiming$$,$$レプリカ・ハイアラガン・レンジャーコート$$,$$Réplique de manteau de pisteur haut-allagois$$,$$Hochallagischer Mantel des Zielens (Replik)$$,$$780bed0b436$$);
INSERT INTO items(base_item_id, hq) VALUES(13864, false),(13864, true);
INSERT INTO base_items VALUES(13865,$$Replica High Allagan Gloves of Aiming$$,$$レプリカ・ハイアラガン・レンジャーグローブ$$,$$Répliques de gants de pisteur haut-allagois$$,$$Hochallagische Handschuhe des Zielens (Replik)$$,$$544df79cd84$$);
INSERT INTO items(base_item_id, hq) VALUES(13865, false),(13865, true);
INSERT INTO base_items VALUES(13866,$$Replica High Allagan Breeches of Aiming$$,$$レプリカ・ハイアラガン・レンジャーブリーチ$$,$$Répliques de braies de pisteur haut-allagoises$$,$$Hochallagische Reiterhose des Zielens (Replik)$$,$$e7ef89008c9$$);
INSERT INTO items(base_item_id, hq) VALUES(13866, false),(13866, true);
INSERT INTO base_items VALUES(13867,$$Replica High Allagan Boots of Aiming$$,$$レプリカ・ハイアラガン・レンジャーブーツ$$,$$Répliques de bottes de pisteur haut-allagoises$$,$$Hochallagische Stiefel des Zielens (Replik)$$,$$5a88d486672$$);
INSERT INTO items(base_item_id, hq) VALUES(13867, false),(13867, true);
INSERT INTO base_items VALUES(13868,$$Replica High Allagan Circlet of Healing$$,$$レプリカ・ハイアラガン・ヒーラーサークレット$$,$$Réplique de diadème de soigneur haut-allagois$$,$$Hochallagischer Stirnreif der Heilung (Replik)$$,$$17865194439$$);
INSERT INTO items(base_item_id, hq) VALUES(13868, false),(13868, true);
INSERT INTO base_items VALUES(13869,$$Replica High Allagan Coat of Healing$$,$$レプリカ・ハイアラガン・ヒーラーコート$$,$$Réplique de manteau de soigneur haut-allagois$$,$$Hochallagischer Mantel der Heilung (Replik)$$,$$6b71341c90f$$);
INSERT INTO items(base_item_id, hq) VALUES(13869, false),(13869, true);
INSERT INTO base_items VALUES(13870,$$Replica High Allagan Gloves of Healing$$,$$レプリカ・ハイアラガン・ヒーラーグローブ$$,$$Répliques de gants de soigneur haut-allagois$$,$$Hochallagische Handschuhe der Heilung (Replik)$$,$$9de411dad99$$);
INSERT INTO items(base_item_id, hq) VALUES(13870, false),(13870, true);
INSERT INTO base_items VALUES(13871,$$Replica High Allagan Pantaloons of Healing$$,$$レプリカ・ハイアラガン・ヒーラーパンタロン$$,$$Réplique de treillis de soigneur haut-allagois$$,$$Hochallagische Pantalons der Heilung (Replik)$$,$$59ee45d9a3c$$);
INSERT INTO items(base_item_id, hq) VALUES(13871, false),(13871, true);
INSERT INTO base_items VALUES(13872,$$Replica High Allagan Thighboots of Healing$$,$$レプリカ・ハイアラガン・ヒーラーサイブーツ$$,$$Répliques de cuissardes de soigneur haut-allagoises$$,$$Hochallagische Kniestiefel der Heilung (Replik)$$,$$98651b5f635$$);
INSERT INTO items(base_item_id, hq) VALUES(13872, false),(13872, true);
INSERT INTO base_items VALUES(13873,$$Replica High Allagan Mask of Casting$$,$$レプリカ・ハイアラガン・キャスターマスク$$,$$Réplique de masque d'incantateur haut-allagois$$,$$Hochallagische Maske der Magie (Replik)$$,$$5056f6c5033$$);
INSERT INTO items(base_item_id, hq) VALUES(13873, false),(13873, true);
INSERT INTO base_items VALUES(13874,$$Replica High Allagan Coat of Casting$$,$$レプリカ・ハイアラガン・キャスターコート$$,$$Réplique de manteau d'incantateur haut-allagois$$,$$Hochallagischer Mantel der Magie (Replik)$$,$$38914a9e611$$);
INSERT INTO items(base_item_id, hq) VALUES(13874, false),(13874, true);
INSERT INTO base_items VALUES(13875,$$Replica High Allagan Gloves of Casting$$,$$レプリカ・ハイアラガン・キャスターグローブ$$,$$Répliques de gants d'incantateur haut-allagois$$,$$Hochallagische Handschuhe der Magie (Replik)$$,$$4a065289546$$);
INSERT INTO items(base_item_id, hq) VALUES(13875, false),(13875, true);
INSERT INTO base_items VALUES(13876,$$Replica High Allagan Breeches of Casting$$,$$レプリカ・ハイアラガン・キャスターブリーチ$$,$$Répliques de braies d'incantateur haut-allagoises$$,$$Hochallagische Reiterhose der Magie (Replik)$$,$$7cfc02f5a6a$$);
INSERT INTO items(base_item_id, hq) VALUES(13876, false),(13876, true);
INSERT INTO base_items VALUES(13877,$$Replica High Allagan Boots of Casting$$,$$レプリカ・ハイアラガン・キャスターブーツ$$,$$Répliques de bottes d'incantateur haut-allagoises$$,$$Hochallagische Stiefel der Magie (Replik)$$,$$0a2995e698f$$);
INSERT INTO items(base_item_id, hq) VALUES(13877, false),(13877, true);
INSERT INTO base_items VALUES(13892,$$Replica Dreadwyrm Coronet of Fending$$,$$レプリカ・バハムート・ディフェンダーコロネット$$,$$Réplique de couronnette de protecteur du Dragon-dieu$$,$$Drachengott-Diadem der Verteidigung (Replik)$$,$$90b23461700$$);
INSERT INTO items(base_item_id, hq) VALUES(13892, false),(13892, true);
INSERT INTO base_items VALUES(13893,$$Replica Dreadwyrm Armor of Fending$$,$$レプリカ・バハムート・ディフェンダーアーマー$$,$$Réplique d'armure de protecteur du Dragon-dieu$$,$$Drachengott-Körperpanzer der Verteidigung (Replik)$$,$$00a640e279a$$);
INSERT INTO items(base_item_id, hq) VALUES(13893, false),(13893, true);
INSERT INTO base_items VALUES(13894,$$Replica Dreadwyrm Gauntlets of Fending$$,$$レプリカ・バハムート・ディフェンダーガントレット$$,$$Répliques de gantelets de protecteur du Dragon-dieu$$,$$Drachengott-Panzerhandschuhe der Verteidigung (Replik)$$,$$32813dc780f$$);
INSERT INTO items(base_item_id, hq) VALUES(13894, false),(13894, true);
INSERT INTO base_items VALUES(13895,$$Replica Dreadwyrm Sarouel of Fending$$,$$レプリカ・バハムート・ディフェンダーサルエル$$,$$Réplique de saroual de protecteur du Dragon-dieu$$,$$Drachengott-Sarouel der Verteidigung (Replik)$$,$$a1c879b3a6c$$);
INSERT INTO items(base_item_id, hq) VALUES(13895, false),(13895, true);
INSERT INTO base_items VALUES(13896,$$Replica Dreadwyrm Sabatons of Fending$$,$$レプリカ・バハムート・ディフェンダーサバトン$$,$$Répliques de sabatons de protecteur du Dragon-dieu$$,$$Drachengott-Bärlatschen der Verteidigung (Replik)$$,$$3137e164ee8$$);
INSERT INTO items(base_item_id, hq) VALUES(13896, false),(13896, true);
INSERT INTO base_items VALUES(13897,$$Replica Dreadwyrm Barbut of Maiming$$,$$レプリカ・バハムート・スレイヤーバルビュート$$,$$Réplique de barbute d'abatteur du Dragon-dieu$$,$$Drachengott-Barbuta des Verstümmelns (Replik)$$,$$743ad295b09$$);
INSERT INTO items(base_item_id, hq) VALUES(13897, false),(13897, true);
INSERT INTO base_items VALUES(13898,$$Replica Dreadwyrm Mail of Maiming$$,$$レプリカ・バハムート・スレイヤーメイル$$,$$Réplique de maille d'abatteur du Dragon-dieu$$,$$Drachengott-Rüstung des Verstümmelns (Replik)$$,$$5fe000cd6b3$$);
INSERT INTO items(base_item_id, hq) VALUES(13898, false),(13898, true);
INSERT INTO base_items VALUES(13899,$$Replica Dreadwyrm Vambraces of Maiming$$,$$レプリカ・バハムート・スレイヤーヴァンブレイス$$,$$Répliques de canons d'avant-bras d'abatteur du Dragon-dieu$$,$$Drachengott-Unterarmschienen des Verstümmelns (Replik)$$,$$8265f2c2f9a$$);
INSERT INTO items(base_item_id, hq) VALUES(13899, false),(13899, true);
INSERT INTO base_items VALUES(13900,$$Replica Dreadwyrm Breeches of Maiming$$,$$レプリカ・バハムート・スレイヤーブリーチ$$,$$Répliques de braies d'abatteur du Dragon-dieu$$,$$Drachengott-Reiterhose des Verstümmelns (Replik)$$,$$fa0abb1ba3a$$);
INSERT INTO items(base_item_id, hq) VALUES(13900, false),(13900, true);
INSERT INTO base_items VALUES(13901,$$Replica Dreadwyrm Greaves of Maiming$$,$$レプリカ・バハムート・スレイヤーグリーヴ$$,$$Répliques de jambards d'abatteur du Dragon-dieu$$,$$Drachengott-Beinschienen des Verstümmelns (Replik)$$,$$08bbfc54e68$$);
INSERT INTO items(base_item_id, hq) VALUES(13901, false),(13901, true);
INSERT INTO base_items VALUES(13902,$$Replica Dreadwyrm Circlet of Striking$$,$$レプリカ・バハムート・ストライカーサークレット$$,$$Réplique de diadème d'agresseur du Dragon-dieu$$,$$Drachengott-Stirnreif des Schlagens (Replik)$$,$$b3d9cf88b5a$$);
INSERT INTO items(base_item_id, hq) VALUES(13902, false),(13902, true);
INSERT INTO base_items VALUES(13903,$$Replica Dreadwyrm Cyclas of Striking$$,$$レプリカ・バハムート・ストライカーシクラス$$,$$Réplique de cyclas d'agresseur du Dragon-dieu$$,$$Drachengott-Cyclas des Schlagens (Replik)$$,$$97ce1ee2123$$);
INSERT INTO items(base_item_id, hq) VALUES(13903, false),(13903, true);
INSERT INTO base_items VALUES(13904,$$Replica Dreadwyrm Bracers of Striking$$,$$レプリカ・バハムート・ストライカーブレーサー$$,$$Répliques de brassières d'agresseur du Dragon-dieu$$,$$Drachengott-Armreif des Schlagens (Replik)$$,$$c8b78508d33$$);
INSERT INTO items(base_item_id, hq) VALUES(13904, false),(13904, true);
INSERT INTO base_items VALUES(13905,$$Replica Dreadwyrm Slops of Striking$$,$$レプリカ・バハムート・ストライカースロップ$$,$$Répliques de trousses d'agresseur du Dragon-dieu$$,$$Drachengott-Beinlinge des Schlagens (Replik)$$,$$a672448d08c$$);
INSERT INTO items(base_item_id, hq) VALUES(13905, false),(13905, true);
INSERT INTO base_items VALUES(13906,$$Replica Dreadwyrm Boots of Striking$$,$$レプリカ・バハムート・ストライカーブーツ$$,$$Répliques de bottes d'agresseur du Dragon-dieu$$,$$Drachengott-Stiefel des Schlagens (Replik)$$,$$6f2f9ffc814$$);
INSERT INTO items(base_item_id, hq) VALUES(13906, false),(13906, true);
INSERT INTO base_items VALUES(13907,$$Replica Dreadwyrm Chapeau of Aiming$$,$$レプリカ・バハムート・レンジャーシャポー$$,$$Réplique de chapeau à plume de pisteur du Dragon-dieu$$,$$Drachengott-Chapeau des Zielens (Replik)$$,$$cf131876baa$$);
INSERT INTO items(base_item_id, hq) VALUES(13907, false),(13907, true);
INSERT INTO base_items VALUES(13908,$$Replica Dreadwyrm Tabard of Aiming$$,$$レプリカ・バハムート・レンジャータバード$$,$$Réplique de tabard de pisteur du Dragon-dieu$$,$$Drachengott-Wappenrock des Zielens (Replik)$$,$$034e67839c5$$);
INSERT INTO items(base_item_id, hq) VALUES(13908, false),(13908, true);
INSERT INTO base_items VALUES(13909,$$Replica Dreadwyrm Bracers of Aiming$$,$$レプリカ・バハムート・レンジャーブレーサー$$,$$Répliques de brassières de pisteur du Dragon-dieu$$,$$Drachengott-Armschienen des Zielens (Replik)$$,$$3a108e8eb93$$);
INSERT INTO items(base_item_id, hq) VALUES(13909, false),(13909, true);
INSERT INTO base_items VALUES(13910,$$Replica Dreadwyrm Breeches of Aiming$$,$$レプリカ・バハムート・レンジャーブリーチ$$,$$Répliques de braies de pisteur du Dragon-dieu$$,$$Drachengott-Reiterhose des Zielens (Replik)$$,$$464e02e8f24$$);
INSERT INTO items(base_item_id, hq) VALUES(13910, false),(13910, true);
INSERT INTO base_items VALUES(13911,$$Replica Dreadwyrm Greaves of Aiming$$,$$レプリカ・バハムート・レンジャーグリーヴ$$,$$Répliques de jambards de pisteur du Dragon-dieu$$,$$Drachengott-Beinschienen des Zielens (Replik)$$,$$881cd11419b$$);
INSERT INTO items(base_item_id, hq) VALUES(13911, false),(13911, true);
INSERT INTO base_items VALUES(13912,$$Replica Dreadwyrm Hood of Healing$$,$$レプリカ・バハムート・ヒーラーフード$$,$$Réplique de capuche de soigneur du Dragon-dieu$$,$$Drachengott-Haube der Heilung (Replik)$$,$$df74952b075$$);
INSERT INTO items(base_item_id, hq) VALUES(13912, false),(13912, true);
INSERT INTO base_items VALUES(13913,$$Replica Dreadwyrm Robe of Healing$$,$$レプリカ・バハムート・ヒーラーローブ$$,$$Réplique de robe de soigneur du Dragon-dieu$$,$$Drachengott-Robe der Heilung (Replik)$$,$$39512f6f69c$$);
INSERT INTO items(base_item_id, hq) VALUES(13913, false),(13913, true);
INSERT INTO base_items VALUES(13914,$$Replica Dreadwyrm Gloves of Healing$$,$$レプリカ・バハムート・ヒーラーグローブ$$,$$Répliques de gants de soigneur du Dragon-dieu$$,$$Drachengott-Handschuhe der Heilung (Replik)$$,$$2259de9d2f6$$);
INSERT INTO items(base_item_id, hq) VALUES(13914, false),(13914, true);
INSERT INTO base_items VALUES(13915,$$Replica Dreadwyrm Tonban of Healing$$,$$レプリカ・バハムート・ヒーラートンバン$$,$$Réplique de tomban de soigneur du Dragon-dieu$$,$$Drachengott-Tonban der Heilung (Replik)$$,$$97ee2792d54$$);
INSERT INTO items(base_item_id, hq) VALUES(13915, false),(13915, true);
INSERT INTO base_items VALUES(13916,$$Replica Dreadwyrm Shoes of Healing$$,$$レプリカ・バハムート・ヒーラーシューズ$$,$$Répliques de chaussures de soigneur du Dragon-dieu$$,$$Drachengott-Schuhe der Heilung (Replik)$$,$$1e4e71d7450$$);
INSERT INTO items(base_item_id, hq) VALUES(13916, false),(13916, true);
INSERT INTO base_items VALUES(13917,$$Replica Dreadwyrm Petasos of Casting$$,$$レプリカ・バハムート・キャスターペタソス$$,$$Réplique de pétase d'incantateur du Dragon-dieu$$,$$Drachengott-Petasos der Magie (Replik)$$,$$0fa46b23b5a$$);
INSERT INTO items(base_item_id, hq) VALUES(13917, false),(13917, true);
INSERT INTO base_items VALUES(13918,$$Replica Dreadwyrm Robe of Casting$$,$$レプリカ・バハムート・キャスターローブ$$,$$Réplique de robe d'incantateur du Dragon-dieu$$,$$Drachengott-Robe der Magie (Replik)$$,$$81876868aea$$);
INSERT INTO items(base_item_id, hq) VALUES(13918, false),(13918, true);
INSERT INTO base_items VALUES(13919,$$Replica Dreadwyrm Gloves of Casting$$,$$レプリカ・バハムート・キャスターグローブ$$,$$Répliques de gants d'incantateur du Dragon-dieu$$,$$Drachengott-Handschuhe der Magie (Replik)$$,$$334ec785a9a$$);
INSERT INTO items(base_item_id, hq) VALUES(13919, false),(13919, true);
INSERT INTO base_items VALUES(13920,$$Replica Dreadwyrm Tonban of Casting$$,$$レプリカ・バハムート・キャスタートンバン$$,$$Réplique de tomban d'incantateur du Dragon-dieu$$,$$Drachengott-Tonban der Magie (Replik)$$,$$1e64402f1bb$$);
INSERT INTO items(base_item_id, hq) VALUES(13920, false),(13920, true);
INSERT INTO base_items VALUES(13921,$$Replica Dreadwyrm Shoes of Casting$$,$$レプリカ・バハムート・キャスターシューズ$$,$$Répliques de chaussures d'incantateur du Dragon-dieu$$,$$Drachengott-Schuhe der Magie (Replik)$$,$$3c3ac2234e5$$);
INSERT INTO items(base_item_id, hq) VALUES(13921, false),(13921, true);
INSERT INTO base_items VALUES(13922,$$Replica Dreadwyrm Circlet of Scouting$$,$$レプリカ・バハムート・スカウトサークレット$$,$$Réplique de diadème d'éclaireur du Dragon-dieu$$,$$Drachengott-Diadem des Spähens (Replik)$$,$$7af95531fec$$);
INSERT INTO items(base_item_id, hq) VALUES(13922, false),(13922, true);
INSERT INTO base_items VALUES(13923,$$Replica Dreadwyrm Cyclas of Scouting$$,$$レプリカ・バハムート・スカウトシクラス$$,$$Réplique de cyclas d'éclaireur du Dragon-dieu$$,$$Drachengott-Cyclas des Spähens (Replik)$$,$$b43f162b88b$$);
INSERT INTO items(base_item_id, hq) VALUES(13923, false),(13923, true);
INSERT INTO base_items VALUES(13924,$$Replica Dreadwyrm Bracers of Scouting$$,$$レプリカ・バハムート・スカウトブレーサー$$,$$Répliques de brassières d'éclaireur du Dragon-dieu$$,$$Drachengott-Armschienen des Spähens (Replik)$$,$$a3e545002ea$$);
INSERT INTO items(base_item_id, hq) VALUES(13924, false),(13924, true);
INSERT INTO base_items VALUES(13925,$$Replica Dreadwyrm Slops of Scouting$$,$$レプリカ・バハムート・スカウトスロップ$$,$$Répliques de trousses d'éclaireur du Dragon-dieu$$,$$Drachengott-Beinlinge des Spähens (Replik)$$,$$b50010ea36d$$);
INSERT INTO items(base_item_id, hq) VALUES(13925, false),(13925, true);
INSERT INTO base_items VALUES(13926,$$Replica Dreadwyrm Boots of Scouting$$,$$レプリカ・バハムート・スカウトブーツ$$,$$Répliques de bottes d'éclaireur du Dragon-dieu$$,$$Drachengott-Stiefel des Spähens (Replik)$$,$$73698ec5b8d$$);
INSERT INTO items(base_item_id, hq) VALUES(13926, false),(13926, true);
INSERT INTO base_items VALUES(14003,$$Viltgance-type Hull$$,$$ヴィルトガンス級船体$$,$$Coque de type Viltgance$$,$$Rumpf vom Typ „Viltgance“$$,$$3f7e9608807$$);
INSERT INTO items(base_item_id, hq) VALUES(14003, false);
INSERT INTO base_items VALUES(14004,$$Viltgance-type Aetherwings$$,$$ヴィルトガンス級霊翼$$,$$Ailes éthérées de type Viltgance$$,$$Ätherschwingen vom Typ „Viltgance“$$,$$559c7e46e75$$);
INSERT INTO items(base_item_id, hq) VALUES(14004, false);
INSERT INTO base_items VALUES(14005,$$Viltgance-type Forecastle$$,$$ヴィルトガンス級船首$$,$$Proue de type Viltgance$$,$$Bug vom Typ „Viltgance“$$,$$c624aea39b3$$);
INSERT INTO items(base_item_id, hq) VALUES(14005, false);
INSERT INTO base_items VALUES(14006,$$Viltgance-type Aftcastle$$,$$ヴィルトガンス級船尾$$,$$Poupe de type Viltgance$$,$$Heck vom Typ „Viltgance“$$,$$c539607fa13$$);
INSERT INTO items(base_item_id, hq) VALUES(14006, false);
INSERT INTO base_items VALUES(14007,$$Oldrose Seeds$$,$$オールドローズの種$$,$$Graines de rosier ancien$$,$$Altrosensamen$$,$$adf0504e110$$);
INSERT INTO items(base_item_id, hq) VALUES(14007, false);
INSERT INTO base_items VALUES(14008,$$Riviera Vase$$,$$ラノシアン・ベース$$,$$Vase noscéen$$,$$Riviera-Vase$$,$$2cec5678b40$$);
INSERT INTO items(base_item_id, hq) VALUES(14008, false);
INSERT INTO base_items VALUES(14009,$$Glade Vase$$,$$シュラウド・ベース$$,$$Vase sombrelinçois$$,$$Wald-Vase$$,$$8968a3ac30e$$);
INSERT INTO items(base_item_id, hq) VALUES(14009, false);
INSERT INTO base_items VALUES(14010,$$Oasis Vase$$,$$ザナラーン・ベース$$,$$Vase thanalanais$$,$$Oasen-Vase$$,$$4610481fd5a$$);
INSERT INTO items(base_item_id, hq) VALUES(14010, false);
INSERT INTO base_items VALUES(14011,$$Red Pomace$$,$$緋色の油粕$$,$$Tourteau écarlate$$,$$Scharlachroter Presskuchen$$,$$efb87947ec9$$);
INSERT INTO items(base_item_id, hq) VALUES(14011, false);
INSERT INTO base_items VALUES(14012,$$Blue Pomace$$,$$青碧の油粕$$,$$Tourteau bleu ciel$$,$$Tiefblauer Presskuchen$$,$$1090cb3bdfc$$);
INSERT INTO items(base_item_id, hq) VALUES(14012, false);
INSERT INTO base_items VALUES(14013,$$Mountain Pomace$$,$$山吹の油粕$$,$$Tourteau jaune-orangé$$,$$Goldgelber Presskuchen$$,$$88332722d70$$);
INSERT INTO items(base_item_id, hq) VALUES(14013, false);
INSERT INTO base_items VALUES(14045,$$Orchestrion$$,$$オーケストリオン$$,$$Orchestrion$$,$$Orchestrion$$,$$4ff89097d46$$);
INSERT INTO items(base_item_id, hq) VALUES(14045, false);
INSERT INTO base_items VALUES(14047,$$Stuffed Onion Prince$$,$$オニオンプリンスのぬいぐるみ$$,$$Prince oignon en peluche$$,$$Prinz Zwiebel-Puppe$$,$$5d1c3eca6f8$$);
INSERT INTO items(base_item_id, hq) VALUES(14047, false);
INSERT INTO base_items VALUES(14048,$$Pudding Floor Lamp$$,$$プリンフロアランプ$$,$$Lampe pudding$$,$$Pudding-Lampe$$,$$6a572d8970c$$);
INSERT INTO items(base_item_id, hq) VALUES(14048, false);
INSERT INTO base_items VALUES(14049,$$Pudding Throw Rug$$,$$プリンラグ$$,$$Tapis pudding$$,$$Pudding-Teppich$$,$$3e15afddb39$$);
INSERT INTO items(base_item_id, hq) VALUES(14049, false);
INSERT INTO base_items VALUES(14050,$$Pudding Settee$$,$$プリンソファー$$,$$Sofa pudding$$,$$Pudding-Sofa$$,$$2ccd74ffcec$$);
INSERT INTO items(base_item_id, hq) VALUES(14050, false);
INSERT INTO base_items VALUES(14051,$$Pudding Desk$$,$$プリンデスク$$,$$Bureau pudding$$,$$Pudding-Tisch$$,$$edbe2a196b9$$);
INSERT INTO items(base_item_id, hq) VALUES(14051, false);
INSERT INTO base_items VALUES(14052,$$Alpine Supper Set$$,$$イシュガルディアン・ディナーセット$$,$$Dîner ishgardais$$,$$Ishgarder Abendessen$$,$$40f1c130fb0$$);
INSERT INTO items(base_item_id, hq) VALUES(14052, false);
INSERT INTO base_items VALUES(14053,$$High House Supper Set$$,$$ハイハウス・ディナーセット$$,$$Dîner de maison noble$$,$$Adels-Abendessen$$,$$2db9ccceb86$$);
INSERT INTO items(base_item_id, hq) VALUES(14053, false);
INSERT INTO base_items VALUES(14055,$$Riviera Flowerpot$$,$$ラノシアン・プランター$$,$$Pot de fleurs noscéen$$,$$Riviera-Blumentopf$$,$$8388c97b0fe$$);
INSERT INTO items(base_item_id, hq) VALUES(14055, false);
INSERT INTO base_items VALUES(14056,$$Glade Flowerpot$$,$$シュラウド・プランター$$,$$Pot de fleurs sombrelinçois$$,$$Wald-Blumentopf$$,$$478bdf09d83$$);
INSERT INTO items(base_item_id, hq) VALUES(14056, false);
INSERT INTO base_items VALUES(14057,$$Oasis Flowerpot$$,$$ザナラーン・プランター$$,$$Pot de fleurs thanalanais$$,$$Oasen-Blumentopf$$,$$15515246d37$$);
INSERT INTO items(base_item_id, hq) VALUES(14057, false);
INSERT INTO base_items VALUES(14058,$$Dinosaur Skull$$,$$古代獣の頭骨標本$$,$$Crâne de dinosaure$$,$$Dinosaurier-Schädel$$,$$7a4698ed5d0$$);
INSERT INTO items(base_item_id, hq) VALUES(14058, false);
INSERT INTO base_items VALUES(14059,$$Dinosaur Skeleton$$,$$古代獣の骨格標本$$,$$Squelette de dinosaure$$,$$Dinosaurier-Skelett$$,$$355ea6efa18$$);
INSERT INTO items(base_item_id, hq) VALUES(14059, false);
INSERT INTO base_items VALUES(14060,$$Dinosaur Tailbone$$,$$古代獣の尾骨標本$$,$$Coccyx de dinosaure$$,$$Dinosaurier-Steißbein$$,$$800a65ad9b6$$);
INSERT INTO items(base_item_id, hq) VALUES(14060, false);
INSERT INTO base_items VALUES(14061,$$Topiary Sabotender$$,$$サボテンダートピアリー$$,$$Topiaire de pampa$$,$$Sabotender-Busch$$,$$4c045a70e3a$$);
INSERT INTO items(base_item_id, hq) VALUES(14061, false);
INSERT INTO base_items VALUES(14062,$$Archon Egg Tower$$,$$アルコンエッグタワー$$,$$Tour de Prœufs$$,$$Wundereier-Turm$$,$$f2b545bfb92$$);
INSERT INTO items(base_item_id, hq) VALUES(14062, false);
INSERT INTO base_items VALUES(14063,$$Dandelion Garden Patch$$,$$ダンデライオンガーデン$$,$$Carré de pissenlits$$,$$Büschel Löwenzahn$$,$$f7070c75086$$);
INSERT INTO items(base_item_id, hq) VALUES(14063, false);
INSERT INTO base_items VALUES(14064,$$Living Arch$$,$$グリーンアーチ$$,$$Pont fleuri$$,$$Gartenbogen$$,$$8dd58b556fb$$);
INSERT INTO items(base_item_id, hq) VALUES(14064, false);
INSERT INTO base_items VALUES(14065,$$Shishi-odoshi$$,$$鹿威し$$,$$Shishi-odoshi$$,$$Rehscheuche$$,$$2eedaca04e2$$);
INSERT INTO items(base_item_id, hq) VALUES(14065, false);
INSERT INTO base_items VALUES(14066,$$Faust Striking Dummy$$,$$ファウストダミー$$,$$Mannequin d'entraînement faust$$,$$Faust-Trainingspuppe$$,$$27450959d43$$);
INSERT INTO items(base_item_id, hq) VALUES(14066, false);
INSERT INTO base_items VALUES(14068,$$Alpine Chandelier$$,$$イシュガルディアン・シャンデリア$$,$$Lustre ishgardais$$,$$Ishgarder Kronleuchter$$,$$f1eabd077e4$$);
INSERT INTO items(base_item_id, hq) VALUES(14068, false);
INSERT INTO base_items VALUES(14069,$$Alpine Flooring$$,$$イシュガルディアン・フローリング$$,$$Carrelage ishgardais$$,$$Ishgarder Fußboden$$,$$4603e697387$$);
INSERT INTO items(base_item_id, hq) VALUES(14069, false);
INSERT INTO base_items VALUES(14070,$$Alpine Inner Wall$$,$$イシュガルディアン・インナーウォール$$,$$Revêtement mural ishgardais$$,$$Ishgarder Innenwand$$,$$ff740757c47$$);
INSERT INTO items(base_item_id, hq) VALUES(14070, false);
INSERT INTO base_items VALUES(14071,$$Red Oldroses$$,$$オールドローズ:レッド$$,$$Roses anciennes rouges$$,$$Rote Altrosen$$,$$0b710947eeb$$);
INSERT INTO items(base_item_id, hq) VALUES(14071, false);
INSERT INTO base_items VALUES(14072,$$Blue Oldroses$$,$$オールドローズ:ブルー$$,$$Roses anciennes bleues$$,$$Blaue Altrosen$$,$$ac62fc19bb5$$);
INSERT INTO items(base_item_id, hq) VALUES(14072, false);
INSERT INTO base_items VALUES(14073,$$Yellow Oldroses$$,$$オールドローズ:イエロー$$,$$Roses anciennes jaunes$$,$$Gelbe Altrosen$$,$$e176961c8c0$$);
INSERT INTO items(base_item_id, hq) VALUES(14073, false);
INSERT INTO base_items VALUES(14074,$$Green Oldroses$$,$$オールドローズ:グリーン$$,$$Roses anciennes vertes$$,$$Grüne Altrosen$$,$$af2a66751d5$$);
INSERT INTO items(base_item_id, hq) VALUES(14074, false);
INSERT INTO base_items VALUES(14075,$$Orange Oldroses$$,$$オールドローズ:オレンジ$$,$$Roses anciennes orange$$,$$Orange Altrosen$$,$$eb1744c41af$$);
INSERT INTO items(base_item_id, hq) VALUES(14075, false);
INSERT INTO base_items VALUES(14076,$$Purple Oldroses$$,$$オールドローズ:パープル$$,$$Roses anciennes violettes$$,$$Rosa Altrosen$$,$$9f3bb082687$$);
INSERT INTO items(base_item_id, hq) VALUES(14076, false);
INSERT INTO base_items VALUES(14077,$$White Oldroses$$,$$オールドローズ:ホワイト$$,$$Roses anciennes blanches$$,$$Weiße Altrosen$$,$$5ec2ed0fd36$$);
INSERT INTO items(base_item_id, hq) VALUES(14077, false);
INSERT INTO base_items VALUES(14078,$$Black Oldroses$$,$$オールドローズ:ブラック$$,$$Roses anciennes noires$$,$$Schwarze Altrosen$$,$$e8dc836fa9c$$);
INSERT INTO items(base_item_id, hq) VALUES(14078, false);
INSERT INTO base_items VALUES(14079,$$Rainbow Oldroses$$,$$オールドローズ:ブレンド$$,$$Roses anciennes multicolores$$,$$Mehrfarbige Altrosen$$,$$cdc07b5ec54$$);
INSERT INTO items(base_item_id, hq) VALUES(14079, false);
INSERT INTO base_items VALUES(14080,$$Sephirotic Barding$$,$$セフィロト・バード$$,$$Barde de Sephirot$$,$$Sephirot-Rossharnisch$$,$$5af2150f970$$);
INSERT INTO items(base_item_id, hq) VALUES(14080, false);
INSERT INTO base_items VALUES(14083,$$Zu Horn$$,$$ズーホルン$$,$$Cor zu$$,$$Montisaurus-Horn$$,$$94cfcbb7e0a$$);
INSERT INTO items(base_item_id, hq) VALUES(14083, false);
INSERT INTO base_items VALUES(14093,$$Wind-up Garuda$$,$$マメット・ガルーダ$$,$$Petite Garuda$$,$$Mini-Garuda$$,$$96e6366808c$$);
INSERT INTO items(base_item_id, hq) VALUES(14093, false);
INSERT INTO base_items VALUES(14094,$$Wind-up Titan$$,$$マメット・タイタン$$,$$Petit Titan$$,$$Mini-Titan$$,$$493144bf6dd$$);
INSERT INTO items(base_item_id, hq) VALUES(14094, false);
INSERT INTO base_items VALUES(14095,$$Wind-up Leviathan$$,$$マメット・リヴァイアサン$$,$$Petit Léviathan$$,$$Mini-Leviathan$$,$$079dc773969$$);
INSERT INTO items(base_item_id, hq) VALUES(14095, false);
INSERT INTO base_items VALUES(14098,$$Calca$$,$$カルコ$$,$$Calca$$,$$Calco-Puppe$$,$$8fd3b7edbf2$$);
INSERT INTO items(base_item_id, hq) VALUES(14098, false);
INSERT INTO base_items VALUES(14100,$$Morpho$$,$$モルフォ$$,$$Morpho$$,$$Morpho$$,$$44be99b9671$$);
INSERT INTO items(base_item_id, hq) VALUES(14100, false);
INSERT INTO base_items VALUES(14103,$$Fenrir Pup$$,$$フェンリル・パップ$$,$$Bébé Fenrir$$,$$Fenrir-Welpe$$,$$78e80a6c43a$$);
INSERT INTO items(base_item_id, hq) VALUES(14103, false);
INSERT INTO base_items VALUES(14134,$$Spiced Cider$$,$$スパイスサイダー$$,$$Cidre aux épices$$,$$Würziger Apfelsaft$$,$$07d7d095370$$);
INSERT INTO items(base_item_id, hq) VALUES(14134, false),(14134, true);
INSERT INTO base_items VALUES(14135,$$Apple Strudel$$,$$アップルシュトゥルーデル$$,$$Strudel aux pommes$$,$$Apfelstrudel$$,$$193ade093f9$$);
INSERT INTO items(base_item_id, hq) VALUES(14135, false),(14135, true);
INSERT INTO base_items VALUES(14136,$$Peperoncino$$,$$ペペロンチーノ$$,$$Pâtes aux piments$$,$$Peperoncino$$,$$52abd13a555$$);
INSERT INTO items(base_item_id, hq) VALUES(14136, false),(14136, true);
INSERT INTO base_items VALUES(14137,$$Boscaiola$$,$$ボスカイオーラ$$,$$Pâtes à la forestière$$,$$Boscaiola$$,$$70d8d4afc7b$$);
INSERT INTO items(base_item_id, hq) VALUES(14137, false),(14137, true);
INSERT INTO base_items VALUES(14138,$$Loaghtan Steak$$,$$ロフタンステーキ$$,$$Steak de loaghtan$$,$$Loaghtan-Steak$$,$$39661d731cd$$);
INSERT INTO items(base_item_id, hq) VALUES(14138, false),(14138, true);
INSERT INTO base_items VALUES(14139,$$Oyster Confit$$,$$オイスターコンフィ$$,$$Huîtres confites$$,$$Austern-Confit$$,$$de776de7c43$$);
INSERT INTO items(base_item_id, hq) VALUES(14139, false),(14139, true);
INSERT INTO base_items VALUES(14140,$$Angler Stew$$,$$アングラーシチュー$$,$$Ragoût de lotte$$,$$Anglerfisch-Eintopf$$,$$3e2d23ff5de$$);
INSERT INTO items(base_item_id, hq) VALUES(14140, false),(14140, true);
INSERT INTO base_items VALUES(14141,$$Sweet Gnomefish$$,$$ヌマムツの甘露煮$$,$$Poisson gnome sucré$$,$$Süßer Gnomenfisch$$,$$1ac5b74883b$$);
INSERT INTO items(base_item_id, hq) VALUES(14141, false),(14141, true);
INSERT INTO base_items VALUES(14142,$$Golden Apple$$,$$ゴールデンアップル$$,$$Pomme dorée$$,$$Goldapfel$$,$$38d6ae07c95$$);
INSERT INTO items(base_item_id, hq) VALUES(14142, false);
INSERT INTO base_items VALUES(14143,$$Solstice Garlic$$,$$ソルガーリック$$,$$Ail du solstice$$,$$Solstitium-Knoblauch$$,$$b184060f0e2$$);
INSERT INTO items(base_item_id, hq) VALUES(14143, false);
INSERT INTO base_items VALUES(14144,$$Mature Olive Oil$$,$$完熟オリーヴオイル$$,$$Huile d'olive mûre$$,$$Reifes Olivenöl$$,$$6e7c4a5d303$$);
INSERT INTO items(base_item_id, hq) VALUES(14144, false);
INSERT INTO base_items VALUES(14145,$$Loaghtan Filet$$,$$ロフタンのフィレ$$,$$Filet de loaghtan$$,$$Loaghtan-Filet$$,$$251d35e5723$$);
INSERT INTO items(base_item_id, hq) VALUES(14145, false);
INSERT INTO base_items VALUES(14146,$$High Mythrite Ingot$$,$$ハイミスライトインゴット$$,$$Lingot de mithrite noble$$,$$Edelmythritbarren$$,$$991245bcf04$$);
INSERT INTO items(base_item_id, hq) VALUES(14146, false),(14146, true);
INSERT INTO base_items VALUES(14147,$$Eikon Mythrite$$,$$イコンミスライト$$,$$Mithrite primordial$$,$$Ikonenmythrit$$,$$aa344ed6609$$);
INSERT INTO items(base_item_id, hq) VALUES(14147, false),(14147, true);
INSERT INTO base_items VALUES(14148,$$Lumythrite Ore$$,$$光霊銀鉱$$,$$Minerai de lumithrite$$,$$Lumythriterz$$,$$cdcbe877842$$);
INSERT INTO items(base_item_id, hq) VALUES(14148, false),(14148, true);
INSERT INTO base_items VALUES(14149,$$Eikon Iron Ingot$$,$$イコンアロイインゴット$$,$$Lingot de fer primordial$$,$$Ikoneneisenbarren$$,$$d370287dcdb$$);
INSERT INTO items(base_item_id, hq) VALUES(14149, false),(14149, true);
INSERT INTO base_items VALUES(14150,$$Eikon Metal$$,$$イコンメタル$$,$$Métal primordial$$,$$Ikonenmetall$$,$$436e434e6ad$$);
INSERT INTO items(base_item_id, hq) VALUES(14150, false),(14150, true);
INSERT INTO base_items VALUES(14151,$$Smithsonite Ore$$,$$菱亜鉛鉱$$,$$Minerai de smithsonite$$,$$Smithsoniterz$$,$$9cb84d65438$$);
INSERT INTO items(base_item_id, hq) VALUES(14151, false),(14151, true);
INSERT INTO base_items VALUES(14152,$$Eikon Cloth$$,$$イコンクロス$$,$$Étoffe primordiale$$,$$Ikonenstoff$$,$$26d8b0e0873$$);
INSERT INTO items(base_item_id, hq) VALUES(14152, false),(14152, true);
INSERT INTO base_items VALUES(14153,$$Eikon Fiber$$,$$イコンファイバー$$,$$Fibre primordiale$$,$$Ikonenfaser$$,$$a4f16904d0b$$);
INSERT INTO items(base_item_id, hq) VALUES(14153, false),(14153, true);
INSERT INTO base_items VALUES(14154,$$Frost Cotton Boll$$,$$雪綿$$,$$Fleur de coton des neiges$$,$$Frost-Baumwoll-Samenkapsel$$,$$31dea53c55f$$);
INSERT INTO items(base_item_id, hq) VALUES(14154, false),(14154, true);
INSERT INTO base_items VALUES(14155,$$Eikon Leather$$,$$イコンレザー$$,$$Cuir primordial$$,$$Ikonenleder$$,$$d07846a1219$$);
INSERT INTO items(base_item_id, hq) VALUES(14155, false),(14155, true);
INSERT INTO base_items VALUES(14156,$$Eikon Hide$$,$$イコンハイド$$,$$Peau primordiale$$,$$Ikonenhaut$$,$$2bd17e4801b$$);
INSERT INTO items(base_item_id, hq) VALUES(14156, false),(14156, true);
INSERT INTO base_items VALUES(14157,$$Treated Camphorwood Lumber$$,$$硬化カンファー材$$,$$Madrier de camphrier traité$$,$$Behandeltes Kampferholz$$,$$8e43ca13446$$);
INSERT INTO items(base_item_id, hq) VALUES(14157, false),(14157, true);
INSERT INTO base_items VALUES(14158,$$Camphorwood Lumber$$,$$カンファー材$$,$$Madrier de camphrier$$,$$Kampferholz$$,$$a3fac51d5d8$$);
INSERT INTO items(base_item_id, hq) VALUES(14158, false),(14158, true);
INSERT INTO base_items VALUES(14159,$$Camphorwood Log$$,$$カンファー原木$$,$$Rondin de camphrier$$,$$Kampferholzscheit$$,$$a2017de488e$$);
INSERT INTO items(base_item_id, hq) VALUES(14159, false),(14159, true);
INSERT INTO base_items VALUES(14160,$$Camphorwood Branch$$,$$カンファーの枝$$,$$Branche de camphrier$$,$$Kampferholzast$$,$$7d73e15c669$$);
INSERT INTO items(base_item_id, hq) VALUES(14160, false),(14160, true);
INSERT INTO base_items VALUES(14161,$$Camphor$$,$$樟脳$$,$$Camphre$$,$$Kampfer$$,$$04e01303a66$$);
INSERT INTO items(base_item_id, hq) VALUES(14161, false),(14161, true);
INSERT INTO base_items VALUES(14164,$$Gobcraft Resin$$,$$ゴブリン樹脂$$,$$Résine gobeline$$,$$Goblin-Harz$$,$$8a7a46e2baf$$);
INSERT INTO items(base_item_id, hq) VALUES(14164, false),(14164, true);
INSERT INTO base_items VALUES(14176,$$Max-Potion of Strength$$,$$剛力の仙薬$$,$$Thériaque de force$$,$$Maxtrank der Stärke$$,$$220e037c66a$$);
INSERT INTO items(base_item_id, hq) VALUES(14176, false),(14176, true);
INSERT INTO base_items VALUES(14177,$$Max-Potion of Dexterity$$,$$眼力の仙薬$$,$$Thériaque de dextérité$$,$$Maxtrank der Geschicklichkeit$$,$$af95d67945a$$);
INSERT INTO items(base_item_id, hq) VALUES(14177, false),(14177, true);
INSERT INTO base_items VALUES(14178,$$Max-Potion of Vitality$$,$$活力の仙薬$$,$$Thériaque de vitalité$$,$$Maxtrank der Konstitution$$,$$17f9ecd85a4$$);
INSERT INTO items(base_item_id, hq) VALUES(14178, false),(14178, true);
INSERT INTO base_items VALUES(14179,$$Max-Potion of Intelligence$$,$$知力の仙薬$$,$$Thériaque d'intelligence$$,$$Maxtrank der Intelligenz$$,$$03ecbc63e48$$);
INSERT INTO items(base_item_id, hq) VALUES(14179, false),(14179, true);
INSERT INTO base_items VALUES(14180,$$Max-Potion of Mind$$,$$心力の仙薬$$,$$Thériaque d'esprit$$,$$Maxtrank der Willenskraft$$,$$ce2fc7de05a$$);
INSERT INTO items(base_item_id, hq) VALUES(14180, false),(14180, true);
INSERT INTO base_items VALUES(14181,$$Blank Grade 1 Orchestrion Roll$$,$$無地のオーケストリオン譜G1$$,$$Rouleau d'orchestrion vierge I$$,$$Unbeschriebene Notenrolle$$,$$a510e638204$$);
INSERT INTO items(base_item_id, hq) VALUES(14181, false);
INSERT INTO base_items VALUES(14182,$$Blank Grade 2 Orchestrion Roll$$,$$無地のオーケストリオン譜G2$$,$$Rouleau d'orchestrion vierge II$$,$$Unbeschriebene Notenrolle II$$,$$8130e4b0289$$);
INSERT INTO items(base_item_id, hq) VALUES(14182, false);
INSERT INTO base_items VALUES(14183,$$Blank Grade 3 Orchestrion Roll$$,$$無地のオーケストリオン譜G3$$,$$Rouleau d'orchestrion vierge III$$,$$Unbeschriebene Notenrolle III$$,$$09a40d8ce73$$);
INSERT INTO items(base_item_id, hq) VALUES(14183, false);
INSERT INTO base_items VALUES(14184,$$High Mythrite Nugget$$,$$ハイミスライトナゲット$$,$$Pépite de mithrite noble$$,$$Edelmythrit-Nugget$$,$$721196763c4$$);
INSERT INTO items(base_item_id, hq) VALUES(14184, false),(14184, true);
INSERT INTO base_items VALUES(14186,$$Sewing Needle$$,$$刺繍針$$,$$Aiguille à coudre$$,$$Nähnadel$$,$$29bd83fd99b$$);
INSERT INTO items(base_item_id, hq) VALUES(14186, false),(14186, true);
INSERT INTO base_items VALUES(14187,$$Griffin Leather Strap$$,$$グリフィンストラップ$$,$$Lanière en cuir de griffon$$,$$Greifenleder-Riemen$$,$$b76d6f0e644$$);
INSERT INTO items(base_item_id, hq) VALUES(14187, false),(14187, true);
INSERT INTO base_items VALUES(14188,$$Sewing Thread$$,$$刺繍糸$$,$$Fil à coudre$$,$$Nähfaden$$,$$bb03e729603$$);
INSERT INTO items(base_item_id, hq) VALUES(14188, false),(14188, true);
INSERT INTO base_items VALUES(14189,$$Powdered Horn$$,$$角粉$$,$$Poudre de corne$$,$$Pulverisiertes Horn$$,$$ac052d8bec3$$);
INSERT INTO items(base_item_id, hq) VALUES(14189, false),(14189, true);
INSERT INTO base_items VALUES(14190,$$Beastkin Horn$$,$$枯角$$,$$Corne de bête$$,$$Bestienhorn$$,$$577fd14d523$$);
INSERT INTO items(base_item_id, hq) VALUES(14190, false),(14190, true);
INSERT INTO base_items VALUES(14211,$$Amber Salamander$$,$$アンバーサラマンダー$$,$$Salamandre ambrée$$,$$Bernsteinsalamander$$,$$4bf4533b149$$);
INSERT INTO items(base_item_id, hq) VALUES(14211, false),(14211, true);
INSERT INTO base_items VALUES(14212,$$Gnomefish$$,$$ヌマムツ$$,$$Poisson gnome$$,$$Gnomfisch$$,$$0524eead651$$);
INSERT INTO items(base_item_id, hq) VALUES(14212, false),(14212, true);
INSERT INTO base_items VALUES(14213,$$Fleece Stingray$$,$$フリーシーモトロ$$,$$Raie des nuages$$,$$Flauschrochen$$,$$d3a4c2c5326$$);
INSERT INTO items(base_item_id, hq) VALUES(14213, false),(14213, true);
INSERT INTO base_items VALUES(14214,$$Nyctosaur$$,$$ニクトサウルス$$,$$Nyctosaure$$,$$Nyctosaurus$$,$$2e75df5a1bf$$);
INSERT INTO items(base_item_id, hq) VALUES(14214, false),(14214, true);
INSERT INTO base_items VALUES(14215,$$Lava Snail$$,$$ラーヴァスネイル$$,$$Escargot lavique$$,$$Lavaschnecke$$,$$dfc6b0a4068$$);
INSERT INTO items(base_item_id, hq) VALUES(14215, false),(14215, true);
INSERT INTO base_items VALUES(14216,$$Priestfish$$,$$プリーストフィッシュ$$,$$Poisson flambeau$$,$$Fühlerfisch$$,$$091cb97f159$$);
INSERT INTO items(base_item_id, hq) VALUES(14216, false),(14216, true);
INSERT INTO base_items VALUES(14217,$$Coerthan Oyster$$,$$クルザスオイスター$$,$$Huître du Coerthas$$,$$Coerthas-Auster$$,$$cab010aa9e6$$);
INSERT INTO items(base_item_id, hq) VALUES(14217, false),(14217, true);
INSERT INTO base_items VALUES(14218,$$Oliphant's Trunk$$,$$オリファントノーズ$$,$$Trompe d'olifant$$,$$Olifantenzinken$$,$$a7d3ea1fa3d$$);
INSERT INTO items(base_item_id, hq) VALUES(14218, false),(14218, true);
INSERT INTO base_items VALUES(14219,$$Mountain Kraken$$,$$ベーンクラーケン$$,$$Kraken des montagnes$$,$$Bergkrake$$,$$ed6b491a38c$$);
INSERT INTO items(base_item_id, hq) VALUES(14219, false),(14219, true);
INSERT INTO base_items VALUES(14220,$$Armored Catfish$$,$$アブトアード$$,$$Poisson-chat cuirassé$$,$$Panzer-Katfisch$$,$$33f6e1a46b4$$);
INSERT INTO items(base_item_id, hq) VALUES(14220, false),(14220, true);
INSERT INTO base_items VALUES(14222,$$Wailers and Waterwheels Orchestrion Roll$$,$$オーケストリオン譜:水車の調べ$$,$$Rouleau “Wailers And Waterwheels”$$,$$Notenrolle von „Wailers And Waterwheels“$$,$$07a7eb967f0$$);
INSERT INTO items(base_item_id, hq) VALUES(14222, false);
INSERT INTO base_items VALUES(14223,$$I Am the Sea Orchestrion Roll$$,$$オーケストリオン譜:偉大なる母港$$,$$Rouleau “I Am the Sea”$$,$$Notenrolle von „I Am the Sea“$$,$$9fbf4d4180c$$);
INSERT INTO items(base_item_id, hq) VALUES(14223, false);
INSERT INTO base_items VALUES(14224,$$A New Hope Orchestrion Roll$$,$$オーケストリオン譜:希望の都$$,$$Rouleau “A New Hope”$$,$$Notenrolle von „A New Hope“$$,$$4638c6705f3$$);
INSERT INTO items(base_item_id, hq) VALUES(14224, false);
INSERT INTO base_items VALUES(14225,$$Solid Orchestrion Roll$$,$$オーケストリオン譜:堅牢$$,$$Rouleau “Solid”$$,$$Notenrolle von „Solid“$$,$$0f4cfaadcd2$$);
INSERT INTO items(base_item_id, hq) VALUES(14225, false);
INSERT INTO base_items VALUES(14226,$$The Waking Sands Orchestrion Roll$$,$$オーケストリオン譜:砂の家$$,$$Rouleau “The Waking Sands”$$,$$Notenrolle von „The Waking Sands“$$,$$b96854f812c$$);
INSERT INTO items(base_item_id, hq) VALUES(14226, false);
INSERT INTO base_items VALUES(14229,$$Another Round Orchestrion Roll$$,$$オーケストリオン譜:もう一杯！$$,$$Rouleau “Another Round”$$,$$Notenrolle von „Another Round“$$,$$5a335214216$$);
INSERT INTO items(base_item_id, hq) VALUES(14229, false);
INSERT INTO base_items VALUES(14230,$$Painted Foothills Orchestrion Roll$$,$$オーケストリオン譜:彩られし山麓$$,$$Rouleau “Painted Foothills”$$,$$Notenrolle von „Painted Foothills“$$,$$59bce6726ea$$);
INSERT INTO items(base_item_id, hq) VALUES(14230, false);
INSERT INTO base_items VALUES(14231,$$Lost in the Clouds Orchestrion Roll$$,$$オーケストリオン譜:雲に隠れて$$,$$Rouleau “Lost in the Clouds”$$,$$Notenrolle von „Lost In the Clouds“$$,$$d4e47fb3de7$$);
INSERT INTO items(base_item_id, hq) VALUES(14231, false);
INSERT INTO base_items VALUES(14234,$$The Only Path Orchestrion Roll$$,$$オーケストリオン譜:ただひとつの道$$,$$Rouleau “The Only Path”$$,$$Notenrolle von „The Only Path“$$,$$99d1e726934$$);
INSERT INTO items(base_item_id, hq) VALUES(14234, false);
INSERT INTO base_items VALUES(14235,$$A World Apart Orchestrion Roll$$,$$オーケストリオン譜:そして世界へ$$,$$Rouleau “A World Apart”$$,$$Notenrolle von „A World Apart“$$,$$825c92fa3c0$$);
INSERT INTO items(base_item_id, hq) VALUES(14235, false);
INSERT INTO base_items VALUES(14237,$$When a Tree Falls Orchestrion Roll$$,$$オーケストリオン譜:汗を流して$$,$$Rouleau “When a Tree Falls”$$,$$Notenrolle von „When A Tree Falls“$$,$$d32128cfbca$$);
INSERT INTO items(base_item_id, hq) VALUES(14237, false);
INSERT INTO base_items VALUES(14238,$$Tenacity Orchestrion Roll$$,$$オーケストリオン譜:不屈の闘志$$,$$Rouleau “Tenacity”$$,$$Notenrolle von „Tenacity“$$,$$d625a28d83b$$);
INSERT INTO items(base_item_id, hq) VALUES(14238, false);
INSERT INTO base_items VALUES(14239,$$Blood for Blood Orchestrion Roll$$,$$オーケストリオン譜:血で血を洗って$$,$$Rouleau “Blood for Blood”$$,$$Notenrolle „Blood For Blood“$$,$$84e417d58ca$$);
INSERT INTO items(base_item_id, hq) VALUES(14239, false);
INSERT INTO base_items VALUES(14240,$$Starved Orchestrion Roll$$,$$オーケストリオン譜:餓えた狼$$,$$Rouleau “Starved”$$,$$Notenrolle von „Starved“$$,$$5a773dc930b$$);
INSERT INTO items(base_item_id, hq) VALUES(14240, false);
INSERT INTO base_items VALUES(14241,$$Riptide Orchestrion Roll$$,$$オーケストリオン譜:潮衝$$,$$Rouleau “Riptide”$$,$$Notenrolle von „Riptide“$$,$$d2785b1cbca$$);
INSERT INTO items(base_item_id, hq) VALUES(14241, false);
INSERT INTO base_items VALUES(14242,$$Dark Vows Orchestrion Roll$$,$$オーケストリオン譜:漆黒の誓い$$,$$Rouleau “Dark Vows”$$,$$Notenrolle von „Dark Vows“$$,$$ae5271cd806$$);
INSERT INTO items(base_item_id, hq) VALUES(14242, false);
INSERT INTO base_items VALUES(14243,$$The Dark's Embrace Orchestrion Roll$$,$$オーケストリオン譜:闇の抱擁$$,$$Rouleau “The Dark's Embrace”$$,$$Notenrolle von „The Dark's Embrace“$$,$$3f8c5c2904c$$);
INSERT INTO items(base_item_id, hq) VALUES(14243, false);
INSERT INTO base_items VALUES(14244,$$A Light in the Storm Orchestrion Roll$$,$$オーケストリオン譜:嵐の中の灯火$$,$$Rouleau “A Light in the Storm”$$,$$Notenrolle von „A Light In the Storm“$$,$$399779286d2$$);
INSERT INTO items(base_item_id, hq) VALUES(14244, false);
INSERT INTO base_items VALUES(14245,$$Imagination Orchestrion Roll$$,$$オーケストリオン譜:イマジネーション$$,$$Rouleau “Imagination”$$,$$Notenrolle von „Imagination“$$,$$0a802c92e15$$);
INSERT INTO items(base_item_id, hq) VALUES(14245, false);
INSERT INTO base_items VALUES(14246,$$Down the Up Staircase Orchestrion Roll$$,$$オーケストリオン譜:上り階段をくだれ$$,$$Rouleau “Down the Up Staircase”$$,$$Notenrolle von „Down the Up Staircase“$$,$$27e352a5cbc$$);
INSERT INTO items(base_item_id, hq) VALUES(14246, false);
INSERT INTO base_items VALUES(14247,$$The Scars of Battle Orchestrion Roll$$,$$オーケストリオン譜:魔大戦の傷跡$$,$$Rouleau “The Scars of Battle”$$,$$Notenrolle von „The Scars of Battle“$$,$$7a2c38f3113$$);
INSERT INTO items(base_item_id, hq) VALUES(14247, false);
INSERT INTO base_items VALUES(14250,$$The Maker's Ruin Orchestrion Roll$$,$$オーケストリオン譜:神なき世界$$,$$Rouleau “The Maker's Ruin”$$,$$Notenrolle von „The Maker's Ruin“$$,$$e68d5a2ba9d$$);
INSERT INTO items(base_item_id, hq) VALUES(14250, false);
INSERT INTO base_items VALUES(14251,$$Primal Judgment Orchestrion Roll$$,$$オーケストリオン譜:原始の審判$$,$$Rouleau “Primal Judgment”$$,$$Notenrolle von „Primal Judgment“$$,$$e3061efb50b$$);
INSERT INTO items(base_item_id, hq) VALUES(14251, false);
INSERT INTO base_items VALUES(14252,$$Fallen Angel Orchestrion Roll$$,$$オーケストリオン譜:堕天せし者$$,$$Rouleau “Fallen Angel”$$,$$Notenrolle von „Fallen Angel“$$,$$c2b6f6c5c19$$);
INSERT INTO items(base_item_id, hq) VALUES(14252, false);
INSERT INTO base_items VALUES(14253,$$Under the Weight Orchestrion Roll$$,$$オーケストリオン譜:過重圧殺！$$,$$Rouleau “Under the Weight”$$,$$Notenrolle von „Under the Weight“$$,$$5b206c9a4a3$$);
INSERT INTO items(base_item_id, hq) VALUES(14253, false);
INSERT INTO base_items VALUES(14254,$$Heroes Orchestrion Roll$$,$$オーケストリオン譜:英傑$$,$$Rouleau “Heroes”$$,$$Notenrolle von „Heroes“$$,$$1b8951d938c$$);
INSERT INTO items(base_item_id, hq) VALUES(14254, false);
INSERT INTO base_items VALUES(14255,$$Fiend Orchestrion Roll$$,$$オーケストリオン譜:魔神$$,$$Rouleau “Fiend”$$,$$Notenrolle von „Fiend“$$,$$51ea81c14f2$$);
INSERT INTO items(base_item_id, hq) VALUES(14255, false);
INSERT INTO base_items VALUES(14256,$$Hubris Orchestrion Roll$$,$$オーケストリオン譜:傲慢$$,$$Rouleau “Hubris”$$,$$Notenrolle von „Hubris“$$,$$590d0ddf0c4$$);
INSERT INTO items(base_item_id, hq) VALUES(14256, false);
INSERT INTO base_items VALUES(14257,$$Tumbling Down Orchestrion Roll$$,$$オーケストリオン譜:奈落へ$$,$$Rouleau “Tumbling Down”$$,$$Notenrolle von „Tumbling Down“$$,$$e6ebd9f2477$$);
INSERT INTO items(base_item_id, hq) VALUES(14257, false);
INSERT INTO base_items VALUES(14258,$$Out of the Labyrinth Orchestrion Roll$$,$$オーケストリオン譜:絢爛$$,$$Rouleau “Out of the Labyrinth”$$,$$Notenrolle von „Out of the Labyrinth“$$,$$b81f12f3d3b$$);
INSERT INTO items(base_item_id, hq) VALUES(14258, false);
INSERT INTO base_items VALUES(14259,$$Now I Know the Truth Orchestrion Roll$$,$$オーケストリオン譜:ドーガとウネの心$$,$$Rouleau “Now I Know the Truth”$$,$$Notenrolle von „Now I Know the Truth“$$,$$a1efe7aa338$$);
INSERT INTO items(base_item_id, hq) VALUES(14259, false);
INSERT INTO base_items VALUES(14260,$$Blind to the Dark Orchestrion Roll$$,$$オーケストリオン譜:薄闇$$,$$Rouleau “Blind to the Dark”$$,$$Notenrolle von „Blind To the Dark“$$,$$46eddaa03c0$$);
INSERT INTO items(base_item_id, hq) VALUES(14260, false);
INSERT INTO base_items VALUES(14261,$$Hunger Orchestrion Roll$$,$$オーケストリオン譜:最後の死闘$$,$$Rouleau “Hunger”$$,$$Notenrolle von „Hunger“$$,$$bef8cddd7c8$$);
INSERT INTO items(base_item_id, hq) VALUES(14261, false);
INSERT INTO base_items VALUES(14262,$$Eternal Wind Orchestrion Roll$$,$$オーケストリオン譜:悠久の風$$,$$Rouleau “Eternal Wind”$$,$$Notenrolle von „Eternal Wind“$$,$$4e6b415b947$$);
INSERT INTO items(base_item_id, hq) VALUES(14262, false);
INSERT INTO base_items VALUES(14263,$$Thunderer Orchestrion Roll$$,$$オーケストリオン譜:雷鳴$$,$$Rouleau “Thunderer”$$,$$Notenrolle von „Thunderer“$$,$$b31e95edcd2$$);
INSERT INTO items(base_item_id, hq) VALUES(14263, false);
INSERT INTO base_items VALUES(14264,$$Rise of the White Raven Orchestrion Roll$$,$$オーケストリオン譜:白銀の凶鳥、飛翔せり$$,$$Rouleau “Rise of the White Raven”$$,$$Notenrolle von „Rise of the White Raven“$$,$$218083d4e93$$);
INSERT INTO items(base_item_id, hq) VALUES(14264, false);
INSERT INTO base_items VALUES(14265,$$From the Ashes Orchestrion Roll$$,$$オーケストリオン譜:灰より生まれし者$$,$$Rouleau “From the Ashes”$$,$$Notenrolle von „From the Ashes“$$,$$122198e8f2d$$);
INSERT INTO items(base_item_id, hq) VALUES(14265, false);
INSERT INTO base_items VALUES(14266,$$Contention Orchestrion Roll$$,$$オーケストリオン譜:闘争$$,$$Rouleau “Contention”$$,$$Notenrolle von „Contention“$$,$$3bd10fafa3d$$);
INSERT INTO items(base_item_id, hq) VALUES(14266, false);
INSERT INTO base_items VALUES(14267,$$Answers Orchestrion Roll$$,$$オーケストリオン譜:Answers$$,$$Rouleau “Answers”$$,$$Notenrolle von „Answers“$$,$$4b1dc66f6b8$$);
INSERT INTO items(base_item_id, hq) VALUES(14267, false);
INSERT INTO base_items VALUES(14268,$$Faded Copy of Another Round$$,$$古びた譜面:もう一杯！$$,$$Rouleau abîmé “Another Round”$$,$$Abgenutzte Notenrolle von „Another Round“$$,$$9950e0cfe3d$$);
INSERT INTO items(base_item_id, hq) VALUES(14268, false);
INSERT INTO base_items VALUES(14269,$$Faded Copy of Painted Foothills$$,$$古びた譜面:彩られし山麓$$,$$Rouleau abîmé “Painted Foothills”$$,$$Abgenutzte Notenrolle von „Painted Foothills“$$,$$753934dc125$$);
INSERT INTO items(base_item_id, hq) VALUES(14269, false);
INSERT INTO base_items VALUES(14270,$$Faded Copy of Lost in the Clouds$$,$$古びた譜面:雲に隠れて$$,$$Rouleau abîmé “Lost in the Clouds”$$,$$Abgenutzte Notenrolle von „Lost In the Clouds“$$,$$7801ecdfac0$$);
INSERT INTO items(base_item_id, hq) VALUES(14270, false);
INSERT INTO base_items VALUES(14271,$$Faded Copy of The Only Path$$,$$古びた譜面:ただひとつの道$$,$$Rouleau abîmé “The Only Path”$$,$$Abgenutzte Notenrolle von „The Only Path“$$,$$1d06b190b0d$$);
INSERT INTO items(base_item_id, hq) VALUES(14271, false);
INSERT INTO base_items VALUES(14272,$$Faded Copy of A World Apart$$,$$古びた譜面:そして世界へ$$,$$Rouleau abîmé “A World Apart”$$,$$Abgenutzte Notenrolle von „A World Apart“$$,$$69fe3f0b34d$$);
INSERT INTO items(base_item_id, hq) VALUES(14272, false);
INSERT INTO base_items VALUES(14273,$$Faded Copy of Blood for Blood$$,$$古びた譜面:血で血を洗って$$,$$Rouleau abîmé “Blood for Blood”$$,$$Abgenutzte Notenrolle von „Blood For Blood“$$,$$5e40fe52181$$);
INSERT INTO items(base_item_id, hq) VALUES(14273, false);
INSERT INTO base_items VALUES(14274,$$Faded Copy of Starved$$,$$古びた譜面:餓えた狼$$,$$Rouleau abîmé “Starved”$$,$$Abgenutzte Notenrolle von „Starved“$$,$$8935bae2541$$);
INSERT INTO items(base_item_id, hq) VALUES(14274, false);
INSERT INTO base_items VALUES(14275,$$Faded Copy of Riptide$$,$$古びた譜面:潮衝$$,$$Rouleau abîmé “Riptide”$$,$$Abgenutzte Notenrolle von „Riptide“$$,$$169490b271e$$);
INSERT INTO items(base_item_id, hq) VALUES(14275, false);
INSERT INTO base_items VALUES(14276,$$Faded Copy of Dark Vows$$,$$古びた譜面:漆黒の誓い$$,$$Rouleau abîmé “Dark Vows”$$,$$Abgenutzte Notenrolle von „Dark Vows“$$,$$18b39399642$$);
INSERT INTO items(base_item_id, hq) VALUES(14276, false);
INSERT INTO base_items VALUES(14277,$$Faded Copy of The Dark's Embrace$$,$$古びた譜面:闇の抱擁$$,$$Rouleau abîmé “The Dark's Embrace”$$,$$Abgenutzte Notenrolle von „The Dark's Embrace“$$,$$5a9a57d573a$$);
INSERT INTO items(base_item_id, hq) VALUES(14277, false);
INSERT INTO base_items VALUES(14278,$$Faded Copy of A Light in the Storm$$,$$古びた譜面:嵐の中の灯火$$,$$Rouleau abîmé “A Light in the Storm”$$,$$Abgenutzte Notenrolle von „A Light In the Storm“$$,$$70e66870882$$);
INSERT INTO items(base_item_id, hq) VALUES(14278, false);
INSERT INTO base_items VALUES(14279,$$Faded Copy of Imagination$$,$$古びた譜面:イマジネーション$$,$$Rouleau abîmé “Imagination”$$,$$Abgenutzte Notenrolle von „Imagination“$$,$$e76b56042f3$$);
INSERT INTO items(base_item_id, hq) VALUES(14279, false);
INSERT INTO base_items VALUES(14280,$$Faded Copy of Down the Up Staircase$$,$$古びた譜面:上り階段をくだれ$$,$$Rouleau abîmé “Down the Up Staircase”$$,$$Abgenutzte Notenrolle von „Down the Up Staircase“$$,$$57cd9c9768e$$);
INSERT INTO items(base_item_id, hq) VALUES(14280, false);
INSERT INTO base_items VALUES(14281,$$Faded Copy of The Scars of Battle$$,$$古びた譜面:魔大戦の傷跡$$,$$Rouleau abîmé “The Scars of Battle”$$,$$Abgenutzte Notenrolle von „The Scars of Battle“$$,$$f35f5a4fb6d$$);
INSERT INTO items(base_item_id, hq) VALUES(14281, false);
INSERT INTO base_items VALUES(14282,$$Faded Copy of The Maker's Ruin$$,$$古びた譜面:神なき世界$$,$$Rouleau abîmé “The Maker's Ruin”$$,$$Abgenutzte Notenrolle von „The Maker's Ruin“$$,$$80c528f6dc8$$);
INSERT INTO items(base_item_id, hq) VALUES(14282, false);
INSERT INTO base_items VALUES(14283,$$Faded Copy of Primal Judgment$$,$$古びた譜面:原始の審判$$,$$Rouleau abîmé “Primal Judgment”$$,$$Abgenutzte Notenrolle von „Primal Judgment“$$,$$eb535ee9804$$);
INSERT INTO items(base_item_id, hq) VALUES(14283, false);
INSERT INTO base_items VALUES(14284,$$Faded Copy of Fallen Angel$$,$$古びた譜面:堕天せし者$$,$$Rouleau abîmé “Fallen Angel”$$,$$Abgenutzte Notenrolle von „Fallen Angel“$$,$$d760875aac8$$);
INSERT INTO items(base_item_id, hq) VALUES(14284, false);
INSERT INTO base_items VALUES(14285,$$Faded Copy of Under the Weight$$,$$古びた譜面:過重圧殺！$$,$$Rouleau abîmé “Under the Weight”$$,$$Abgenutzte Notenrolle von „Under the Weight“$$,$$959a9d77d95$$);
INSERT INTO items(base_item_id, hq) VALUES(14285, false);
INSERT INTO base_items VALUES(14286,$$Faded Copy of Heroes$$,$$古びた譜面:英傑$$,$$Rouleau abîmé “Heroes”$$,$$Abgenutzte Notenrolle von „Heroes“$$,$$87ec8071cdb$$);
INSERT INTO items(base_item_id, hq) VALUES(14286, false);
INSERT INTO base_items VALUES(14287,$$Faded Copy of Fiend$$,$$古びた譜面:魔神$$,$$Rouleau abîmé “Fiend”$$,$$Abgenutzte Notenrolle von „Fiend“$$,$$f03a03d4b95$$);
INSERT INTO items(base_item_id, hq) VALUES(14287, false);
INSERT INTO base_items VALUES(14288,$$Faded Copy of Hubris$$,$$古びた譜面:傲慢$$,$$Rouleau abîmé “Hubris”$$,$$Abgenutzte Notenrolle von „Hubris“$$,$$2bd5bfbf21f$$);
INSERT INTO items(base_item_id, hq) VALUES(14288, false);
INSERT INTO base_items VALUES(14289,$$Faded Copy of Tumbling Down$$,$$古びた譜面:奈落へ$$,$$Rouleau abîmé “Tumbling Down”$$,$$Abgenutzte Notenrolle von „Tumbling Down“$$,$$10e29d65eb3$$);
INSERT INTO items(base_item_id, hq) VALUES(14289, false);
INSERT INTO base_items VALUES(14290,$$Faded Copy of Out of the Labyrinth$$,$$古びた譜面:絢爛$$,$$Rouleau abîmé “Out of the Labyrinth”$$,$$Abgenutzte Notenrolle von „Out of the Labyrinth“$$,$$8cf8a6ea383$$);
INSERT INTO items(base_item_id, hq) VALUES(14290, false);
INSERT INTO base_items VALUES(14291,$$Faded Copy of Now I Know the Truth$$,$$古びた譜面:ドーガとウネの心$$,$$Rouleau abîmé “Now I Know the Truth”$$,$$Abgenutzte Notenrolle von „Now I Know the Truth“$$,$$61f40b69836$$);
INSERT INTO items(base_item_id, hq) VALUES(14291, false);
INSERT INTO base_items VALUES(14292,$$Faded Copy of Blind to the Dark$$,$$古びた譜面:薄闇$$,$$Rouleau abîmé “Blind to the Dark”$$,$$Abgenutzte Notenrolle von „Blind to the Dark“$$,$$08ce431f5fa$$);
INSERT INTO items(base_item_id, hq) VALUES(14292, false);
INSERT INTO base_items VALUES(14293,$$Faded Copy of Hunger$$,$$古びた譜面:最後の死闘$$,$$Rouleau abîmé “Hunger”$$,$$Abgenutzte Notenrolle von „Hunger“$$,$$61691f50a6a$$);
INSERT INTO items(base_item_id, hq) VALUES(14293, false);
INSERT INTO base_items VALUES(14294,$$Faded Copy of Thunderer$$,$$古びた譜面:雷鳴$$,$$Rouleau abîmé “Thunderer”$$,$$Abgenutzte Notenrolle von „Thunderer“$$,$$26ae8e85d28$$);
INSERT INTO items(base_item_id, hq) VALUES(14294, false);
INSERT INTO base_items VALUES(14295,$$Faded Copy of Rise of the White Raven$$,$$古びた譜面:白銀の凶鳥、飛翔せり$$,$$Rouleau abîmé “Rise of the White Raven”$$,$$Abgenutzte Notenrolle von „Rise of the White Raven“$$,$$7150c56c1ea$$);
INSERT INTO items(base_item_id, hq) VALUES(14295, false);
INSERT INTO base_items VALUES(14296,$$Faded Copy of From the Ashes$$,$$古びた譜面:灰より生まれし者$$,$$Rouleau abîmé “From the Ashes”$$,$$Abgenutzte Notenrolle von „From the Ashes“$$,$$e75f3f422ea$$);
INSERT INTO items(base_item_id, hq) VALUES(14296, false);
INSERT INTO base_items VALUES(14297,$$Faded Copy of Answers$$,$$古びた譜面:Answers$$,$$Rouleau abîmé “Answers”$$,$$Abgenutzte Notenrolle von „Answers“$$,$$7b7dbe00c1f$$);
INSERT INTO items(base_item_id, hq) VALUES(14297, false);
INSERT INTO base_items VALUES(14712,$$High Mythrite Helm of Fending$$,$$ハイミスライト・ディフェンダーヘルム$$,$$Casque de protecteur en mithrite noble$$,$$Edelmythrit-Helm der Verteidigung$$,$$8f4a19d3704$$);
INSERT INTO items(base_item_id, hq) VALUES(14712, false),(14712, true);
INSERT INTO base_items VALUES(14713,$$High Mythrite Cuirass of Fending$$,$$ハイミスライト・ディフェンダーキュイラス$$,$$Cuirasse de protecteur en mithrite noble$$,$$Edelmythrit-Kürass der Verteidigung$$,$$1f9dcebe79a$$);
INSERT INTO items(base_item_id, hq) VALUES(14713, false),(14713, true);
INSERT INTO base_items VALUES(14714,$$High Mythrite Gauntlets of Fending$$,$$ハイミスライト・ディフェンダーガントレット$$,$$Gantelets de protecteur en mithrite noble$$,$$Edelmythrit-Panzerhandschuhe der Verteidigung$$,$$76e76f0f693$$);
INSERT INTO items(base_item_id, hq) VALUES(14714, false),(14714, true);
INSERT INTO base_items VALUES(14715,$$Eikon Leather Breeches of Fending$$,$$イコンレザー・ディフェンダーブリーチ$$,$$Braies de protecteur en cuir primordial$$,$$Ikonenleder-Reiterhose der Verteidigung$$,$$3562e22fdb9$$);
INSERT INTO items(base_item_id, hq) VALUES(14715, false),(14715, true);
INSERT INTO base_items VALUES(14716,$$High Mythrite Sabatons of Fending$$,$$ハイミスライト・ディフェンダーサバトン$$,$$Sabatons en mithrite noble$$,$$Edelmythrit-Bärlatschen der Verteidigung$$,$$34222f9d5fd$$);
INSERT INTO items(base_item_id, hq) VALUES(14716, false),(14716, true);
INSERT INTO base_items VALUES(14717,$$Eikon Leather Headgear of Maiming$$,$$イコンレザー・スレイヤーヘッドギア$$,$$Protège-tête d'abatteur en cuir primordial$$,$$Ikonenleder-Kopfbedeckung des Verstümmelns$$,$$9d9f8be677b$$);
INSERT INTO items(base_item_id, hq) VALUES(14717, false),(14717, true);
INSERT INTO base_items VALUES(14718,$$Eikon Leather Corselet of Maiming$$,$$イコンレザー・スレイヤーコースリット$$,$$Jaseran d'abatteur en cuir primordial$$,$$Ikonenleder-Brustpanzer des Verstümmelns$$,$$eb4059bd1e5$$);
INSERT INTO items(base_item_id, hq) VALUES(14718, false),(14718, true);
INSERT INTO base_items VALUES(14719,$$Eikon Leather Armguards of Maiming$$,$$イコンレザー・スレイヤーアームガード$$,$$Garde-bras d'abatteur en cuir primordial$$,$$Ikonenleder-Armschützer des Verstümmelns$$,$$7538b7ebb9b$$);
INSERT INTO items(base_item_id, hq) VALUES(14719, false),(14719, true);
INSERT INTO base_items VALUES(14720,$$Eikon Cloth Brais of Maiming$$,$$イコンクロス・スレイヤーブレー$$,$$Brailles d'abatteur en étoffe primordiale$$,$$Ikonenstoff-Braies des Verstümmelns$$,$$6fe8bd2cb15$$);
INSERT INTO items(base_item_id, hq) VALUES(14720, false),(14720, true);
INSERT INTO base_items VALUES(14721,$$Eikon Leather Leg Guards of Maiming$$,$$イコンレザー・スレイヤーレッグガード$$,$$Protège-jambes d'abatteur en cuir primordial$$,$$Ikonenleder-Beinschützer des Verstümmelns$$,$$ab67ff4e305$$);
INSERT INTO items(base_item_id, hq) VALUES(14721, false),(14721, true);
INSERT INTO base_items VALUES(14722,$$Eikon Leather Headgear of Striking$$,$$イコンレザー・ストライカーヘッドギア$$,$$Protège-tête d'agresseur en cuir primordial$$,$$Ikonenleder-Kopfbedeckung des Schlagens$$,$$b58fc6ea1ef$$);
INSERT INTO items(base_item_id, hq) VALUES(14722, false),(14722, true);
INSERT INTO base_items VALUES(14723,$$Eikon Leather Corselet of Striking$$,$$イコンレザー・ストライカーコースリット$$,$$Jaseran d'agresseur en cuir primordial$$,$$Ikonenleder-Brustpanzer des Schlagens$$,$$2a1d904ecbe$$);
INSERT INTO items(base_item_id, hq) VALUES(14723, false),(14723, true);
INSERT INTO base_items VALUES(14724,$$Eikon Leather Armguards of Striking$$,$$イコンレザー・ストライカーアームガード$$,$$Garde-bras d'agresseur en cuir primordial$$,$$Ikonenleder-Armschützer des Schlagens$$,$$2d33a6eeabc$$);
INSERT INTO items(base_item_id, hq) VALUES(14724, false),(14724, true);
INSERT INTO base_items VALUES(14725,$$Eikon Cloth Brais of Striking$$,$$イコンクロス・ストライカーブレー$$,$$Brailles d'agresseur en étoffe primordiale$$,$$Ikonenstoff-Braies des Schlagens$$,$$d16ea248b92$$);
INSERT INTO items(base_item_id, hq) VALUES(14725, false),(14725, true);
INSERT INTO base_items VALUES(14726,$$Eikon Leather Leg Guards of Striking$$,$$イコンレザー・ストライカーレッグガード$$,$$Protège-jambes d'agresseur en cuir primordial$$,$$Ikonenleder-Beinschützer des Schlagens$$,$$fdee4b26752$$);
INSERT INTO items(base_item_id, hq) VALUES(14726, false),(14726, true);
INSERT INTO base_items VALUES(14727,$$Eikon Cloth Hat of Aiming$$,$$イコンクロス・レンジャーハット$$,$$Chapeau de pisteur en étoffe primordiale$$,$$Ikonenstoff-Hut des Zielens$$,$$a71571b630b$$);
INSERT INTO items(base_item_id, hq) VALUES(14727, false),(14727, true);
INSERT INTO base_items VALUES(14728,$$Eikon Cloth Acton of Aiming$$,$$イコンクロス・レンジャーアクトン$$,$$Doublet armant de pisteur en étoffe primordiale$$,$$Ikonenstoff-Gambeson des Zielens$$,$$af0793d5590$$);
INSERT INTO items(base_item_id, hq) VALUES(14728, false),(14728, true);
INSERT INTO base_items VALUES(14729,$$Eikon Cloth Sleeves of Aiming$$,$$イコンクロス・レンジャースリーヴ$$,$$Gants longs de pisteur en étoffe primordiale$$,$$Ikonenstoff-Handschuhe des Zielens$$,$$4eb8b65a075$$);
INSERT INTO items(base_item_id, hq) VALUES(14729, false),(14729, true);
INSERT INTO base_items VALUES(14730,$$Eikon Cloth Culottes of Aiming$$,$$イコンクロス・レンジャーキュロット$$,$$Culotte de pisteur en étoffe primordiale$$,$$Ikonenstoff-Kniebundhose des Zielens$$,$$af161e38e8a$$);
INSERT INTO items(base_item_id, hq) VALUES(14730, false),(14730, true);
INSERT INTO base_items VALUES(14731,$$Eikon Leather Thighboots of Aiming$$,$$イコンレザー・レンジャーサイブーツ$$,$$Cuissardes de pisteur en cuir primordial$$,$$Ikonenleder-Kniestiefel des Zielens$$,$$bbe0fee88f0$$);
INSERT INTO items(base_item_id, hq) VALUES(14731, false),(14731, true);
INSERT INTO base_items VALUES(14732,$$Eikon Cloth Hat of Scouting$$,$$イコンクロス・スカウトハット$$,$$Chapeau d'éclaireur en étoffe primordiale$$,$$Ikonenstoff-Hut des Spähens$$,$$de4f436a856$$);
INSERT INTO items(base_item_id, hq) VALUES(14732, false),(14732, true);
INSERT INTO base_items VALUES(14733,$$Eikon Cloth Acton of Scouting$$,$$イコンクロス・スカウトアクトン$$,$$Doublet armant d'éclaireur en étoffe primordiale$$,$$Ikonenstoff-Gambeson des Spähens$$,$$8c7c071d00c$$);
INSERT INTO items(base_item_id, hq) VALUES(14733, false),(14733, true);
INSERT INTO base_items VALUES(14734,$$Eikon Cloth Sleeves of Scouting$$,$$イコンクロス・スカウトスリーヴ$$,$$Gants longs d'éclaireur en étoffe primordiale$$,$$Ikonenstoff-Handschuhe des Spähens$$,$$f766720d7a9$$);
INSERT INTO items(base_item_id, hq) VALUES(14734, false),(14734, true);
INSERT INTO base_items VALUES(14735,$$Eikon Cloth Culottes of Scouting$$,$$イコンクロス・スカウトキュロット$$,$$Culotte d'éclaireur en étoffe primordiale$$,$$Ikonenstoff-Kniebundhose des Spähens$$,$$1be1d8cf0cd$$);
INSERT INTO items(base_item_id, hq) VALUES(14735, false),(14735, true);
INSERT INTO base_items VALUES(14736,$$Eikon Leather Thighboots of Scouting$$,$$イコンレザー・スカウトサイブーツ$$,$$Cuissardes d'éclaireur en cuir primordial$$,$$Ikonenleder-Kniestiefel des Spähens$$,$$a51c336d336$$);
INSERT INTO items(base_item_id, hq) VALUES(14736, false),(14736, true);
INSERT INTO base_items VALUES(14737,$$Eikon Cloth Hat of Healing$$,$$イコンクロス・ヒーラーハット$$,$$Chapeau de soigneur en étoffe primordiale$$,$$Ikonenstoff-Hut der Heilung$$,$$b7ab9f32137$$);
INSERT INTO items(base_item_id, hq) VALUES(14737, false),(14737, true);
INSERT INTO base_items VALUES(14738,$$Eikon Cloth Acton of Healing$$,$$イコンクロス・ヒーラーアクトン$$,$$Doublet armant de soigneur en étoffe primordiale$$,$$Ikonenstoff-Gambeson der Heilung$$,$$1e1ebc97e6a$$);
INSERT INTO items(base_item_id, hq) VALUES(14738, false),(14738, true);
INSERT INTO base_items VALUES(14739,$$Eikon Cloth Sleeves of Healing$$,$$イコンクロス・ヒーラースリーヴ$$,$$Gants longs de soigneur en étoffe primordiale$$,$$Ikonenstoff-Handschuhe der Heilung$$,$$1ec4c8ec963$$);
INSERT INTO items(base_item_id, hq) VALUES(14739, false),(14739, true);
INSERT INTO base_items VALUES(14740,$$Eikon Cloth Culottes of Healing$$,$$イコンクロス・ヒーラースカート$$,$$Culotte de soigneur en étoffe primordiale$$,$$Ikonenstoff-Kniebundhose der Heilung$$,$$4465ea5c749$$);
INSERT INTO items(base_item_id, hq) VALUES(14740, false),(14740, true);
INSERT INTO base_items VALUES(14741,$$Eikon Leather Thighboots of Healing$$,$$イコンレザー・ヒーラーブーツ$$,$$Cuissardes de soigneur en cuir primordial$$,$$Ikonenleder-Kniestiefel der Heilung$$,$$bb2da84d428$$);
INSERT INTO items(base_item_id, hq) VALUES(14741, false),(14741, true);
INSERT INTO base_items VALUES(14742,$$Eikon Leather Headgear of Casting$$,$$イコンレザー・キャスターヘッドギア$$,$$Protège-tête d'incantateur en cuir primordial$$,$$Ikonenleder-Kopfbedeckung der Magie$$,$$978a7c52bb6$$);
INSERT INTO items(base_item_id, hq) VALUES(14742, false),(14742, true);
INSERT INTO base_items VALUES(14743,$$Eikon Leather Corselet of Casting$$,$$イコンレザー・キャスターコースリット$$,$$Jaseran d'incantateur en cuir primordial$$,$$Ikonenleder-Brustpanzer der Magie$$,$$1ffba5c6779$$);
INSERT INTO items(base_item_id, hq) VALUES(14743, false),(14743, true);
INSERT INTO base_items VALUES(14744,$$Eikon Leather Armguards of Casting$$,$$イコンレザー・キャスターアームガード$$,$$Protège-bras d'incantateur en cuir primordial$$,$$Ikonenleder-Armschützer der Magie$$,$$4a1885d45d6$$);
INSERT INTO items(base_item_id, hq) VALUES(14744, false),(14744, true);
INSERT INTO base_items VALUES(14745,$$Eikon Cloth Brais of Casting$$,$$イコンクロス・キャスタースカート$$,$$Jupe d'incantateur en étoffe primordiale$$,$$Ikonenstoff-Braies der Magie$$,$$e15ea2cc251$$);
INSERT INTO items(base_item_id, hq) VALUES(14745, false),(14745, true);
INSERT INTO base_items VALUES(14746,$$Eikon Leather Leg Guards of Casting$$,$$イコンレザー・キャスターブーツ$$,$$Bottes d'incantateur en cuir primordial$$,$$Ikonenleder-Beinschützer der Magie$$,$$01c0f86d047$$);
INSERT INTO items(base_item_id, hq) VALUES(14746, false),(14746, true);
INSERT INTO base_items VALUES(14747,$$High Mythrite Plate Belt of Fending$$,$$ハイミスライト・ディフェンダープレートベルト$$,$$Ceinture de plaques en mithrite noble$$,$$Edelmythrit-Plattengürtel der Verteidigung$$,$$29360f15d6b$$);
INSERT INTO items(base_item_id, hq) VALUES(14747, false),(14747, true);
INSERT INTO base_items VALUES(14748,$$High Mythrite Tassets of Maiming$$,$$ハイミスライト・スレイヤータセット$$,$$Tassette d'abatteur en mithrite noble$$,$$Edelmythrit-Plattengürtel des Verstümmelns$$,$$96a76aeb7e5$$);
INSERT INTO items(base_item_id, hq) VALUES(14748, false),(14748, true);
INSERT INTO base_items VALUES(14749,$$High Mythrite Tassets of Striking$$,$$ハイミスライト・ストライカータセット$$,$$Tassette d'agresseur en mithrite noble$$,$$Edelmythrit-Plattengürtel des Schlagens$$,$$5b382e9e22b$$);
INSERT INTO items(base_item_id, hq) VALUES(14749, false),(14749, true);
INSERT INTO base_items VALUES(14750,$$Eikon Leather Ringbelt of Aiming$$,$$イコンレザー・レンジャーリングベルト$$,$$Ceinture annelée de pisteur en cuir primordial$$,$$Ikonenleder-Ringgürtel des Zielens$$,$$9fca434d16d$$);
INSERT INTO items(base_item_id, hq) VALUES(14750, false),(14750, true);
INSERT INTO base_items VALUES(14751,$$Eikon Leather Ringbelt of Scouting$$,$$イコンレザー・スカウトリングベルト$$,$$Ceinture annelée d'éclaireur en cuir primordial$$,$$Ikonenleder-Ringgürtel des Spähens$$,$$1b5f958e969$$);
INSERT INTO items(base_item_id, hq) VALUES(14751, false),(14751, true);
INSERT INTO base_items VALUES(14752,$$Eikon Cloth Corset of Healing$$,$$イコンクロス・ヒーラーコルセット$$,$$Corset de soigneur en étoffe primordiale$$,$$Ikonenstoff-Korsett der Heilung$$,$$91f90bfceed$$);
INSERT INTO items(base_item_id, hq) VALUES(14752, false),(14752, true);
INSERT INTO base_items VALUES(14753,$$Eikon Cloth Corset of Casting$$,$$イコンクロス・キャスターコルセット$$,$$Corset d'incantateur en étoffe primordiale$$,$$Ikonenstoff-Korsett der Magie$$,$$1e5b9af25e4$$);
INSERT INTO items(base_item_id, hq) VALUES(14753, false),(14753, true);
INSERT INTO base_items VALUES(14830,$$Expeditioner's Coat$$,$$エクスペディションコート$$,$$Manteau d'expédition$$,$$Forschermantel$$,$$d4239aa3a1d$$);
INSERT INTO items(base_item_id, hq) VALUES(14830, false),(14830, true);
INSERT INTO base_items VALUES(14831,$$Expeditioner's Kecks$$,$$エクスペディションケクス$$,$$Bénard d'expédition$$,$$Forscher-Kecks$$,$$a54b3f133c8$$);
INSERT INTO items(base_item_id, hq) VALUES(14831, false),(14831, true);
INSERT INTO base_items VALUES(14832,$$Expeditioner's Moccasins$$,$$エクスペディションモカシン$$,$$Mocassins d'expédition$$,$$Forscher-Mokassins$$,$$0245c5e8267$$);
INSERT INTO items(base_item_id, hq) VALUES(14832, false),(14832, true);
INSERT INTO base_items VALUES(14833,$$Expeditioner's Tabard$$,$$エクスペディションタバード$$,$$Tabard d'expédition$$,$$Forscher-Waffenrock$$,$$2954d01f2a2$$);
INSERT INTO items(base_item_id, hq) VALUES(14833, false),(14833, true);
INSERT INTO base_items VALUES(14834,$$Expeditioner's Gloves$$,$$エクスペディショングローブ$$,$$Gants d'expédition$$,$$Forscher-Handschuhe$$,$$0281715f16a$$);
INSERT INTO items(base_item_id, hq) VALUES(14834, false),(14834, true);
INSERT INTO base_items VALUES(14835,$$Expeditioner's Pantalettes$$,$$エクスペディションパンタレット$$,$$Pantalettes d'expédition$$,$$Forscher-Schlupfhose$$,$$caacc5f2a0b$$);
INSERT INTO items(base_item_id, hq) VALUES(14835, false),(14835, true);
INSERT INTO base_items VALUES(14836,$$Expeditioner's Thighboots$$,$$エクスペディション・サイブーツ$$,$$Cuissardes d'expédition$$,$$Forscher-Kniestiefel$$,$$bf54f00216b$$);
INSERT INTO items(base_item_id, hq) VALUES(14836, false),(14836, true);
INSERT INTO base_items VALUES(14837,$$Expeditioner's Cap$$,$$エクスペディションキャップ$$,$$Casquette d'expédition$$,$$Forscherkappe$$,$$970385af70d$$);
INSERT INTO items(base_item_id, hq) VALUES(14837, false);
INSERT INTO base_items VALUES(14841,$$Dried Red Oldrose$$,$$オールドローズオーナメント:レッド$$,$$Barrette rose ancienne rouge$$,$$Getrocknete rote Altrosen$$,$$d28ca14e069$$);
INSERT INTO items(base_item_id, hq) VALUES(14841, false),(14841, true);
INSERT INTO base_items VALUES(14842,$$Dried Blue Oldrose$$,$$オールドローズオーナメント:ブルー$$,$$Barrette rose ancienne bleue$$,$$Getrocknete blaue Altrosen$$,$$e5be98ae2ca$$);
INSERT INTO items(base_item_id, hq) VALUES(14842, false),(14842, true);
INSERT INTO base_items VALUES(14843,$$Dried Yellow Oldrose$$,$$オールドローズオーナメント:イエロー$$,$$Barrette rose ancienne jaune$$,$$Getrocknete gelbe Altrosen$$,$$32589ca6678$$);
INSERT INTO items(base_item_id, hq) VALUES(14843, false),(14843, true);
INSERT INTO base_items VALUES(14844,$$Dried Green Oldrose$$,$$オールドローズオーナメント:グリーン$$,$$Barrette rose ancienne verte$$,$$Getrocknete grüne Altrosen$$,$$60a235efd4c$$);
INSERT INTO items(base_item_id, hq) VALUES(14844, false),(14844, true);
INSERT INTO base_items VALUES(14845,$$Dried Orange Oldrose$$,$$オールドローズオーナメント:オレンジ$$,$$Barrette rose ancienne orange$$,$$Getrocknete orange Altrosen$$,$$cd2cc2b6a4d$$);
INSERT INTO items(base_item_id, hq) VALUES(14845, false),(14845, true);
INSERT INTO base_items VALUES(14846,$$Dried Purple Oldrose$$,$$オールドローズオーナメント:パープル$$,$$Barrette rose ancienne violette$$,$$Getrocknete rosa Altrosen$$,$$8db911ccc20$$);
INSERT INTO items(base_item_id, hq) VALUES(14846, false),(14846, true);
INSERT INTO base_items VALUES(14847,$$Dried White Oldrose$$,$$オールドローズオーナメント:ホワイト$$,$$Barrette rose ancienne blanche$$,$$Getrocknete weiße Altrosen$$,$$cb9a06933dd$$);
INSERT INTO items(base_item_id, hq) VALUES(14847, false),(14847, true);
INSERT INTO base_items VALUES(14848,$$Dried Black Oldrose$$,$$オールドローズオーナメント:ブラック$$,$$Barrette rose ancienne noire$$,$$Getrocknete schwarze Altrosen$$,$$30ff022a457$$);
INSERT INTO items(base_item_id, hq) VALUES(14848, false),(14848, true);
INSERT INTO base_items VALUES(14849,$$Dried Multi-colored Oldrose$$,$$オールドローズオーナメント:ブレンド$$,$$Barrette roses anciennes multicolores$$,$$Getrocknete mehrfarbige Altrosen$$,$$f84a541bde6$$);
INSERT INTO items(base_item_id, hq) VALUES(14849, false),(14849, true);
INSERT INTO base_items VALUES(14850,$$Uraeus Body Armor$$,$$ウラエウスボディアーマー$$,$$Plastron d'Uraeus$$,$$Uräus-Körperpanzerung$$,$$3997c6a0cf0$$);
INSERT INTO items(base_item_id, hq) VALUES(14850, false),(14850, true);
INSERT INTO base_items VALUES(14851,$$Uraeus Breeches$$,$$ウラエウスブリーチ$$,$$Braies d'Uraeus$$,$$Uräus-Reiterhose$$,$$fa428834579$$);
INSERT INTO items(base_item_id, hq) VALUES(14851, false),(14851, true);
INSERT INTO base_items VALUES(14852,$$Gryphonskin Breastguard$$,$$ヒッポグリフブレストガード$$,$$Protège-poitrine en cuir d'hippogriffe$$,$$Gryphenleder-Brustschutz$$,$$ff57f1a9290$$);
INSERT INTO items(base_item_id, hq) VALUES(14852, false),(14852, true);
INSERT INTO base_items VALUES(14853,$$Gryphonskin Pantalettes$$,$$ヒッポグリフパンタレット$$,$$Pantalettes en cuir d'hippogriffe$$,$$Gryphenleder-Schlupfhose$$,$$d918430d3fd$$);
INSERT INTO items(base_item_id, hq) VALUES(14853, false),(14853, true);
INSERT INTO base_items VALUES(14868,$$Uraeus Skirt$$,$$ウラエウススカート$$,$$Jupe d'Uraeus$$,$$Uräusrock$$,$$e80664b8f9c$$);
INSERT INTO items(base_item_id, hq) VALUES(14868, false),(14868, true);
INSERT INTO base_items VALUES(14869,$$Uraeus Coat$$,$$ウラエウスコート$$,$$Manteau d'Uraeus$$,$$Uräusmantel$$,$$5fe5d035d7a$$);
INSERT INTO items(base_item_id, hq) VALUES(14869, false),(14869, true);
INSERT INTO base_items VALUES(14894,$$Dodore Boots$$,$$ドドレブーツ$$,$$Bottes de Dodore$$,$$Dodore-Stiefel$$,$$4ed115c01ec$$);
INSERT INTO items(base_item_id, hq) VALUES(14894, false),(14894, true);
INSERT INTO base_items VALUES(14900,$$Stuffed Eggplant Knight$$,$$エッグナイトのぬいぐるみ$$,$$Chevalier aubergine en peluche$$,$$Ritter Aubergine-Puppe$$,$$3bd2feccea0$$);
INSERT INTO items(base_item_id, hq) VALUES(14900, false);
INSERT INTO base_items VALUES(14901,$$Stuffed Garlic Jester$$,$$ガーリックスターのぬいぐるみ$$,$$Baron ail en peluche$$,$$Sir Knoblauch-Puppe$$,$$ee404823ea2$$);
INSERT INTO items(base_item_id, hq) VALUES(14901, false);
INSERT INTO base_items VALUES(14902,$$Stuffed Tomato King$$,$$キングトマトのぬいぐるみ$$,$$Roi tomate en peluche$$,$$König Tomate-Puppe$$,$$4a75184df25$$);
INSERT INTO items(base_item_id, hq) VALUES(14902, false);
INSERT INTO base_items VALUES(14903,$$Stuffed Mandragora Queen$$,$$マンドラクイーンのぬいぐるみ$$,$$Reine mandragore en peluche$$,$$Königin Madragora-Puppe$$,$$7e53eb324b8$$);
INSERT INTO items(base_item_id, hq) VALUES(14903, false);
INSERT INTO base_items VALUES(14924,$$Dhalmelskin Coat$$,$$ダルメルコート$$,$$Manteau en cuir de dhalmel$$,$$Dhalmelleder-Mantel$$,$$fa562f10803$$);
INSERT INTO items(base_item_id, hq) VALUES(14924, false),(14924, true);
INSERT INTO base_items VALUES(14925,$$Ramie Kecks$$,$$ラミーケクス$$,$$Bénard en ramie$$,$$Ramien-Kecks$$,$$19800b3e1ed$$);
INSERT INTO items(base_item_id, hq) VALUES(14925, false),(14925, true);
INSERT INTO base_items VALUES(14926,$$Dhalmelskin Moccasins$$,$$ダルメルモカシン$$,$$Mocassins en cuir de dhalmel$$,$$Dhalmelleder-Mokassins$$,$$bd496bf8dc5$$);
INSERT INTO items(base_item_id, hq) VALUES(14926, false),(14926, true);
INSERT INTO base_items VALUES(14927,$$Ramie Tabard$$,$$ラミータバード$$,$$Tabard en ramie$$,$$Ramien-Waffenrock$$,$$9f2f42526df$$);
INSERT INTO items(base_item_id, hq) VALUES(14927, false),(14927, true);
INSERT INTO base_items VALUES(14928,$$Dark Dhalmelskin Gloves$$,$$ダルメルダークグローブ$$,$$Gants en cuir de dhalmel sombre$$,$$Dunkle Dhalmelleder-Handschuhe$$,$$83ecdf839ab$$);
INSERT INTO items(base_item_id, hq) VALUES(14928, false),(14928, true);
INSERT INTO base_items VALUES(14929,$$Ramie Pantalettes$$,$$ラミーパンタレット$$,$$Pantalettes en ramie$$,$$Ramien-Schlupfhose$$,$$ea541828d28$$);
INSERT INTO items(base_item_id, hq) VALUES(14929, false),(14929, true);
INSERT INTO base_items VALUES(14930,$$Dhalmelskin Thighboots$$,$$ダルメルサイブーツ$$,$$Cuissardes en cuir de dhalmel$$,$$Dhalmelleder-Kniestiefel$$,$$e74a097d128$$);
INSERT INTO items(base_item_id, hq) VALUES(14930, false),(14930, true);
INSERT INTO base_items VALUES(14931,$$Antique Rug$$,$$アンティークラグ$$,$$Tissu ancien$$,$$Antiker Teppich$$,$$449a44ba502$$);
INSERT INTO items(base_item_id, hq) VALUES(14931, false);
INSERT INTO base_items VALUES(14932,$$Antique Leather$$,$$アンティークレザー$$,$$Cuir ancien$$,$$Antikes Leder$$,$$9433bea1fdc$$);
INSERT INTO items(base_item_id, hq) VALUES(14932, false);
INSERT INTO base_items VALUES(14933,$$Tincalconite$$,$$チンカルコナイト$$,$$Minerai de tincalconite$$,$$Tincalconit$$,$$8ccfbae8f8f$$);
INSERT INTO items(base_item_id, hq) VALUES(14933, false);
INSERT INTO base_items VALUES(14934,$$Dinosaur Fossil$$,$$古代獣の化石片$$,$$Fossile de dinosaure$$,$$Dinosaurierfossil$$,$$95b026cf266$$);
INSERT INTO items(base_item_id, hq) VALUES(14934, false);
INSERT INTO base_items VALUES(14935,$$Galvanized Garlond Steel$$,$$超硬ガーロンド鋼$$,$$Acier de Garlond galvanisé$$,$$Verzinkter Garlond-Stahl$$,$$fd066c19d98$$);
INSERT INTO items(base_item_id, hq) VALUES(14935, false),(14935, true);
INSERT INTO base_items VALUES(14936,$$Faust Armor Plating$$,$$ファウストの装甲板$$,$$Plaque d'armure de faust$$,$$Faust-Rüstungsplatte$$,$$ede52cc0a4d$$);
INSERT INTO items(base_item_id, hq) VALUES(14936, false);
INSERT INTO base_items VALUES(14937,$$Powdered Merman Horn$$,$$霊獣の角粉$$,$$Poudre de corne de créature mythique$$,$$Pulverisiertes Nixenhorn$$,$$66e51177049$$);
INSERT INTO items(base_item_id, hq) VALUES(14937, false);
INSERT INTO base_items VALUES(14939,$$Wind Silk Wedge Cap$$,$$ウィンドシルク・ウェッジキャップ$$,$$Calot en soie des vents$$,$$Windseiden-Schiffchen$$,$$9d25f72d124$$);
INSERT INTO items(base_item_id, hq) VALUES(14939, false),(14939, true);
INSERT INTO base_items VALUES(14940,$$Wind Silk Coatee$$,$$ウィンドシルクコーティ$$,$$Boléro en soie des vents$$,$$Windseiden-Spenzer$$,$$a6c6256304e$$);
INSERT INTO items(base_item_id, hq) VALUES(14940, false),(14940, true);
INSERT INTO base_items VALUES(14941,$$Dinosaur Leather Gloves$$,$$ダイノレザーグローブ$$,$$Gants en cuir de dinosaure$$,$$Dinosaurierleder-Handschuhe$$,$$34d190beb90$$);
INSERT INTO items(base_item_id, hq) VALUES(14941, false),(14941, true);
INSERT INTO base_items VALUES(14942,$$Wind Silk Bottoms$$,$$ウィンドシルクボトム$$,$$Bas-de-corps en soie des vents$$,$$Windseiden-Miederhose$$,$$f753d222b10$$);
INSERT INTO items(base_item_id, hq) VALUES(14942, false),(14942, true);
INSERT INTO base_items VALUES(14943,$$Dinosaur Leather Shoes$$,$$ダイノレザーシューズ$$,$$Chaussures en cuir de dinosaure$$,$$Dinosaurierleder-Schuhe$$,$$671c42bbba2$$);
INSERT INTO items(base_item_id, hq) VALUES(14943, false),(14943, true);
INSERT INTO base_items VALUES(14955,$$Lumythrite Sand$$,$$光霊銀砂$$,$$Sable de lumithrite$$,$$Lumythritsand$$,$$6c06706c3ad$$);
INSERT INTO items(base_item_id, hq) VALUES(14955, false),(14955, true);
INSERT INTO base_items VALUES(14956,$$Whitefrost Cotton Boll$$,$$淡雪綿$$,$$Fleur de coton du givre$$,$$Raureif-Baumwoll-Samenkapsel$$,$$92f1d285884$$);
INSERT INTO items(base_item_id, hq) VALUES(14956, false),(14956, true);
INSERT INTO base_items VALUES(14957,$$Old-growth Camphorwood Log$$,$$カンファー古木$$,$$Vieux camphrier$$,$$Altes Kampferholzscheit$$,$$5d635c61e5b$$);
INSERT INTO items(base_item_id, hq) VALUES(14957, false),(14957, true);
INSERT INTO base_items VALUES(15097,$$Replica Allagan Rod$$,$$レプリカ・アラガンロッド$$,$$Réplique de grand sceptre allagois$$,$$Replik der allagischen Rute$$,$$96fc784f977$$);
INSERT INTO items(base_item_id, hq) VALUES(15097, false),(15097, true);
INSERT INTO base_items VALUES(15098,$$Allagan Aetherstone - Weaponry$$,$$アラガンエーテルストーン:武器$$,$$Pierre éthérée allagoise (arme)$$,$$Allagischer Ätherstein (Waffe)$$,$$5df480f0f03$$);
INSERT INTO items(base_item_id, hq) VALUES(15098, false);
INSERT INTO base_items VALUES(15099,$$Allagan Aetherstone - Headgear$$,$$アラガンエーテルストーン:頭防具$$,$$Pierre éthérée allagoise (tête)$$,$$Allagischer Ätherstein (Kopf)$$,$$a3611842c52$$);
INSERT INTO items(base_item_id, hq) VALUES(15099, false);
INSERT INTO base_items VALUES(15100,$$Allagan Aetherstone - Body Gear$$,$$アラガンエーテルストーン:胴防具$$,$$Pierre éthérée allagoise (torse)$$,$$Allagischer Ätherstein (Rumpf)$$,$$7ecd08b3747$$);
INSERT INTO items(base_item_id, hq) VALUES(15100, false);
INSERT INTO base_items VALUES(15101,$$Allagan Aetherstone - Hand Gear$$,$$アラガンエーテルストーン:手防具$$,$$Pierre éthérée allagoise (mains)$$,$$Allagischer Ätherstein (Hände)$$,$$761f9883fee$$);
INSERT INTO items(base_item_id, hq) VALUES(15101, false);
INSERT INTO base_items VALUES(15102,$$Allagan Aetherstone - Leg Gear$$,$$アラガンエーテルストーン:脚防具$$,$$Pierre éthérée allagoise (jambes)$$,$$Allagischer Ätherstein (Beine)$$,$$3430c20ad13$$);
INSERT INTO items(base_item_id, hq) VALUES(15102, false);
INSERT INTO base_items VALUES(15103,$$Allagan Aetherstone - Foot Gear$$,$$アラガンエーテルストーン:足防具$$,$$Pierre éthérée allagoise (pieds)$$,$$Allagischer Ätherstein (Füße)$$,$$d67a6f71e4e$$);
INSERT INTO items(base_item_id, hq) VALUES(15103, false);
INSERT INTO base_items VALUES(15104,$$High Allagan Aetherstone - Weaponry$$,$$ハイアラガンエーテルストーン:武器$$,$$Pierre éthérée haut-allagoise (arme)$$,$$Hochallagischer Ätherstein (Waffe)$$,$$7359c6c1580$$);
INSERT INTO items(base_item_id, hq) VALUES(15104, false);
INSERT INTO base_items VALUES(15105,$$High Allagan Aetherstone - Headgear$$,$$ハイアラガンエーテルストーン:頭防具$$,$$Pierre éthérée haut-allagoise (tête)$$,$$Hochallagischer Ätherstein (Kopf)$$,$$e3e30acad96$$);
INSERT INTO items(base_item_id, hq) VALUES(15105, false);
INSERT INTO base_items VALUES(15106,$$High Allagan Aetherstone - Body Gear$$,$$ハイアラガンエーテルストーン:胴防具$$,$$Pierre éthérée haut-allagoise (torse)$$,$$Hochallagischer Ätherstein (Rumpf)$$,$$816469420f3$$);
INSERT INTO items(base_item_id, hq) VALUES(15106, false);
INSERT INTO base_items VALUES(15107,$$High Allagan Aetherstone - Hand Gear$$,$$ハイアラガンエーテルストーン:手防具$$,$$Pierre éthérée haut-allagoise (mains)$$,$$Hochallagischer Ätherstein (Hände)$$,$$a80836dd6de$$);
INSERT INTO items(base_item_id, hq) VALUES(15107, false);
INSERT INTO base_items VALUES(15108,$$High Allagan Aetherstone - Leg Gear$$,$$ハイアラガンエーテルストーン:脚防具$$,$$Pierre éthérée haut-allagoise (jambes)$$,$$Hochallagischer Ätherstein (Beine)$$,$$c75ef3fa92b$$);
INSERT INTO items(base_item_id, hq) VALUES(15108, false);
INSERT INTO base_items VALUES(15109,$$High Allagan Aetherstone - Foot Gear$$,$$ハイアラガンエーテルストーン:足防具$$,$$Pierre éthérée haut-allagoise (pieds)$$,$$Hochallagischer Ätherstein (Füße)$$,$$5d9930c2119$$);
INSERT INTO items(base_item_id, hq) VALUES(15109, false);
INSERT INTO base_items VALUES(15130,$$Weathered Choker$$,$$ルーキーチョーカー$$,$$Ras de cou de néophyte$$,$$Verschlissene Halsberge$$,$$81e72b43cc1$$);
INSERT INTO items(base_item_id, hq) VALUES(15130, false);
INSERT INTO base_items VALUES(15131,$$Weathered Earrings$$,$$ルーキーイヤリング$$,$$Boucles d'oreilles de néophyte$$,$$Verschlissene Ohrringe$$,$$18edb75b865$$);
INSERT INTO items(base_item_id, hq) VALUES(15131, false);
INSERT INTO base_items VALUES(15132,$$Weathered Wristlets$$,$$ルーキーリストレット$$,$$Gourmettes de néophyte$$,$$Verschlissene Armbänder$$,$$9cdd9bb84c7$$);
INSERT INTO items(base_item_id, hq) VALUES(15132, false);
INSERT INTO base_items VALUES(15133,$$Weathered Ring$$,$$ルーキーリング$$,$$Anneau de néophyte$$,$$Verschlissener Ring$$,$$80ab609c7cf$$);
INSERT INTO items(base_item_id, hq) VALUES(15133, false);
INSERT INTO base_items VALUES(15143,$$Staggered Shelf$$,$$違い棚$$,$$Étagère domienne$$,$$Rundregal$$,$$b54e5490121$$);
INSERT INTO items(base_item_id, hq) VALUES(15143, false);
INSERT INTO base_items VALUES(15145,$$Stuffed Bear$$,$$ベアーのぬいぐるみ$$,$$Ours en peluche$$,$$Teddybär$$,$$a336f547d2f$$);
INSERT INTO items(base_item_id, hq) VALUES(15145, false);
INSERT INTO base_items VALUES(15146,$$Alpine Breakfast$$,$$イシュガルディアン・モーニングセット$$,$$Petit déjeuner ishgardais$$,$$Ishgarder Frühstück$$,$$9bc9289fba4$$);
INSERT INTO items(base_item_id, hq) VALUES(15146, false);
INSERT INTO base_items VALUES(15147,$$Hat Stand$$,$$ハットスタンド$$,$$Porte-chapeau$$,$$Hutständer$$,$$93beff00a21$$);
INSERT INTO items(base_item_id, hq) VALUES(15147, false);
INSERT INTO base_items VALUES(15148,$$Ashtray$$,$$アッシュトレイ$$,$$Cendrier$$,$$Aschenbecher$$,$$950ef0009c2$$);
INSERT INTO items(base_item_id, hq) VALUES(15148, false);
INSERT INTO base_items VALUES(15149,$$Indirect Lighting$$,$$インダイレクトランプ$$,$$Éclairage indirect$$,$$Bodenscheinwerfer$$,$$ada544826b8$$);
INSERT INTO items(base_item_id, hq) VALUES(15149, false);
INSERT INTO base_items VALUES(15150,$$Indirect Stand Lighting$$,$$インダイレクトランプ・スタンド$$,$$Éclairage indirect sur pied$$,$$Standscheinwerfer$$,$$f79650e13fa$$);
INSERT INTO items(base_item_id, hq) VALUES(15150, false);
INSERT INTO base_items VALUES(15151,$$Chirurgeon's Curtain$$,$$セラピーカーテン$$,$$Paravent médical$$,$$Sichtschutzvorhang$$,$$78d58fcd4a5$$);
INSERT INTO items(base_item_id, hq) VALUES(15151, false);
INSERT INTO base_items VALUES(15152,$$Miniature Nidhogg$$,$$MGニーズヘッグ$$,$$Figurine magitek de Nidhogg$$,$$Nidhogg-Modell$$,$$3c362e883b9$$);
INSERT INTO items(base_item_id, hq) VALUES(15152, false);
INSERT INTO base_items VALUES(15157,$$Beach Chair$$,$$ビーチチェア$$,$$Lit de plage$$,$$Strandliege$$,$$16d60a2aae1$$);
INSERT INTO items(base_item_id, hq) VALUES(15157, false);
INSERT INTO base_items VALUES(15158,$$Morning Glories$$,$$モーニンググローリーガーデン$$,$$Jardinière de belles-de-jour$$,$$Trichterwinden-Set$$,$$c6ea0691ca3$$);
INSERT INTO items(base_item_id, hq) VALUES(15158, false);
INSERT INTO base_items VALUES(15159,$$Large Garden Pond$$,$$ラージガーデンポンド$$,$$Grand bassin de jardin$$,$$Großer Gartenteich$$,$$79aed7256a9$$);
INSERT INTO items(base_item_id, hq) VALUES(15159, false);
INSERT INTO base_items VALUES(15160,$$Oriental Wood Bridge$$,$$オリエンタルウッドブリッジ$$,$$Pont de bois oriental$$,$$Fernöstliche Brücke$$,$$439dc01b341$$);
INSERT INTO items(base_item_id, hq) VALUES(15160, false);
INSERT INTO base_items VALUES(15161,$$Oriental Deck$$,$$オリエンタルベランダ$$,$$Véranda de bois orientale$$,$$Fernöstliche Veranda$$,$$cf301125ad1$$);
INSERT INTO items(base_item_id, hq) VALUES(15161, false);
INSERT INTO base_items VALUES(15164,$$Sharlayan Flooring$$,$$シャーレアン・フローリング$$,$$Carrelage sharlayanais$$,$$Sharlayan-Holzboden$$,$$a2b2b1cca6a$$);
INSERT INTO items(base_item_id, hq) VALUES(15164, false);
INSERT INTO base_items VALUES(15165,$$Bluesky Interior Wall$$,$$ブルースカイ・インナーウォール$$,$$Papier peint de ciel nuageux$$,$$Wolkenhimmeltapete$$,$$d7b74304b33$$);
INSERT INTO items(base_item_id, hq) VALUES(15165, false);
INSERT INTO base_items VALUES(15427,$$Horde Barding$$,$$ニーズヘッグ・バード$$,$$Barde de Nidhogg$$,$$Horden-Rossharnisch$$,$$018f09cbd54$$);
INSERT INTO items(base_item_id, hq) VALUES(15427, false);
INSERT INTO base_items VALUES(15436,$$Wind-up Ramuh$$,$$マメット・ラムウ$$,$$Petit Ramuh$$,$$Mini-Ramuh$$,$$75de606adf8$$);
INSERT INTO items(base_item_id, hq) VALUES(15436, false);
INSERT INTO base_items VALUES(15437,$$Wind-up Shiva$$,$$マメット・シヴァ$$,$$Petite Shiva$$,$$Mini-Shiva$$,$$2f16b554ee4$$);
INSERT INTO items(base_item_id, hq) VALUES(15437, false);
INSERT INTO base_items VALUES(15440,$$Calamari$$,$$ゲソ$$,$$Tentacule minuscule$$,$$Tentakel$$,$$594e0184ea4$$);
INSERT INTO items(base_item_id, hq) VALUES(15440, false);
INSERT INTO base_items VALUES(15447,$$Dwarf Rabbit$$,$$ドワーフラビット$$,$$Lapin nain$$,$$Zwergkaninchen$$,$$d55ed4083fb$$);
INSERT INTO items(base_item_id, hq) VALUES(15447, false);
INSERT INTO base_items VALUES(15472,$$Survival Hat$$,$$サバイバーハット$$,$$Chapeau de baroudeur$$,$$Pfadfinder-Hut$$,$$6c6ba1438ff$$);
INSERT INTO items(base_item_id, hq) VALUES(15472, false),(15472, true);
INSERT INTO base_items VALUES(15473,$$Survival Shirt$$,$$サバイバーシャツ$$,$$Chemise de baroudeur$$,$$Pfadfinder-Hemd$$,$$2df25286d79$$);
INSERT INTO items(base_item_id, hq) VALUES(15473, false),(15473, true);
INSERT INTO base_items VALUES(15474,$$Survival Halfslops$$,$$サバイバーハーフパンツ$$,$$Demi-trousses de baroudeur$$,$$Pfadfinder-Beinlinge$$,$$8b291d26789$$);
INSERT INTO items(base_item_id, hq) VALUES(15474, false),(15474, true);
INSERT INTO base_items VALUES(15475,$$Survival Boots$$,$$サバイバーブーツ$$,$$Bottes de baroudeur$$,$$Pfadfinder-Stiefel$$,$$50d45972540$$);
INSERT INTO items(base_item_id, hq) VALUES(15475, false),(15475, true);
INSERT INTO base_items VALUES(15505,$$Ironworks Cap of Gathering$$,$$ガーロンド・ギャザラーキャップ$$,$$Casquette des ressources des Forges$$,$$Garlond-Kappe des Eifers$$,$$b97fbd40f84$$);
INSERT INTO items(base_item_id, hq) VALUES(15505, false),(15505, true);
INSERT INTO base_items VALUES(15506,$$Ironworks Vest of Gathering$$,$$ガーロンド・ギャザラーベスト$$,$$Tunique des ressources des Forges$$,$$Garlond-Weste des Eifers$$,$$cd691e5e146$$);
INSERT INTO items(base_item_id, hq) VALUES(15506, false),(15506, true);
INSERT INTO base_items VALUES(15507,$$Ironworks Gloves of Gathering$$,$$ガーロンド・ギャザラーグローブ$$,$$Gants des ressources des Forges$$,$$Garlond-Handschuhe des Eifers$$,$$e1e6c1c22b6$$);
INSERT INTO items(base_item_id, hq) VALUES(15507, false),(15507, true);
INSERT INTO base_items VALUES(15508,$$Ironworks Slops of Gathering$$,$$ガーロンド・ギャザラースロップ$$,$$Trousses des ressources des Forges$$,$$Garlond-Beinlinge des Eifers$$,$$0fb41ebfe9e$$);
INSERT INTO items(base_item_id, hq) VALUES(15508, false),(15508, true);
INSERT INTO base_items VALUES(15509,$$Ironworks Boots of Gathering$$,$$ガーロンド・ギャザラーブーツ$$,$$Bottes des ressources des Forges$$,$$Garlond-Stiefel des Eifers$$,$$5a464176363$$);
INSERT INTO items(base_item_id, hq) VALUES(15509, false),(15509, true);
INSERT INTO base_items VALUES(15510,$$Carbonweave Cap of Gathering$$,$$カーボンクロス・ギャザラーキャップ$$,$$Casquette des ressources en tissu de carbone$$,$$Karbon-Kappe des Eifers$$,$$cd3c2e42146$$);
INSERT INTO items(base_item_id, hq) VALUES(15510, false),(15510, true);
INSERT INTO base_items VALUES(15511,$$Carbonweave Vest of Gathering$$,$$カーボンクロス・ギャザラーベスト$$,$$Tunique des ressources en tissu de carbone$$,$$Karbon-Weste des Eifers$$,$$00fe308e136$$);
INSERT INTO items(base_item_id, hq) VALUES(15511, false),(15511, true);
INSERT INTO base_items VALUES(15512,$$Carbonweave Gloves of Gathering$$,$$カーボンクロス・ギャザラーグローブ$$,$$Gants des ressources en tissu de carbone$$,$$Karbon-Handschuhe des Eifers$$,$$7b3314e776f$$);
INSERT INTO items(base_item_id, hq) VALUES(15512, false),(15512, true);
INSERT INTO base_items VALUES(15513,$$Carbonweave Slops of Gathering$$,$$カーボンクロス・ギャザラースロップ$$,$$Trousses des ressources en tissu de carbone$$,$$Karbon-Beinlinge des Eifers$$,$$31295f930d5$$);
INSERT INTO items(base_item_id, hq) VALUES(15513, false),(15513, true);
INSERT INTO base_items VALUES(15514,$$Carbonweave Boots of Gathering$$,$$カーボンクロス・ギャザラーブーツ$$,$$Bottes des ressources en tissu de carbone$$,$$Karbon-Stiefel des Eifers$$,$$73509afa632$$);
INSERT INTO items(base_item_id, hq) VALUES(15514, false),(15514, true);
INSERT INTO base_items VALUES(15515,$$Ironworks Cap of Crafting$$,$$ガーロンド・クラフターキャップ$$,$$Calotte des créations des Forges$$,$$Garlond-Kappe des Handwerks$$,$$36e238c163a$$);
INSERT INTO items(base_item_id, hq) VALUES(15515, false),(15515, true);
INSERT INTO base_items VALUES(15516,$$Ironworks Apron of Crafting$$,$$ガーロンド・クラフターエプロン$$,$$Tablier des créations des Forges$$,$$Garlond-Schürze des Handwerks$$,$$3523794b4f6$$);
INSERT INTO items(base_item_id, hq) VALUES(15516, false),(15516, true);
INSERT INTO base_items VALUES(15517,$$Ironworks Sleeves of Crafting$$,$$ガーロンド・クラフタースリーヴ$$,$$Gants longs des créations des Forges$$,$$Garlond-Handschuhe des Handwerks$$,$$f9be495d48a$$);
INSERT INTO items(base_item_id, hq) VALUES(15517, false),(15517, true);
INSERT INTO base_items VALUES(15518,$$Ironworks Breeches of Crafting$$,$$ガーロンド・クラフターブリーチ$$,$$Braies des créations des Forges$$,$$Garlond-Reiterhose des Handwerks$$,$$23137cbc8cb$$);
INSERT INTO items(base_item_id, hq) VALUES(15518, false),(15518, true);
INSERT INTO base_items VALUES(15519,$$Ironworks Boots of Crafting$$,$$ガーロンド・クラフターブーツ$$,$$Bottes des créations des Forges$$,$$Garlond-Stiefel des Handwerks$$,$$34c3788efe5$$);
INSERT INTO items(base_item_id, hq) VALUES(15519, false),(15519, true);
INSERT INTO base_items VALUES(15520,$$Carbonweave Cap of Crafting$$,$$カーボンクロス・クラフターキャップ$$,$$Calotte des créations en tissu de carbone$$,$$Karbon-Kappe des Handwerks$$,$$522cc23b5e1$$);
INSERT INTO items(base_item_id, hq) VALUES(15520, false),(15520, true);
INSERT INTO base_items VALUES(15521,$$Carbonweave Apron of Crafting$$,$$カーボンクロス・クラフターエプロン$$,$$Tablier des créations en tissu de carbone$$,$$Karbon-Schürze des Handwerks$$,$$aa49ef66d55$$);
INSERT INTO items(base_item_id, hq) VALUES(15521, false),(15521, true);
INSERT INTO base_items VALUES(15522,$$Carbonweave Sleeves of Crafting$$,$$カーボンクロス・クラフタースリーヴ$$,$$Gants longs des créations en tissu de carbone$$,$$Karbon-Handschuhe des Handwerks$$,$$b4a65572049$$);
INSERT INTO items(base_item_id, hq) VALUES(15522, false),(15522, true);
INSERT INTO base_items VALUES(15523,$$Carbonweave Breeches of Crafting$$,$$カーボンクロス・クラフターブリーチ$$,$$Braies des créations en tissu de carbone$$,$$Karbon-Reiterhose des Handwerks$$,$$b78cfedc888$$);
INSERT INTO items(base_item_id, hq) VALUES(15523, false),(15523, true);
INSERT INTO base_items VALUES(15524,$$Carbonweave Boots of Crafting$$,$$カーボンクロス・クラフターブーツ$$,$$Bottes des créations en tissu de carbone$$,$$Karbon-Stiefel des Handwerks$$,$$d67fb59a13c$$);
INSERT INTO items(base_item_id, hq) VALUES(15524, false),(15524, true);
INSERT INTO base_items VALUES(15525,$$Ironworks Necklace of Gathering$$,$$ガーロンド・ギャザラーネックレス$$,$$Collier des ressources des Forges$$,$$Garlond-Halsband des Eifers$$,$$135c8f77636$$);
INSERT INTO items(base_item_id, hq) VALUES(15525, false),(15525, true);
INSERT INTO base_items VALUES(15526,$$Ironworks Earrings of Gathering$$,$$ガーロンド・ギャザラーイヤリング$$,$$Boucles d'oreilles des ressources des Forges$$,$$Garlond-Ohrringe des Eifers$$,$$f20596a95b1$$);
INSERT INTO items(base_item_id, hq) VALUES(15526, false),(15526, true);
INSERT INTO base_items VALUES(15527,$$Ironworks Armillae of Gathering$$,$$ガーロンド・ギャザラーアルミラ$$,$$Armilles des ressources des Forges$$,$$Garlond-Armillae des Eifers$$,$$63ce969d533$$);
INSERT INTO items(base_item_id, hq) VALUES(15527, false),(15527, true);
INSERT INTO base_items VALUES(15528,$$Ironworks Ring of Gathering$$,$$ガーロンド・ギャザラーリング$$,$$Bague des ressources des Forges$$,$$Garlond-Ring des Eifers$$,$$251d4a93615$$);
INSERT INTO items(base_item_id, hq) VALUES(15528, false),(15528, true);
INSERT INTO base_items VALUES(15529,$$Ironworks Belt of Gathering$$,$$ガーロンド・ギャザラーベルト$$,$$Ceinture des ressources des Forges$$,$$Garlond-Gürtel des Eifers$$,$$d6089d19bb5$$);
INSERT INTO items(base_item_id, hq) VALUES(15529, false),(15529, true);
INSERT INTO base_items VALUES(15530,$$Ironworks Necklace of Crafting$$,$$ガーロンド・クラフターネックレス$$,$$Collier des créations des Forges$$,$$Garlond-Halsband des Handwerks$$,$$3066a10b974$$);
INSERT INTO items(base_item_id, hq) VALUES(15530, false),(15530, true);
INSERT INTO base_items VALUES(15531,$$Ironworks Earrings of Crafting$$,$$ガーロンド・クラフターイヤリング$$,$$Boucles d'oreilles des créations des Forges$$,$$Garlond-Ohrringe des Handwerks$$,$$99cfff727dd$$);
INSERT INTO items(base_item_id, hq) VALUES(15531, false),(15531, true);
INSERT INTO base_items VALUES(15532,$$Ironworks Armillae of Crafting$$,$$ガーロンド・クラフターアルミラ$$,$$Armilles des créations des Forges$$,$$Garlond-Armillae des Handwerks$$,$$760db8978a7$$);
INSERT INTO items(base_item_id, hq) VALUES(15532, false),(15532, true);
INSERT INTO base_items VALUES(15533,$$Ironworks Ring of Crafting$$,$$ガーロンド・クラフターリング$$,$$Bague des créations des Forges$$,$$Garlond-Ring des Handwerks$$,$$382a58d590f$$);
INSERT INTO items(base_item_id, hq) VALUES(15533, false),(15533, true);
INSERT INTO base_items VALUES(15534,$$Ironworks Belt of Crafting$$,$$ガーロンド・クラフターベルト$$,$$Ceinture des créations des Forges$$,$$Garlond-Gürtel des Handwerks$$,$$38d8b176758$$);
INSERT INTO items(base_item_id, hq) VALUES(15534, false),(15534, true);
INSERT INTO base_items VALUES(15535,$$High Mythrite Saw$$,$$ハイミスライトソー$$,$$Scie en mithrite noble$$,$$Edelmythrit-Säge$$,$$e630177f7bf$$);
INSERT INTO items(base_item_id, hq) VALUES(15535, false),(15535, true);
INSERT INTO base_items VALUES(15536,$$High Mythrite Cross-pein Hammer$$,$$ハイミスライト・クロスペインハンマー$$,$$Marteau à panne croisée en mithrite noble$$,$$Edelmythrit-Kreuzschlaghammer$$,$$c3bf3bdcaa8$$);
INSERT INTO items(base_item_id, hq) VALUES(15536, false),(15536, true);
INSERT INTO base_items VALUES(15537,$$High Mythrite Raising Hammer$$,$$ハイミスライト・レイジングハンマー$$,$$Marteau de batteur en mithrite noble$$,$$Edelmythrit-Schlichthammer$$,$$7b5b6347b91$$);
INSERT INTO items(base_item_id, hq) VALUES(15537, false),(15537, true);
INSERT INTO base_items VALUES(15538,$$Eikon Iron Lapidary Hammer$$,$$イコンアロイ・ラピダリーハンマー$$,$$Marteau de lapidaire en fer primordial$$,$$Ikoneneisen-Juwelierhammer$$,$$9432df19bc7$$);
INSERT INTO items(base_item_id, hq) VALUES(15538, false),(15538, true);
INSERT INTO base_items VALUES(15539,$$High Mythrite Round Knife$$,$$ハイミスライト・ラウンドナイフ$$,$$Couteau arrondi en mithrite noble$$,$$Edelmythrit-Rundmesser$$,$$3791466e455$$);
INSERT INTO items(base_item_id, hq) VALUES(15539, false),(15539, true);
INSERT INTO base_items VALUES(15540,$$Eikon Iron Needle$$,$$イコンアロイニードル$$,$$Aiguille en fer primordial$$,$$Ikoneneisen-Nadel$$,$$22adf7c1869$$);
INSERT INTO items(base_item_id, hq) VALUES(15540, false),(15540, true);
INSERT INTO base_items VALUES(15541,$$High Mythrite Alembic$$,$$ハイミスライトアレンビック$$,$$Alambic en mithrite noble$$,$$Edelmythrit-Destillierkolben$$,$$467008a37ed$$);
INSERT INTO items(base_item_id, hq) VALUES(15541, false),(15541, true);
INSERT INTO base_items VALUES(15542,$$High Mythrite Frypan$$,$$ハイミスライトフライパン$$,$$Poêle à frire en mithrite noble$$,$$Edelmythrit-Bratpfanne$$,$$b795ae4b67f$$);
INSERT INTO items(base_item_id, hq) VALUES(15542, false),(15542, true);
INSERT INTO base_items VALUES(15543,$$High Mythrite Pickaxe$$,$$ハイミスライトピック$$,$$Pioche en mithrite noble$$,$$Edelmythrit-Spitzhacke$$,$$04b41697e7e$$);
INSERT INTO items(base_item_id, hq) VALUES(15543, false),(15543, true);
INSERT INTO base_items VALUES(15544,$$High Mythrite Hatchet$$,$$ハイミスライトハチェット$$,$$Hachette en mithrite noble$$,$$Edelmythrit-Handbeil$$,$$4aba15507e7$$);
INSERT INTO items(base_item_id, hq) VALUES(15544, false),(15544, true);
INSERT INTO base_items VALUES(15545,$$Luminous Fiber Fishing Rod$$,$$ルミナスファイバー・フィッシングロッド$$,$$Canne à pêche en fibre lumineuse$$,$$Leuchtfaser-Angelrute$$,$$b95c435c262$$);
INSERT INTO items(base_item_id, hq) VALUES(15545, false),(15545, true);
INSERT INTO base_items VALUES(15546,$$High Mythrite Claw Hammer$$,$$ハイミスライト・クローハンマー$$,$$Marteau arrache-clou en mithrite noble$$,$$Edelmythrit-Klauenhammer$$,$$0912b92dcfe$$);
INSERT INTO items(base_item_id, hq) VALUES(15546, false),(15546, true);
INSERT INTO base_items VALUES(15547,$$High Mythrite File$$,$$ハイミスライトファイル$$,$$Lime en mithrite noble$$,$$Edelmythrit-Feile$$,$$fd0acfa0f6a$$);
INSERT INTO items(base_item_id, hq) VALUES(15547, false),(15547, true);
INSERT INTO base_items VALUES(15548,$$High Mythrite Pliers$$,$$ハイミスライトプライヤー$$,$$Tenailles en mithrite noble$$,$$Edelmythrit-Zange$$,$$413dde9c417$$);
INSERT INTO items(base_item_id, hq) VALUES(15548, false),(15548, true);
INSERT INTO base_items VALUES(15549,$$Eikon Iron Grinding Wheel$$,$$イコンアロイ・グラインディングホイール$$,$$Meule en fer primordial$$,$$Ikoneneisen-Schleifrad$$,$$67cc40bbdbf$$);
INSERT INTO items(base_item_id, hq) VALUES(15549, false),(15549, true);
INSERT INTO base_items VALUES(15550,$$High Mythrite Awl$$,$$ハイミスライトアウル$$,$$Alêne en mithrite noble$$,$$Edelmythrit-Ahle$$,$$c10b1dc2a4a$$);
INSERT INTO items(base_item_id, hq) VALUES(15550, false),(15550, true);
INSERT INTO base_items VALUES(15551,$$Camphorwood Spinning Wheel$$,$$カンファースピニングホイール$$,$$Rouet en camphrier$$,$$Kampferholz-Spinnrad$$,$$47ee3712014$$);
INSERT INTO items(base_item_id, hq) VALUES(15551, false),(15551, true);
INSERT INTO base_items VALUES(15552,$$High Mythrite Mortar$$,$$ハイミスライトモーター$$,$$Mortier en mithrite noble$$,$$Edelmythrit-Mörser$$,$$84f4e751d19$$);
INSERT INTO items(base_item_id, hq) VALUES(15552, false),(15552, true);
INSERT INTO base_items VALUES(15553,$$High Mythrite Culinary Knife$$,$$ハイミスライトクリナリーナイフ$$,$$Couteau de cuisine en mithrite noble$$,$$Edelmythrit-Küchenmesser$$,$$0f492792474$$);
INSERT INTO items(base_item_id, hq) VALUES(15553, false),(15553, true);
INSERT INTO base_items VALUES(15554,$$High Mythrite Sledgehammer$$,$$ハイミスライトモール$$,$$Maillet en mithrite noble$$,$$Edelmythrit-Vorschlaghammer$$,$$72162c8cf0a$$);
INSERT INTO items(base_item_id, hq) VALUES(15554, false),(15554, true);
INSERT INTO base_items VALUES(15555,$$High Mythrite Scythe$$,$$ハイミスライトサイズ$$,$$Faux en mithrite noble$$,$$Edelmythrit-Sense$$,$$e59f6445dd3$$);
INSERT INTO items(base_item_id, hq) VALUES(15555, false),(15555, true);
INSERT INTO base_items VALUES(15556,$$Mighty Thunderstrike$$,$$レヴィン・サンダーストライク$$,$$Frappe du Patriarche$$,$$Schwert des mächtigen Donners$$,$$792b099a9ab$$);
INSERT INTO items(base_item_id, hq) VALUES(15556, false),(15556, true);
INSERT INTO base_items VALUES(15557,$$Mighty Thundercrack$$,$$レヴィン・サンダークラック$$,$$Claquements du Patriarche$$,$$Patas des mächtigen Donners$$,$$9df78a4f1a7$$);
INSERT INTO items(base_item_id, hq) VALUES(15557, false),(15557, true);
INSERT INTO base_items VALUES(15558,$$Mighty Thunderstorm$$,$$レヴィン・サンダーストーム$$,$$Orage du Patriarche$$,$$Kampfaxt des mächtigen Donners$$,$$18a159040b4$$);
INSERT INTO items(base_item_id, hq) VALUES(15558, false),(15558, true);
INSERT INTO base_items VALUES(15559,$$Mighty Thunderbolt$$,$$レヴィン・サンダーボルト$$,$$Éclair du Patriarche$$,$$Partisane des mächtigen Donners$$,$$28a1b4d5027$$);
INSERT INTO items(base_item_id, hq) VALUES(15559, false),(15559, true);
INSERT INTO base_items VALUES(15560,$$Mighty Thunderdart$$,$$レヴィン・サンダーダーツ$$,$$Étincelle du Patriarche$$,$$Langbogen des mächtigen Donners$$,$$5ac3d31e64b$$);
INSERT INTO items(base_item_id, hq) VALUES(15560, false),(15560, true);
INSERT INTO base_items VALUES(15561,$$Mighty Thundersparks$$,$$レヴィン・サンダースパーク$$,$$Fulgurances du Patriarche$$,$$Macheten des mächtigen Donners$$,$$6f6c3d1bd71$$);
INSERT INTO items(base_item_id, hq) VALUES(15561, false),(15561, true);
INSERT INTO base_items VALUES(15562,$$Mighty Thunderclap$$,$$レヴィン・サンダークラップ$$,$$Fracas du Patriarche$$,$$Großschwert des mächtigen Donners$$,$$d999cc8376b$$);
INSERT INTO items(base_item_id, hq) VALUES(15562, false),(15562, true);
INSERT INTO base_items VALUES(15563,$$Mighty Thundershower$$,$$レヴィン・サンダーシャワー$$,$$Foudre du Patriarche$$,$$Donnerbüchse des mächtigen Donners$$,$$c4b059e842e$$);
INSERT INTO items(base_item_id, hq) VALUES(15563, false),(15563, true);
INSERT INTO base_items VALUES(15564,$$High Adjudicator's Gavel$$,$$レヴィン・サンダーガヴェル$$,$$Grondement du Patriarche$$,$$Stock des mächtigen Donners$$,$$ce18203451e$$);
INSERT INTO items(base_item_id, hq) VALUES(15564, false),(15564, true);
INSERT INTO base_items VALUES(15565,$$High Adjudicator's Staff$$,$$レヴィン・サンダースタッフ$$,$$Tonnerre du Patriarche$$,$$Langstab des mächtigen Donners$$,$$92961b2efa9$$);
INSERT INTO items(base_item_id, hq) VALUES(15565, false),(15565, true);
INSERT INTO base_items VALUES(15566,$$Ona Ramuhda First Edition$$,$$レヴィン・サンダーインデックス$$,$$Splendeur du Patriarche$$,$$Grimoire des mächtigen Donners$$,$$060ac6014d5$$);
INSERT INTO items(base_item_id, hq) VALUES(15566, false),(15566, true);
INSERT INTO base_items VALUES(15567,$$The Law of Levin First Edition$$,$$レヴィン・サンダーコーデックス$$,$$Sentence du Patriarche$$,$$Kodex des mächtigen Donners$$,$$ee1c0c1b22b$$);
INSERT INTO items(base_item_id, hq) VALUES(15567, false),(15567, true);
INSERT INTO base_items VALUES(15568,$$Mighty Thunderdome$$,$$レヴィン・サンダースフィア$$,$$Nébuleuse du Patriarche$$,$$Astrometer des mächtigen Donners$$,$$67955ee2d5f$$);
INSERT INTO items(base_item_id, hq) VALUES(15568, false),(15568, true);
INSERT INTO base_items VALUES(15569,$$Mighty Thunderhead$$,$$レヴィン・サンダーヘッド$$,$$Nuage du Patriarche$$,$$Schild des mächtigen Donners$$,$$234ed531e99$$);
INSERT INTO items(base_item_id, hq) VALUES(15569, false),(15569, true);
INSERT INTO base_items VALUES(15570,$$Endless Expanse Sword$$,$$エクスパンスソード$$,$$Épée du Migrateur$$,$$Schwert der endlosen Weiten$$,$$4344c768f2c$$);
INSERT INTO items(base_item_id, hq) VALUES(15570, false),(15570, true);
INSERT INTO base_items VALUES(15571,$$Endless Expanse Patas$$,$$エクスパンスパタ$$,$$Patas du Migrateur$$,$$Patas der endlosen Weiten$$,$$b27a7dff94e$$);
INSERT INTO items(base_item_id, hq) VALUES(15571, false),(15571, true);
INSERT INTO base_items VALUES(15572,$$Endless Expanse Battleaxe$$,$$エクスパンスバトルアクス$$,$$Hache du Migrateur$$,$$Kampfaxt der endlosen Weiten$$,$$948d02e82ce$$);
INSERT INTO items(base_item_id, hq) VALUES(15572, false),(15572, true);
INSERT INTO base_items VALUES(15573,$$Endless Expanse Partisan$$,$$エクスパンスパルチザン$$,$$Pertuisane du Migrateur$$,$$Partisane der endlosen Weiten$$,$$86b2ad7affa$$);
INSERT INTO items(base_item_id, hq) VALUES(15573, false),(15573, true);
INSERT INTO base_items VALUES(15574,$$Endless Expanse Longbow$$,$$エクスパンスクロングボウ$$,$$Arc long du Migrateur$$,$$Langbogen der endlosen Weiten$$,$$65a1a73d7dd$$);
INSERT INTO items(base_item_id, hq) VALUES(15574, false),(15574, true);
INSERT INTO base_items VALUES(15575,$$Endless Expanse Machetes$$,$$エクスパンスマチェット$$,$$Machettes du Migrateur$$,$$Macheten der endlosen Weiten$$,$$ede61947c67$$);
INSERT INTO items(base_item_id, hq) VALUES(15575, false),(15575, true);
INSERT INTO base_items VALUES(15576,$$Endless Expanse Greatsword$$,$$エクスパンスグレートソード$$,$$Grande épée du Migrateur$$,$$Großschwert der endlosen Weiten$$,$$cbbb881636b$$);
INSERT INTO items(base_item_id, hq) VALUES(15576, false),(15576, true);
INSERT INTO base_items VALUES(15577,$$Endless Expanse Handgonne$$,$$エクスパンスハンドゴンネ$$,$$Haquebute du Migrateur$$,$$Donnerbüchse der endlosen Weiten$$,$$3910fc50fd3$$);
INSERT INTO items(base_item_id, hq) VALUES(15577, false),(15577, true);
INSERT INTO base_items VALUES(15578,$$Endless Expanse Cane$$,$$エクスパンスケーン$$,$$Canne du Migrateur$$,$$Stock der endlosen Weiten$$,$$cc997691567$$);
INSERT INTO items(base_item_id, hq) VALUES(15578, false),(15578, true);
INSERT INTO base_items VALUES(15579,$$Endless Expanse Longpole$$,$$エクスパンスクロングポール$$,$$Échalas du Migrateur$$,$$Langstab der endlosen Weiten$$,$$cd317d5813a$$);
INSERT INTO items(base_item_id, hq) VALUES(15579, false),(15579, true);
INSERT INTO base_items VALUES(15580,$$Endless Expanse Grimoire$$,$$エクスパンスグリモア$$,$$Grimoire du Migrateur$$,$$Grimoire der endlosen Weiten$$,$$e57c83a6149$$);
INSERT INTO items(base_item_id, hq) VALUES(15580, false),(15580, true);
INSERT INTO base_items VALUES(15581,$$Endless Expanse Codex$$,$$エクスパンスコーデックス$$,$$Codex du Migrateur$$,$$Kodex der endlosen Weiten$$,$$6d924bc204b$$);
INSERT INTO items(base_item_id, hq) VALUES(15581, false),(15581, true);
INSERT INTO base_items VALUES(15582,$$Endless Expanse Astrometer$$,$$エクスパンスアストロメーター$$,$$Planisphère du Migrateur$$,$$Astrometer der endlosen Weiten$$,$$4acc50de11e$$);
INSERT INTO items(base_item_id, hq) VALUES(15582, false),(15582, true);
INSERT INTO base_items VALUES(15583,$$Endless Expanse Shield$$,$$エクスパンスシールド$$,$$Bouclier rond du Migrateur$$,$$Schild der endlosen Weiten$$,$$a3ba5caf516$$);
INSERT INTO items(base_item_id, hq) VALUES(15583, false),(15583, true);
INSERT INTO base_items VALUES(15626,$$Fat Purse$$,$$ファットパース$$,$$Grosse-Bourse$$,$$Praller Beutel$$,$$d45d6e53eda$$);
INSERT INTO items(base_item_id, hq) VALUES(15626, false),(15626, true);
INSERT INTO base_items VALUES(15627,$$The Impaler$$,$$イエティキラー$$,$$Zigouille-yéti$$,$$Pfähler$$,$$5bb3a93c99c$$);
INSERT INTO items(base_item_id, hq) VALUES(15627, false),(15627, true);
INSERT INTO base_items VALUES(15628,$$La Reale$$,$$ラ・レアル$$,$$La Réale$$,$$La Reale$$,$$ac4a542cf07$$);
INSERT INTO items(base_item_id, hq) VALUES(15628, false),(15628, true);
INSERT INTO base_items VALUES(15629,$$Scaleripper$$,$$スケイルリッパー$$,$$Arrachécaille$$,$$Schuppenreißer$$,$$cd9a2a9dd12$$);
INSERT INTO items(base_item_id, hq) VALUES(15629, false),(15629, true);
INSERT INTO base_items VALUES(15630,$$The Dreamweaver$$,$$アクムノタネ$$,$$Tisseur-des-rêves$$,$$Traumweber$$,$$b4733f10237$$);
INSERT INTO items(base_item_id, hq) VALUES(15630, false),(15630, true);
INSERT INTO base_items VALUES(15631,$$Meteortoise$$,$$メテオトータス$$,$$Tortue météore$$,$$Meteorkröte$$,$$3c8a405849d$$);
INSERT INTO items(base_item_id, hq) VALUES(15631, false),(15631, true);
INSERT INTO base_items VALUES(15632,$$The Ewer King$$,$$水瓶王$$,$$Porte-Aiguière$$,$$Krugkönig$$,$$e87d01f56c9$$);
INSERT INTO items(base_item_id, hq) VALUES(15632, false),(15632, true);
INSERT INTO base_items VALUES(15633,$$Vidofnir$$,$$ヴィゾーヴニル$$,$$Vidofnir$$,$$Vidofnir$$,$$9dff74b8d4a$$);
INSERT INTO items(base_item_id, hq) VALUES(15633, false),(15633, true);
INSERT INTO base_items VALUES(15634,$$The Soul of the Martyr$$,$$ラタトスクソウル$$,$$Âme-de-Ratatosk$$,$$Seele des Märtyrers$$,$$ae5a29e51e5$$);
INSERT INTO items(base_item_id, hq) VALUES(15634, false),(15634, true);
INSERT INTO base_items VALUES(15635,$$Inkfish$$,$$水墨魚$$,$$Poisson-encre$$,$$Tinten-Fisch$$,$$a7f20c7b068$$);
INSERT INTO items(base_item_id, hq) VALUES(15635, false),(15635, true);
INSERT INTO base_items VALUES(15636,$$The Second One$$,$$ザ・セカンドワン$$,$$Tornade Blanche$$,$$Riesen-Tornadohai$$,$$af1a64591f8$$);
INSERT INTO items(base_item_id, hq) VALUES(15636, false),(15636, true);
INSERT INTO base_items VALUES(15637,$$Augmented High Allagan Helmet$$,$$ハイアラガンクラブ改$$,$$Limule haut-allagoise améliorée$$,$$Verbesserte hochallagische Krabbe$$,$$c3365617ec7$$);
INSERT INTO items(base_item_id, hq) VALUES(15637, false),(15637, true);
INSERT INTO base_items VALUES(15638,$$Aphotic Pirarucu$$,$$バイオガピラルク$$,$$Pirarucu aphotique$$,$$Aphotischer Pirarucu$$,$$20c949b5fd4$$);
INSERT INTO items(base_item_id, hq) VALUES(15638, false),(15638, true);
INSERT INTO base_items VALUES(15645,$$Luminous Fiber$$,$$ルミナスファイバー$$,$$Fibre lumineuse$$,$$Leuchtfasern$$,$$269d5c03cab$$);
INSERT INTO items(base_item_id, hq) VALUES(15645, false),(15645, true);
INSERT INTO base_items VALUES(15646,$$Meteorite$$,$$メテオライト$$,$$Météorite$$,$$Meteorit$$,$$270288cfdc8$$);
INSERT INTO items(base_item_id, hq) VALUES(15646, false),(15646, true);
INSERT INTO base_items VALUES(15647,$$Crystallized Sap$$,$$樹液結晶$$,$$Sève cristallisée$$,$$Harzkristall$$,$$40f8772ab12$$);
INSERT INTO items(base_item_id, hq) VALUES(15647, false),(15647, true);
INSERT INTO base_items VALUES(15648,$$Light-kissed Aethersand$$,$$白光の霊砂$$,$$Sable éthéréen de lumière$$,$$Weißlicht-Seelensand$$,$$15c3978078f$$);
INSERT INTO items(base_item_id, hq) VALUES(15648, false),(15648, true);
INSERT INTO base_items VALUES(15649,$$Glass Fiber$$,$$グラスファイバー$$,$$Fibre de verre$$,$$Glasfasern$$,$$d352053ffa3$$);
INSERT INTO items(base_item_id, hq) VALUES(15649, false),(15649, true);
INSERT INTO base_items VALUES(15650,$$Heavensegg Soup$$,$$ヘヴンスエッグスープ$$,$$Soupe aux célestœufs$$,$$Himmelseier-Suppe$$,$$7a6821b2a7e$$);
INSERT INTO items(base_item_id, hq) VALUES(15650, false),(15650, true);
INSERT INTO base_items VALUES(15651,$$Pasta Ortolano$$,$$オルトラーナ$$,$$Pâtes à la maraîchère$$,$$Pasta Ortolano$$,$$9570c38f0e4$$);
INSERT INTO items(base_item_id, hq) VALUES(15651, false),(15651, true);
INSERT INTO base_items VALUES(15652,$$Heavensegg$$,$$ヘヴンスエッグ$$,$$Célestœuf$$,$$Himmelsei$$,$$c65cb3a2c46$$);
INSERT INTO items(base_item_id, hq) VALUES(15652, false),(15652, true);
INSERT INTO base_items VALUES(15653,$$Nidhogg's Scale$$,$$邪竜の鱗$$,$$Écaille de Nidhogg$$,$$Nidhogg-Schuppe$$,$$884999a7d14$$);
INSERT INTO items(base_item_id, hq) VALUES(15653, false);
INSERT INTO base_items VALUES(15799,$$Sultana Dreaming Orchestrion Roll$$,$$オーケストリオン譜:夢見る女王陛下$$,$$Rouleau “Sultana Dreaming”$$,$$Notenrolle von „Sultana Dreaming“$$,$$bb60f59899f$$);
INSERT INTO items(base_item_id, hq) VALUES(15799, false);
INSERT INTO base_items VALUES(15800,$$A Sailor Never Sleeps Orchestrion Roll$$,$$オーケストリオン譜:船乗りは眠らない$$,$$Rouleau “A Sailor Never Sleeps”$$,$$Notenrolle von „A Sailor Never Sleeps“$$,$$7e62008fc63$$);
INSERT INTO items(base_item_id, hq) VALUES(15800, false);
INSERT INTO base_items VALUES(15801,$$Dance of the Fireflies Orchestrion Roll$$,$$オーケストリオン譜:蛍たちの舞踏会$$,$$Rouleau “Dance of the Fireflies”$$,$$Notenrolle von „Dance of the Fireflies“$$,$$fb0fdf41a51$$);
INSERT INTO items(base_item_id, hq) VALUES(15801, false);
INSERT INTO base_items VALUES(15802,$$Nobility Obliges Orchestrion Roll$$,$$オーケストリオン譜:ノブレス・オブリージュ$$,$$Rouleau “Nobility Obliges”$$,$$Notenrolle von „Nobility Obliges“$$,$$08a932eb72c$$);
INSERT INTO items(base_item_id, hq) VALUES(15802, false);
INSERT INTO base_items VALUES(15803,$$The Mushroomery Orchestrion Roll$$,$$オーケストリオン譜:マトーヤの洞窟$$,$$Rouleau “The Mushroomery”$$,$$Notenrolle von „The Mushroomery“$$,$$6be651dc847$$);
INSERT INTO items(base_item_id, hq) VALUES(15803, false);
INSERT INTO base_items VALUES(15804,$$Shelter Orchestrion Roll$$,$$オーケストリオン譜:旅の宿$$,$$Rouleau “Shelter”$$,$$Notenrolle von „Shelter“$$,$$8e614b55c12$$);
INSERT INTO items(base_item_id, hq) VALUES(15804, false);
INSERT INTO base_items VALUES(15805,$$Against the Wind Orchestrion Roll$$,$$オーケストリオン譜:風に向かって$$,$$Rouleau “Against the Wind”$$,$$Notenrolle von „Against the Wind“$$,$$811c85f252f$$);
INSERT INTO items(base_item_id, hq) VALUES(15805, false);
INSERT INTO base_items VALUES(15806,$$Landlords Orchestrion Roll$$,$$オーケストリオン譜:ランドロード$$,$$Rouleau “Landlords”$$,$$Notenrolle von „Landlords“$$,$$204f4a15886$$);
INSERT INTO items(base_item_id, hq) VALUES(15806, false);
INSERT INTO base_items VALUES(15807,$$Missing Pages Orchestrion Roll$$,$$オーケストリオン譜:欠けた頁$$,$$Rouleau “Missing Pages”$$,$$Notenrolle von „Missing Pages“$$,$$d1b3110be24$$);
INSERT INTO items(base_item_id, hq) VALUES(15807, false);
INSERT INTO base_items VALUES(15808,$$To the Sun Orchestrion Roll$$,$$オーケストリオン譜:灼熱の地へ$$,$$Rouleau “To the Sun”$$,$$Notenrolle von „To the Sun“$$,$$0d6c05c9e1d$$);
INSERT INTO items(base_item_id, hq) VALUES(15808, false);
INSERT INTO base_items VALUES(15809,$$On Westerly Winds Orchestrion Roll$$,$$オーケストリオン譜:西風に乗せて$$,$$Rouleau “On Westerly Winds”$$,$$Notenrolle von „On Westerly Winds“$$,$$0888c507b3d$$);
INSERT INTO items(base_item_id, hq) VALUES(15809, false);
INSERT INTO base_items VALUES(15810,$$Serenity Orchestrion Roll$$,$$オーケストリオン譜:静穏の森$$,$$Rouleau “Serenity”$$,$$Notenrolle von „Serenity“$$,$$2b0835e1319$$);
INSERT INTO items(base_item_id, hq) VALUES(15810, false);
INSERT INTO base_items VALUES(15813,$$The Warrens Orchestrion Roll$$,$$オーケストリオン譜:秘密坑道$$,$$Rouleau “The Warrens”$$,$$Notenrolle von „The Warrens“$$,$$9dad05957a1$$);
INSERT INTO items(base_item_id, hq) VALUES(15813, false);
INSERT INTO base_items VALUES(15814,$$Ominous Prognisticks Orchestrion Roll$$,$$オーケストリオン譜:不吉なる前兆$$,$$Rouleau “Ominous Prognisticks”$$,$$Notenrolle von „Ominous Prognisticks“$$,$$2d56a85dc7f$$);
INSERT INTO items(base_item_id, hq) VALUES(15814, false);
INSERT INTO base_items VALUES(15815,$$Ink Long Dry Orchestrion Roll$$,$$オーケストリオン譜:万世の言葉$$,$$Rouleau “Ink Long Dry”$$,$$Notenrolle von „Ink Long Dry“$$,$$ab23dd904ba$$);
INSERT INTO items(base_item_id, hq) VALUES(15815, false);
INSERT INTO base_items VALUES(15816,$$Unbreakable Orchestrion Roll$$,$$オーケストリオン譜:アンブレーカブル$$,$$Rouleau “Unbreakable”$$,$$Notenrolle von „Unbreakable“$$,$$d66a82fb939$$);
INSERT INTO items(base_item_id, hq) VALUES(15816, false);
INSERT INTO base_items VALUES(15817,$$Apologies Orchestrion Roll$$,$$オーケストリオン譜:詫言の詩$$,$$Rouleau “Apologies”$$,$$Notenrolle von „Apologies“$$,$$c2427ce2ffc$$);
INSERT INTO items(base_item_id, hq) VALUES(15817, false);
INSERT INTO base_items VALUES(15818,$$Horizons Calling Orchestrion Roll$$,$$オーケストリオン譜:地平線の彼方$$,$$Rouleau “Horizons Calling”$$,$$Notenrolle von „Horizons Calling“$$,$$bdcf39986d5$$);
INSERT INTO items(base_item_id, hq) VALUES(15818, false);
INSERT INTO base_items VALUES(15819,$$Wreck to the Seaman Orchestrion Roll$$,$$オーケストリオン譜:船乗りには難破を$$,$$Rouleau “Wreck to the Seaman”$$,$$Notenrolle von „Wreck to the Seaman“$$,$$b789aa6db06$$);
INSERT INTO items(base_item_id, hq) VALUES(15819, false);
INSERT INTO base_items VALUES(15820,$$Through the Maelstrom Orchestrion Roll$$,$$オーケストリオン譜:混沌の渦動$$,$$Rouleau “Through the Maelstrom”$$,$$Notenrolle von „Through the Maelstrom“$$,$$11d5e7f818e$$);
INSERT INTO items(base_item_id, hq) VALUES(15820, false);
INSERT INTO base_items VALUES(15821,$$Good King Moggle Mog XII Orchestrion Roll$$,$$オーケストリオン譜:善王モグル・モグXII世$$,$$Rouleau “Good King Moggle Mog XII”$$,$$Notenrolle von „Good King Moggle Mog XII“$$,$$f8dfd41dcb6$$);
INSERT INTO items(base_item_id, hq) VALUES(15821, false);
INSERT INTO base_items VALUES(15822,$$Revenge of the Horde Orchestrion Roll$$,$$オーケストリオン譜:最期の咆哮$$,$$Rouleau “Revenge of the Horde”$$,$$Notenrolle von „Revenge of the Horde“$$,$$8ed13ad71c9$$);
INSERT INTO items(base_item_id, hq) VALUES(15822, false);
INSERT INTO base_items VALUES(15823,$$Battle on the Big Bridge Orchestrion Roll$$,$$オーケストリオン譜:ビッグブリッヂの死闘$$,$$Rouleau “Battle on the Big Bridge”$$,$$Notenrolle von „Battle on the Big Bridge“$$,$$6a27f518e87$$);
INSERT INTO items(base_item_id, hq) VALUES(15823, false);
INSERT INTO base_items VALUES(15825,$$Engage Orchestrion Roll$$,$$オーケストリオン譜:蒼き翼$$,$$Rouleau “Engage”$$,$$Notenrolle von „Engage“$$,$$72b02ed2775$$);
INSERT INTO items(base_item_id, hq) VALUES(15825, false);
INSERT INTO base_items VALUES(15827,$$On Windy Meadows Orchestrion Roll$$,$$オーケストリオン譜:ザナラーンの黄昏$$,$$Rouleau “Twilight over Thanalan”$$,$$Notenrolle von „On Windy Meadows“$$,$$bf872b2981d$$);
INSERT INTO items(base_item_id, hq) VALUES(15827, false);
INSERT INTO base_items VALUES(15828,$$Whisper of the Land Orchestrion Roll$$,$$オーケストリオン譜:ラノシアの疾風$$,$$Rouleau “On Windy Meadows”$$,$$Notenrolle von „Whisper of the Land“$$,$$5cc4ca61832$$);
INSERT INTO items(base_item_id, hq) VALUES(15828, false);
INSERT INTO base_items VALUES(15829,$$Twilight over Thanalan Orchestrion Roll$$,$$オーケストリオン譜:冥き地の底に$$,$$Rouleau “Whisper of the Land”$$,$$Notenrolle von „Twilight over Thanalan“$$,$$52b369569a2$$);
INSERT INTO items(base_item_id, hq) VALUES(15829, false);
INSERT INTO base_items VALUES(15831,$$Faded Copy of Against the Wind$$,$$古びた譜面:風に向かって$$,$$Rouleau abîmé “Against the Wind”$$,$$Abgenutzte Notenrolle von „Against the Wind“$$,$$2d94d2431ad$$);
INSERT INTO items(base_item_id, hq) VALUES(15831, false);
INSERT INTO base_items VALUES(15832,$$Faded Copy of Landlords$$,$$古びた譜面:ランドロード$$,$$Rouleau abîmé “Landlords”$$,$$Abgenutzte Notenrolle von „Landlords“$$,$$affda46c8ed$$);
INSERT INTO items(base_item_id, hq) VALUES(15832, false);
INSERT INTO base_items VALUES(15833,$$Faded Copy of Missing Pages$$,$$古びた譜面:欠けた頁$$,$$Rouleau abîmé “Missing Pages”$$,$$Abgenutzte Notenrolle von „Missing Pages“$$,$$8964c6fa2e8$$);
INSERT INTO items(base_item_id, hq) VALUES(15833, false);
INSERT INTO base_items VALUES(15834,$$Faded Copy of Wreck to the Seaman$$,$$古びた譜面:船乗りには難破を$$,$$Rouleau abîmé “Wreck to the Seaman”$$,$$Abgenutzte Notenrolle von „Wreck to the Seaman“$$,$$76d31ce1072$$);
INSERT INTO items(base_item_id, hq) VALUES(15834, false);
INSERT INTO base_items VALUES(15835,$$Faded Copy of Through the Maelstrom$$,$$古びた譜面:混沌の渦動$$,$$Rouleau abîmé “Through the Maelstrom”$$,$$Abgenutzte Notenrolle von „Through the Maelstrom“$$,$$3ac72b4177e$$);
INSERT INTO items(base_item_id, hq) VALUES(15835, false);
INSERT INTO base_items VALUES(15836,$$Faded Copy of Good King Moggle Mog XII$$,$$古びた譜面:善王モグル・モグXII世$$,$$Rouleau abîmé “Good King Moggle Mog XII”$$,$$Abgenutzte Notenrolle von „Good King Moggle Mog XII“$$,$$cf833a83412$$);
INSERT INTO items(base_item_id, hq) VALUES(15836, false);
INSERT INTO base_items VALUES(15837,$$Faded Copy of Revenge of the Horde$$,$$古びた譜面:最期の咆哮$$,$$Rouleau abîmé “Revenge of the Horde”$$,$$Abgenutzte Notenrolle von „Revenge of the Horde“$$,$$3ff4cfbec57$$);
INSERT INTO items(base_item_id, hq) VALUES(15837, false);
INSERT INTO base_items VALUES(15838,$$Faded Copy of Battle on the Big Bridge$$,$$古びた譜面:ビッグブリッヂの死闘$$,$$Rouleau abîmé “Battle on the Big Bridge”$$,$$Abgenutzte Notenrolle von „Battle on the Big Bridge“$$,$$80046b7f853$$);
INSERT INTO items(base_item_id, hq) VALUES(15838, false);
INSERT INTO base_items VALUES(15839,$$Faded Copy of Engage$$,$$古びた譜面:蒼き翼$$,$$Rouleau abîmé “Engage”$$,$$Abgenutzte Notenrolle von „Engage“$$,$$ff70dfbadfb$$);
INSERT INTO items(base_item_id, hq) VALUES(15839, false);
INSERT INTO base_items VALUES(15855,$$Althyk Lavender Seeds$$,$$アルジクラベンダーの種$$,$$Graines de lavande d'Althyk$$,$$Althyk-Lavendelsamen$$,$$54986dfc4e9$$);
INSERT INTO items(base_item_id, hq) VALUES(15855, false);
INSERT INTO base_items VALUES(15856,$$Voidrake Seeds$$,$$ヴォイドマンドレイクの種$$,$$Graines de mandragore du néant$$,$$Nichts-Alraunensamen$$,$$add790a2312$$);
INSERT INTO items(base_item_id, hq) VALUES(15856, false);
INSERT INTO base_items VALUES(15865,$$Firelight Seeds$$,$$火晶草の種$$,$$Graines d'herbéclat de feu$$,$$Feuerlicht-Samen$$,$$f5beaf88ad7$$);
INSERT INTO items(base_item_id, hq) VALUES(15865, false);
INSERT INTO base_items VALUES(15866,$$Icelight Seeds$$,$$氷晶草の種$$,$$Graines d'herbéclat de glace$$,$$Eislicht-Samen$$,$$594f5c75b15$$);
INSERT INTO items(base_item_id, hq) VALUES(15866, false);
INSERT INTO base_items VALUES(15867,$$Windlight Seeds$$,$$風晶草の種$$,$$Graines d'herbéclat de vent$$,$$Windlicht-Samen$$,$$48d3935c244$$);
INSERT INTO items(base_item_id, hq) VALUES(15867, false);
INSERT INTO base_items VALUES(15868,$$Earthlight Seeds$$,$$土晶草の種$$,$$Graines d'herbéclat de terre$$,$$Erdlicht-Samen$$,$$390b1e30d88$$);
INSERT INTO items(base_item_id, hq) VALUES(15868, false);
INSERT INTO base_items VALUES(15869,$$Levinlight Seeds$$,$$雷晶草の種$$,$$Graines d'herbéclat de foudre$$,$$Blitzlicht-Samen$$,$$508147ead90$$);
INSERT INTO items(base_item_id, hq) VALUES(15869, false);
INSERT INTO base_items VALUES(15870,$$Waterlight Seeds$$,$$水晶草の種$$,$$Graines d'herbéclat d'eau$$,$$Wasserlicht-Samen$$,$$00312566341$$);
INSERT INTO items(base_item_id, hq) VALUES(15870, false);
INSERT INTO base_items VALUES(15908,$$Neo Aetherstone - Headgear$$,$$ネオエーテルストーン:頭防具$$,$$Pierre néo-éthérée (tête)$$,$$Neo-Ätherstein (Kopf)$$,$$dc3a04a6487$$);
INSERT INTO items(base_item_id, hq) VALUES(15908, false);
INSERT INTO base_items VALUES(15909,$$Neo Aetherstone - Body Gear$$,$$ネオエーテルストーン:胴防具$$,$$Pierre néo-éthérée (torse)$$,$$Neo-Ätherstein (Rumpf)$$,$$12fbe9fd329$$);
INSERT INTO items(base_item_id, hq) VALUES(15909, false);
INSERT INTO base_items VALUES(15910,$$Neo Aetherstone - Hand Gear$$,$$ネオエーテルストーン:手防具$$,$$Pierre néo-éthérée (mains)$$,$$Neo-Ätherstein (Hände)$$,$$51664da7969$$);
INSERT INTO items(base_item_id, hq) VALUES(15910, false);
INSERT INTO base_items VALUES(15911,$$Neo Aetherstone - Leg Gear$$,$$ネオエーテルストーン:脚防具$$,$$Pierre néo-éthérée (jambes)$$,$$Neo-Ätherstein (Beine)$$,$$7adba33ca60$$);
INSERT INTO items(base_item_id, hq) VALUES(15911, false);
INSERT INTO base_items VALUES(15912,$$Neo Aetherstone - Foot Gear$$,$$ネオエーテルストーン:足防具$$,$$Pierre néo-éthérée (pieds)$$,$$Neo-Ätherstein (Füße)$$,$$529240e9202$$);
INSERT INTO items(base_item_id, hq) VALUES(15912, false);
INSERT INTO base_items VALUES(15913,$$Heart of the Vortex$$,$$ヴォーテックスケーン$$,$$Canne des rafales$$,$$Windgewalten-Stock$$,$$843255864a0$$);
INSERT INTO items(base_item_id, hq) VALUES(15913, false),(15913, true);
INSERT INTO base_items VALUES(15914,$$Mighty Moggle Mogrod$$,$$モグルモグロッド$$,$$Sceptre Mog monarchique$$,$$Mächtige Mogry-Rute$$,$$a8952091938$$);
INSERT INTO items(base_item_id, hq) VALUES(15914, false),(15914, true);
INSERT INTO base_items VALUES(15915,$$Inferno Rod$$,$$インフェルノロッド$$,$$Sceptre des flammes$$,$$Inferno-Rute$$,$$15fe4fa2b0d$$);
INSERT INTO items(base_item_id, hq) VALUES(15915, false),(15915, true);
INSERT INTO base_items VALUES(15916,$$Tremor Staff$$,$$トレマースタッフ$$,$$Bâton des séismes$$,$$Erdstoß-Stab$$,$$6f31108106e$$);
INSERT INTO items(base_item_id, hq) VALUES(15916, false),(15916, true);
INSERT INTO base_items VALUES(15921,$$Moonfire Hat$$,$$ムーンファイアハット$$,$$Béret de bain des Feux de la Mort$$,$$Feuermond-Mütze$$,$$8c2cd8fdc70$$);
INSERT INTO items(base_item_id, hq) VALUES(15921, false),(15921, true);
INSERT INTO base_items VALUES(15922,$$Moonfire Vest$$,$$ムーンファイアベスト$$,$$Veste de bain des Feux de la Mort$$,$$Feuermond-Hemd$$,$$72f89f74c39$$);
INSERT INTO items(base_item_id, hq) VALUES(15922, false),(15922, true);
INSERT INTO base_items VALUES(15923,$$Moonfire Trunks$$,$$ムーンファイアトランクス$$,$$Bermuda de bain des Feux de la Mort$$,$$Feuermond-Hose$$,$$64a869431f6$$);
INSERT INTO items(base_item_id, hq) VALUES(15923, false),(15923, true);
INSERT INTO base_items VALUES(15924,$$Moonfire Caligae$$,$$ムーンファイアカリガ$$,$$Caligae de bain des Feux de la Mort$$,$$Feuermond-Caligae$$,$$34bec54cc38$$);
INSERT INTO items(base_item_id, hq) VALUES(15924, false),(15924, true);
INSERT INTO base_items VALUES(15925,$$Moonfire Halter$$,$$ムーンファイアホルター$$,$$Haut de bain des Feux de la Mort$$,$$Feuermond-Jacke$$,$$6f33153613c$$);
INSERT INTO items(base_item_id, hq) VALUES(15925, false),(15925, true);
INSERT INTO base_items VALUES(15926,$$Moonfire Tanga$$,$$ムーンファイアタンガ$$,$$Tanga de bain des Feux de la Mort$$,$$Feuermond-Höschen$$,$$f9226413c7b$$);
INSERT INTO items(base_item_id, hq) VALUES(15926, false),(15926, true);
INSERT INTO base_items VALUES(15927,$$Moonfire Sandals$$,$$ムーンファイアサンダル$$,$$Sandales de bain des Feux de la Mort$$,$$Feuermond-Sandalen$$,$$0ef299303ff$$);
INSERT INTO items(base_item_id, hq) VALUES(15927, false),(15927, true);
INSERT INTO base_items VALUES(15928,$$Boarskin Survival Hat$$,$$ボアサバイバーハット$$,$$Chapeau de baroudeur en cuir de sanglier$$,$$Keilerleder-Pfadfinder-Hut$$,$$7f4dc8021e0$$);
INSERT INTO items(base_item_id, hq) VALUES(15928, false),(15928, true);
INSERT INTO base_items VALUES(15929,$$Linen Survival Shirt$$,$$リネンサバイバーシャツ$$,$$Chemise de baroudeur en lin$$,$$Leinen-Pfadfinder-Hemd$$,$$6b0d3f6262a$$);
INSERT INTO items(base_item_id, hq) VALUES(15929, false),(15929, true);
INSERT INTO base_items VALUES(15930,$$Linen Survival Halfslops$$,$$リネン・サバイバーハーフパンツ$$,$$Demi-trousses de baroudeur en lin$$,$$Leinen-Pfadfinder-Hose$$,$$769b567109d$$);
INSERT INTO items(base_item_id, hq) VALUES(15930, false),(15930, true);
INSERT INTO base_items VALUES(15931,$$Boarskin Survival Boots$$,$$ボアサバイバーブーツ$$,$$Bottes de baroudeur en cuir de sanglier$$,$$Keilerleder-Pfadfinder-Stiefel$$,$$6da762f9f5c$$);
INSERT INTO items(base_item_id, hq) VALUES(15931, false),(15931, true);
INSERT INTO base_items VALUES(15945,$$Pellitory$$,$$ピレトリン$$,$$Pyréthrine$$,$$Mauerglaskraut$$,$$9317cfc44ea$$);
INSERT INTO items(base_item_id, hq) VALUES(15945, false),(15945, true);
INSERT INTO base_items VALUES(15948,$$Lover's Laurel$$,$$メネフィナローレル$$,$$Feuille de laurier de Menphina$$,$$Menphina-Lorbeerblätter$$,$$380c74241b1$$);
INSERT INTO items(base_item_id, hq) VALUES(15948, false),(15948, true);
INSERT INTO base_items VALUES(15949,$$Radiant Astral Moraine$$,$$レイディアントアストラルグラベル$$,$$Granulat astral rayonnant$$,$$Strahlender Astralkies$$,$$4f55d0077e4$$);
INSERT INTO items(base_item_id, hq) VALUES(15949, false),(15949, true);
DROP RULE base_items_on_duplicate_ignore ON base_items;
DROP RULE items_on_duplicate_ignore ON items;
DELETE FROM related_crafted_from;
INSERT INTO related_crafted_from VALUES(1602,2),(1602,5),(1602,5056),(1602,5361),(1602,5432);
INSERT INTO related_crafted_from VALUES(1603,2),(1603,5),(1603,5056),(1603,5275),(1603,5432);
INSERT INTO related_crafted_from VALUES(1604,3),(1604,4),(1604,5124),(1604,5364);
INSERT INTO related_crafted_from VALUES(1605,2),(1605,5),(1605,5056),(1605,5276),(1605,5434);
INSERT INTO related_crafted_from VALUES(1607,2),(1607,5),(1607,1602),(1607,5063);
INSERT INTO related_crafted_from VALUES(1609,2),(1609,5),(1609,1603),(1609,5063),(1609,5277);
INSERT INTO related_crafted_from VALUES(1611,2),(1611,5),(1611,1607),(1611,5277);
INSERT INTO related_crafted_from VALUES(1614,2),(1614,5),(1614,5057),(1614,5277),(1614,5367);
INSERT INTO related_crafted_from VALUES(1622,2),(1622,5),(1622,5057),(1622,5277),(1622,5435);
INSERT INTO related_crafted_from VALUES(1625,2),(1625,5),(1625,5058),(1625,5371),(1625,5444);
INSERT INTO related_crafted_from VALUES(1627,3),(1627,4),(1627,5124),(1627,5367);
INSERT INTO related_crafted_from VALUES(1633,2),(1633,5),(1633,5058),(1633,5260),(1633,5371);
INSERT INTO related_crafted_from VALUES(1635,8),(1635,1606),(1635,5259);
INSERT INTO related_crafted_from VALUES(1637,3),(1637,4),(1637,5125),(1637,5371);
INSERT INTO related_crafted_from VALUES(1639,2),(1639,5),(1639,5058),(1639,5371),(1639,5504);
INSERT INTO related_crafted_from VALUES(1642,8),(1642,1613),(1642,5260);
INSERT INTO related_crafted_from VALUES(1643,2),(1643,5),(1643,5065),(1643,5373),(1643,5444);
INSERT INTO related_crafted_from VALUES(1648,11),(1648,1616),(1648,5259);
INSERT INTO related_crafted_from VALUES(1649,8),(1649,1621),(1649,5262);
INSERT INTO related_crafted_from VALUES(1650,3),(1650,4),(1650,5125),(1650,5360),(1650,5373);
INSERT INTO related_crafted_from VALUES(1657,2),(1657,5),(1657,5059),(1657,5066),(1657,5282),(1657,5373);
INSERT INTO related_crafted_from VALUES(1659,2),(1659,5),(1659,5059),(1659,5262),(1659,5436);
INSERT INTO related_crafted_from VALUES(1663,2),(1663,5),(1663,5059),(1663,5374),(1663,5465),(1663,5505);
INSERT INTO related_crafted_from VALUES(1666,18),(1666,19),(1666,7579),(1666,7620);
INSERT INTO related_crafted_from VALUES(1670,8),(1670,11),(1670,1636),(1670,5061),(1670,5262);
INSERT INTO related_crafted_from VALUES(1673,14),(1673,17),(1673,5061),(1673,5068),(1673,5288),(1673,5570);
INSERT INTO related_crafted_from VALUES(1681,2),(1681,4),(1681,5318),(1681,5432);
INSERT INTO related_crafted_from VALUES(1682,4),(1682,5),(1682,5056),(1682,5275),(1682,5324);
INSERT INTO related_crafted_from VALUES(1683,2),(1683,4),(1683,5318),(1683,5434);
INSERT INTO related_crafted_from VALUES(1684,2),(1684,5),(1684,5056),(1684,5276);
INSERT INTO related_crafted_from VALUES(1685,4),(1685,5),(1685,5057),(1685,5276),(1685,5324);
INSERT INTO related_crafted_from VALUES(1686,2),(1686,5),(1686,1684),(1686,5063);
INSERT INTO related_crafted_from VALUES(1688,4),(1688,5),(1688,5056),(1688,5277),(1688,5319);
INSERT INTO related_crafted_from VALUES(1694,2),(1694,5),(1694,5057),(1694,5072),(1694,5277);
INSERT INTO related_crafted_from VALUES(1697,4),(1697,5),(1697,5058),(1697,5280),(1697,5320);
INSERT INTO related_crafted_from VALUES(1699,2),(1699,5),(1699,5058),(1699,5073),(1699,5371),(1699,5504);
INSERT INTO related_crafted_from VALUES(1706,2),(1706,4),(1706,5321),(1706,5456);
INSERT INTO related_crafted_from VALUES(1708,4),(1708,5),(1708,5057),(1708,5282),(1708,5321);
INSERT INTO related_crafted_from VALUES(1711,2),(1711,5),(1711,5065),(1711,5079),(1711,5373),(1711,5504);
INSERT INTO related_crafted_from VALUES(1716,2),(1716,4),(1716,5322),(1716,5458);
INSERT INTO related_crafted_from VALUES(1723,2),(1723,5),(1723,5059),(1723,5282);
INSERT INTO related_crafted_from VALUES(1728,4),(1728,5),(1728,5058),(1728,5284),(1728,5322);
INSERT INTO related_crafted_from VALUES(1732,8),(1732,1701),(1732,5285);
INSERT INTO related_crafted_from VALUES(1733,2),(1733,5),(1733,5059),(1733,5063),(1733,5074),(1733,5374),(1733,5505);
INSERT INTO related_crafted_from VALUES(1736,18),(1736,19),(1736,7581),(1736,7620);
INSERT INTO related_crafted_from VALUES(1740,10),(1740,11),(1740,5061),(1740,5567);
INSERT INTO related_crafted_from VALUES(1743,14),(1743,17),(1743,5061),(1743,5068),(1743,5378),(1743,5571);
INSERT INTO related_crafted_from VALUES(1750,2),(1750,5),(1750,5056),(1750,5361);
INSERT INTO related_crafted_from VALUES(1751,2),(1751,5),(1751,5056),(1751,5361);
INSERT INTO related_crafted_from VALUES(1752,2),(1752,5),(1752,1750),(1752,5056);
INSERT INTO related_crafted_from VALUES(1753,2),(1753,5),(1753,5056),(1753,5364);
INSERT INTO related_crafted_from VALUES(1754,2),(1754,5),(1754,5057),(1754,5364);
INSERT INTO related_crafted_from VALUES(1756,2),(1756,5),(1756,5057),(1756,5276),(1756,5367);
INSERT INTO related_crafted_from VALUES(1758,2),(1758,5),(1758,1754),(1758,5057),(1758,5063);
INSERT INTO related_crafted_from VALUES(1764,2),(1764,5),(1764,4856),(1764,5057),(1764,5368);
INSERT INTO related_crafted_from VALUES(1766,2),(1766,5),(1766,1758),(1766,5057),(1766,5064);
INSERT INTO related_crafted_from VALUES(1769,2),(1769,5),(1769,5058),(1769,5280),(1769,5371);
INSERT INTO related_crafted_from VALUES(1776,2),(1776,5),(1776,5058),(1776,5405),(1776,5444),(1776,5504);
INSERT INTO related_crafted_from VALUES(1778,2),(1778,5),(1778,5057),(1778,5058),(1778,5373);
INSERT INTO related_crafted_from VALUES(1781,2),(1781,5),(1781,5058),(1781,5065),(1781,5282),(1781,5373);
INSERT INTO related_crafted_from VALUES(1786,2),(1786,5),(1786,5058),(1786,5065),(1786,5066),(1786,5371);
INSERT INTO related_crafted_from VALUES(1796,2),(1796,5),(1796,5059),(1796,5414),(1796,5505);
INSERT INTO related_crafted_from VALUES(1800,11),(1800,1771),(1800,5262);
INSERT INTO related_crafted_from VALUES(1801,2),(1801,5),(1801,5058),(1801,5059),(1801,5196),(1801,5374);
INSERT INTO related_crafted_from VALUES(1803,2),(1803,5),(1803,5059),(1803,5064),(1803,5285),(1803,5376);
INSERT INTO related_crafted_from VALUES(1806,18),(1806,19),(1806,7580),(1806,7620);
INSERT INTO related_crafted_from VALUES(1810,8),(1810,11),(1810,5061),(1810,5262),(1810,5566);
INSERT INTO related_crafted_from VALUES(1813,14),(1813,17),(1813,5075),(1813,5378),(1813,5572);
INSERT INTO related_crafted_from VALUES(1820,3),(1820,4),(1820,5361),(1820,5432),(1820,5503);
INSERT INTO related_crafted_from VALUES(1821,3),(1821,4),(1821,5056),(1821,5361),(1821,5482);
INSERT INTO related_crafted_from VALUES(1822,3),(1822,4),(1822,5364),(1822,5434);
INSERT INTO related_crafted_from VALUES(1823,3),(1823,4),(1823,5352),(1823,5364),(1823,5433),(1823,5503);
INSERT INTO related_crafted_from VALUES(1824,3),(1824,4),(1824,5056),(1824,5063),(1824,5361),(1824,5482);
INSERT INTO related_crafted_from VALUES(1825,3),(1825,4),(1825,4856),(1825,5057),(1825,5367);
INSERT INTO related_crafted_from VALUES(1827,3),(1827,4),(1827,5057),(1827,5276),(1827,5367);
INSERT INTO related_crafted_from VALUES(1833,3),(1833,4),(1833,5057),(1833,5367),(1833,5503);
INSERT INTO related_crafted_from VALUES(1836,3),(1836,4),(1836,5064),(1836,5371),(1836,5484);
INSERT INTO related_crafted_from VALUES(1838,3),(1838,4),(1838,5057),(1838,5058),(1838,5277),(1838,5371);
INSERT INTO related_crafted_from VALUES(1845,3),(1845,4),(1845,5058),(1845,5371),(1845,5484);
INSERT INTO related_crafted_from VALUES(1847,3),(1847,4),(1847,5058),(1847,5280),(1847,5371);
INSERT INTO related_crafted_from VALUES(1850,3),(1850,4),(1850,5360),(1850,5371),(1850,5454),(1850,5504);
INSERT INTO related_crafted_from VALUES(1855,3),(1855,4),(1855,5065),(1855,5282),(1855,5373);
INSERT INTO related_crafted_from VALUES(1862,3),(1862,4),(1862,5059),(1862,5064),(1862,5282),(1862,5373);
INSERT INTO related_crafted_from VALUES(1867,3),(1867,4),(1867,5059),(1867,5374),(1867,5486);
INSERT INTO related_crafted_from VALUES(1871,9),(1871,1840),(1871,5260),(1871,5367),(1871,5505);
INSERT INTO related_crafted_from VALUES(1872,3),(1872,4),(1872,5059),(1872,5376),(1872,5505);
INSERT INTO related_crafted_from VALUES(1875,18),(1875,19),(1875,7582),(1875,7620);
INSERT INTO related_crafted_from VALUES(1879,9),(1879,10),(1879,5378),(1879,5565);
INSERT INTO related_crafted_from VALUES(1882,14),(1882,17),(1882,5061),(1882,5378),(1882,5573);
INSERT INTO related_crafted_from VALUES(1891,3),(1891,4),(1891,5333),(1891,5361);
INSERT INTO related_crafted_from VALUES(1892,3),(1892,4),(1892,5333),(1892,5361),(1892,5396);
INSERT INTO related_crafted_from VALUES(1893,3),(1893,4),(1893,1891),(1893,5351),(1893,5396);
INSERT INTO related_crafted_from VALUES(1894,3),(1894,4),(1894,1892),(1894,5276),(1894,5402);
INSERT INTO related_crafted_from VALUES(1895,3),(1895,4),(1895,5333),(1895,5364),(1895,5402);
INSERT INTO related_crafted_from VALUES(1897,3),(1897,4),(1897,5334),(1897,5367),(1897,5402);
INSERT INTO related_crafted_from VALUES(1899,3),(1899,4),(1899,1895),(1899,5352),(1899,5367);
INSERT INTO related_crafted_from VALUES(1905,3),(1905,4),(1905,1894),(1905,5276),(1905,5367);
INSERT INTO related_crafted_from VALUES(1908,3),(1908,4),(1908,5318),(1908,5364),(1908,5435);
INSERT INTO related_crafted_from VALUES(1915,3),(1915,4),(1915,5058),(1915,5319),(1915,5364),(1915,5409);
INSERT INTO related_crafted_from VALUES(1917,3),(1917,4),(1917,5058),(1917,5336),(1917,5373),(1917,5402);
INSERT INTO related_crafted_from VALUES(1920,3),(1920,4),(1920,5065),(1920,5320),(1920,5373),(1920,5409);
INSERT INTO related_crafted_from VALUES(1925,3),(1925,4),(1925,5319),(1925,5373),(1925,5436);
INSERT INTO related_crafted_from VALUES(1932,3),(1932,4),(1932,1920),(1932,5059),(1932,5322);
INSERT INTO related_crafted_from VALUES(1937,3),(1937,4),(1937,4856),(1937,5322),(1937,5376),(1937,5405);
INSERT INTO related_crafted_from VALUES(1941,10),(1941,1910),(1941,5376);
INSERT INTO related_crafted_from VALUES(1942,3),(1942,4),(1942,1925),(1942,5436),(1942,5456),(1942,5462);
INSERT INTO related_crafted_from VALUES(1945,18),(1945,19),(1945,7583),(1945,7620);
INSERT INTO related_crafted_from VALUES(1949,9),(1949,10),(1949,5378),(1949,5568);
INSERT INTO related_crafted_from VALUES(1953,15),(1953,16),(1953,5061),(1953,5378),(1953,5574);
INSERT INTO related_crafted_from VALUES(1958,6),(1958,7),(1958,5396),(1958,5470);
INSERT INTO related_crafted_from VALUES(1959,6),(1959,7),(1959,1958),(1959,5470);
INSERT INTO related_crafted_from VALUES(1960,6),(1960,7),(1960,1959),(1960,5470),(1960,5492);
INSERT INTO related_crafted_from VALUES(1961,6),(1961,7),(1961,5402),(1961,5471);
INSERT INTO related_crafted_from VALUES(1963,6),(1963,7),(1963,1961),(1963,5471);
INSERT INTO related_crafted_from VALUES(1965,6),(1965,7),(1965,1963),(1965,5471),(1965,5493);
INSERT INTO related_crafted_from VALUES(1967,6),(1967,7),(1967,5405),(1967,5471);
INSERT INTO related_crafted_from VALUES(1969,6),(1969,7),(1969,1967),(1969,5471),(1969,5493);
INSERT INTO related_crafted_from VALUES(1971,6),(1971,7),(1971,4603),(1971,5409),(1971,5470);
INSERT INTO related_crafted_from VALUES(1974,6),(1974,7),(1974,5199),(1974,5409),(1974,5472);
INSERT INTO related_crafted_from VALUES(1976,6),(1976,7),(1976,5201),(1976,5409),(1976,5472);
INSERT INTO related_crafted_from VALUES(1978,6),(1978,7),(1978,5203),(1978,5409),(1978,5472);
INSERT INTO related_crafted_from VALUES(1981,6),(1981,7),(1981,5198),(1981,5414),(1981,5472);
INSERT INTO related_crafted_from VALUES(1983,6),(1983,7),(1983,5200),(1983,5414),(1983,5472);
INSERT INTO related_crafted_from VALUES(1985,6),(1985,7),(1985,5202),(1985,5414),(1985,5472);
INSERT INTO related_crafted_from VALUES(1987,6),(1987,7),(1987,4608),(1987,5414),(1987,5472),(1987,5494);
INSERT INTO related_crafted_from VALUES(1996,3),(1996,4),(1996,5361),(1996,5470);
INSERT INTO related_crafted_from VALUES(1997,3),(1997,4),(1997,5361),(1997,5492);
INSERT INTO related_crafted_from VALUES(1998,3),(1998,4),(1998,5402),(1998,5432),(1998,5492);
INSERT INTO related_crafted_from VALUES(2000,3),(2000,4),(2000,5367),(2000,5471);
INSERT INTO related_crafted_from VALUES(2002,3),(2002,4),(2002,5367),(2002,5492);
INSERT INTO related_crafted_from VALUES(2004,3),(2004,4),(2004,5405),(2004,5465),(2004,5492);
INSERT INTO related_crafted_from VALUES(2010,3),(2010,4),(2010,5063),(2010,5333),(2010,5368),(2010,5471),(2010,5492);
INSERT INTO related_crafted_from VALUES(2011,3),(2011,4),(2011,5368),(2011,5492);
INSERT INTO related_crafted_from VALUES(2015,3),(2015,4),(2015,5371),(2015,5471);
INSERT INTO related_crafted_from VALUES(2021,3),(2021,4),(2021,2011),(2021,5352),(2021,5493);
INSERT INTO related_crafted_from VALUES(2023,3),(2023,4),(2023,5409),(2023,5465),(2023,5493);
INSERT INTO related_crafted_from VALUES(2026,3),(2026,4),(2026,5063),(2026,5334),(2026,5373),(2026,5472),(2026,5493);
INSERT INTO related_crafted_from VALUES(2030,3),(2030,4),(2030,5125),(2030,5414),(2030,5494);
INSERT INTO related_crafted_from VALUES(2039,3),(2039,4),(2039,5196),(2039,5374),(2039,5494),(2039,5505);
INSERT INTO related_crafted_from VALUES(2041,10),(2041,2014),(2041,5472);
INSERT INTO related_crafted_from VALUES(2044,3),(2044,4),(2044,5065),(2044,5335),(2044,5374),(2044,5472),(2044,5494);
INSERT INTO related_crafted_from VALUES(2047,6),(2047,7),(2047,5414),(2047,5472),(2047,5494),(2047,5555);
INSERT INTO related_crafted_from VALUES(2048,18),(2048,19),(2048,7585),(2048,7620);
INSERT INTO related_crafted_from VALUES(2049,12),(2049,13),(2049,5473),(2049,5537),(2049,5547);
INSERT INTO related_crafted_from VALUES(2051,18),(2051,19),(2051,5061),(2051,5378),(2051,5575);
INSERT INTO related_crafted_from VALUES(2056,2),(2056,4),(2056,5197),(2056,5432);
INSERT INTO related_crafted_from VALUES(2057,2),(2057,4),(2057,5062),(2057,5197);
INSERT INTO related_crafted_from VALUES(2058,2),(2058,4),(2058,5056),(2058,5197);
INSERT INTO related_crafted_from VALUES(2059,2),(2059,4),(2059,5056),(2059,5063),(2059,5197);
INSERT INTO related_crafted_from VALUES(2061,2),(2061,4),(2061,2057),(2061,5063),(2061,5258);
INSERT INTO related_crafted_from VALUES(2063,2),(2063,4),(2063,5200),(2063,5277),(2063,5435);
INSERT INTO related_crafted_from VALUES(2066,2),(2066,4),(2066,5063),(2066,5199),(2066,5435);
INSERT INTO related_crafted_from VALUES(2069,2),(2069,4),(2069,5064),(2069,5197),(2069,5527);
INSERT INTO related_crafted_from VALUES(2071,2),(2071,4),(2071,5201),(2071,5280),(2071,5436);
INSERT INTO related_crafted_from VALUES(2076,2),(2076,4),(2076,2069),(2076,5064),(2076,5493);
INSERT INTO related_crafted_from VALUES(2078,2),(2078,4),(2078,5064),(2078,5198),(2078,5436);
INSERT INTO related_crafted_from VALUES(2083,2),(2083,4),(2083,5202),(2083,5282),(2083,5436);
INSERT INTO related_crafted_from VALUES(2088,2),(2088,4),(2088,5059),(2088,5066),(2088,5203),(2088,5489);
INSERT INTO related_crafted_from VALUES(2093,10),(2093,2068),(2093,5092),(2093,5260);
INSERT INTO related_crafted_from VALUES(2094,2),(2094,4),(2094,5066),(2094,5203),(2094,5436);
INSERT INTO related_crafted_from VALUES(2097,2),(2097,4),(2097,5168),(2097,5285),(2097,5439);
INSERT INTO related_crafted_from VALUES(2102,8),(2102,10),(2102,5061),(2102,5206);
INSERT INTO related_crafted_from VALUES(2106,2),(2106,4),(2106,5197),(2106,5432),(2106,5433);
INSERT INTO related_crafted_from VALUES(2107,2),(2107,4),(2107,5197),(2107,5434);
INSERT INTO related_crafted_from VALUES(2108,2),(2108,4),(2108,2106),(2108,5433),(2108,5442);
INSERT INTO related_crafted_from VALUES(2109,2),(2109,4),(2109,2107),(2109,5258),(2109,5434);
INSERT INTO related_crafted_from VALUES(2111,2),(2111,4),(2111,5197),(2111,5435);
INSERT INTO related_crafted_from VALUES(2116,2),(2116,4),(2116,5198),(2116,5435),(2116,5492);
INSERT INTO related_crafted_from VALUES(2118,2),(2118,4),(2118,2111),(2118,5435),(2118,5493);
INSERT INTO related_crafted_from VALUES(2121,2),(2121,4),(2121,5197),(2121,5436);
INSERT INTO related_crafted_from VALUES(2123,2),(2123,4),(2123,2121),(2123,5436),(2123,5493);
INSERT INTO related_crafted_from VALUES(2125,2),(2125,4),(2125,5198),(2125,5436),(2125,5444);
INSERT INTO related_crafted_from VALUES(2130,2),(2130,4),(2130,5200),(2130,5439);
INSERT INTO related_crafted_from VALUES(2133,2),(2133,4),(2133,5202),(2133,5436),(2133,5444),(2133,5494);
INSERT INTO related_crafted_from VALUES(2136,18),(2136,19),(2136,7584),(2136,7620);
INSERT INTO related_crafted_from VALUES(2139,14),(2139,16),(2139,5061),(2139,5068),(2139,5576);
INSERT INTO related_crafted_from VALUES(2143,6),(2143,7),(2143,5275),(2143,5333),(2143,5380),(2143,5475);
INSERT INTO related_crafted_from VALUES(2144,6),(2144,7),(2144,5333),(2144,5361),(2144,5380),(2144,5475);
INSERT INTO related_crafted_from VALUES(2145,6),(2145,7),(2145,2143),(2145,5275),(2145,5383);
INSERT INTO related_crafted_from VALUES(2146,6),(2146,7),(2146,5334),(2146,5364),(2146,5383),(2146,5475);
INSERT INTO related_crafted_from VALUES(2147,6),(2147,7),(2147,5276),(2147,5334),(2147,5385),(2147,5476);
INSERT INTO related_crafted_from VALUES(2149,6),(2149,7),(2149,2147),(2149,5276),(2149,5386);
INSERT INTO related_crafted_from VALUES(2151,6),(2151,7),(2151,5334),(2151,5368),(2151,5386),(2151,5476);
INSERT INTO related_crafted_from VALUES(2156,6),(2156,7),(2156,5277),(2156,5335),(2156,5386),(2156,5477);
INSERT INTO related_crafted_from VALUES(2160,6),(2160,7),(2160,2156),(2160,5277),(2160,5388);
INSERT INTO related_crafted_from VALUES(2166,6),(2166,7),(2166,5064),(2166,5336),(2166,5390),(2166,5477);
INSERT INTO related_crafted_from VALUES(2169,6),(2169,7),(2169,2166),(2169,5064);
INSERT INTO related_crafted_from VALUES(2174,6),(2174,7),(2174,5065),(2174,5478);
INSERT INTO related_crafted_from VALUES(2184,13),(2184,2158),(2184,5390);
INSERT INTO related_crafted_from VALUES(2185,6),(2185,7),(2185,5059),(2185,5066),(2185,5337),(2185,5393),(2185,5479);
INSERT INTO related_crafted_from VALUES(2189,6),(2189,7),(2189,2185),(2189,5059),(2189,5066);
INSERT INTO related_crafted_from VALUES(2193,18),(2193,19),(2193,5068),(2193,5288),(2193,5481),(2193,7586);
INSERT INTO related_crafted_from VALUES(2194,18),(2194,19),(2194,5068),(2194,5288),(2194,5481),(2194,7587);
INSERT INTO related_crafted_from VALUES(2201,12),(2201,13),(2201,5480),(2201,5569);
INSERT INTO related_crafted_from VALUES(2202,12),(2202,13),(2202,5480),(2202,5569);
INSERT INTO related_crafted_from VALUES(2211,18),(2211,19),(2211,5061),(2211,5064),(2211,5288),(2211,5338),(2211,5481);
INSERT INTO related_crafted_from VALUES(2212,18),(2212,19),(2212,5061),(2212,5064),(2212,5288),(2212,5338),(2212,5481);
INSERT INTO related_crafted_from VALUES(2219,3),(2219,4),(2219,5091),(2219,5361);
INSERT INTO related_crafted_from VALUES(2226,3),(2226,5),(2226,5071),(2226,5361);
INSERT INTO related_crafted_from VALUES(2228,3),(2228,4),(2228,5056),(2228,5091),(2228,5361);
INSERT INTO related_crafted_from VALUES(2229,4),(2229,5),(2229,5091),(2229,5275),(2229,5364);
INSERT INTO related_crafted_from VALUES(2230,3),(2230,5),(2230,5071),(2230,5091);
INSERT INTO related_crafted_from VALUES(2231,3),(2231,5),(2231,5056),(2231,5071),(2231,5092);
INSERT INTO related_crafted_from VALUES(2233,3),(2233,4),(2233,5091),(2233,5364);
INSERT INTO related_crafted_from VALUES(2236,3),(2236,5),(2236,5072),(2236,5367);
INSERT INTO related_crafted_from VALUES(2238,10),(2238,2224),(2238,4859),(2238,5091),(2238,5275),(2238,5367);
INSERT INTO related_crafted_from VALUES(2239,3),(2239,5),(2239,2231),(2239,5056),(2239,5092);
INSERT INTO related_crafted_from VALUES(2241,3),(2241,5),(2241,5072),(2241,5998);
INSERT INTO related_crafted_from VALUES(2242,3),(2242,5),(2242,5072),(2242,5092);
INSERT INTO related_crafted_from VALUES(2244,9),(2244,2225),(2244,5071);
INSERT INTO related_crafted_from VALUES(2246,3),(2246,4),(2246,5057),(2246,5092),(2246,5277),(2246,5371);
INSERT INTO related_crafted_from VALUES(2248,3),(2248,5),(2248,5072),(2248,5092);
INSERT INTO related_crafted_from VALUES(2250,4),(2250,5),(2250,5093),(2250,5277),(2250,5371);
INSERT INTO related_crafted_from VALUES(2257,3),(2257,5),(2257,5058),(2257,5073),(2257,5371);
INSERT INTO related_crafted_from VALUES(2260,3),(2260,5),(2260,2239),(2260,5064),(2260,5092);
INSERT INTO related_crafted_from VALUES(2262,3),(2262,5),(2262,2242),(2262,5092),(2262,5280);
INSERT INTO related_crafted_from VALUES(2264,11),(2264,2227),(2264,5374);
INSERT INTO related_crafted_from VALUES(2268,3),(2268,5),(2268,5057),(2268,5073),(2268,5093),(2268,5998);
INSERT INTO related_crafted_from VALUES(2270,4),(2270,5),(2270,5099),(2270,5285),(2270,5373),(2270,5436);
INSERT INTO related_crafted_from VALUES(2278,11),(2278,2232),(2278,5072);
INSERT INTO related_crafted_from VALUES(2279,3),(2279,5),(2279,5074),(2279,5094);
INSERT INTO related_crafted_from VALUES(2287,3),(2287,4),(2287,5059),(2287,5094),(2287,5282),(2287,5374);
INSERT INTO related_crafted_from VALUES(2289,10),(2289,2237),(2289,5092),(2289,5228),(2289,5374),(2289,5517);
INSERT INTO related_crafted_from VALUES(2294,3),(2294,5),(2294,5057),(2294,5074),(2294,5094);
INSERT INTO related_crafted_from VALUES(2296,3),(2296,5),(2296,5059),(2296,5074),(2296,5998);
INSERT INTO related_crafted_from VALUES(2298,4),(2298,5),(2298,5094),(2298,5285),(2298,5376),(2298,5494);
INSERT INTO related_crafted_from VALUES(2300,9),(2300,2259),(2300,5260),(2300,5277),(2300,5374);
INSERT INTO related_crafted_from VALUES(2302,15),(2302,17),(2302,5075),(2302,5095);
INSERT INTO related_crafted_from VALUES(2303,15),(2303,17),(2303,5061),(2303,5075),(2303,5095);
INSERT INTO related_crafted_from VALUES(2304,15),(2304,16),(2304,5061),(2304,5095);
INSERT INTO related_crafted_from VALUES(2315,2),(2315,5),(2315,5056),(2315,5091),(2315,5361);
INSERT INTO related_crafted_from VALUES(2316,2),(2316,5),(2316,5056),(2316,5091),(2316,5364);
INSERT INTO related_crafted_from VALUES(2317,2),(2317,5),(2317,2316),(2317,5091);
INSERT INTO related_crafted_from VALUES(2318,2),(2318,5),(2318,5057),(2318,5092),(2318,5364);
INSERT INTO related_crafted_from VALUES(2319,2),(2319,5),(2319,5057),(2319,5092),(2319,5367);
INSERT INTO related_crafted_from VALUES(2320,2),(2320,5),(2320,5057),(2320,5063),(2320,5092),(2320,5371);
INSERT INTO related_crafted_from VALUES(2321,2),(2321,5),(2321,5058),(2321,5093),(2321,5371);
INSERT INTO related_crafted_from VALUES(2322,2),(2322,5),(2322,5058),(2322,5093),(2322,5373);
INSERT INTO related_crafted_from VALUES(2323,2),(2323,5),(2323,5065),(2323,5099),(2323,5373);
INSERT INTO related_crafted_from VALUES(2324,2),(2324,5),(2324,5065),(2324,5099),(2324,5374);
INSERT INTO related_crafted_from VALUES(2325,2),(2325,5),(2325,5059),(2325,5094),(2325,5376);
INSERT INTO related_crafted_from VALUES(2328,2),(2328,5),(2328,5056),(2328,5361),(2328,5482);
INSERT INTO related_crafted_from VALUES(2329,2),(2329,5),(2329,5056),(2329,5361),(2329,5482);
INSERT INTO related_crafted_from VALUES(2331,2),(2331,5),(2331,5057),(2331,5367),(2331,5483);
INSERT INTO related_crafted_from VALUES(2332,2),(2332,5),(2332,5057),(2332,5368),(2332,5484);
INSERT INTO related_crafted_from VALUES(2334,2),(2334,5),(2334,5058),(2334,5371),(2334,5484);
INSERT INTO related_crafted_from VALUES(2335,2),(2335,5),(2335,2334),(2335,5282),(2335,5485);
INSERT INTO related_crafted_from VALUES(2337,2),(2337,5),(2337,5065),(2337,5373),(2337,5485);
INSERT INTO related_crafted_from VALUES(2338,2),(2338,5),(2338,5059),(2338,5376),(2338,5486);
INSERT INTO related_crafted_from VALUES(2339,8),(2339,11),(2339,5061),(2339,5378),(2339,5486);
INSERT INTO related_crafted_from VALUES(2341,2),(2341,5),(2341,5056),(2341,5324),(2341,5361);
INSERT INTO related_crafted_from VALUES(2342,2),(2342,5),(2342,5056),(2342,5324),(2342,5364);
INSERT INTO related_crafted_from VALUES(2343,2),(2343,5),(2343,5056),(2343,5325),(2343,5364),(2343,5483);
INSERT INTO related_crafted_from VALUES(2344,2),(2344,5),(2344,5057),(2344,5325),(2344,5367);
INSERT INTO related_crafted_from VALUES(2345,2),(2345,5),(2345,5057),(2345,5325),(2345,5368);
INSERT INTO related_crafted_from VALUES(2346,2),(2346,5),(2346,4856),(2346,5057),(2346,5325),(2346,5371);
INSERT INTO related_crafted_from VALUES(2347,2),(2347,5),(2347,2346),(2347,4856),(2347,5057);
INSERT INTO related_crafted_from VALUES(2348,2),(2348,5),(2348,5058),(2348,5326),(2348,5371);
INSERT INTO related_crafted_from VALUES(2349,2),(2349,5),(2349,5058),(2349,5326),(2349,5373),(2349,5485);
INSERT INTO related_crafted_from VALUES(2350,2),(2350,5),(2350,2349),(2350,5058),(2350,5282);
INSERT INTO related_crafted_from VALUES(2351,2),(2351,5),(2351,5059),(2351,5282),(2351,5374);
INSERT INTO related_crafted_from VALUES(2352,2),(2352,5),(2352,2351),(2352,5282),(2352,5376),(2352,5486);
INSERT INTO related_crafted_from VALUES(2355,2),(2355,5),(2355,5056),(2355,5275);
INSERT INTO related_crafted_from VALUES(2356,2),(2356,5),(2356,5056),(2356,5276);
INSERT INTO related_crafted_from VALUES(2358,2),(2358,5),(2358,5057),(2358,5277);
INSERT INTO related_crafted_from VALUES(2359,2),(2359,5),(2359,5057),(2359,5280);
INSERT INTO related_crafted_from VALUES(2361,2),(2361,5),(2361,5058),(2361,5280);
INSERT INTO related_crafted_from VALUES(2363,2),(2363,5),(2363,5065),(2363,5282);
INSERT INTO related_crafted_from VALUES(2364,2),(2364,5),(2364,5059),(2364,5285);
INSERT INTO related_crafted_from VALUES(2365,8),(2365,11),(2365,5061),(2365,5288);
INSERT INTO related_crafted_from VALUES(2367,2),(2367,5),(2367,5056),(2367,5361);
INSERT INTO related_crafted_from VALUES(2368,2),(2368,5),(2368,5056),(2368,5364);
INSERT INTO related_crafted_from VALUES(2369,2),(2369,5),(2369,5056),(2369,5071),(2369,5364);
INSERT INTO related_crafted_from VALUES(2370,2),(2370,5),(2370,5057),(2370,5367);
INSERT INTO related_crafted_from VALUES(2371,2),(2371,5),(2371,5057),(2371,5368);
INSERT INTO related_crafted_from VALUES(2372,2),(2372,5),(2372,5057),(2372,5072),(2372,5371);
INSERT INTO related_crafted_from VALUES(2373,2),(2373,5),(2373,2372),(2373,5280),(2373,5371);
INSERT INTO related_crafted_from VALUES(2374,2),(2374,5),(2374,5058),(2374,5373);
INSERT INTO related_crafted_from VALUES(2375,2),(2375,5),(2375,5058),(2375,5073),(2375,5373);
INSERT INTO related_crafted_from VALUES(2376,2),(2376,5),(2376,5059),(2376,5094),(2376,5373);
INSERT INTO related_crafted_from VALUES(2377,2),(2377,5),(2377,5059),(2377,5074),(2377,5094),(2377,5376);
INSERT INTO related_crafted_from VALUES(2380,2),(2380,5),(2380,5056),(2380,5091),(2380,5482);
INSERT INTO related_crafted_from VALUES(2381,2),(2381,5),(2381,4856),(2381,5056),(2381,5091);
INSERT INTO related_crafted_from VALUES(2383,2),(2383,5),(2383,4856),(2383,5057),(2383,5092);
INSERT INTO related_crafted_from VALUES(2384,2),(2384,5),(2384,5057),(2384,5092),(2384,5484);
INSERT INTO related_crafted_from VALUES(2386,2),(2386,5),(2386,5058),(2386,5093),(2386,5485);
INSERT INTO related_crafted_from VALUES(2388,2),(2388,5),(2388,5065),(2388,5099),(2388,5485);
INSERT INTO related_crafted_from VALUES(2389,2),(2389,5),(2389,5059),(2389,5094),(2389,5486);
INSERT INTO related_crafted_from VALUES(2390,8),(2390,11),(2390,5061),(2390,5095),(2390,5486);
INSERT INTO related_crafted_from VALUES(2392,2),(2392,5),(2392,5056),(2392,5091),(2392,5361);
INSERT INTO related_crafted_from VALUES(2393,2),(2393,5),(2393,5056),(2393,5091),(2393,5364);
INSERT INTO related_crafted_from VALUES(2394,2),(2394,5),(2394,2393),(2394,5091);
INSERT INTO related_crafted_from VALUES(2395,2),(2395,5),(2395,5057),(2395,5092),(2395,5367);
INSERT INTO related_crafted_from VALUES(2396,2),(2396,5),(2396,5057),(2396,5092),(2396,5368);
INSERT INTO related_crafted_from VALUES(2397,2),(2397,5),(2397,2396),(2397,5063),(2397,5092);
INSERT INTO related_crafted_from VALUES(2398,2),(2398,5),(2398,5058),(2398,5093),(2398,5371);
INSERT INTO related_crafted_from VALUES(2399,2),(2399,5),(2399,5058),(2399,5093),(2399,5371);
INSERT INTO related_crafted_from VALUES(2400,2),(2400,5),(2400,5065),(2400,5099),(2400,5373);
INSERT INTO related_crafted_from VALUES(2401,2),(2401,5),(2401,5065),(2401,5099),(2401,5374);
INSERT INTO related_crafted_from VALUES(2402,2),(2402,5),(2402,5059),(2402,5066),(2402,5094),(2402,5183),(2402,5376);
INSERT INTO related_crafted_from VALUES(2405,3),(2405,4),(2405,5056),(2405,5228),(2405,5361);
INSERT INTO related_crafted_from VALUES(2406,3),(2406,4),(2406,5056),(2406,5228),(2406,5364);
INSERT INTO related_crafted_from VALUES(2408,3),(2408,4),(2408,5057),(2408,5229),(2408,5367);
INSERT INTO related_crafted_from VALUES(2409,3),(2409,4),(2409,5057),(2409,5229),(2409,5371);
INSERT INTO related_crafted_from VALUES(2411,3),(2411,4),(2411,5058),(2411,5231),(2411,5371);
INSERT INTO related_crafted_from VALUES(2413,3),(2413,4),(2413,5065),(2413,5134),(2413,5374);
INSERT INTO related_crafted_from VALUES(2414,3),(2414,4),(2414,5059),(2414,5263),(2414,5376);
INSERT INTO related_crafted_from VALUES(2415,9),(2415,10),(2415,5061),(2415,5158),(2415,5378);
INSERT INTO related_crafted_from VALUES(2417,2),(2417,5),(2417,5056),(2417,5258),(2417,5361);
INSERT INTO related_crafted_from VALUES(2418,2),(2418,5),(2418,5056),(2418,5258),(2418,5364);
INSERT INTO related_crafted_from VALUES(2419,2),(2419,5),(2419,2417),(2419,5063),(2419,5258);
INSERT INTO related_crafted_from VALUES(2420,2),(2420,5),(2420,5057),(2420,5259),(2420,5364);
INSERT INTO related_crafted_from VALUES(2421,2),(2421,5),(2421,5057),(2421,5259),(2421,5368);
INSERT INTO related_crafted_from VALUES(2422,2),(2422,5),(2422,5057),(2422,5259),(2422,5371);
INSERT INTO related_crafted_from VALUES(2423,2),(2423,5),(2423,2422),(2423,5064),(2423,5259);
INSERT INTO related_crafted_from VALUES(2424,2),(2424,5),(2424,5058),(2424,5260),(2424,5373);
INSERT INTO related_crafted_from VALUES(2425,2),(2425,5),(2425,5065),(2425,5260),(2425,5373);
INSERT INTO related_crafted_from VALUES(2426,2),(2426,5),(2426,5065),(2426,5262),(2426,5284),(2426,5374);
INSERT INTO related_crafted_from VALUES(2427,2),(2427,5),(2427,5059),(2427,5066),(2427,5262),(2427,5376);
INSERT INTO related_crafted_from VALUES(2430,2),(2430,5),(2430,5056),(2430,5361),(2430,5482);
INSERT INTO related_crafted_from VALUES(2431,2),(2431,5),(2431,5056),(2431,5364),(2431,5483);
INSERT INTO related_crafted_from VALUES(2433,2),(2433,5),(2433,4856),(2433,5057),(2433,5367);
INSERT INTO related_crafted_from VALUES(2434,2),(2434,5),(2434,4856),(2434,5057),(2434,5368);
INSERT INTO related_crafted_from VALUES(2436,2),(2436,5),(2436,5058),(2436,5371),(2436,5484);
INSERT INTO related_crafted_from VALUES(2437,2),(2437,5),(2437,2436),(2437,5280),(2437,5485);
INSERT INTO related_crafted_from VALUES(2439,2),(2439,5),(2439,5065),(2439,5373),(2439,5485);
INSERT INTO related_crafted_from VALUES(2440,2),(2440,5),(2440,5059),(2440,5374),(2440,5486);
INSERT INTO related_crafted_from VALUES(2441,8),(2441,11),(2441,5061),(2441,5378),(2441,5486);
INSERT INTO related_crafted_from VALUES(2443,2),(2443,4),(2443,5062),(2443,5258);
INSERT INTO related_crafted_from VALUES(2444,2),(2444,4),(2444,5258),(2444,5442);
INSERT INTO related_crafted_from VALUES(2445,2),(2445,4),(2445,5442);
INSERT INTO related_crafted_from VALUES(2446,2),(2446,4),(2446,5063),(2446,5259);
INSERT INTO related_crafted_from VALUES(2447,2),(2447,4),(2447,5057),(2447,5259);
INSERT INTO related_crafted_from VALUES(2448,2),(2448,4),(2448,5064),(2448,5259);
INSERT INTO related_crafted_from VALUES(2449,2),(2449,4),(2449,5260),(2449,5447);
INSERT INTO related_crafted_from VALUES(2450,2),(2450,4),(2450,5065),(2450,5260);
INSERT INTO related_crafted_from VALUES(2451,2),(2451,4),(2451,5262),(2451,5444);
INSERT INTO related_crafted_from VALUES(2452,2),(2452,4),(2452,5262),(2452,5468);
INSERT INTO related_crafted_from VALUES(2453,2),(2453,4),(2453,5066),(2453,5262);
INSERT INTO related_crafted_from VALUES(2456,3),(2456,4),(2456,5091),(2456,5361);
INSERT INTO related_crafted_from VALUES(2457,3),(2457,4),(2457,5091),(2457,5364);
INSERT INTO related_crafted_from VALUES(2459,3),(2459,4),(2459,5091),(2459,5367);
INSERT INTO related_crafted_from VALUES(2460,3),(2460,4),(2460,5092),(2460,5367);
INSERT INTO related_crafted_from VALUES(2462,3),(2462,4),(2462,5093),(2462,5371);
INSERT INTO related_crafted_from VALUES(2464,3),(2464,4),(2464,5099),(2464,5374);
INSERT INTO related_crafted_from VALUES(2465,3),(2465,4),(2465,5094),(2465,5376);
INSERT INTO related_crafted_from VALUES(2466,9),(2466,10),(2466,5094),(2466,5378);
INSERT INTO related_crafted_from VALUES(2468,3),(2468,5),(2468,5071),(2468,5091);
INSERT INTO related_crafted_from VALUES(2469,3),(2469,5),(2469,5062),(2469,5071),(2469,5091);
INSERT INTO related_crafted_from VALUES(2470,3),(2470,5),(2470,2469),(2470,5063),(2470,5091);
INSERT INTO related_crafted_from VALUES(2471,3),(2471,5),(2471,5072),(2471,5091);
INSERT INTO related_crafted_from VALUES(2472,3),(2472,5),(2472,5072),(2472,5092);
INSERT INTO related_crafted_from VALUES(2473,3),(2473,5),(2473,2472),(2473,5063),(2473,5092);
INSERT INTO related_crafted_from VALUES(2474,3),(2474,5),(2474,5073),(2474,5093);
INSERT INTO related_crafted_from VALUES(2475,3),(2475,5),(2475,5064),(2475,5073),(2475,5093),(2475,5198);
INSERT INTO related_crafted_from VALUES(2476,3),(2476,5),(2476,5058),(2476,5079),(2476,5099),(2476,5201);
INSERT INTO related_crafted_from VALUES(2477,3),(2477,5),(2477,2476),(2477,5066);
INSERT INTO related_crafted_from VALUES(2478,3),(2478,5),(2478,5057),(2478,5074),(2478,5094);
INSERT INTO related_crafted_from VALUES(2481,2),(2481,5),(2481,5056),(2481,5361);
INSERT INTO related_crafted_from VALUES(2482,2),(2482,5),(2482,5056),(2482,5364);
INSERT INTO related_crafted_from VALUES(2484,2),(2484,5),(2484,5057),(2484,5367);
INSERT INTO related_crafted_from VALUES(2485,2),(2485,5),(2485,5057),(2485,5368);
INSERT INTO related_crafted_from VALUES(2487,2),(2487,5),(2487,5058),(2487,5371);
INSERT INTO related_crafted_from VALUES(2488,2),(2488,5),(2488,2487),(2488,5371);
INSERT INTO related_crafted_from VALUES(2490,2),(2490,5),(2490,5065),(2490,5374);
INSERT INTO related_crafted_from VALUES(2491,2),(2491,5),(2491,5059),(2491,5376);
INSERT INTO related_crafted_from VALUES(2492,8),(2492,11),(2492,5061),(2492,5378);
INSERT INTO related_crafted_from VALUES(2494,3),(2494,5),(2494,5071),(2494,5361);
INSERT INTO related_crafted_from VALUES(2495,3),(2495,5),(2495,5071),(2495,5364);
INSERT INTO related_crafted_from VALUES(2496,3),(2496,5),(2496,5072),(2496,5364);
INSERT INTO related_crafted_from VALUES(2497,3),(2497,5),(2497,5072),(2497,5367);
INSERT INTO related_crafted_from VALUES(2498,3),(2498,5),(2498,5072),(2498,5368);
INSERT INTO related_crafted_from VALUES(2499,3),(2499,5),(2499,5073),(2499,5368),(2499,5528);
INSERT INTO related_crafted_from VALUES(2500,3),(2500,5),(2500,5073),(2500,5367);
INSERT INTO related_crafted_from VALUES(2501,3),(2501,5),(2501,5073),(2501,5371);
INSERT INTO related_crafted_from VALUES(2502,3),(2502,5),(2502,5073),(2502,5373);
INSERT INTO related_crafted_from VALUES(2503,3),(2503,5),(2503,5074),(2503,5374);
INSERT INTO related_crafted_from VALUES(2504,3),(2504,5),(2504,5074),(2504,5376);
INSERT INTO related_crafted_from VALUES(2507,2),(2507,5),(2507,5056),(2507,5258),(2507,5361);
INSERT INTO related_crafted_from VALUES(2508,2),(2508,5),(2508,5056),(2508,5258),(2508,5364);
INSERT INTO related_crafted_from VALUES(2510,2),(2510,5),(2510,5057),(2510,5259),(2510,5367);
INSERT INTO related_crafted_from VALUES(2511,2),(2511,5),(2511,5057),(2511,5259),(2511,5368);
INSERT INTO related_crafted_from VALUES(2513,2),(2513,5),(2513,5058),(2513,5260),(2513,5371);
INSERT INTO related_crafted_from VALUES(2514,2),(2514,5),(2514,5058),(2514,5260),(2514,5373);
INSERT INTO related_crafted_from VALUES(2516,2),(2516,5),(2516,5065),(2516,5262),(2516,5374);
INSERT INTO related_crafted_from VALUES(2517,2),(2517,5),(2517,5059),(2517,5262),(2517,5376);
INSERT INTO related_crafted_from VALUES(2518,8),(2518,11),(2518,5061),(2518,5262),(2518,5378);
INSERT INTO related_crafted_from VALUES(2520,2),(2520,5),(2520,5056),(2520,5324),(2520,5361);
INSERT INTO related_crafted_from VALUES(2521,2),(2521,5),(2521,5056),(2521,5324),(2521,5364);
INSERT INTO related_crafted_from VALUES(2522,2),(2522,5),(2522,2520),(2522,5276),(2522,5352);
INSERT INTO related_crafted_from VALUES(2523,2),(2523,5),(2523,5057),(2523,5325),(2523,5364);
INSERT INTO related_crafted_from VALUES(2524,2),(2524,5),(2524,5057),(2524,5325),(2524,5367);
INSERT INTO related_crafted_from VALUES(2525,2),(2525,5),(2525,5057),(2525,5072),(2525,5277),(2525,5371);
INSERT INTO related_crafted_from VALUES(2526,2),(2526,5),(2526,5058),(2526,5326),(2526,5371);
INSERT INTO related_crafted_from VALUES(2527,2),(2527,5),(2527,5058),(2527,5073),(2527,5326),(2527,5373);
INSERT INTO related_crafted_from VALUES(2528,2),(2528,5),(2528,5065),(2528,5327),(2528,5360),(2528,5373);
INSERT INTO related_crafted_from VALUES(2529,2),(2529,5),(2529,5059),(2529,5277),(2529,5374);
INSERT INTO related_crafted_from VALUES(2530,2),(2530,5),(2530,5059),(2530,5074),(2530,5282),(2530,5376);
INSERT INTO related_crafted_from VALUES(2534,2),(2534,5),(2534,5056),(2534,5364),(2534,5503);
INSERT INTO related_crafted_from VALUES(2536,2),(2536,5),(2536,5057),(2536,5367),(2536,5504);
INSERT INTO related_crafted_from VALUES(2537,2),(2537,5),(2537,5057),(2537,5367),(2537,5504);
INSERT INTO related_crafted_from VALUES(2539,2),(2539,5),(2539,5058),(2539,5371),(2539,5504);
INSERT INTO related_crafted_from VALUES(2540,2),(2540,5),(2540,2539),(2540,5282),(2540,5504);
INSERT INTO related_crafted_from VALUES(2542,2),(2542,5),(2542,5065),(2542,5373),(2542,5505);
INSERT INTO related_crafted_from VALUES(2543,2),(2543,5),(2543,5059),(2543,5376),(2543,5505);
INSERT INTO related_crafted_from VALUES(2544,8),(2544,11),(2544,5061),(2544,5378),(2544,5505);
INSERT INTO related_crafted_from VALUES(2546,2),(2546,5),(2546,5056),(2546,5361);
INSERT INTO related_crafted_from VALUES(2547,2),(2547,5),(2547,5056),(2547,5364);
INSERT INTO related_crafted_from VALUES(2548,2),(2548,5),(2548,5057),(2548,5364);
INSERT INTO related_crafted_from VALUES(2549,2),(2549,5),(2549,5057),(2549,5367);
INSERT INTO related_crafted_from VALUES(2550,2),(2550,5),(2550,2549),(2550,4856),(2550,5063);
INSERT INTO related_crafted_from VALUES(2551,2),(2551,5),(2551,5057),(2551,5359),(2551,5371);
INSERT INTO related_crafted_from VALUES(2552,2),(2552,5),(2552,5058),(2552,5373);
INSERT INTO related_crafted_from VALUES(2553,2),(2553,5),(2553,5058),(2553,5359),(2553,5368);
INSERT INTO related_crafted_from VALUES(2554,2),(2554,5),(2554,5063),(2554,5065),(2554,5373);
INSERT INTO related_crafted_from VALUES(2555,2),(2555,5),(2555,5059),(2555,5063),(2555,5374);
INSERT INTO related_crafted_from VALUES(2556,2),(2556,5),(2556,5059),(2556,5282),(2556,5322),(2556,5376),(2556,5436);
INSERT INTO related_crafted_from VALUES(2560,2),(2560,5),(2560,5056),(2560,5258),(2560,5364);
INSERT INTO related_crafted_from VALUES(2562,2),(2562,5),(2562,5057),(2562,5259),(2562,5367);
INSERT INTO related_crafted_from VALUES(2563,2),(2563,5),(2563,5057),(2563,5259),(2563,5368);
INSERT INTO related_crafted_from VALUES(2565,2),(2565,5),(2565,5058),(2565,5260),(2565,5371);
INSERT INTO related_crafted_from VALUES(2566,2),(2566,5),(2566,2565),(2566,5260),(2566,5282);
INSERT INTO related_crafted_from VALUES(2568,2),(2568,5),(2568,5065),(2568,5262),(2568,5374);
INSERT INTO related_crafted_from VALUES(2569,2),(2569,5),(2569,5059),(2569,5262),(2569,5376);
INSERT INTO related_crafted_from VALUES(2570,8),(2570,11),(2570,5061),(2570,5262),(2570,5378);
INSERT INTO related_crafted_from VALUES(2572,3),(2572,4),(2572,5056),(2572,5361),(2572,5396);
INSERT INTO related_crafted_from VALUES(2573,3),(2573,4),(2573,5056),(2573,5364),(2573,5402);
INSERT INTO related_crafted_from VALUES(2574,3),(2574,4),(2574,5057),(2574,5367),(2574,5402);
INSERT INTO related_crafted_from VALUES(2575,3),(2575,4),(2575,5057),(2575,5367),(2575,5405);
INSERT INTO related_crafted_from VALUES(2576,3),(2576,4),(2576,5057),(2576,5368),(2576,5405),(2576,5483);
INSERT INTO related_crafted_from VALUES(2577,3),(2577,4),(2577,5058),(2577,5371),(2577,5405),(2577,5435);
INSERT INTO related_crafted_from VALUES(2578,3),(2578,4),(2578,5058),(2578,5371),(2578,5409);
INSERT INTO related_crafted_from VALUES(2579,3),(2579,4),(2579,2578),(2579,5058),(2579,5436),(2579,5482);
INSERT INTO related_crafted_from VALUES(2580,3),(2580,4),(2580,5065),(2580,5374),(2580,5409);
INSERT INTO related_crafted_from VALUES(2581,3),(2581,4),(2581,5065),(2581,5376),(2581,5414),(2581,5484);
INSERT INTO related_crafted_from VALUES(2582,3),(2582,4),(2582,2581),(2582,5065),(2582,5066),(2582,5486);
INSERT INTO related_crafted_from VALUES(2588,2),(2588,7),(2588,4825),(2588,4925);
INSERT INTO related_crafted_from VALUES(2589,2),(2589,7),(2589,4825),(2589,4931);
INSERT INTO related_crafted_from VALUES(2593,2),(2593,7),(2593,4825),(2593,4880);
INSERT INTO related_crafted_from VALUES(2595,2),(2595,7),(2595,4826),(2595,4959);
INSERT INTO related_crafted_from VALUES(2598,2),(2598,7),(2598,4826),(2598,4895);
INSERT INTO related_crafted_from VALUES(2610,2),(2610,4),(2610,5064),(2610,5359);
INSERT INTO related_crafted_from VALUES(2611,2),(2611,4),(2611,5063),(2611,5364);
INSERT INTO related_crafted_from VALUES(2612,2),(2612,4),(2612,5063),(2612,5259);
INSERT INTO related_crafted_from VALUES(2614,2),(2614,4),(2614,5063),(2614,5352);
INSERT INTO related_crafted_from VALUES(2615,2),(2615,4),(2615,5064),(2615,5259);
INSERT INTO related_crafted_from VALUES(2616,2),(2616,4),(2616,5058),(2616,5260);
INSERT INTO related_crafted_from VALUES(2617,2),(2617,4),(2617,5064),(2617,5373);
INSERT INTO related_crafted_from VALUES(2618,2),(2618,4),(2618,5059),(2618,5349);
INSERT INTO related_crafted_from VALUES(2619,2),(2619,4),(2619,5058),(2619,5262);
INSERT INTO related_crafted_from VALUES(2620,2),(2620,4),(2620,4900),(2620,5065);
INSERT INTO related_crafted_from VALUES(2622,2),(2622,4),(2622,5065),(2622,5262);
INSERT INTO related_crafted_from VALUES(2623,2),(2623,4),(2623,5064),(2623,5360);
INSERT INTO related_crafted_from VALUES(2624,2),(2624,4),(2624,5059),(2624,5376);
INSERT INTO related_crafted_from VALUES(2625,2),(2625,4),(2625,5059),(2625,5466);
INSERT INTO related_crafted_from VALUES(2626,2),(2626,4),(2626,5059),(2626,5329);
INSERT INTO related_crafted_from VALUES(2627,2),(2627,4),(2627,5059),(2627,5329),(2627,5359);
INSERT INTO related_crafted_from VALUES(2628,2),(2628,4),(2628,5059),(2628,5349),(2628,5466);
INSERT INTO related_crafted_from VALUES(2629,4),(2629,6),(2629,5275),(2629,5324),(2629,5333);
INSERT INTO related_crafted_from VALUES(2630,4),(2630,6),(2630,5275),(2630,5324),(2630,5333);
INSERT INTO related_crafted_from VALUES(2631,4),(2631,5),(2631,5275);
INSERT INTO related_crafted_from VALUES(2652,4),(2652,6),(2652,5324);
INSERT INTO related_crafted_from VALUES(2653,4),(2653,5),(2653,5275),(2653,5318),(2653,5333);
INSERT INTO related_crafted_from VALUES(2654,4),(2654,5),(2654,5091),(2654,5275),(2654,5276);
INSERT INTO related_crafted_from VALUES(2655,4),(2655,6),(2655,5324),(2655,5333),(2655,5351);
INSERT INTO related_crafted_from VALUES(2656,3),(2656,5),(2656,5071),(2656,5081),(2656,5275);
INSERT INTO related_crafted_from VALUES(2658,4),(2658,6),(2658,5342);
INSERT INTO related_crafted_from VALUES(2660,4),(2660,5),(2660,5056),(2660,5091),(2660,5276);
INSERT INTO related_crafted_from VALUES(2661,4),(2661,6),(2661,5276),(2661,5324),(2661,5333);
INSERT INTO related_crafted_from VALUES(2662,3),(2662,5),(2662,5056),(2662,5071),(2662,5091);
INSERT INTO related_crafted_from VALUES(2663,4),(2663,6),(2663,5342),(2663,5540);
INSERT INTO related_crafted_from VALUES(2664,3),(2664,5),(2664,5062),(2664,5071),(2664,5091);
INSERT INTO related_crafted_from VALUES(2665,4),(2665,6),(2665,5325);
INSERT INTO related_crafted_from VALUES(2666,4),(2666,6),(2666,5325),(2666,5342);
INSERT INTO related_crafted_from VALUES(2668,2),(2668,4),(2668,5063),(2668,5512);
INSERT INTO related_crafted_from VALUES(2669,4),(2669,5),(2669,5276),(2669,5319),(2669,5333);
INSERT INTO related_crafted_from VALUES(2670,4),(2670,6),(2670,5325),(2670,5334);
INSERT INTO related_crafted_from VALUES(2672,4),(2672,5),(2672,5276),(2672,5334);
INSERT INTO related_crafted_from VALUES(2673,3),(2673,5),(2673,5071),(2673,5081);
INSERT INTO related_crafted_from VALUES(2675,3),(2675,4),(2675,5275),(2675,5364),(2675,5482);
INSERT INTO related_crafted_from VALUES(2677,4),(2677,6),(2677,5276),(2677,5325),(2677,5334);
INSERT INTO related_crafted_from VALUES(2680,3),(2680,5),(2680,2664),(2680,5062),(2680,5063);
INSERT INTO related_crafted_from VALUES(2685,2),(2685,4),(2685,5063),(2685,5169);
INSERT INTO related_crafted_from VALUES(2687,2),(2687,4),(2687,5063),(2687,5170);
INSERT INTO related_crafted_from VALUES(2689,2),(2689,4),(2689,5063),(2689,5171);
INSERT INTO related_crafted_from VALUES(2691,2),(2691,4),(2691,5063),(2691,5172);
INSERT INTO related_crafted_from VALUES(2693,2),(2693,4),(2693,5063),(2693,5173);
INSERT INTO related_crafted_from VALUES(2695,2),(2695,4),(2695,5063),(2695,5174);
INSERT INTO related_crafted_from VALUES(2697,4),(2697,5),(2697,5092),(2697,5276),(2697,5277);
INSERT INTO related_crafted_from VALUES(2699,4),(2699,6),(2699,5276),(2699,5325),(2699,5334);
INSERT INTO related_crafted_from VALUES(2700,4),(2700,6),(2700,5276),(2700,5325),(2700,5334);
INSERT INTO related_crafted_from VALUES(2703,3),(2703,4),(2703,4856),(2703,5174),(2703,5275),(2703,5364);
INSERT INTO related_crafted_from VALUES(2708,3),(2708,5),(2708,5057),(2708,5072),(2708,5092);
INSERT INTO related_crafted_from VALUES(2710,4),(2710,5),(2710,5277),(2710,5319),(2710,5334);
INSERT INTO related_crafted_from VALUES(2712,3),(2712,5),(2712,5072),(2712,5082);
INSERT INTO related_crafted_from VALUES(2714,4),(2714,5),(2714,5057),(2714,5092),(2714,5277);
INSERT INTO related_crafted_from VALUES(2719,4),(2719,6),(2719,5057),(2719,5325),(2719,5334);
INSERT INTO related_crafted_from VALUES(2723,3),(2723,5),(2723,5072),(2723,5092),(2723,5277);
INSERT INTO related_crafted_from VALUES(2725,3),(2725,5),(2725,2708),(2725,5063),(2725,5092);
INSERT INTO related_crafted_from VALUES(2727,4),(2727,6),(2727,5326),(2727,5442),(2727,5465);
INSERT INTO related_crafted_from VALUES(2728,2),(2728,4),(2728,5064),(2728,5512);
INSERT INTO related_crafted_from VALUES(2729,4),(2729,6),(2729,5326);
INSERT INTO related_crafted_from VALUES(2731,2),(2731,4),(2731,2728),(2731,5064),(2731,5512);
INSERT INTO related_crafted_from VALUES(2733,4),(2733,6),(2733,5325),(2733,5326),(2733,5335);
INSERT INTO related_crafted_from VALUES(2734,4),(2734,6),(2734,5325),(2734,5326),(2734,5335);
INSERT INTO related_crafted_from VALUES(2735,2),(2735,4),(2735,5064),(2735,5175);
INSERT INTO related_crafted_from VALUES(2737,2),(2737,4),(2737,5064),(2737,5176);
INSERT INTO related_crafted_from VALUES(2739,2),(2739,4),(2739,5064),(2739,5177);
INSERT INTO related_crafted_from VALUES(2741,2),(2741,4),(2741,5064),(2741,5178);
INSERT INTO related_crafted_from VALUES(2743,2),(2743,4),(2743,5064),(2743,5179);
INSERT INTO related_crafted_from VALUES(2745,2),(2745,4),(2745,5064),(2745,5180);
INSERT INTO related_crafted_from VALUES(2750,4),(2750,6),(2750,5326),(2750,5335),(2750,5343),(2750,5355);
INSERT INTO related_crafted_from VALUES(2753,3),(2753,5),(2753,5058),(2753,5072),(2753,5073),(2753,5093);
INSERT INTO related_crafted_from VALUES(2755,3),(2755,5),(2755,5063),(2755,5073),(2755,5082);
INSERT INTO related_crafted_from VALUES(2757,9),(2757,2667),(2757,5071);
INSERT INTO related_crafted_from VALUES(2758,2),(2758,4),(2758,5073),(2758,5277),(2758,5512);
INSERT INTO related_crafted_from VALUES(2763,4),(2763,6),(2763,5058),(2763,5326),(2763,5335);
INSERT INTO related_crafted_from VALUES(2765,3),(2765,5),(2765,5073),(2765,5093),(2765,5280);
INSERT INTO related_crafted_from VALUES(2767,4),(2767,5),(2767,5280),(2767,5321),(2767,5335);
INSERT INTO related_crafted_from VALUES(2769,2),(2769,4),(2769,2774),(2769,5065),(2769,5512);
INSERT INTO related_crafted_from VALUES(2774,2),(2774,4),(2774,5065),(2774,5512);
INSERT INTO related_crafted_from VALUES(2776,4),(2776,6),(2776,5327);
INSERT INTO related_crafted_from VALUES(2778,4),(2778,6),(2778,5284),(2778,5327),(2778,5342);
INSERT INTO related_crafted_from VALUES(2779,4),(2779,6),(2779,5327),(2779,5336),(2779,5352);
INSERT INTO related_crafted_from VALUES(2785,12),(2785,2657),(2785,5326),(2785,5327),(2785,5335);
INSERT INTO related_crafted_from VALUES(2786,3),(2786,5),(2786,5058),(2786,5072),(2786,5073),(2786,5093);
INSERT INTO related_crafted_from VALUES(2788,4),(2788,5),(2788,5063),(2788,5099),(2788,5180),(2788,5277),(2788,5282);
INSERT INTO related_crafted_from VALUES(2790,2),(2790,4),(2790,5065),(2790,5181);
INSERT INTO related_crafted_from VALUES(2792,2),(2792,4),(2792,5065),(2792,5182);
INSERT INTO related_crafted_from VALUES(2794,2),(2794,4),(2794,5065),(2794,5183);
INSERT INTO related_crafted_from VALUES(2796,2),(2796,4),(2796,5065),(2796,5184);
INSERT INTO related_crafted_from VALUES(2798,2),(2798,4),(2798,5065),(2798,5185);
INSERT INTO related_crafted_from VALUES(2800,2),(2800,4),(2800,5065),(2800,5186);
INSERT INTO related_crafted_from VALUES(2802,3),(2802,5),(2802,5079),(2802,5099),(2802,5282);
INSERT INTO related_crafted_from VALUES(2804,4),(2804,6),(2804,5066),(2804,5327),(2804,5336);
INSERT INTO related_crafted_from VALUES(2805,4),(2805,6),(2805,5066),(2805,5327),(2805,5336);
INSERT INTO related_crafted_from VALUES(2806,4),(2806,6),(2806,5277),(2806,5328),(2806,5336);
INSERT INTO related_crafted_from VALUES(2808,4),(2808,6),(2808,5277),(2808,5328),(2808,5336);
INSERT INTO related_crafted_from VALUES(2810,4),(2810,6),(2810,5277),(2810,5328);
INSERT INTO related_crafted_from VALUES(2812,3),(2812,5),(2812,5079),(2812,5089);
INSERT INTO related_crafted_from VALUES(2814,4),(2814,6),(2814,5328),(2814,5337),(2814,5355);
INSERT INTO related_crafted_from VALUES(2816,4),(2816,6),(2816,5326),(2816,5327),(2816,5336);
INSERT INTO related_crafted_from VALUES(2817,3),(2817,5),(2817,5065),(2817,5073),(2817,5079),(2817,5099);
INSERT INTO related_crafted_from VALUES(2819,3),(2819,5),(2819,5079),(2819,5099),(2819,5277);
INSERT INTO related_crafted_from VALUES(2825,4),(2825,6),(2825,5282),(2825,5328),(2825,5335),(2825,5359);
INSERT INTO related_crafted_from VALUES(2827,3),(2827,5),(2827,5079),(2827,5089),(2827,5277);
INSERT INTO related_crafted_from VALUES(2829,4),(2829,6),(2829,5328),(2829,5337),(2829,5348),(2829,5359);
INSERT INTO related_crafted_from VALUES(2830,3),(2830,5),(2830,2802),(2830,5099),(2830,5284);
INSERT INTO related_crafted_from VALUES(2832,4),(2832,6),(2832,5063),(2832,5328),(2832,5337),(2832,5360);
INSERT INTO related_crafted_from VALUES(2834,2),(2834,4),(2834,5074),(2834,5282),(2834,5512);
INSERT INTO related_crafted_from VALUES(2835,4),(2835,6),(2835,5277),(2835,5329),(2835,5337);
INSERT INTO related_crafted_from VALUES(2837,4),(2837,6),(2837,5277),(2837,5329),(2837,5337);
INSERT INTO related_crafted_from VALUES(2850,3),(2850,5),(2850,5074),(2850,5094),(2850,5285);
INSERT INTO related_crafted_from VALUES(2852,4),(2852,6),(2852,5066),(2852,5329),(2852,5337),(2852,5360);
INSERT INTO related_crafted_from VALUES(2854,4),(2854,6),(2854,5328),(2854,5337);
INSERT INTO related_crafted_from VALUES(2855,10),(2855,2702),(2855,5328);
INSERT INTO related_crafted_from VALUES(2857,2),(2857,4),(2857,5066),(2857,5087),(2857,5180),(2857,5512);
INSERT INTO related_crafted_from VALUES(2859,3),(2859,5),(2859,5059),(2859,5073),(2859,5074),(2859,5094);
INSERT INTO related_crafted_from VALUES(2861,3),(2861,5),(2861,5074),(2861,5094),(2861,5282);
INSERT INTO related_crafted_from VALUES(2862,4),(2862,5),(2862,5065),(2862,5094),(2862,5181),(2862,5285);
INSERT INTO related_crafted_from VALUES(2870,2),(2870,4),(2870,5066),(2870,5181);
INSERT INTO related_crafted_from VALUES(2872,2),(2872,4),(2872,5066),(2872,5182);
INSERT INTO related_crafted_from VALUES(2874,2),(2874,4),(2874,5066),(2874,5183);
INSERT INTO related_crafted_from VALUES(2876,2),(2876,4),(2876,5066),(2876,5184);
INSERT INTO related_crafted_from VALUES(2878,2),(2878,4),(2878,5066),(2878,5185);
INSERT INTO related_crafted_from VALUES(2880,2),(2880,4),(2880,5066),(2880,5186);
INSERT INTO related_crafted_from VALUES(2882,4),(2882,6),(2882,5282),(2882,5329),(2882,5337),(2882,5359);
INSERT INTO related_crafted_from VALUES(2884,3),(2884,5),(2884,5074),(2884,5084),(2884,5282);
INSERT INTO related_crafted_from VALUES(2886,4),(2886,6),(2886,5329),(2886,5337),(2886,5348),(2886,5359);
INSERT INTO related_crafted_from VALUES(2888,12),(2888,2759),(2888,5277),(2888,5320),(2888,5328);
INSERT INTO related_crafted_from VALUES(2889,3),(2889,5),(2889,5066),(2889,5074),(2889,5089);
INSERT INTO related_crafted_from VALUES(2891,4),(2891,6),(2891,5065),(2891,5329),(2891,5337),(2891,5359);
INSERT INTO related_crafted_from VALUES(2893,3),(2893,5),(2893,5059),(2893,5074),(2893,5094);
INSERT INTO related_crafted_from VALUES(2895,4),(2895,6),(2895,5066),(2895,5329),(2895,5336),(2895,5337);
INSERT INTO related_crafted_from VALUES(2911,9),(2911,11),(2911,5059),(2911,5074),(2911,5075),(2911,5094);
INSERT INTO related_crafted_from VALUES(2912,9),(2912,11),(2912,5075),(2912,5084);
INSERT INTO related_crafted_from VALUES(2913,10),(2913,12),(2913,5064),(2913,5328),(2913,5338),(2913,5359);
INSERT INTO related_crafted_from VALUES(2915,10),(2915,5064),(2915,5287),(2915,5320);
INSERT INTO related_crafted_from VALUES(2920,10),(2920,12),(2920,5328),(2920,5338),(2920,5414);
INSERT INTO related_crafted_from VALUES(2921,8),(2921,10),(2921,5061),(2921,5288),(2921,5328),(2921,5512);
INSERT INTO related_crafted_from VALUES(2922,9),(2922,11),(2922,5074),(2922,5075),(2922,5282),(2922,5288);
INSERT INTO related_crafted_from VALUES(2923,8),(2923,10),(2923,5068),(2923,5181),(2923,5186),(2923,5327);
INSERT INTO related_crafted_from VALUES(2924,10),(2924,11),(2924,5186),(2924,5288),(2924,5321);
INSERT INTO related_crafted_from VALUES(2925,10),(2925,12),(2925,5328),(2925,5338),(2925,5359);
INSERT INTO related_crafted_from VALUES(2926,8),(2926,10),(2926,5061),(2926,5068),(2926,5282),(2926,5512);
INSERT INTO related_crafted_from VALUES(2927,10),(2927,12),(2927,5068),(2927,5327),(2927,5329),(2927,5338);
INSERT INTO related_crafted_from VALUES(2928,9),(2928,11),(2928,5061),(2928,5068);
INSERT INTO related_crafted_from VALUES(2929,10),(2929,12),(2929,5064),(2929,5288),(2929,5328),(2929,5338);
INSERT INTO related_crafted_from VALUES(2930,10),(2930,11),(2930,2617),(2930,4900),(2930,5068),(2930,5288);
INSERT INTO related_crafted_from VALUES(2932,14),(2932,16),(2932,2931);
INSERT INTO related_crafted_from VALUES(2933,10),(2933,11),(2933,5068),(2933,5288),(2933,5322);
INSERT INTO related_crafted_from VALUES(2934,10),(2934,12),(2934,5068),(2934,5328),(2934,5338);
INSERT INTO related_crafted_from VALUES(2938,16),(2938,17),(2938,5183),(2938,5329);
INSERT INTO related_crafted_from VALUES(2939,16),(2939,17),(2939,5329),(2939,5336),(2939,5360);
INSERT INTO related_crafted_from VALUES(2940,15),(2940,17),(2940,5075),(2940,5085),(2940,5095);
INSERT INTO related_crafted_from VALUES(2941,16),(2941,18),(2941,5068),(2941,5338),(2941,5577);
INSERT INTO related_crafted_from VALUES(2942,16),(2942,18),(2942,5068),(2942,5338),(2942,5577);
INSERT INTO related_crafted_from VALUES(2958,4),(2958,6),(2958,5318),(2958,5324),(2958,5333);
INSERT INTO related_crafted_from VALUES(2959,4),(2959,6),(2959,5318),(2959,5324),(2959,5333);
INSERT INTO related_crafted_from VALUES(2960,4),(2960,6),(2960,5275),(2960,5324),(2960,5333);
INSERT INTO related_crafted_from VALUES(2961,4),(2961,6),(2961,5324),(2961,5333);
INSERT INTO related_crafted_from VALUES(2996,4),(2996,6),(2996,5324),(2996,5333);
INSERT INTO related_crafted_from VALUES(2997,4),(2997,6),(2997,5324),(2997,5333);
INSERT INTO related_crafted_from VALUES(2999,4),(2999,6),(2999,5275),(2999,5318),(2999,5324),(2999,5333);
INSERT INTO related_crafted_from VALUES(3000,4),(3000,6),(3000,5324),(3000,5333);
INSERT INTO related_crafted_from VALUES(3001,4),(3001,6),(3001,5062),(3001,5324),(3001,5333);
INSERT INTO related_crafted_from VALUES(3008,4),(3008,6),(3008,5324),(3008,5333),(3008,5341);
INSERT INTO related_crafted_from VALUES(3010,4),(3010,6),(3010,5324),(3010,5333);
INSERT INTO related_crafted_from VALUES(3011,3),(3011,5),(3011,5081),(3011,5324);
INSERT INTO related_crafted_from VALUES(3013,4),(3013,6),(3013,5062),(3013,5275),(3013,5324),(3013,5333);
INSERT INTO related_crafted_from VALUES(3014,4),(3014,6),(3014,5324),(3014,5333);
INSERT INTO related_crafted_from VALUES(3015,4),(3015,6),(3015,5324),(3015,5333),(3015,5351);
INSERT INTO related_crafted_from VALUES(3016,4),(3016,5),(3016,5276),(3016,5318);
INSERT INTO related_crafted_from VALUES(3017,4),(3017,5),(3017,5056),(3017,5275),(3017,5276);
INSERT INTO related_crafted_from VALUES(3018,4),(3018,6),(3018,5324),(3018,5333);
INSERT INTO related_crafted_from VALUES(3019,4),(3019,6),(3019,5062),(3019,5275),(3019,5324),(3019,5333);
INSERT INTO related_crafted_from VALUES(3020,4),(3020,6),(3020,5062),(3020,5275),(3020,5324),(3020,5333);
INSERT INTO related_crafted_from VALUES(3022,4),(3022,6),(3022,5276),(3022,5325),(3022,5334);
INSERT INTO related_crafted_from VALUES(3023,4),(3023,6),(3023,5063),(3023,5325),(3023,5334);
INSERT INTO related_crafted_from VALUES(3024,4),(3024,6),(3024,5324),(3024,5325),(3024,5334);
INSERT INTO related_crafted_from VALUES(3026,3),(3026,5),(3026,5071),(3026,5081);
INSERT INTO related_crafted_from VALUES(3028,4),(3028,6),(3028,5276),(3028,5318),(3028,5325),(3028,5334);
INSERT INTO related_crafted_from VALUES(3036,4),(3036,6),(3036,5319),(3036,5325),(3036,5334);
INSERT INTO related_crafted_from VALUES(3038,4),(3038,6),(3038,5319),(3038,5325),(3038,5334);
INSERT INTO related_crafted_from VALUES(3039,4),(3039,6),(3039,5325),(3039,5334),(3039,5355);
INSERT INTO related_crafted_from VALUES(3041,4),(3041,6),(3041,5325),(3041,5334);
INSERT INTO related_crafted_from VALUES(3043,4),(3043,5),(3043,5277),(3043,5319);
INSERT INTO related_crafted_from VALUES(3045,3),(3045,5),(3045,5072),(3045,5082);
INSERT INTO related_crafted_from VALUES(3050,4),(3050,6),(3050,5325),(3050,5334);
INSERT INTO related_crafted_from VALUES(3052,4),(3052,6),(3052,5063),(3052,5276),(3052,5325),(3052,5334);
INSERT INTO related_crafted_from VALUES(3053,4),(3053,6),(3053,5063),(3053,5276),(3053,5325),(3053,5334);
INSERT INTO related_crafted_from VALUES(3057,3),(3057,5),(3057,5064),(3057,5072),(3057,5277);
INSERT INTO related_crafted_from VALUES(3060,4),(3060,6),(3060,5276),(3060,5319),(3060,5325),(3060,5334);
INSERT INTO related_crafted_from VALUES(3062,4),(3062,6),(3062,5325),(3062,5335);
INSERT INTO related_crafted_from VALUES(3064,4),(3064,6),(3064,5063),(3064,5276),(3064,5325),(3064,5334);
INSERT INTO related_crafted_from VALUES(3065,4),(3065,6),(3065,5057),(3065,5326),(3065,5335),(3065,5343);
INSERT INTO related_crafted_from VALUES(3066,4),(3066,6),(3066,5277),(3066,5326),(3066,5335);
INSERT INTO related_crafted_from VALUES(3068,3),(3068,5),(3068,5063),(3068,5072);
INSERT INTO related_crafted_from VALUES(3076,12),(3076,3009),(3076,5057),(3076,5325),(3076,5334);
INSERT INTO related_crafted_from VALUES(3077,4),(3077,6),(3077,5064),(3077,5326),(3077,5335);
INSERT INTO related_crafted_from VALUES(3090,4),(3090,6),(3090,5326),(3090,5335);
INSERT INTO related_crafted_from VALUES(3092,4),(3092,6),(3092,5064),(3092,5326),(3092,5335);
INSERT INTO related_crafted_from VALUES(3096,3),(3096,5),(3096,5083),(3096,5326);
INSERT INTO related_crafted_from VALUES(3099,4),(3099,5),(3099,5057),(3099,5280),(3099,5325);
INSERT INTO related_crafted_from VALUES(3100,4),(3100,5),(3100,5277),(3100,5280),(3100,5320);
INSERT INTO related_crafted_from VALUES(3102,3),(3102,5),(3102,5063),(3102,5073),(3102,5082);
INSERT INTO related_crafted_from VALUES(3104,4),(3104,6),(3104,5064),(3104,5326),(3104,5335),(3104,5343);
INSERT INTO related_crafted_from VALUES(3105,10),(3105,2998),(3105,5063),(3105,5276),(3105,5325),(3105,5334);
INSERT INTO related_crafted_from VALUES(3106,4),(3106,6),(3106,5064),(3106,5326),(3106,5335);
INSERT INTO related_crafted_from VALUES(3118,3),(3118,5),(3118,5064),(3118,5073),(3118,5277);
INSERT INTO related_crafted_from VALUES(3120,4),(3120,6),(3120,5064),(3120,5277),(3120,5326),(3120,5335),(3120,5527);
INSERT INTO related_crafted_from VALUES(3121,4),(3121,6),(3121,5064),(3121,5277),(3121,5326),(3121,5335),(3121,5527);
INSERT INTO related_crafted_from VALUES(3125,4),(3125,6),(3125,5277),(3125,5327),(3125,5336);
INSERT INTO related_crafted_from VALUES(3127,3),(3127,5),(3127,5063),(3127,5073);
INSERT INTO related_crafted_from VALUES(3131,4),(3131,6),(3131,5327),(3131,5336),(3131,5465);
INSERT INTO related_crafted_from VALUES(3137,12),(3137,3012),(3137,5326),(3137,5327),(3137,5335);
INSERT INTO related_crafted_from VALUES(3138,4),(3138,5),(3138,5058),(3138,5277),(3138,5282);
INSERT INTO related_crafted_from VALUES(3140,4),(3140,6),(3140,5327),(3140,5336);
INSERT INTO related_crafted_from VALUES(3142,3),(3142,5),(3142,5058),(3142,5282),(3142,5436);
INSERT INTO related_crafted_from VALUES(3144,4),(3144,6),(3144,5066),(3144,5327),(3144,5336);
INSERT INTO related_crafted_from VALUES(3145,4),(3145,6),(3145,5066),(3145,5327),(3145,5336);
INSERT INTO related_crafted_from VALUES(3146,4),(3146,6),(3146,5277),(3146,5321),(3146,5327),(3146,5337);
INSERT INTO related_crafted_from VALUES(3147,4),(3147,6),(3147,5277),(3147,5328),(3147,5337);
INSERT INTO related_crafted_from VALUES(3149,3),(3149,5),(3149,5066),(3149,5079),(3149,5089);
INSERT INTO related_crafted_from VALUES(3160,4),(3160,6),(3160,5065),(3160,5328),(3160,5337);
INSERT INTO related_crafted_from VALUES(3162,4),(3162,6),(3162,5326),(3162,5327),(3162,5336),(3162,5517);
INSERT INTO related_crafted_from VALUES(3163,4),(3163,6),(3163,5058),(3163,5282),(3163,5327),(3163,5336);
INSERT INTO related_crafted_from VALUES(3164,9),(3164,3021),(3164,5072);
INSERT INTO related_crafted_from VALUES(3165,4),(3165,5),(3165,5065),(3165,5282),(3165,5284);
INSERT INTO related_crafted_from VALUES(3172,4),(3172,6),(3172,5277),(3172,5321),(3172,5328),(3172,5337);
INSERT INTO related_crafted_from VALUES(3174,3),(3174,5),(3174,5073),(3174,5089),(3174,5277),(3174,5328);
INSERT INTO related_crafted_from VALUES(3176,4),(3176,6),(3176,5065),(3176,5327),(3176,5328),(3176,5337);
INSERT INTO related_crafted_from VALUES(3177,4),(3177,5),(3177,5064),(3177,5282),(3177,5328);
INSERT INTO related_crafted_from VALUES(3178,4),(3178,6),(3178,5280),(3178,5321),(3178,5328),(3178,5337);
INSERT INTO related_crafted_from VALUES(3180,3),(3180,5),(3180,5066),(3180,5079);
INSERT INTO related_crafted_from VALUES(3182,12),(3182,3098),(3182,5064),(3182,5326),(3182,5327),(3182,5336);
INSERT INTO related_crafted_from VALUES(3183,3),(3183,5),(3183,5059),(3183,5282),(3183,5285),(3183,5458);
INSERT INTO related_crafted_from VALUES(3185,4),(3185,6),(3185,5066),(3185,5329),(3185,5337);
INSERT INTO related_crafted_from VALUES(3187,4),(3187,6),(3187,5327),(3187,5328),(3187,5337),(3187,5517);
INSERT INTO related_crafted_from VALUES(3188,4),(3188,6),(3188,5059),(3188,5285),(3188,5328),(3188,5337);
INSERT INTO related_crafted_from VALUES(3191,4),(3191,5),(3191,5059),(3191,5282),(3191,5285);
INSERT INTO related_crafted_from VALUES(3193,4),(3193,6),(3193,5327),(3193,5328),(3193,5337);
INSERT INTO related_crafted_from VALUES(3201,4),(3201,6),(3201,5282),(3201,5322),(3201,5329),(3201,5337);
INSERT INTO related_crafted_from VALUES(3203,3),(3203,5),(3203,5079),(3203,5084),(3203,5282),(3203,5329);
INSERT INTO related_crafted_from VALUES(3205,4),(3205,6),(3205,5059),(3205,5329),(3205,5337),(3205,5348);
INSERT INTO related_crafted_from VALUES(3206,4),(3206,5),(3206,5066),(3206,5282),(3206,5285),(3206,5329);
INSERT INTO related_crafted_from VALUES(3208,12),(3208,3108),(3208,5196),(3208,5282),(3208,5320),(3208,5336);
INSERT INTO related_crafted_from VALUES(3209,3),(3209,5),(3209,5066),(3209,5074),(3209,5089);
INSERT INTO related_crafted_from VALUES(3211,4),(3211,6),(3211,5282),(3211,5322),(3211,5329),(3211,5337);
INSERT INTO related_crafted_from VALUES(3213,4),(3213,5),(3213,5285),(3213,5322);
INSERT INTO related_crafted_from VALUES(3215,4),(3215,6),(3215,5066),(3215,5329),(3215,5336),(3215,5337);
INSERT INTO related_crafted_from VALUES(3218,11),(3218,3059),(3218,5082);
INSERT INTO related_crafted_from VALUES(3229,10),(3229,12),(3229,5328),(3229,5329),(3229,5338);
INSERT INTO related_crafted_from VALUES(3230,10),(3230,11),(3230,5061),(3230,5285),(3230,5288),(3230,5338);
INSERT INTO related_crafted_from VALUES(3231,10),(3231,12),(3231,5282),(3231,5329),(3231,5338);
INSERT INTO related_crafted_from VALUES(3232,10),(3232,12),(3232,5066),(3232,5183),(3232,5186),(3232,5329),(3232,5338);
INSERT INTO related_crafted_from VALUES(3233,10),(3233,11),(3233,5288),(3233,5328),(3233,5337),(3233,5338);
INSERT INTO related_crafted_from VALUES(3234,10),(3234,12),(3234,5068),(3234,5288),(3234,5328),(3234,5338);
INSERT INTO related_crafted_from VALUES(3235,10),(3235,12),(3235,5068),(3235,5328),(3235,5329),(3235,5338);
INSERT INTO related_crafted_from VALUES(3236,10),(3236,12),(3236,5061),(3236,5328),(3236,5329),(3236,5338);
INSERT INTO related_crafted_from VALUES(3237,10),(3237,11),(3237,5063),(3237,5288),(3237,5329),(3237,5337),(3237,5338);
INSERT INTO related_crafted_from VALUES(3238,10),(3238,11),(3238,5288),(3238,5328),(3238,5338);
INSERT INTO related_crafted_from VALUES(3239,10),(3239,11),(3239,5064),(3239,5288),(3239,5328),(3239,5329);
INSERT INTO related_crafted_from VALUES(3240,10),(3240,12),(3240,5066),(3240,5328),(3240,5338);
INSERT INTO related_crafted_from VALUES(3241,9),(3241,11),(3241,5075),(3241,5084);
INSERT INTO related_crafted_from VALUES(3242,10),(3242,11),(3242,5061),(3242,5282),(3242,5288);
INSERT INTO related_crafted_from VALUES(3243,9),(3243,5072),(3243,5437);
INSERT INTO related_crafted_from VALUES(3244,11),(3244,5064),(3244,5277),(3244,5286),(3244,5328);
INSERT INTO related_crafted_from VALUES(3249,10),(3249,12),(3249,5322),(3249,5328),(3249,5338);
INSERT INTO related_crafted_from VALUES(3256,15),(3256,17),(3256,5064),(3256,5068),(3256,5075),(3256,5585);
INSERT INTO related_crafted_from VALUES(3257,15),(3257,17),(3257,5085),(3257,5105),(3257,5288),(3257,5329);
INSERT INTO related_crafted_from VALUES(3258,16),(3258,17),(3258,5068),(3258,5290),(3258,5322),(3258,5329),(3258,5581);
INSERT INTO related_crafted_from VALUES(3259,16),(3259,17),(3259,5104),(3259,5321),(3259,5327),(3259,5329);
INSERT INTO related_crafted_from VALUES(3260,16),(3260,18),(3260,5064),(3260,5068),(3260,5338),(3260,5578);
INSERT INTO related_crafted_from VALUES(3261,16),(3261,18),(3261,5064),(3261,5068),(3261,5338),(3261,5578);
INSERT INTO related_crafted_from VALUES(3274,4),(3274,6),(3274,5275),(3274,5324),(3274,5333);
INSERT INTO related_crafted_from VALUES(3275,4),(3275,6),(3275,5275),(3275,5324),(3275,5333);
INSERT INTO related_crafted_from VALUES(3276,4),(3276,6),(3276,5275),(3276,5318),(3276,5324);
INSERT INTO related_crafted_from VALUES(3307,4),(3307,6),(3307,5324),(3307,5333);
INSERT INTO related_crafted_from VALUES(3308,4),(3308,6),(3308,5324),(3308,5333);
INSERT INTO related_crafted_from VALUES(3309,4),(3309,6),(3309,5324),(3309,5333);
INSERT INTO related_crafted_from VALUES(3310,4),(3310,5),(3310,5275),(3310,5324);
INSERT INTO related_crafted_from VALUES(3311,4),(3311,6),(3311,5275),(3311,5318),(3311,5324),(3311,5333);
INSERT INTO related_crafted_from VALUES(3312,4),(3312,6),(3312,5324),(3312,5333);
INSERT INTO related_crafted_from VALUES(3313,4),(3313,6),(3313,5062),(3313,5275),(3313,5324),(3313,5333);
INSERT INTO related_crafted_from VALUES(3314,4),(3314,6),(3314,5275),(3314,5324),(3314,5333);
INSERT INTO related_crafted_from VALUES(3315,4),(3315,6),(3315,5275),(3315,5318),(3315,5324);
INSERT INTO related_crafted_from VALUES(3316,4),(3316,6),(3316,5275),(3316,5324),(3316,5333);
INSERT INTO related_crafted_from VALUES(3317,4),(3317,6),(3317,5062),(3317,5324),(3317,5333);
INSERT INTO related_crafted_from VALUES(3318,4),(3318,6),(3318,5091),(3318,5275),(3318,5318),(3318,5324),(3318,5333);
INSERT INTO related_crafted_from VALUES(3319,4),(3319,5),(3319,5276),(3319,5324),(3319,5333);
INSERT INTO related_crafted_from VALUES(3320,4),(3320,6),(3320,5276),(3320,5318),(3320,5325);
INSERT INTO related_crafted_from VALUES(3321,4),(3321,6),(3321,5276),(3321,5319),(3321,5325),(3321,5334);
INSERT INTO related_crafted_from VALUES(3322,4),(3322,6),(3322,5324),(3322,5325),(3322,5334);
INSERT INTO related_crafted_from VALUES(3324,4),(3324,6),(3324,5325),(3324,5334);
INSERT INTO related_crafted_from VALUES(3325,4),(3325,6),(3325,5276),(3325,5319),(3325,5324),(3325,5334);
INSERT INTO related_crafted_from VALUES(3327,4),(3327,6),(3327,5325),(3327,5334);
INSERT INTO related_crafted_from VALUES(3332,4),(3332,6),(3332,5091),(3332,5275),(3332,5318),(3332,5325),(3332,5334);
INSERT INTO related_crafted_from VALUES(3334,4),(3334,6),(3334,5275),(3334,5325),(3334,5334);
INSERT INTO related_crafted_from VALUES(3336,4),(3336,6),(3336,5275),(3336,5325),(3336,5334);
INSERT INTO related_crafted_from VALUES(3337,4),(3337,5),(3337,5277),(3337,5319),(3337,5325),(3337,5334);
INSERT INTO related_crafted_from VALUES(3339,4),(3339,6),(3339,5092),(3339,5276),(3339,5318),(3339,5325),(3339,5334);
INSERT INTO related_crafted_from VALUES(3341,4),(3341,6),(3341,5319),(3341,5325),(3341,5334);
INSERT INTO related_crafted_from VALUES(3343,4),(3343,6),(3343,5276),(3343,5325),(3343,5334);
INSERT INTO related_crafted_from VALUES(3345,4),(3345,6),(3345,5057),(3345,5275),(3345,5325),(3345,5334);
INSERT INTO related_crafted_from VALUES(3347,4),(3347,5),(3347,5277),(3347,5325),(3347,5334);
INSERT INTO related_crafted_from VALUES(3348,4),(3348,6),(3348,5326),(3348,5335);
INSERT INTO related_crafted_from VALUES(3349,4),(3349,6),(3349,5277),(3349,5319),(3349,5326),(3349,5335);
INSERT INTO related_crafted_from VALUES(3351,4),(3351,6),(3351,5277),(3351,5319),(3351,5326),(3351,5335);
INSERT INTO related_crafted_from VALUES(3352,3),(3352,5),(3352,5057),(3352,5082),(3352,5277);
INSERT INTO related_crafted_from VALUES(3354,4),(3354,6),(3354,5277),(3354,5319),(3354,5326);
INSERT INTO related_crafted_from VALUES(3355,4),(3355,6),(3355,5326),(3355,5335);
INSERT INTO related_crafted_from VALUES(3363,4),(3363,6),(3363,5057),(3363,5326),(3363,5335);
INSERT INTO related_crafted_from VALUES(3365,4),(3365,6),(3365,5092),(3365,5277),(3365,5319),(3365,5326),(3365,5335);
INSERT INTO related_crafted_from VALUES(3367,4),(3367,5),(3367,5280),(3367,5320),(3367,5325),(3367,5334);
INSERT INTO related_crafted_from VALUES(3369,4),(3369,5),(3369,5280),(3369,5326);
INSERT INTO related_crafted_from VALUES(3370,4),(3370,6),(3370,5092),(3370,5280),(3370,5320),(3370,5326),(3370,5335);
INSERT INTO related_crafted_from VALUES(3372,4),(3372,6),(3372,5280),(3372,5326),(3372,5335);
INSERT INTO related_crafted_from VALUES(3377,4),(3377,5),(3377,5280),(3377,5326),(3377,5335);
INSERT INTO related_crafted_from VALUES(3379,4),(3379,6),(3379,5327),(3379,5336);
INSERT INTO related_crafted_from VALUES(3383,4),(3383,6),(3383,5277),(3383,5320),(3383,5327),(3383,5336);
INSERT INTO related_crafted_from VALUES(3385,4),(3385,6),(3385,5277),(3385,5320),(3385,5327),(3385,5336);
INSERT INTO related_crafted_from VALUES(3386,3),(3386,5),(3386,5058),(3386,5083),(3386,5282);
INSERT INTO related_crafted_from VALUES(3397,4),(3397,6),(3397,5327),(3397,5336);
INSERT INTO related_crafted_from VALUES(3399,4),(3399,6),(3399,5093),(3399,5280),(3399,5320),(3399,5327),(3399,5336);
INSERT INTO related_crafted_from VALUES(3402,4),(3402,5),(3402,5058),(3402,5282),(3402,5327);
INSERT INTO related_crafted_from VALUES(3404,4),(3404,6),(3404,5326),(3404,5327),(3404,5336);
INSERT INTO related_crafted_from VALUES(3405,4),(3405,5),(3405,5282),(3405,5327),(3405,5336);
INSERT INTO related_crafted_from VALUES(3406,10),(3406,3342),(3406,5336);
INSERT INTO related_crafted_from VALUES(3407,4),(3407,6),(3407,5282),(3407,5327),(3407,5336);
INSERT INTO related_crafted_from VALUES(3408,4),(3408,6),(3408,5277),(3408,5320),(3408,5328),(3408,5337);
INSERT INTO related_crafted_from VALUES(3410,4),(3410,6),(3410,5277),(3410,5320),(3410,5328),(3410,5337);
INSERT INTO related_crafted_from VALUES(3411,4),(3411,6),(3411,5093),(3411,5282),(3411,5320),(3411,5327),(3411,5336);
INSERT INTO related_crafted_from VALUES(3413,4),(3413,6),(3413,5328),(3413,5337);
INSERT INTO related_crafted_from VALUES(3415,4),(3415,6),(3415,5282),(3415,5327),(3415,5336);
INSERT INTO related_crafted_from VALUES(3416,4),(3416,5),(3416,5065),(3416,5284),(3416,5328);
INSERT INTO related_crafted_from VALUES(3421,4),(3421,6),(3421,5058),(3421,5282),(3421,5327),(3421,5328),(3421,5337);
INSERT INTO related_crafted_from VALUES(3423,4),(3423,5),(3423,5064),(3423,5282),(3423,5327);
INSERT INTO related_crafted_from VALUES(3425,4),(3425,6),(3425,5327),(3425,5328),(3425,5337);
INSERT INTO related_crafted_from VALUES(3426,4),(3426,5),(3426,5282),(3426,5328);
INSERT INTO related_crafted_from VALUES(3427,4),(3427,6),(3427,5099),(3427,5282),(3427,5322),(3427,5328),(3427,5337);
INSERT INTO related_crafted_from VALUES(3429,4),(3429,6),(3429,5280),(3429,5328),(3429,5335);
INSERT INTO related_crafted_from VALUES(3431,3),(3431,5),(3431,5065),(3431,5084),(3431,5285);
INSERT INTO related_crafted_from VALUES(3442,4),(3442,6),(3442,5285),(3442,5328),(3442,5337);
INSERT INTO related_crafted_from VALUES(3443,4),(3443,5),(3443,5285),(3443,5328),(3443,5337);
INSERT INTO related_crafted_from VALUES(3447,4),(3447,5),(3447,5059),(3447,5285),(3447,5329);
INSERT INTO related_crafted_from VALUES(3454,4),(3454,6),(3454,5065),(3454,5285),(3454,5328),(3454,5329),(3454,5337);
INSERT INTO related_crafted_from VALUES(3456,4),(3456,6),(3456,5328),(3456,5329),(3456,5337);
INSERT INTO related_crafted_from VALUES(3457,4),(3457,5),(3457,5285),(3457,5328);
INSERT INTO related_crafted_from VALUES(3467,4),(3467,6),(3467,5282),(3467,5329),(3467,5337);
INSERT INTO related_crafted_from VALUES(3469,4),(3469,6),(3469,5094),(3469,5285),(3469,5322),(3469,5328),(3469,5337);
INSERT INTO related_crafted_from VALUES(3471,4),(3471,5),(3471,5285),(3471,5322),(3471,5328),(3471,5337);
INSERT INTO related_crafted_from VALUES(3473,4),(3473,6),(3473,5094),(3473,5285),(3473,5322),(3473,5329),(3473,5337);
INSERT INTO related_crafted_from VALUES(3475,4),(3475,6),(3475,5066),(3475,5328),(3475,5329),(3475,5336),(3475,5337);
INSERT INTO related_crafted_from VALUES(3477,10),(3477,12),(3477,5095),(3477,5286),(3477,5322),(3477,5328),(3477,5338);
INSERT INTO related_crafted_from VALUES(3478,10),(3478,12),(3478,5328),(3478,5338);
INSERT INTO related_crafted_from VALUES(3479,10),(3479,11),(3479,5288),(3479,5328),(3479,5338);
INSERT INTO related_crafted_from VALUES(3481,10),(3481,11),(3481,5066),(3481,5288),(3481,5322);
INSERT INTO related_crafted_from VALUES(3482,10),(3482,12),(3482,5061),(3482,5329),(3482,5338);
INSERT INTO related_crafted_from VALUES(3483,10),(3483,12),(3483,5329),(3483,5338);
INSERT INTO related_crafted_from VALUES(3484,10),(3484,12),(3484,5329),(3484,5338);
INSERT INTO related_crafted_from VALUES(3485,10),(3485,12),(3485,5068),(3485,5329),(3485,5338);
INSERT INTO related_crafted_from VALUES(3486,10),(3486,12),(3486,5068),(3486,5328),(3486,5338);
INSERT INTO related_crafted_from VALUES(3487,10),(3487,12),(3487,5068),(3487,5288),(3487,5329);
INSERT INTO related_crafted_from VALUES(3488,10),(3488,12),(3488,5328),(3488,5329),(3488,5338);
INSERT INTO related_crafted_from VALUES(3489,10),(3489,11),(3489,5288),(3489,5329),(3489,5337);
INSERT INTO related_crafted_from VALUES(3490,10),(3490,12),(3490,5329),(3490,5338);
INSERT INTO related_crafted_from VALUES(3491,10),(3491,12),(3491,5288),(3491,5329),(3491,5338);
INSERT INTO related_crafted_from VALUES(3498,15),(3498,17),(3498,5064),(3498,5068),(3498,5075),(3498,5085),(3498,5587);
INSERT INTO related_crafted_from VALUES(3499,16),(3499,17),(3499,5290),(3499,5322),(3499,5329),(3499,5582);
INSERT INTO related_crafted_from VALUES(3500,16),(3500,17),(3500,5288),(3500,5321),(3500,5329);
INSERT INTO related_crafted_from VALUES(3501,16),(3501,18),(3501,5061),(3501,5288),(3501,5322),(3501,5338);
INSERT INTO related_crafted_from VALUES(3502,16),(3502,18),(3502,5288),(3502,5329),(3502,5338);
INSERT INTO related_crafted_from VALUES(3503,16),(3503,18),(3503,5288),(3503,5329),(3503,5338);
INSERT INTO related_crafted_from VALUES(3515,4),(3515,6),(3515,5324),(3515,5333);
INSERT INTO related_crafted_from VALUES(3516,4),(3516,5),(3516,5275),(3516,5318);
INSERT INTO related_crafted_from VALUES(3530,4),(3530,5),(3530,5091),(3530,5275);
INSERT INTO related_crafted_from VALUES(3531,4),(3531,5),(3531,5275),(3531,5318);
INSERT INTO related_crafted_from VALUES(3532,4),(3532,6),(3532,5324),(3532,5333),(3532,5341);
INSERT INTO related_crafted_from VALUES(3533,4),(3533,6),(3533,5324),(3533,5333);
INSERT INTO related_crafted_from VALUES(3534,4),(3534,5),(3534,5275),(3534,5318);
INSERT INTO related_crafted_from VALUES(3535,4),(3535,5),(3535,5056),(3535,5275),(3535,5333);
INSERT INTO related_crafted_from VALUES(3536,4),(3536,5),(3536,5276),(3536,5318);
INSERT INTO related_crafted_from VALUES(3537,4),(3537,5),(3537,5276),(3537,5319);
INSERT INTO related_crafted_from VALUES(3538,4),(3538,6),(3538,5324),(3538,5333);
INSERT INTO related_crafted_from VALUES(3539,4),(3539,6),(3539,5056),(3539,5276),(3539,5324);
INSERT INTO related_crafted_from VALUES(3540,3),(3540,5),(3540,5071),(3540,5091),(3540,5275);
INSERT INTO related_crafted_from VALUES(3541,4),(3541,5),(3541,5056),(3541,5091),(3541,5276);
INSERT INTO related_crafted_from VALUES(3542,4),(3542,5),(3542,5276),(3542,5319);
INSERT INTO related_crafted_from VALUES(3543,4),(3543,6),(3543,5325),(3543,5334);
INSERT INTO related_crafted_from VALUES(3544,3),(3544,5),(3544,5071),(3544,5092);
INSERT INTO related_crafted_from VALUES(3546,4),(3546,5),(3546,5092),(3546,5276);
INSERT INTO related_crafted_from VALUES(3547,4),(3547,5),(3547,5057),(3547,5276);
INSERT INTO related_crafted_from VALUES(3549,4),(3549,5),(3549,5277),(3549,5319);
INSERT INTO related_crafted_from VALUES(3550,3),(3550,5),(3550,3540),(3550,5063),(3550,5091),(3550,5275);
INSERT INTO related_crafted_from VALUES(3552,4),(3552,5),(3552,5277),(3552,5319);
INSERT INTO related_crafted_from VALUES(3557,3),(3557,5),(3557,5072),(3557,5277);
INSERT INTO related_crafted_from VALUES(3559,4),(3559,5),(3559,5092),(3559,5277);
INSERT INTO related_crafted_from VALUES(3561,4),(3561,6),(3561,5324),(3561,5325),(3561,5334),(3561,5343);
INSERT INTO related_crafted_from VALUES(3562,4),(3562,5),(3562,5277),(3562,5319);
INSERT INTO related_crafted_from VALUES(3563,3),(3563,5),(3563,5072),(3563,5082);
INSERT INTO related_crafted_from VALUES(3568,4),(3568,6),(3568,5325),(3568,5334);
INSERT INTO related_crafted_from VALUES(3570,4),(3570,6),(3570,5057),(3570,5276),(3570,5325);
INSERT INTO related_crafted_from VALUES(3572,4),(3572,5),(3572,5277),(3572,5319);
INSERT INTO related_crafted_from VALUES(3574,3),(3574,5),(3574,5057),(3574,5072),(3574,5277);
INSERT INTO related_crafted_from VALUES(3575,4),(3575,6),(3575,5326),(3575,5335);
INSERT INTO related_crafted_from VALUES(3576,4),(3576,5),(3576,5092),(3576,5277);
INSERT INTO related_crafted_from VALUES(3578,4),(3578,5),(3578,5092),(3578,5277);
INSERT INTO related_crafted_from VALUES(3579,3),(3579,5),(3579,5072),(3579,5082);
INSERT INTO related_crafted_from VALUES(3581,4),(3581,5),(3581,5058),(3581,5277);
INSERT INTO related_crafted_from VALUES(3583,4),(3583,6),(3583,5326),(3583,5335);
INSERT INTO related_crafted_from VALUES(3586,3),(3586,5),(3586,5073),(3586,5277);
INSERT INTO related_crafted_from VALUES(3597,4),(3597,5),(3597,5058),(3597,5093),(3597,5280);
INSERT INTO related_crafted_from VALUES(3599,3),(3599,5),(3599,5063),(3599,5073),(3599,5083),(3599,5280);
INSERT INTO related_crafted_from VALUES(3601,4),(3601,6),(3601,5326),(3601,5335),(3601,5343);
INSERT INTO related_crafted_from VALUES(3603,4),(3603,6),(3603,5326),(3603,5335);
INSERT INTO related_crafted_from VALUES(3605,3),(3605,5),(3605,5058),(3605,5073),(3605,5280);
INSERT INTO related_crafted_from VALUES(3607,4),(3607,6),(3607,5327),(3607,5336);
INSERT INTO related_crafted_from VALUES(3611,4),(3611,5),(3611,5093),(3611,5277),(3611,5282);
INSERT INTO related_crafted_from VALUES(3613,4),(3613,5),(3613,5093),(3613,5277),(3613,5282);
INSERT INTO related_crafted_from VALUES(3614,3),(3614,5),(3614,5073),(3614,5083);
INSERT INTO related_crafted_from VALUES(3616,4),(3616,5),(3616,5058),(3616,5282);
INSERT INTO related_crafted_from VALUES(3619,3),(3619,5),(3619,5072),(3619,5073),(3619,5093),(3619,5282);
INSERT INTO related_crafted_from VALUES(3621,4),(3621,6),(3621,5327),(3621,5336);
INSERT INTO related_crafted_from VALUES(3622,3),(3622,5),(3622,5073),(3622,5282),(3622,5435);
INSERT INTO related_crafted_from VALUES(3623,3),(3623,5),(3623,5079),(3623,5282),(3623,5284);
INSERT INTO related_crafted_from VALUES(3625,4),(3625,5),(3625,5093),(3625,5282),(3625,5284);
INSERT INTO related_crafted_from VALUES(3627,4),(3627,5),(3627,5093),(3627,5282),(3627,5284);
INSERT INTO related_crafted_from VALUES(3628,3),(3628,5),(3628,5079),(3628,5089);
INSERT INTO related_crafted_from VALUES(3639,4),(3639,5),(3639,5058),(3639,5282),(3639,5321);
INSERT INTO related_crafted_from VALUES(3640,4),(3640,6),(3640,5328),(3640,5337);
INSERT INTO related_crafted_from VALUES(3642,3),(3642,5),(3642,5073),(3642,5079),(3642,5099),(3642,5284);
INSERT INTO related_crafted_from VALUES(3645,4),(3645,6),(3645,5277),(3645,5282),(3645,5321),(3645,5328);
INSERT INTO related_crafted_from VALUES(3647,4),(3647,6),(3647,5065),(3647,5282),(3647,5328),(3647,5337);
INSERT INTO related_crafted_from VALUES(3648,4),(3648,6),(3648,5280),(3648,5328),(3648,5337),(3648,5343);
INSERT INTO related_crafted_from VALUES(3649,3),(3649,5),(3649,5079),(3649,5089);
INSERT INTO related_crafted_from VALUES(3651,4),(3651,5),(3651,5094),(3651,5282),(3651,5285);
INSERT INTO related_crafted_from VALUES(3653,4),(3653,5),(3653,5094),(3653,5282),(3653,5285);
INSERT INTO related_crafted_from VALUES(3654,3),(3654,5),(3654,5074),(3654,5282),(3654,5285);
INSERT INTO related_crafted_from VALUES(3656,4),(3656,5),(3656,3616),(3656,5066),(3656,5198);
INSERT INTO related_crafted_from VALUES(3658,4),(3658,5),(3658,3616),(3658,5066),(3658,5199);
INSERT INTO related_crafted_from VALUES(3660,4),(3660,5),(3660,3616),(3660,5066),(3660,5200);
INSERT INTO related_crafted_from VALUES(3662,4),(3662,5),(3662,3616),(3662,5066),(3662,5201);
INSERT INTO related_crafted_from VALUES(3664,4),(3664,5),(3664,3616),(3664,5066),(3664,5202);
INSERT INTO related_crafted_from VALUES(3666,4),(3666,5),(3666,3616),(3666,5066),(3666,5203);
INSERT INTO related_crafted_from VALUES(3668,4),(3668,5),(3668,5059),(3668,5285),(3668,5322);
INSERT INTO related_crafted_from VALUES(3669,3),(3669,5),(3669,5059),(3669,5074),(3669,5458);
INSERT INTO related_crafted_from VALUES(3670,3),(3670,5),(3670,5073),(3670,5074),(3670,5094),(3670,5285);
INSERT INTO related_crafted_from VALUES(3678,4),(3678,6),(3678,5282),(3678,5322),(3678,5329);
INSERT INTO related_crafted_from VALUES(3680,4),(3680,6),(3680,5066),(3680,5282),(3680,5329),(3680,5337);
INSERT INTO related_crafted_from VALUES(3681,4),(3681,6),(3681,5282),(3681,5329),(3681,5337),(3681,5343);
INSERT INTO related_crafted_from VALUES(3691,10),(3691,3602),(3691,5282),(3691,5320);
INSERT INTO related_crafted_from VALUES(3692,3),(3692,5),(3692,5066),(3692,5074),(3692,5084),(3692,5282);
INSERT INTO related_crafted_from VALUES(3694,4),(3694,5),(3694,5059),(3694,5094),(3694,5285);
INSERT INTO related_crafted_from VALUES(3696,4),(3696,6),(3696,5329),(3696,5337);
INSERT INTO related_crafted_from VALUES(3698,4),(3698,6),(3698,5329),(3698,5336),(3698,5337);
INSERT INTO related_crafted_from VALUES(3699,10),(3699,11),(3699,5061),(3699,5288),(3699,5337);
INSERT INTO related_crafted_from VALUES(3700,9),(3700,11),(3700,5075),(3700,5084),(3700,5288);
INSERT INTO related_crafted_from VALUES(3701,9),(3701,11),(3701,5074),(3701,5075),(3701,5094),(3701,5288);
INSERT INTO related_crafted_from VALUES(3706,10),(3706,11),(3706,5068),(3706,5288),(3706,5322);
INSERT INTO related_crafted_from VALUES(3707,10),(3707,11),(3707,5061),(3707,5288),(3707,5322);
INSERT INTO related_crafted_from VALUES(3708,10),(3708,11),(3708,5288),(3708,5329),(3708,5338);
INSERT INTO related_crafted_from VALUES(3709,10),(3709,11),(3709,5066),(3709,5288),(3709,5337);
INSERT INTO related_crafted_from VALUES(3710,10),(3710,11),(3710,5288),(3710,5322),(3710,5338);
INSERT INTO related_crafted_from VALUES(3711,10),(3711,11),(3711,5288),(3711,5338);
INSERT INTO related_crafted_from VALUES(3712,10),(3712,12),(3712,5329),(3712,5338);
INSERT INTO related_crafted_from VALUES(3713,10),(3713,12),(3713,5321),(3713,5328),(3713,5329),(3713,5338);
INSERT INTO related_crafted_from VALUES(3714,10),(3714,11),(3714,5288),(3714,5329),(3714,5338);
INSERT INTO related_crafted_from VALUES(3715,10),(3715,12),(3715,5321),(3715,5329),(3715,5338);
INSERT INTO related_crafted_from VALUES(3716,10),(3716,11),(3716,5064),(3716,5288),(3716,5338);
INSERT INTO related_crafted_from VALUES(3723,15),(3723,17),(3723,5064),(3723,5068),(3723,5075),(3723,5085),(3723,5586);
INSERT INTO related_crafted_from VALUES(3724,15),(3724,17),(3724,5061),(3724,5075);
INSERT INTO related_crafted_from VALUES(3725,16),(3725,17),(3725,5329),(3725,5338);
INSERT INTO related_crafted_from VALUES(3726,16),(3726,17),(3726,5068),(3726,5290),(3726,5322),(3726,5583);
INSERT INTO related_crafted_from VALUES(3727,16),(3727,18),(3727,5064),(3727,5068),(3727,5338),(3727,5579);
INSERT INTO related_crafted_from VALUES(3728,16),(3728,18),(3728,5064),(3728,5068),(3728,5338),(3728,5579);
INSERT INTO related_crafted_from VALUES(3740,4),(3740,5),(3740,5275),(3740,5324);
INSERT INTO related_crafted_from VALUES(3741,4),(3741,5),(3741,5275),(3741,5324);
INSERT INTO related_crafted_from VALUES(3742,3),(3742,4),(3742,5361);
INSERT INTO related_crafted_from VALUES(3761,4),(3761,5),(3761,5275),(3761,5318),(3761,5510);
INSERT INTO related_crafted_from VALUES(3762,4),(3762,5),(3762,5056),(3762,5275),(3762,5318),(3762,5510);
INSERT INTO related_crafted_from VALUES(3763,3),(3763,4),(3763,5275),(3763,5324),(3763,5361);
INSERT INTO related_crafted_from VALUES(3764,4),(3764,5),(3764,5275),(3764,5318),(3764,5361);
INSERT INTO related_crafted_from VALUES(3765,4),(3765,5),(3765,5275),(3765,5324);
INSERT INTO related_crafted_from VALUES(3766,4),(3766,5),(3766,5275),(3766,5318),(3766,5324),(3766,5510);
INSERT INTO related_crafted_from VALUES(3767,3),(3767,5),(3767,5071),(3767,5081),(3767,5275);
INSERT INTO related_crafted_from VALUES(3768,4),(3768,5),(3768,5276),(3768,5324),(3768,5510);
INSERT INTO related_crafted_from VALUES(3769,4),(3769,5),(3769,5276),(3769,5324);
INSERT INTO related_crafted_from VALUES(3770,4),(3770,5),(3770,5276),(3770,5319),(3770,5324),(3770,5510);
INSERT INTO related_crafted_from VALUES(3771,4),(3771,5),(3771,5276),(3771,5319),(3771,5510);
INSERT INTO related_crafted_from VALUES(3772,4),(3772,5),(3772,5091),(3772,5276),(3772,5319);
INSERT INTO related_crafted_from VALUES(3773,4),(3773,5),(3773,5276),(3773,5319),(3773,5364);
INSERT INTO related_crafted_from VALUES(3774,4),(3774,5),(3774,5276),(3774,5319),(3774,5367);
INSERT INTO related_crafted_from VALUES(3775,3),(3775,5),(3775,5071),(3775,5081),(3775,5276);
INSERT INTO related_crafted_from VALUES(3777,4),(3777,5),(3777,5276),(3777,5319),(3777,5324),(3777,5510);
INSERT INTO related_crafted_from VALUES(3779,3),(3779,4),(3779,5275),(3779,5324),(3779,5364);
INSERT INTO related_crafted_from VALUES(3780,4),(3780,5),(3780,5056),(3780,5276),(3780,5319),(3780,5510);
INSERT INTO related_crafted_from VALUES(3784,4),(3784,5),(3784,5277),(3784,5325);
INSERT INTO related_crafted_from VALUES(3788,4),(3788,5),(3788,3740),(3788,5275),(3788,5325);
INSERT INTO related_crafted_from VALUES(3790,4),(3790,5),(3790,3740),(3790,5275),(3790,5325);
INSERT INTO related_crafted_from VALUES(3791,4),(3791,5),(3791,5057),(3791,5277),(3791,5319);
INSERT INTO related_crafted_from VALUES(3793,3),(3793,5),(3793,5072),(3793,5081),(3793,5276);
INSERT INTO related_crafted_from VALUES(3795,4),(3795,5),(3795,5276),(3795,5277),(3795,5325),(3795,5510);
INSERT INTO related_crafted_from VALUES(3799,4),(3799,5),(3799,5277),(3799,5319),(3799,5367);
INSERT INTO related_crafted_from VALUES(3800,4),(3800,6),(3800,5325),(3800,5334),(3800,5510);
INSERT INTO related_crafted_from VALUES(3802,3),(3802,5),(3802,5057),(3802,5277),(3802,5319);
INSERT INTO related_crafted_from VALUES(3804,3),(3804,5),(3804,5057),(3804,5072),(3804,5277);
INSERT INTO related_crafted_from VALUES(3805,3),(3805,4),(3805,5276),(3805,5325),(3805,5367);
INSERT INTO related_crafted_from VALUES(3806,4),(3806,5),(3806,5277),(3806,5326);
INSERT INTO related_crafted_from VALUES(3808,4),(3808,5),(3808,5057),(3808,5277),(3808,5320),(3808,5510);
INSERT INTO related_crafted_from VALUES(3810,4),(3810,5),(3810,5057),(3810,5277),(3810,5320),(3810,5510);
INSERT INTO related_crafted_from VALUES(3821,4),(3821,5),(3821,5277),(3821,5320),(3821,5326),(3821,5510);
INSERT INTO related_crafted_from VALUES(3823,4),(3823,6),(3823,5064),(3823,5325),(3823,5326),(3823,5510);
INSERT INTO related_crafted_from VALUES(3825,3),(3825,5),(3825,5063),(3825,5073),(3825,5083),(3825,5280);
INSERT INTO related_crafted_from VALUES(3827,4),(3827,5),(3827,5058),(3827,5280),(3827,5320);
INSERT INTO related_crafted_from VALUES(3829,4),(3829,5),(3829,5280),(3829,5320),(3829,5326),(3829,5510);
INSERT INTO related_crafted_from VALUES(3831,4),(3831,6),(3831,5326),(3831,5335),(3831,5510);
INSERT INTO related_crafted_from VALUES(3833,3),(3833,5),(3833,5073),(3833,5277),(3833,5320);
INSERT INTO related_crafted_from VALUES(3835,3),(3835,5),(3835,5058),(3835,5073),(3835,5277);
INSERT INTO related_crafted_from VALUES(3837,3),(3837,4),(3837,5277),(3837,5326),(3837,5371);
INSERT INTO related_crafted_from VALUES(3841,4),(3841,5),(3841,5058),(3841,5282),(3841,5321),(3841,5510);
INSERT INTO related_crafted_from VALUES(3843,4),(3843,5),(3843,5058),(3843,5282),(3843,5321),(3843,5510);
INSERT INTO related_crafted_from VALUES(3844,4),(3844,5),(3844,5280),(3844,5327);
INSERT INTO related_crafted_from VALUES(3847,3),(3847,5),(3847,5073),(3847,5093),(3847,5282),(3847,5318);
INSERT INTO related_crafted_from VALUES(3849,4),(3849,6),(3849,5066),(3849,5326),(3849,5327),(3849,5510);
INSERT INTO related_crafted_from VALUES(3850,3),(3850,5),(3850,5058),(3850,5073),(3850,5435);
INSERT INTO related_crafted_from VALUES(3851,4),(3851,5),(3851,5065),(3851,5284),(3851,5321),(3851,5510);
INSERT INTO related_crafted_from VALUES(3853,4),(3853,5),(3853,5065),(3853,5284),(3853,5321),(3853,5510);
INSERT INTO related_crafted_from VALUES(3854,3),(3854,5),(3854,5079),(3854,5089),(3854,5282);
INSERT INTO related_crafted_from VALUES(3856,4),(3856,5),(3856,5282),(3856,5328);
INSERT INTO related_crafted_from VALUES(3858,3),(3858,5),(3858,5065),(3858,5079),(3858,5282),(3858,5321);
INSERT INTO related_crafted_from VALUES(3860,4),(3860,5),(3860,5280),(3860,5282),(3860,5327),(3860,5510);
INSERT INTO related_crafted_from VALUES(3861,3),(3861,5),(3861,5056),(3861,5079),(3861,5099),(3861,5284),(3861,5321);
INSERT INTO related_crafted_from VALUES(3866,4),(3866,5),(3866,5277),(3866,5282),(3866,5321),(3866,5510);
INSERT INTO related_crafted_from VALUES(3868,3),(3868,5),(3868,5079),(3868,5089),(3868,5277),(3868,5321);
INSERT INTO related_crafted_from VALUES(3870,3),(3870,4),(3870,5282),(3870,5328),(3870,5373);
INSERT INTO related_crafted_from VALUES(3871,4),(3871,5),(3871,5282),(3871,5321),(3871,5327),(3871,5510);
INSERT INTO related_crafted_from VALUES(3881,4),(3881,6),(3881,5328),(3881,5337),(3881,5510);
INSERT INTO related_crafted_from VALUES(3883,3),(3883,5),(3883,5059),(3883,5074),(3883,5285),(3883,5322);
INSERT INTO related_crafted_from VALUES(3885,4),(3885,5),(3885,5282),(3885,5285),(3885,5327),(3885,5510);
INSERT INTO related_crafted_from VALUES(3886,3),(3886,5),(3886,5059),(3886,5074),(3886,5458);
INSERT INTO related_crafted_from VALUES(3887,3),(3887,5),(3887,5063),(3887,5074),(3887,5094),(3887,5285),(3887,5322);
INSERT INTO related_crafted_from VALUES(3904,4),(3904,5),(3904,5282),(3904,5322),(3904,5510);
INSERT INTO related_crafted_from VALUES(3906,3),(3906,5),(3906,5074),(3906,5084),(3906,5282),(3906,5322);
INSERT INTO related_crafted_from VALUES(3908,3),(3908,4),(3908,5282),(3908,5329),(3908,5374);
INSERT INTO related_crafted_from VALUES(3909,4),(3909,5),(3909,5285),(3909,5322),(3909,5327),(3909,5510);
INSERT INTO related_crafted_from VALUES(3911,11),(3911,3830),(3911,5092),(3911,5285),(3911,5320),(3911,5510);
INSERT INTO related_crafted_from VALUES(3912,3),(3912,5),(3912,5066),(3912,5074),(3912,5084),(3912,5282);
INSERT INTO related_crafted_from VALUES(3914,4),(3914,6),(3914,5329),(3914,5337),(3914,5510);
INSERT INTO related_crafted_from VALUES(3916,4),(3916,5),(3916,5065),(3916,5285),(3916,5322);
INSERT INTO related_crafted_from VALUES(3918,4),(3918,6),(3918,5329),(3918,5336),(3918,5337),(3918,5510);
INSERT INTO related_crafted_from VALUES(3920,10),(3920,11),(3920,5288),(3920,5328);
INSERT INTO related_crafted_from VALUES(3921,9),(3921,11),(3921,5075),(3921,5084),(3921,5288);
INSERT INTO related_crafted_from VALUES(3922,10),(3922,11),(3922,5095),(3922,5288),(3922,5322);
INSERT INTO related_crafted_from VALUES(3927,10),(3927,11),(3927,5288),(3927,5338),(3927,5510);
INSERT INTO related_crafted_from VALUES(3928,9),(3928,11),(3928,5061),(3928,5288),(3928,5321);
INSERT INTO related_crafted_from VALUES(3929,10),(3929,11),(3929,5061),(3929,5288),(3929,5322);
INSERT INTO related_crafted_from VALUES(3930,10),(3930,11),(3930,5066),(3930,5288),(3930,5337),(3930,5510);
INSERT INTO related_crafted_from VALUES(3931,10),(3931,11),(3931,5288),(3931,5338),(3931,5510);
INSERT INTO related_crafted_from VALUES(3932,10),(3932,11),(3932,5288),(3932,5337),(3932,5510);
INSERT INTO related_crafted_from VALUES(3933,10),(3933,11),(3933,5288),(3933,5321),(3933,5510);
INSERT INTO related_crafted_from VALUES(3934,10),(3934,11),(3934,5066),(3934,5288),(3934,5510);
INSERT INTO related_crafted_from VALUES(3935,10),(3935,11),(3935,5061),(3935,5288),(3935,5329);
INSERT INTO related_crafted_from VALUES(3936,10),(3936,11),(3936,5288),(3936,5321),(3936,5329);
INSERT INTO related_crafted_from VALUES(3937,10),(3937,11),(3937,5064),(3937,5288),(3937,5329),(3937,5338);
INSERT INTO related_crafted_from VALUES(3943,15),(3943,17),(3943,5075),(3943,5085);
INSERT INTO related_crafted_from VALUES(3944,16),(3944,17),(3944,5068),(3944,5290),(3944,5322),(3944,5584);
INSERT INTO related_crafted_from VALUES(3945,16),(3945,17),(3945,5288),(3945,5321);
INSERT INTO related_crafted_from VALUES(3946,16),(3946,18),(3946,5068),(3946,5338),(3946,5510),(3946,5580);
INSERT INTO related_crafted_from VALUES(3947,15),(3947,16),(3947,5285),(3947,5329),(3947,5533);
INSERT INTO related_crafted_from VALUES(3959,4),(3959,5),(3959,5056),(3959,5275);
INSERT INTO related_crafted_from VALUES(3960,4),(3960,5),(3960,5056),(3960,5275);
INSERT INTO related_crafted_from VALUES(3962,4),(3962,5),(3962,5056),(3962,5275),(3962,5318);
INSERT INTO related_crafted_from VALUES(3963,4),(3963,6),(3963,5324);
INSERT INTO related_crafted_from VALUES(3965,4),(3965,5),(3965,5056),(3965,5276),(3965,5324);
INSERT INTO related_crafted_from VALUES(3966,4),(3966,5),(3966,5056),(3966,5276);
INSERT INTO related_crafted_from VALUES(3967,4),(3967,5),(3967,5062),(3967,5275),(3967,5276);
INSERT INTO related_crafted_from VALUES(3968,4),(3968,5),(3968,5062),(3968,5276),(3968,5333);
INSERT INTO related_crafted_from VALUES(3969,4),(3969,6),(3969,5325),(3969,5333);
INSERT INTO related_crafted_from VALUES(3970,4),(3970,5),(3970,5057),(3970,5276);
INSERT INTO related_crafted_from VALUES(3972,3),(3972,5),(3972,5071),(3972,5276);
INSERT INTO related_crafted_from VALUES(3974,4),(3974,6),(3974,5342);
INSERT INTO related_crafted_from VALUES(3979,4),(3979,5),(3979,5063),(3979,5276);
INSERT INTO related_crafted_from VALUES(3980,4),(3980,5),(3980,5057),(3980,5276),(3980,5319);
INSERT INTO related_crafted_from VALUES(3982,4),(3982,5),(3982,5092),(3982,5277);
INSERT INTO related_crafted_from VALUES(3983,4),(3983,5),(3983,5057),(3983,5277),(3983,5319);
INSERT INTO related_crafted_from VALUES(3985,3),(3985,5),(3985,5072),(3985,5277);
INSERT INTO related_crafted_from VALUES(3987,4),(3987,6),(3987,5325),(3987,5334);
INSERT INTO related_crafted_from VALUES(3989,4),(3989,5),(3989,5057),(3989,5277);
INSERT INTO related_crafted_from VALUES(3991,4),(3991,5),(3991,5057),(3991,5277);
INSERT INTO related_crafted_from VALUES(3996,4),(3996,6),(3996,5326),(3996,5334);
INSERT INTO related_crafted_from VALUES(3998,3),(3998,5),(3998,5072),(3998,5277);
INSERT INTO related_crafted_from VALUES(4000,12),(4000,3961),(4000,5057),(4000,5325),(4000,5334);
INSERT INTO related_crafted_from VALUES(4001,4),(4001,6),(4001,5326);
INSERT INTO related_crafted_from VALUES(4003,4),(4003,5),(4003,5058),(4003,5277),(4003,5280);
INSERT INTO related_crafted_from VALUES(4005,4),(4005,5),(4005,5057),(4005,5280),(4005,5325);
INSERT INTO related_crafted_from VALUES(4006,4),(4006,6),(4006,5064),(4006,5326),(4006,5335);
INSERT INTO related_crafted_from VALUES(4007,3),(4007,5),(4007,5073),(4007,5277);
INSERT INTO related_crafted_from VALUES(4009,3),(4009,5),(4009,5073),(4009,5282);
INSERT INTO related_crafted_from VALUES(4011,4),(4011,5),(4011,5058),(4011,5280),(4011,5320);
INSERT INTO related_crafted_from VALUES(4013,4),(4013,6),(4013,5326),(4013,5335);
INSERT INTO related_crafted_from VALUES(4015,11),(4015,3971),(4015,5282);
INSERT INTO related_crafted_from VALUES(4016,4),(4016,5),(4016,5058),(4016,5280),(4016,5321);
INSERT INTO related_crafted_from VALUES(4018,11),(4018,3964),(4018,5282);
INSERT INTO related_crafted_from VALUES(4022,4),(4022,5),(4022,5064),(4022,5282),(4022,5336);
INSERT INTO related_crafted_from VALUES(4024,3),(4024,5),(4024,5073),(4024,5277);
INSERT INTO related_crafted_from VALUES(4030,4),(4030,6),(4030,5327),(4030,5334);
INSERT INTO related_crafted_from VALUES(4032,4),(4032,5),(4032,5065),(4032,5282);
INSERT INTO related_crafted_from VALUES(4033,4),(4033,6),(4033,5066),(4033,5327),(4033,5336);
INSERT INTO related_crafted_from VALUES(4034,3),(4034,5),(4034,5079),(4034,5284);
INSERT INTO related_crafted_from VALUES(4036,4),(4036,6),(4036,5328),(4036,5337);
INSERT INTO related_crafted_from VALUES(4038,4),(4038,5),(4038,5099),(4038,5282);
INSERT INTO related_crafted_from VALUES(4039,4),(4039,5),(4039,5065),(4039,5282),(4039,5284);
INSERT INTO related_crafted_from VALUES(4044,4),(4044,5),(4044,5064),(4044,5282),(4044,5327);
INSERT INTO related_crafted_from VALUES(4045,4),(4045,5),(4045,5065),(4045,5282),(4045,5321);
INSERT INTO related_crafted_from VALUES(4047,3),(4047,5),(4047,5079),(4047,5284);
INSERT INTO related_crafted_from VALUES(4049,4),(4049,5),(4049,5066),(4049,5285),(4049,5337);
INSERT INTO related_crafted_from VALUES(4051,4),(4051,5),(4051,5059),(4051,5285),(4051,5337),(4051,5371);
INSERT INTO related_crafted_from VALUES(4052,4),(4052,5),(4052,5059),(4052,5284),(4052,5321);
INSERT INTO related_crafted_from VALUES(4056,4),(4056,5),(4056,5064),(4056,5282),(4056,5285),(4056,5329);
INSERT INTO related_crafted_from VALUES(4057,4),(4057,5),(4057,5065),(4057,5285);
INSERT INTO related_crafted_from VALUES(4059,3),(4059,5),(4059,5074),(4059,5282);
INSERT INTO related_crafted_from VALUES(4061,4),(4061,5),(4061,5059),(4061,5285),(4061,5322);
INSERT INTO related_crafted_from VALUES(4063,4),(4063,6),(4063,5329),(4063,5337);
INSERT INTO related_crafted_from VALUES(4067,10),(4067,11),(4067,5061),(4067,5288),(4067,5322);
INSERT INTO related_crafted_from VALUES(4075,15),(4075,17),(4075,5075),(4075,5288);
INSERT INTO related_crafted_from VALUES(4076,16),(4076,17),(4076,5061),(4076,5321);
INSERT INTO related_crafted_from VALUES(4077,16),(4077,17),(4077,5061),(4077,5094);
INSERT INTO related_crafted_from VALUES(4078,16),(4078,18),(4078,5338),(4078,5340);
INSERT INTO related_crafted_from VALUES(4079,16),(4079,18),(4079,5338),(4079,5340);
INSERT INTO related_crafted_from VALUES(4091,2),(4091,4),(4091,5062),(4091,5086);
INSERT INTO related_crafted_from VALUES(4092,4),(4092,5),(4092,5275),(4092,5432),(4092,5503);
INSERT INTO related_crafted_from VALUES(4093,2),(4093,4),(4093,5433);
INSERT INTO related_crafted_from VALUES(4094,2),(4094,4),(4094,5063),(4094,5087);
INSERT INTO related_crafted_from VALUES(4095,2),(4095,4),(4095,5063),(4095,5087);
INSERT INTO related_crafted_from VALUES(4097,4),(4097,5),(4097,5276),(4097,5460),(4097,5504);
INSERT INTO related_crafted_from VALUES(4099,4),(4099,5),(4099,5276),(4099,5460),(4099,5504);
INSERT INTO related_crafted_from VALUES(4100,2),(4100,4),(4100,5460);
INSERT INTO related_crafted_from VALUES(4103,2),(4103,4),(4103,5064),(4103,5088);
INSERT INTO related_crafted_from VALUES(4105,2),(4105,4),(4105,5064),(4105,5088);
INSERT INTO related_crafted_from VALUES(4106,4),(4106,5),(4106,5277),(4106,5460),(4106,5504);
INSERT INTO related_crafted_from VALUES(4108,4),(4108,5),(4108,5277),(4108,5460),(4108,5504);
INSERT INTO related_crafted_from VALUES(4109,2),(4109,4),(4109,5064),(4109,5169);
INSERT INTO related_crafted_from VALUES(4111,2),(4111,4),(4111,5064),(4111,5170);
INSERT INTO related_crafted_from VALUES(4113,2),(4113,4),(4113,5064),(4113,5171);
INSERT INTO related_crafted_from VALUES(4115,2),(4115,4),(4115,5064),(4115,5172);
INSERT INTO related_crafted_from VALUES(4117,2),(4117,4),(4117,5064),(4117,5173);
INSERT INTO related_crafted_from VALUES(4119,2),(4119,4),(4119,5064),(4119,5174);
INSERT INTO related_crafted_from VALUES(4121,2),(4121,4),(4121,5436);
INSERT INTO related_crafted_from VALUES(4124,2),(4124,4),(4124,5065),(4124,5089);
INSERT INTO related_crafted_from VALUES(4126,2),(4126,4),(4126,5065),(4126,5089);
INSERT INTO related_crafted_from VALUES(4130,4),(4130,5),(4130,5282),(4130,5461),(4130,5505);
INSERT INTO related_crafted_from VALUES(4132,4),(4132,5),(4132,5282),(4132,5461),(4132,5505);
INSERT INTO related_crafted_from VALUES(4133,2),(4133,4),(4133,5065),(4133,5175);
INSERT INTO related_crafted_from VALUES(4135,2),(4135,4),(4135,5065),(4135,5176);
INSERT INTO related_crafted_from VALUES(4137,2),(4137,4),(4137,5065),(4137,5177);
INSERT INTO related_crafted_from VALUES(4139,2),(4139,4),(4139,5065),(4139,5178);
INSERT INTO related_crafted_from VALUES(4141,2),(4141,4),(4141,5065),(4141,5179);
INSERT INTO related_crafted_from VALUES(4143,2),(4143,4),(4143,5065),(4143,5180);
INSERT INTO related_crafted_from VALUES(4145,2),(4145,4),(4145,5065),(4145,5193);
INSERT INTO related_crafted_from VALUES(4147,2),(4147,4),(4147,5462);
INSERT INTO related_crafted_from VALUES(4150,2),(4150,4),(4150,5066),(4150,5090);
INSERT INTO related_crafted_from VALUES(4152,2),(4152,4),(4152,5066),(4152,5090);
INSERT INTO related_crafted_from VALUES(4153,4),(4153,5),(4153,5285),(4153,5462),(4153,5505);
INSERT INTO related_crafted_from VALUES(4155,4),(4155,5),(4155,5285),(4155,5462),(4155,5505);
INSERT INTO related_crafted_from VALUES(4156,2),(4156,4),(4156,5066),(4156,5181);
INSERT INTO related_crafted_from VALUES(4158,2),(4158,4),(4158,5066),(4158,5182);
INSERT INTO related_crafted_from VALUES(4160,2),(4160,4),(4160,5066),(4160,5183);
INSERT INTO related_crafted_from VALUES(4162,2),(4162,4),(4162,5066),(4162,5184);
INSERT INTO related_crafted_from VALUES(4164,2),(4164,4),(4164,5066),(4164,5185);
INSERT INTO related_crafted_from VALUES(4166,2),(4166,4),(4166,5066),(4166,5186);
INSERT INTO related_crafted_from VALUES(4168,2),(4168,4),(4168,5066),(4168,5194);
INSERT INTO related_crafted_from VALUES(4170,2),(4170,4),(4170,5458);
INSERT INTO related_crafted_from VALUES(4172,8),(4172,10),(4172,5068),(4172,5262);
INSERT INTO related_crafted_from VALUES(4173,8),(4173,10),(4173,5068);
INSERT INTO related_crafted_from VALUES(4174,8),(4174,10),(4174,5068);
INSERT INTO related_crafted_from VALUES(4181,16),(4181,17),(4181,5061),(4181,5505);
INSERT INTO related_crafted_from VALUES(4182,14),(4182,16),(4182,5204),(4182,5262);
INSERT INTO related_crafted_from VALUES(4183,14),(4183,16),(4183,5068);
INSERT INTO related_crafted_from VALUES(4197,2),(4197,4),(4197,5062),(4197,5258);
INSERT INTO related_crafted_from VALUES(4198,2),(4198,4),(4198,5062),(4198,5258);
INSERT INTO related_crafted_from VALUES(4204,2),(4204,4),(4204,5063),(4204,5276),(4204,5442);
INSERT INTO related_crafted_from VALUES(4205,2),(4205,4),(4205,5063),(4205,5258);
INSERT INTO related_crafted_from VALUES(4209,2),(4209,4),(4209,5063),(4209,5258);
INSERT INTO related_crafted_from VALUES(4211,2),(4211,4),(4211,5064),(4211,5277),(4211,5435);
INSERT INTO related_crafted_from VALUES(4213,2),(4213,4),(4213,5064),(4213,5259);
INSERT INTO related_crafted_from VALUES(4214,2),(4214,4),(4214,5064),(4214,5169);
INSERT INTO related_crafted_from VALUES(4216,2),(4216,4),(4216,5064),(4216,5170);
INSERT INTO related_crafted_from VALUES(4218,2),(4218,4),(4218,5064),(4218,5171);
INSERT INTO related_crafted_from VALUES(4220,2),(4220,4),(4220,5064),(4220,5172);
INSERT INTO related_crafted_from VALUES(4222,2),(4222,4),(4222,5064),(4222,5173);
INSERT INTO related_crafted_from VALUES(4224,2),(4224,4),(4224,5064),(4224,5174);
INSERT INTO related_crafted_from VALUES(4226,2),(4226,4),(4226,5064),(4226,5260);
INSERT INTO related_crafted_from VALUES(4231,2),(4231,4),(4231,5065),(4231,5282),(4231,5444);
INSERT INTO related_crafted_from VALUES(4232,2),(4232,4),(4232,5065),(4232,5260);
INSERT INTO related_crafted_from VALUES(4233,2),(4233,4),(4233,5065),(4233,5175);
INSERT INTO related_crafted_from VALUES(4235,2),(4235,4),(4235,5065),(4235,5176);
INSERT INTO related_crafted_from VALUES(4237,2),(4237,4),(4237,5065),(4237,5177);
INSERT INTO related_crafted_from VALUES(4239,2),(4239,4),(4239,5065),(4239,5178);
INSERT INTO related_crafted_from VALUES(4241,2),(4241,4),(4241,5065),(4241,5179);
INSERT INTO related_crafted_from VALUES(4243,2),(4243,4),(4243,5065),(4243,5180);
INSERT INTO related_crafted_from VALUES(4245,2),(4245,4),(4245,5065),(4245,5193);
INSERT INTO related_crafted_from VALUES(4247,2),(4247,4),(4247,5065),(4247,5262);
INSERT INTO related_crafted_from VALUES(4254,2),(4254,4),(4254,5066),(4254,5282),(4254,5462);
INSERT INTO related_crafted_from VALUES(4255,2),(4255,4),(4255,5066),(4255,5262);
INSERT INTO related_crafted_from VALUES(4258,2),(4258,4),(4258,5066),(4258,5181);
INSERT INTO related_crafted_from VALUES(4260,2),(4260,4),(4260,5066),(4260,5182);
INSERT INTO related_crafted_from VALUES(4262,2),(4262,4),(4262,5066),(4262,5183);
INSERT INTO related_crafted_from VALUES(4264,2),(4264,4),(4264,5066),(4264,5184);
INSERT INTO related_crafted_from VALUES(4266,2),(4266,4),(4266,5066),(4266,5185);
INSERT INTO related_crafted_from VALUES(4268,2),(4268,4),(4268,5066),(4268,5186);
INSERT INTO related_crafted_from VALUES(4270,2),(4270,4),(4270,5066),(4270,5194);
INSERT INTO related_crafted_from VALUES(4272,2),(4272,4),(4272,5066),(4272,5262);
INSERT INTO related_crafted_from VALUES(4277,8),(4277,10),(4277,5068),(4277,5262);
INSERT INTO related_crafted_from VALUES(4284,14),(4284,16),(4284,5068),(4284,5075),(4284,5588);
INSERT INTO related_crafted_from VALUES(4285,14),(4285,16),(4285,5068),(4285,5075),(4285,5588);
INSERT INTO related_crafted_from VALUES(4286,14),(4286,16),(4286,5068),(4286,5262);
INSERT INTO related_crafted_from VALUES(4304,4),(4304,5),(4304,5275),(4304,5318);
INSERT INTO related_crafted_from VALUES(4305,2),(4305,4),(4305,5062),(4305,5275);
INSERT INTO related_crafted_from VALUES(4306,2),(4306,4),(4306,5086),(4306,5433);
INSERT INTO related_crafted_from VALUES(4307,2),(4307,4),(4307,5062),(4307,5276);
INSERT INTO related_crafted_from VALUES(4308,4),(4308,5),(4308,5276),(4308,5319);
INSERT INTO related_crafted_from VALUES(4309,2),(4309,4),(4309,5063),(4309,5276);
INSERT INTO related_crafted_from VALUES(4311,2),(4311,4),(4311,5334),(4311,5442);
INSERT INTO related_crafted_from VALUES(4313,2),(4313,4),(4313,5063),(4313,5276);
INSERT INTO related_crafted_from VALUES(4314,4),(4314,5),(4314,5277),(4314,5320);
INSERT INTO related_crafted_from VALUES(4315,2),(4315,4),(4315,5064),(4315,5277);
INSERT INTO related_crafted_from VALUES(4317,2),(4317,4),(4317,5335),(4317,5435);
INSERT INTO related_crafted_from VALUES(4320,2),(4320,4),(4320,5064),(4320,5169);
INSERT INTO related_crafted_from VALUES(4322,2),(4322,4),(4322,5064),(4322,5170);
INSERT INTO related_crafted_from VALUES(4324,2),(4324,4),(4324,5064),(4324,5171);
INSERT INTO related_crafted_from VALUES(4326,2),(4326,4),(4326,5064),(4326,5172);
INSERT INTO related_crafted_from VALUES(4328,2),(4328,4),(4328,5064),(4328,5173);
INSERT INTO related_crafted_from VALUES(4330,2),(4330,4),(4330,5064),(4330,5174);
INSERT INTO related_crafted_from VALUES(4332,2),(4332,4),(4332,5064),(4332,5277);
INSERT INTO related_crafted_from VALUES(4333,4),(4333,5),(4333,5282),(4333,5321);
INSERT INTO related_crafted_from VALUES(4335,2),(4335,4),(4335,5065),(4335,5280);
INSERT INTO related_crafted_from VALUES(4337,2),(4337,4),(4337,5336),(4337,5444);
INSERT INTO related_crafted_from VALUES(4339,2),(4339,4),(4339,5065),(4339,5175);
INSERT INTO related_crafted_from VALUES(4341,2),(4341,4),(4341,5065),(4341,5176);
INSERT INTO related_crafted_from VALUES(4343,2),(4343,4),(4343,5065),(4343,5177);
INSERT INTO related_crafted_from VALUES(4345,2),(4345,4),(4345,5065),(4345,5178);
INSERT INTO related_crafted_from VALUES(4347,2),(4347,4),(4347,5065),(4347,5179);
INSERT INTO related_crafted_from VALUES(4349,2),(4349,4),(4349,5065),(4349,5180);
INSERT INTO related_crafted_from VALUES(4351,2),(4351,4),(4351,5065),(4351,5193);
INSERT INTO related_crafted_from VALUES(4353,2),(4353,4),(4353,5065),(4353,5280);
INSERT INTO related_crafted_from VALUES(4360,4),(4360,5),(4360,5285),(4360,5322);
INSERT INTO related_crafted_from VALUES(4361,2),(4361,4),(4361,5066),(4361,5284);
INSERT INTO related_crafted_from VALUES(4363,2),(4363,4),(4363,5337),(4363,5462);
INSERT INTO related_crafted_from VALUES(4365,2),(4365,4),(4365,5066),(4365,5181);
INSERT INTO related_crafted_from VALUES(4367,2),(4367,4),(4367,5066),(4367,5182);
INSERT INTO related_crafted_from VALUES(4369,2),(4369,4),(4369,5066),(4369,5183);
INSERT INTO related_crafted_from VALUES(4371,2),(4371,4),(4371,5066),(4371,5184);
INSERT INTO related_crafted_from VALUES(4373,2),(4373,4),(4373,5066),(4373,5185);
INSERT INTO related_crafted_from VALUES(4375,2),(4375,4),(4375,5066),(4375,5186);
INSERT INTO related_crafted_from VALUES(4377,2),(4377,4),(4377,5066),(4377,5194);
INSERT INTO related_crafted_from VALUES(4379,2),(4379,4),(4379,5066),(4379,5285);
INSERT INTO related_crafted_from VALUES(4380,10),(4380,11),(4380,5288),(4380,5322);
INSERT INTO related_crafted_from VALUES(4381,8),(4381,10),(4381,5068),(4381,5288);
INSERT INTO related_crafted_from VALUES(4388,16),(4388,17),(4388,5288),(4388,5321);
INSERT INTO related_crafted_from VALUES(4389,14),(4389,16),(4389,5204),(4389,5288);
INSERT INTO related_crafted_from VALUES(4390,14),(4390,16),(4390,5068),(4390,5288);
INSERT INTO related_crafted_from VALUES(4421,2),(4421,4),(4421,5258),(4421,5432);
INSERT INTO related_crafted_from VALUES(4422,2),(4422,4),(4422,5062),(4422,5258);
INSERT INTO related_crafted_from VALUES(4430,2),(4430,4),(4430,5063),(4430,5258);
INSERT INTO related_crafted_from VALUES(4431,2),(4431,4),(4431,5063),(4431,5258);
INSERT INTO related_crafted_from VALUES(4433,2),(4433,4),(4433,5259),(4433,5460);
INSERT INTO related_crafted_from VALUES(4435,4),(4435,5),(4435,5277),(4435,5334);
INSERT INTO related_crafted_from VALUES(4439,2),(4439,4),(4439,5064),(4439,5259);
INSERT INTO related_crafted_from VALUES(4440,2),(4440,4),(4440,5064),(4440,5259);
INSERT INTO related_crafted_from VALUES(4442,2),(4442,4),(4442,5064),(4442,5169);
INSERT INTO related_crafted_from VALUES(4444,2),(4444,4),(4444,5064),(4444,5170);
INSERT INTO related_crafted_from VALUES(4446,2),(4446,4),(4446,5064),(4446,5171);
INSERT INTO related_crafted_from VALUES(4448,2),(4448,4),(4448,5064),(4448,5172);
INSERT INTO related_crafted_from VALUES(4450,2),(4450,4),(4450,5064),(4450,5173);
INSERT INTO related_crafted_from VALUES(4452,2),(4452,4),(4452,5064),(4452,5174);
INSERT INTO related_crafted_from VALUES(4454,2),(4454,4),(4454,5260),(4454,5436);
INSERT INTO related_crafted_from VALUES(4456,4),(4456,5),(4456,5280),(4456,5335);
INSERT INTO related_crafted_from VALUES(4465,2),(4465,4),(4465,5065),(4465,5260);
INSERT INTO related_crafted_from VALUES(4467,2),(4467,4),(4467,5065),(4467,5260);
INSERT INTO related_crafted_from VALUES(4468,2),(4468,4),(4468,5065),(4468,5175);
INSERT INTO related_crafted_from VALUES(4470,2),(4470,4),(4470,5065),(4470,5176);
INSERT INTO related_crafted_from VALUES(4472,2),(4472,4),(4472,5065),(4472,5177);
INSERT INTO related_crafted_from VALUES(4474,2),(4474,4),(4474,5065),(4474,5178);
INSERT INTO related_crafted_from VALUES(4476,2),(4476,4),(4476,5065),(4476,5179);
INSERT INTO related_crafted_from VALUES(4478,2),(4478,4),(4478,5065),(4478,5180);
INSERT INTO related_crafted_from VALUES(4480,2),(4480,4),(4480,5065),(4480,5193);
INSERT INTO related_crafted_from VALUES(4482,4),(4482,5),(4482,5282),(4482,5337);
INSERT INTO related_crafted_from VALUES(4485,2),(4485,4),(4485,5262),(4485,5462);
INSERT INTO related_crafted_from VALUES(4497,2),(4497,4),(4497,5066),(4497,5262);
INSERT INTO related_crafted_from VALUES(4501,2),(4501,4),(4501,5066),(4501,5262);
INSERT INTO related_crafted_from VALUES(4502,2),(4502,4),(4502,5066),(4502,5181);
INSERT INTO related_crafted_from VALUES(4504,2),(4504,4),(4504,5066),(4504,5182);
INSERT INTO related_crafted_from VALUES(4506,2),(4506,4),(4506,5066),(4506,5183);
INSERT INTO related_crafted_from VALUES(4508,2),(4508,4),(4508,5066),(4508,5184);
INSERT INTO related_crafted_from VALUES(4510,2),(4510,4),(4510,5066),(4510,5185);
INSERT INTO related_crafted_from VALUES(4512,2),(4512,4),(4512,5066),(4512,5186);
INSERT INTO related_crafted_from VALUES(4514,2),(4514,4),(4514,5066),(4514,5194);
INSERT INTO related_crafted_from VALUES(4516,4),(4516,5),(4516,5285),(4516,5322);
INSERT INTO related_crafted_from VALUES(4526,16),(4526,17),(4526,5288),(4526,5338);
INSERT INTO related_crafted_from VALUES(4527,14),(4527,16),(4527,5204),(4527,5262);
INSERT INTO related_crafted_from VALUES(4528,14),(4528,16),(4528,5068),(4528,5262);
INSERT INTO related_crafted_from VALUES(4556,6),(4556,7),(4556,5487),(4556,5535);
INSERT INTO related_crafted_from VALUES(4557,6),(4557,7),(4557,4840),(4557,5487),(4557,5536);
INSERT INTO related_crafted_from VALUES(4558,18),(4558,19),(4558,4840),(4558,5537),(4558,6154);
INSERT INTO related_crafted_from VALUES(4560,18),(4560,19),(4560,5473),(4560,5499),(4560,5502),(4560,5537);
INSERT INTO related_crafted_from VALUES(4564,6),(4564,7),(4564,5518),(4564,5560);
INSERT INTO related_crafted_from VALUES(4565,6),(4565,7),(4565,5518),(4565,5538);
INSERT INTO related_crafted_from VALUES(4566,6),(4566,7),(4566,4832),(4566,5518);
INSERT INTO related_crafted_from VALUES(4567,6),(4567,7),(4567,4843),(4567,5518),(4567,5549);
INSERT INTO related_crafted_from VALUES(4568,6),(4568,7),(4568,5444),(4568,5518);
INSERT INTO related_crafted_from VALUES(4569,6),(4569,7),(4569,5066),(4569,5494),(4569,5553);
INSERT INTO related_crafted_from VALUES(4574,6),(4574,7),(4574,5489),(4574,5556),(4574,5560);
INSERT INTO related_crafted_from VALUES(4575,6),(4575,7),(4575,5442),(4575,5489),(4575,5551);
INSERT INTO related_crafted_from VALUES(4576,6),(4576,7),(4576,4886),(4576,5489),(4576,5551);
INSERT INTO related_crafted_from VALUES(4577,6),(4577,7),(4577,5483),(4577,5489),(4577,5548);
INSERT INTO related_crafted_from VALUES(4578,6),(4578,7),(4578,5483),(4578,5489),(4578,5556);
INSERT INTO related_crafted_from VALUES(4579,6),(4579,7),(4579,5489),(4579,5497),(4579,5554);
INSERT INTO related_crafted_from VALUES(4580,6),(4580,7),(4580,5489),(4580,5549),(4580,5554);
INSERT INTO related_crafted_from VALUES(4581,6),(4581,7),(4581,5489),(4581,5554),(4581,5562);
INSERT INTO related_crafted_from VALUES(4582,6),(4582,7),(4582,5489),(4582,5541),(4582,5554);
INSERT INTO related_crafted_from VALUES(4583,6),(4583,7),(4583,5489),(4583,5554);
INSERT INTO related_crafted_from VALUES(4584,6),(4584,7),(4584,5489),(4584,5555),(4584,5558);
INSERT INTO related_crafted_from VALUES(4585,6),(4585,7),(4585,5489),(4585,5497),(4585,5555);
INSERT INTO related_crafted_from VALUES(4586,6),(4586,7),(4586,5054),(4586,5489),(4586,5555);
INSERT INTO related_crafted_from VALUES(4587,6),(4587,7),(4587,4843),(4587,5489),(4587,5555);
INSERT INTO related_crafted_from VALUES(4588,6),(4588,7),(4588,5489),(4588,5555),(4588,5564);
INSERT INTO related_crafted_from VALUES(4594,6),(4594,7),(4594,5454),(4594,5518),(4594,5563);
INSERT INTO related_crafted_from VALUES(4595,6),(4595,7),(4595,5442),(4595,5518);
INSERT INTO related_crafted_from VALUES(4596,6),(4596,7),(4596,5446),(4596,5518);
INSERT INTO related_crafted_from VALUES(4597,6),(4597,7),(4597,5492),(4597,5518),(4597,5548);
INSERT INTO related_crafted_from VALUES(4598,6),(4598,7),(4598,5495),(4598,5518),(4598,5557);
INSERT INTO related_crafted_from VALUES(4599,6),(4599,7),(4599,4796),(4599,5455),(4599,5518);
INSERT INTO related_crafted_from VALUES(4600,6),(4600,7),(4600,5493),(4600,5518),(4600,5541);
INSERT INTO related_crafted_from VALUES(4601,6),(4601,7),(4601,5499),(4601,5518),(4601,5550);
INSERT INTO related_crafted_from VALUES(4602,6),(4602,7),(4602,5499),(4602,5518);
INSERT INTO related_crafted_from VALUES(4603,6),(4603,7),(4603,5499),(4603,5518),(4603,5559);
INSERT INTO related_crafted_from VALUES(4604,6),(4604,7),(4604,4845),(4604,5486),(4604,5518);
INSERT INTO related_crafted_from VALUES(4605,6),(4605,7),(4605,5054),(4605,5494),(4605,5518);
INSERT INTO related_crafted_from VALUES(4606,6),(4606,7),(4606,5518),(4606,5526),(4606,5558);
INSERT INTO related_crafted_from VALUES(4607,6),(4607,7),(4607,5447),(4607,5518),(4607,5564);
INSERT INTO related_crafted_from VALUES(4608,6),(4608,7),(4608,5455),(4608,5518),(4608,5553);
INSERT INTO related_crafted_from VALUES(4609,6),(4609,7),(4609,5486),(4609,5537),(4609,6152);
INSERT INTO related_crafted_from VALUES(4610,6),(4610,7),(4610,5054),(4610,5537),(4610,6152);
INSERT INTO related_crafted_from VALUES(4611,6),(4611,7),(4611,5526),(4611,5537),(4611,6152);
INSERT INTO related_crafted_from VALUES(4612,6),(4612,7),(4612,5537),(4612,5564),(4612,6152);
INSERT INTO related_crafted_from VALUES(4613,6),(4613,7),(4613,5537),(4613,5558),(4613,6152);
INSERT INTO related_crafted_from VALUES(4614,6),(4614,7),(4614,5169),(4614,5518),(4614,5549);
INSERT INTO related_crafted_from VALUES(4615,6),(4615,7),(4615,5170),(4615,5518),(4615,5549);
INSERT INTO related_crafted_from VALUES(4616,6),(4616,7),(4616,5171),(4616,5518),(4616,5549);
INSERT INTO related_crafted_from VALUES(4617,6),(4617,7),(4617,5172),(4617,5518),(4617,5549);
INSERT INTO related_crafted_from VALUES(4618,6),(4618,7),(4618,5173),(4618,5518),(4618,5549);
INSERT INTO related_crafted_from VALUES(4619,6),(4619,7),(4619,5174),(4619,5518),(4619,5549);
INSERT INTO related_crafted_from VALUES(4620,6),(4620,7),(4620,4840),(4620,5134),(4620,5518);
INSERT INTO related_crafted_from VALUES(4621,6),(4621,7),(4621,4840),(4621,5135),(4621,5518);
INSERT INTO related_crafted_from VALUES(4622,6),(4622,7),(4622,4840),(4622,5136),(4622,5518);
INSERT INTO related_crafted_from VALUES(4623,6),(4623,7),(4623,4840),(4623,5137),(4623,5518);
INSERT INTO related_crafted_from VALUES(4624,6),(4624,7),(4624,4840),(4624,5138),(4624,5518);
INSERT INTO related_crafted_from VALUES(4625,6),(4625,7),(4625,4840),(4625,5139),(4625,5518);
INSERT INTO related_crafted_from VALUES(4626,18),(4626,19),(4626,5140),(4626,5546),(4626,6152);
INSERT INTO related_crafted_from VALUES(4627,18),(4627,19),(4627,5141),(4627,5546),(4627,6152);
INSERT INTO related_crafted_from VALUES(4628,18),(4628,19),(4628,5142),(4628,5546),(4628,6152);
INSERT INTO related_crafted_from VALUES(4629,18),(4629,19),(4629,5143),(4629,5546),(4629,6152);
INSERT INTO related_crafted_from VALUES(4630,18),(4630,19),(4630,5144),(4630,5546),(4630,6152);
INSERT INTO related_crafted_from VALUES(4631,18),(4631,19),(4631,5145),(4631,5546),(4631,6152);
INSERT INTO related_crafted_from VALUES(4639,2),(4639,7),(4639,4758);
INSERT INTO related_crafted_from VALUES(4640,2),(4640,7),(4640,4760),(4640,4847);
INSERT INTO related_crafted_from VALUES(4641,2),(4641,7),(4641,4696),(4641,4761),(4641,4772),(4641,4865);
INSERT INTO related_crafted_from VALUES(4642,2),(4642,7),(4642,4760),(4642,4780),(4642,4847);
INSERT INTO related_crafted_from VALUES(4643,2),(4643,7),(4643,4765),(4643,4847);
INSERT INTO related_crafted_from VALUES(4644,2),(4644,7),(4644,4766),(4644,4847);
INSERT INTO related_crafted_from VALUES(4645,2),(4645,7),(4645,4767),(4645,4847),(4645,4857);
INSERT INTO related_crafted_from VALUES(4646,2),(4646,7),(4646,4768),(4646,4844),(4646,4845),(4646,4847);
INSERT INTO related_crafted_from VALUES(4647,2),(4647,7),(4647,4769),(4647,4839),(4647,4859),(4647,4862);
INSERT INTO related_crafted_from VALUES(4650,2),(4650,7),(4650,4751),(4650,4772);
INSERT INTO related_crafted_from VALUES(4651,2),(4651,7),(4651,4752),(4651,4773),(4651,4784),(4651,4847),(4651,4853),(4651,4865);
INSERT INTO related_crafted_from VALUES(4652,2),(4652,7),(4652,4751),(4652,4773),(4652,4847);
INSERT INTO related_crafted_from VALUES(4653,2),(4653,7),(4653,4751),(4653,4774),(4653,4847),(4653,4853);
INSERT INTO related_crafted_from VALUES(4654,2),(4654,7),(4654,4754),(4654,4774),(4654,4798),(4654,4847);
INSERT INTO related_crafted_from VALUES(4655,2),(4655,7),(4655,4775),(4655,4784),(4655,4898);
INSERT INTO related_crafted_from VALUES(4656,14),(4656,19),(4656,4751),(4656,4775),(4656,4800),(4656,4847),(4656,4852),(4656,4853);
INSERT INTO related_crafted_from VALUES(4657,2),(4657,7),(4657,4795),(4657,4847),(4657,4853),(4657,4932);
INSERT INTO related_crafted_from VALUES(4658,2),(4658,7),(4658,4826),(4658,4853),(4658,5050),(4658,5051);
INSERT INTO related_crafted_from VALUES(4659,2),(4659,7),(4659,4751),(4659,4847),(4659,4933);
INSERT INTO related_crafted_from VALUES(4660,2),(4660,7),(4660,4847),(4660,4930);
INSERT INTO related_crafted_from VALUES(4661,2),(4661,7),(4661,4847),(4661,4936);
INSERT INTO related_crafted_from VALUES(4662,2),(4662,7),(4662,4784),(4662,4826),(4662,4853),(4662,4949);
INSERT INTO related_crafted_from VALUES(4663,2),(4663,7),(4663,4840),(4663,4847),(4663,4982);
INSERT INTO related_crafted_from VALUES(4664,2),(4664,7),(4664,4791),(4664,4856),(4664,4863),(4664,4997);
INSERT INTO related_crafted_from VALUES(4665,14),(4665,19),(4665,4826),(4665,4838),(4665,5050),(4665,5055);
INSERT INTO related_crafted_from VALUES(4666,2),(4666,7),(4666,4847),(4666,4879);
INSERT INTO related_crafted_from VALUES(4667,2),(4667,7),(4667,4881);
INSERT INTO related_crafted_from VALUES(4668,2),(4668,7),(4668,4857),(4668,4891);
INSERT INTO related_crafted_from VALUES(4669,2),(4669,7),(4669,4783),(4669,4796),(4669,4847),(4669,4892);
INSERT INTO related_crafted_from VALUES(4670,2),(4670,7),(4670,4847),(4670,4857),(4670,4871),(4670,4896);
INSERT INTO related_crafted_from VALUES(4671,2),(4671,7),(4671,4666),(4671,4775),(4671,4826),(4671,4841),(4671,4844),(4671,4856);
INSERT INTO related_crafted_from VALUES(4672,8),(4672,13),(4672,4826),(4672,4847),(4672,4857),(4672,4915);
INSERT INTO related_crafted_from VALUES(4673,2),(4673,7),(4673,4751),(4673,4759),(4673,4826);
INSERT INTO related_crafted_from VALUES(4674,2),(4674,7),(4674,4805),(4674,4820),(4674,4834),(4674,4857),(4674,4862);
INSERT INTO related_crafted_from VALUES(4675,2),(4675,7),(4675,4765),(4675,4826);
INSERT INTO related_crafted_from VALUES(4676,2),(4676,7),(4676,4770),(4676,4826),(4676,4852),(4676,4867);
INSERT INTO related_crafted_from VALUES(4677,2),(4677,7),(4677,4780),(4677,4792),(4677,4839),(4677,4858);
INSERT INTO related_crafted_from VALUES(4678,2),(4678,7),(4678,4751),(4678,4768),(4678,4826),(4678,4862);
INSERT INTO related_crafted_from VALUES(4679,2),(4679,7),(4679,4769),(4679,4844),(4679,4852);
INSERT INTO related_crafted_from VALUES(4681,2),(4681,7),(4681,4751),(4681,4779),(4681,4849),(4681,5515);
INSERT INTO related_crafted_from VALUES(4682,2),(4682,7),(4682,4751),(4682,4781),(4682,4783),(4682,4818),(4682,4857);
INSERT INTO related_crafted_from VALUES(4683,2),(4683,7),(4683,4755),(4683,4786),(4683,4847);
INSERT INTO related_crafted_from VALUES(4684,2),(4684,7),(4684,4751),(4684,4783),(4684,4797),(4684,4847),(4684,4853);
INSERT INTO related_crafted_from VALUES(4685,2),(4685,7),(4685,4755),(4685,4813),(4685,4847),(4685,4857),(4685,4860);
INSERT INTO related_crafted_from VALUES(4686,2),(4686,7),(4686,4751),(4686,4838),(4686,4839),(4686,4847);
INSERT INTO related_crafted_from VALUES(4687,2),(4687,7),(4687,4702),(4687,4755),(4687,4771),(4687,4793),(4687,4852);
INSERT INTO related_crafted_from VALUES(4688,8),(4688,13),(4688,4847),(4688,4857),(4688,5549);
INSERT INTO related_crafted_from VALUES(4689,2),(4689,7),(4689,4795),(4689,4853);
INSERT INTO related_crafted_from VALUES(4690,2),(4690,7),(4690,4764),(4690,4796),(4690,4847),(4690,4853);
INSERT INTO related_crafted_from VALUES(4691,2),(4691,7),(4691,4780),(4691,4790),(4691,4797),(4691,4847),(4691,4858);
INSERT INTO related_crafted_from VALUES(4692,2),(4692,7),(4692,4767),(4692,4795),(4692,4796),(4692,4826),(4692,4847);
INSERT INTO related_crafted_from VALUES(4693,2),(4693,7),(4693,4797),(4693,4845),(4693,4847),(4693,4857);
INSERT INTO related_crafted_from VALUES(4694,2),(4694,7),(4694,4780),(4694,4797),(4694,4843),(4694,4847),(4694,4865);
INSERT INTO related_crafted_from VALUES(4695,14),(4695,19),(4695,4754),(4695,4800),(4695,4819);
INSERT INTO related_crafted_from VALUES(4696,2),(4696,7),(4696,4751),(4696,4825),(4696,4847);
INSERT INTO related_crafted_from VALUES(4697,2),(4697,7),(4697,4753),(4697,4806),(4697,4826),(4697,4847),(4697,4848),(4697,4853);
INSERT INTO related_crafted_from VALUES(4698,2),(4698,7),(4698,4751),(4698,4752),(4698,4772),(4698,4826),(4698,4850),(4698,4853);
INSERT INTO related_crafted_from VALUES(4699,2),(4699,7),(4699,4751),(4699,4772),(4699,4826),(4699,4847),(4699,4848),(4699,4853);
INSERT INTO related_crafted_from VALUES(4700,2),(4700,7),(4700,4751),(4700,4753),(4700,4772),(4700,4826),(4700,4827),(4700,4857);
INSERT INTO related_crafted_from VALUES(4701,2),(4701,7),(4701,4751),(4701,4807),(4701,4825),(4701,4847);
INSERT INTO related_crafted_from VALUES(4702,2),(4702,7),(4702,4751),(4702,4772),(4702,4825),(4702,4850);
INSERT INTO related_crafted_from VALUES(4703,2),(4703,7),(4703,4697),(4703,4753),(4703,4775),(4703,4849),(4703,4853),(4703,4857);
INSERT INTO related_crafted_from VALUES(4704,14),(4704,19),(4704,4697),(4704,4775),(4704,4853),(4704,6152);
INSERT INTO related_crafted_from VALUES(4708,2),(4708,7),(4708,4758),(4708,4861);
INSERT INTO related_crafted_from VALUES(4709,2),(4709,7),(4709,4772),(4709,4828),(4709,4848),(4709,4853),(4709,4861);
INSERT INTO related_crafted_from VALUES(4710,2),(4710,7),(4710,4765),(4710,4853);
INSERT INTO related_crafted_from VALUES(4711,2),(4711,7),(4711,4831),(4711,4853),(4711,4861),(4711,4958);
INSERT INTO related_crafted_from VALUES(4712,2),(4712,7),(4712,4848),(4712,4853),(4712,4861),(4712,4863),(4712,5522);
INSERT INTO related_crafted_from VALUES(4713,2),(4713,7),(4713,4828),(4713,4848),(4713,4861),(4713,5590);
INSERT INTO related_crafted_from VALUES(4714,8),(4714,13),(4714,4757),(4714,4847),(4714,4861);
INSERT INTO related_crafted_from VALUES(4715,2),(4715,7),(4715,4756),(4715,4769),(4715,4775),(4715,4844),(4715,4861);
INSERT INTO related_crafted_from VALUES(4716,2),(4716,7),(4716,4728),(4716,4752),(4716,4824),(4716,4828),(4716,4850);
INSERT INTO related_crafted_from VALUES(4717,2),(4717,7),(4717,4751),(4717,4847),(4717,5228);
INSERT INTO related_crafted_from VALUES(4718,2),(4718,7),(4718,4751),(4718,4760),(4718,4822),(4718,4847);
INSERT INTO related_crafted_from VALUES(4719,2),(4719,7),(4719,4751),(4719,4791),(4719,4852),(4719,4853),(4719,4867);
INSERT INTO related_crafted_from VALUES(4720,2),(4720,7),(4720,4780),(4720,4784),(4720,4844),(4720,4853),(4720,4891);
INSERT INTO related_crafted_from VALUES(4721,8),(4721,13),(4721,4843),(4721,4857),(4721,4871),(4721,4881),(4721,4884);
INSERT INTO related_crafted_from VALUES(4722,2),(4722,7),(4722,4754),(4722,4852),(4722,4853);
INSERT INTO related_crafted_from VALUES(4723,2),(4723,7),(4723,4754),(4723,4781),(4723,4819);
INSERT INTO related_crafted_from VALUES(4724,2),(4724,7),(4724,4756),(4724,4773),(4724,4849),(4724,6149);
INSERT INTO related_crafted_from VALUES(4725,8),(4725,13),(4725,4757),(4725,4852),(4725,4863);
INSERT INTO related_crafted_from VALUES(4726,2),(4726,7),(4726,4752),(4726,4834);
INSERT INTO related_crafted_from VALUES(4727,2),(4727,7),(4727,6149);
INSERT INTO related_crafted_from VALUES(4728,2);
INSERT INTO related_crafted_from VALUES(4730,2),(4730,7);
INSERT INTO related_crafted_from VALUES(4731,2),(4731,7),(4731,4772),(4731,4826),(4731,4848),(4731,4853),(4731,5522);
INSERT INTO related_crafted_from VALUES(4732,2),(4732,7),(4732,4753),(4732,4826),(4732,4847),(4732,4849),(4732,4853),(4732,5522);
INSERT INTO related_crafted_from VALUES(4733,2),(4733,7),(4733,4728),(4733,4843),(4733,4847),(4733,4861);
INSERT INTO related_crafted_from VALUES(4734,14),(4734,19),(4734,4775),(4734,4826),(4734,4849),(4734,6149);
INSERT INTO related_crafted_from VALUES(4735,2),(4735,7),(4735,4753),(4735,4848),(4735,4854),(4735,4855);
INSERT INTO related_crafted_from VALUES(4736,2),(4736,7),(4736,4752),(4736,4848),(4736,4854);
INSERT INTO related_crafted_from VALUES(4745,2),(4745,7);
INSERT INTO related_crafted_from VALUES(4746,2),(4746,7),(4746,6145);
INSERT INTO related_crafted_from VALUES(4747,2),(4747,7);
INSERT INTO related_crafted_from VALUES(4748,14),(4748,19);
INSERT INTO related_crafted_from VALUES(4749,2),(4749,7),(4749,4751),(4749,4850);
INSERT INTO related_crafted_from VALUES(4750,2),(4750,7),(4750,4751),(4750,4828),(4750,4831),(4750,4846);
INSERT INTO related_crafted_from VALUES(4754,2),(4754,4752),(4754,4859);
INSERT INTO related_crafted_from VALUES(4756,2),(4756,4852),(4756,6149);
INSERT INTO related_crafted_from VALUES(4757,2),(4757,6149);
INSERT INTO related_crafted_from VALUES(4825,2),(4825,4823);
INSERT INTO related_crafted_from VALUES(4826,2),(4826,4824);
INSERT INTO related_crafted_from VALUES(4827,2);
INSERT INTO related_crafted_from VALUES(4847,2),(4847,5487),(4847,5518);
INSERT INTO related_crafted_from VALUES(4848,2),(4848,4849);
INSERT INTO related_crafted_from VALUES(4849,2),(4849,5498);
INSERT INTO related_crafted_from VALUES(4850,2),(4850,5516);
INSERT INTO related_crafted_from VALUES(4852,2),(4852,4753);
INSERT INTO related_crafted_from VALUES(4853,2),(4853,4753);
INSERT INTO related_crafted_from VALUES(4854,2),(4854,4803);
INSERT INTO related_crafted_from VALUES(4855,2),(4855,4803);
INSERT INTO related_crafted_from VALUES(4856,7),(4856,4831);
INSERT INTO related_crafted_from VALUES(4857,2);
INSERT INTO related_crafted_from VALUES(4858,2);
INSERT INTO related_crafted_from VALUES(4859,2),(4859,4751);
INSERT INTO related_crafted_from VALUES(4860,2),(4860,6145);
INSERT INTO related_crafted_from VALUES(4861,2),(4861,4751),(4861,4826),(4861,4847);
INSERT INTO related_crafted_from VALUES(4863,2),(4863,4935),(4863,5551);
INSERT INTO related_crafted_from VALUES(4865,2),(4865,4780);
INSERT INTO related_crafted_from VALUES(4867,2),(4867,4764);
INSERT INTO related_crafted_from VALUES(5056,2),(5056,3),(5056,5106),(5056,5107);
INSERT INTO related_crafted_from VALUES(5057,2),(5057,3),(5057,5111);
INSERT INTO related_crafted_from VALUES(5058,2),(5058,3),(5058,5111),(5058,5528);
INSERT INTO related_crafted_from VALUES(5059,2),(5059,3),(5059,5111),(5059,5116);
INSERT INTO related_crafted_from VALUES(5061,8),(5061,9),(5061,5121);
INSERT INTO related_crafted_from VALUES(5062,4),(5062,5106);
INSERT INTO related_crafted_from VALUES(5063,4),(5063,5106),(5063,5110);
INSERT INTO related_crafted_from VALUES(5064,4),(5064,5113);
INSERT INTO related_crafted_from VALUES(5065,2),(5065,3),(5065,4),(5065,5114);
INSERT INTO related_crafted_from VALUES(5066,4),(5066,5115);
INSERT INTO related_crafted_from VALUES(5068,10),(5068,5106),(5068,5118);
INSERT INTO related_crafted_from VALUES(5069,14),(5069,16),(5069,5118),(5069,7589),(5069,7598);
INSERT INTO related_crafted_from VALUES(5071,3),(5071,5056);
INSERT INTO related_crafted_from VALUES(5072,3),(5072,5057);
INSERT INTO related_crafted_from VALUES(5073,3),(5073,5058);
INSERT INTO related_crafted_from VALUES(5074,3),(5074,5059);
INSERT INTO related_crafted_from VALUES(5075,9),(5075,5061);
INSERT INTO related_crafted_from VALUES(5079,3),(5079,5065);
INSERT INTO related_crafted_from VALUES(5081,3),(5081,5056);
INSERT INTO related_crafted_from VALUES(5082,3),(5082,5057);
INSERT INTO related_crafted_from VALUES(5083,3),(5083,5058);
INSERT INTO related_crafted_from VALUES(5084,3),(5084,5059);
INSERT INTO related_crafted_from VALUES(5085,9),(5085,5061);
INSERT INTO related_crafted_from VALUES(5086,4),(5086,5062);
INSERT INTO related_crafted_from VALUES(5087,4),(5087,5063);
INSERT INTO related_crafted_from VALUES(5088,4),(5088,5064);
INSERT INTO related_crafted_from VALUES(5089,3),(5089,4),(5089,5065);
INSERT INTO related_crafted_from VALUES(5090,4),(5090,5066);
INSERT INTO related_crafted_from VALUES(5091,2),(5091,3),(5091,5056);
INSERT INTO related_crafted_from VALUES(5092,2),(5092,3),(5092,5057);
INSERT INTO related_crafted_from VALUES(5093,2),(5093,3),(5093,5058);
INSERT INTO related_crafted_from VALUES(5094,2),(5094,3),(5094,5059);
INSERT INTO related_crafted_from VALUES(5095,8),(5095,9),(5095,5061);
INSERT INTO related_crafted_from VALUES(5099,2),(5099,3),(5099,5065);
INSERT INTO related_crafted_from VALUES(5169,4),(5169,5128);
INSERT INTO related_crafted_from VALUES(5170,4),(5170,5129);
INSERT INTO related_crafted_from VALUES(5171,4),(5171,5130);
INSERT INTO related_crafted_from VALUES(5172,4),(5172,5131);
INSERT INTO related_crafted_from VALUES(5173,4),(5173,5132);
INSERT INTO related_crafted_from VALUES(5174,4),(5174,5133);
INSERT INTO related_crafted_from VALUES(5175,4),(5175,5134);
INSERT INTO related_crafted_from VALUES(5176,4),(5176,5135);
INSERT INTO related_crafted_from VALUES(5177,4),(5177,5136);
INSERT INTO related_crafted_from VALUES(5178,4),(5178,5137);
INSERT INTO related_crafted_from VALUES(5179,4),(5179,5138);
INSERT INTO related_crafted_from VALUES(5180,4),(5180,5139);
INSERT INTO related_crafted_from VALUES(5181,4),(5181,5140);
INSERT INTO related_crafted_from VALUES(5182,4),(5182,5141);
INSERT INTO related_crafted_from VALUES(5183,4),(5183,5142);
INSERT INTO related_crafted_from VALUES(5184,4),(5184,5143);
INSERT INTO related_crafted_from VALUES(5185,4),(5185,5144);
INSERT INTO related_crafted_from VALUES(5186,4),(5186,5145);
INSERT INTO related_crafted_from VALUES(5187,14),(5187,16),(5187,5146),(5187,7601);
INSERT INTO related_crafted_from VALUES(5188,14),(5188,16),(5188,5147),(5188,7601);
INSERT INTO related_crafted_from VALUES(5189,14),(5189,16),(5189,5148),(5189,7601);
INSERT INTO related_crafted_from VALUES(5190,14),(5190,16),(5190,5149),(5190,7601);
INSERT INTO related_crafted_from VALUES(5191,14),(5191,16),(5191,5150),(5191,7601);
INSERT INTO related_crafted_from VALUES(5192,14),(5192,16),(5192,5151),(5192,7601);
INSERT INTO related_crafted_from VALUES(5193,4),(5193,4900);
INSERT INTO related_crafted_from VALUES(5194,4),(5194,5466);
INSERT INTO related_crafted_from VALUES(5196,4),(5196,5168);
INSERT INTO related_crafted_from VALUES(5198,4),(5198,5152);
INSERT INTO related_crafted_from VALUES(5199,4),(5199,5153);
INSERT INTO related_crafted_from VALUES(5200,4),(5200,5154);
INSERT INTO related_crafted_from VALUES(5201,4),(5201,5155);
INSERT INTO related_crafted_from VALUES(5202,4),(5202,5156);
INSERT INTO related_crafted_from VALUES(5203,4),(5203,5157);
INSERT INTO related_crafted_from VALUES(5204,10),(5204,5158);
INSERT INTO related_crafted_from VALUES(5213,16),(5213,5204),(5213,5261);
INSERT INTO related_crafted_from VALUES(5258,4),(5258,5228);
INSERT INTO related_crafted_from VALUES(5259,4),(5259,5229);
INSERT INTO related_crafted_from VALUES(5260,4),(5260,5231);
INSERT INTO related_crafted_from VALUES(5262,4),(5262,5263);
INSERT INTO related_crafted_from VALUES(5275,5),(5275,5291);
INSERT INTO related_crafted_from VALUES(5276,5),(5276,5292);
INSERT INTO related_crafted_from VALUES(5277,5),(5277,5296),(5277,5524);
INSERT INTO related_crafted_from VALUES(5280,5),(5280,5300),(5280,5524);
INSERT INTO related_crafted_from VALUES(5282,5),(5282,5303),(5282,5524);
INSERT INTO related_crafted_from VALUES(5284,5),(5284,5306),(5284,5525);
INSERT INTO related_crafted_from VALUES(5285,5),(5285,5310),(5285,5525);
INSERT INTO related_crafted_from VALUES(5286,11),(5286,5313),(5286,5525);
INSERT INTO related_crafted_from VALUES(5287,11),(5287,5314),(5287,5525);
INSERT INTO related_crafted_from VALUES(5288,11),(5288,5316),(5288,5525);
INSERT INTO related_crafted_from VALUES(5290,11),(5290,5317),(5290,5525);
INSERT INTO related_crafted_from VALUES(5324,6),(5324,5333);
INSERT INTO related_crafted_from VALUES(5325,6),(5325,5334);
INSERT INTO related_crafted_from VALUES(5326,6),(5326,5334),(5326,5335);
INSERT INTO related_crafted_from VALUES(5327,6),(5327,5336);
INSERT INTO related_crafted_from VALUES(5328,6),(5328,5337);
INSERT INTO related_crafted_from VALUES(5329,6),(5329,5347),(5329,5349),(5329,5522);
INSERT INTO related_crafted_from VALUES(5333,6),(5333,5341);
INSERT INTO related_crafted_from VALUES(5334,6),(5334,5343);
INSERT INTO related_crafted_from VALUES(5335,6),(5335,5345);
INSERT INTO related_crafted_from VALUES(5336,6);
INSERT INTO related_crafted_from VALUES(5337,6),(5337,5347);
INSERT INTO related_crafted_from VALUES(5338,12),(5338,5350),(5338,5491);
INSERT INTO related_crafted_from VALUES(5361,4),(5361,5380);
INSERT INTO related_crafted_from VALUES(5364,4),(5364,5383);
INSERT INTO related_crafted_from VALUES(5366,10),(5366,5384);
INSERT INTO related_crafted_from VALUES(5367,4),(5367,5385);
INSERT INTO related_crafted_from VALUES(5368,4),(5368,5386);
INSERT INTO related_crafted_from VALUES(5371,4),(5371,5388);
INSERT INTO related_crafted_from VALUES(5373,4),(5373,5390);
INSERT INTO related_crafted_from VALUES(5374,4),(5374,5391);
INSERT INTO related_crafted_from VALUES(5376,4),(5376,5393);
INSERT INTO related_crafted_from VALUES(5377,15),(5377,16),(5377,5394),(5377,9366);
INSERT INTO related_crafted_from VALUES(5378,10),(5378,5395);
INSERT INTO related_crafted_from VALUES(5470,7),(5470,4794),(5470,5489),(5470,5518);
INSERT INTO related_crafted_from VALUES(5471,7),(5471,5489),(5471,5518),(5471,5557);
INSERT INTO related_crafted_from VALUES(5472,7),(5472,5489),(5472,5518),(5472,5549);
INSERT INTO related_crafted_from VALUES(5473,13),(5473,5489),(5473,5518),(5473,5546);
INSERT INTO related_crafted_from VALUES(5475,7),(5475,5268),(5475,5492);
INSERT INTO related_crafted_from VALUES(5476,7),(5476,5269),(5476,5495);
INSERT INTO related_crafted_from VALUES(5477,7),(5477,5270),(5477,5496);
INSERT INTO related_crafted_from VALUES(5478,7),(5478,5271),(5478,5493);
INSERT INTO related_crafted_from VALUES(5479,7),(5479,5272),(5479,5494);
INSERT INTO related_crafted_from VALUES(5480,13),(5480,5273),(5480,5494);
INSERT INTO related_crafted_from VALUES(5481,19),(5481,5274),(5481,5480);
INSERT INTO related_crafted_from VALUES(5482,7),(5482,4930);
INSERT INTO related_crafted_from VALUES(5483,7),(5483,5557);
INSERT INTO related_crafted_from VALUES(5484,7),(5484,4771);
INSERT INTO related_crafted_from VALUES(5485,7);
INSERT INTO related_crafted_from VALUES(5486,7),(5486,4893),(5486,4903);
INSERT INTO related_crafted_from VALUES(5487,7),(5487,5488);
INSERT INTO related_crafted_from VALUES(5489,7),(5489,5519);
INSERT INTO related_crafted_from VALUES(5503,7),(5503,5291),(5503,5432);
INSERT INTO related_crafted_from VALUES(5504,7),(5504,4876);
INSERT INTO related_crafted_from VALUES(5505,7),(5505,5436);
INSERT INTO related_crafted_from VALUES(5506,13),(5506,5558),(5506,12635);
INSERT INTO related_crafted_from VALUES(5507,13),(5507,5553),(5507,12629),(5507,12636);
INSERT INTO related_crafted_from VALUES(5508,13),(5508,5448),(5508,5449),(5508,12627);
INSERT INTO related_crafted_from VALUES(5510,7),(5510,5509);
INSERT INTO related_crafted_from VALUES(5512,7),(5512,5522),(5512,5523);
INSERT INTO related_crafted_from VALUES(5515,7),(5515,5516);
INSERT INTO related_crafted_from VALUES(5517,7),(5517,5308);
INSERT INTO related_crafted_from VALUES(5522,7),(5522,5491),(5522,5518);
INSERT INTO related_crafted_from VALUES(5570,14),(5570,17),(5570,5068);
INSERT INTO related_crafted_from VALUES(5571,14),(5571,17),(5571,5068);
INSERT INTO related_crafted_from VALUES(5572,14),(5572,17),(5572,5061);
INSERT INTO related_crafted_from VALUES(5573,14),(5573,17),(5573,5061);
INSERT INTO related_crafted_from VALUES(5574,15),(5574,16),(5574,5061);
INSERT INTO related_crafted_from VALUES(5575,18),(5575,19),(5575,5473),(5575,5545);
INSERT INTO related_crafted_from VALUES(5576,14),(5576,16),(5576,5068),(5576,5213);
INSERT INTO related_crafted_from VALUES(5577,16),(5577,18),(5577,5338);
INSERT INTO related_crafted_from VALUES(5578,16),(5578,18),(5578,5338);
INSERT INTO related_crafted_from VALUES(5579,16),(5579,18),(5579,5338);
INSERT INTO related_crafted_from VALUES(5580,16),(5580,18),(5580,5338);
INSERT INTO related_crafted_from VALUES(5581,16),(5581,17),(5581,5288),(5581,5322);
INSERT INTO related_crafted_from VALUES(5582,16),(5582,17),(5582,5288),(5582,5322);
INSERT INTO related_crafted_from VALUES(5583,16),(5583,17),(5583,5288),(5583,5322);
INSERT INTO related_crafted_from VALUES(5584,16),(5584,17),(5584,5288),(5584,5322);
INSERT INTO related_crafted_from VALUES(5585,15),(5585,17),(5585,5095);
INSERT INTO related_crafted_from VALUES(5586,15),(5586,17),(5586,5095);
INSERT INTO related_crafted_from VALUES(5587,15),(5587,17),(5587,5095);
INSERT INTO related_crafted_from VALUES(5588,14),(5588,16),(5588,5061);
INSERT INTO related_crafted_from VALUES(5729,8),(5729,9),(5729,10),(5729,11),(5729,12),(5729,13),(5729,5817);
INSERT INTO related_crafted_from VALUES(5734,8),(5734,9),(5734,10),(5734,11),(5734,12),(5734,13),(5734,5817);
INSERT INTO related_crafted_from VALUES(5738,8),(5738,9),(5738,10),(5738,11),(5738,12),(5738,13),(5738,5815);
INSERT INTO related_crafted_from VALUES(5740,8),(5740,9),(5740,10),(5740,11),(5740,12),(5740,13),(5740,5815);
INSERT INTO related_crafted_from VALUES(5744,8),(5744,9),(5744,10),(5744,11),(5744,12),(5744,13),(5744,5818);
INSERT INTO related_crafted_from VALUES(5749,8),(5749,9),(5749,10),(5749,11),(5749,12),(5749,13),(5749,5818);
INSERT INTO related_crafted_from VALUES(5754,8),(5754,9),(5754,10),(5754,11),(5754,12),(5754,13),(5754,5818);
INSERT INTO related_crafted_from VALUES(5761,8),(5761,9),(5761,10),(5761,11),(5761,12),(5761,13),(5761,5818);
INSERT INTO related_crafted_from VALUES(5765,8),(5765,9),(5765,10),(5765,11),(5765,12),(5765,13),(5765,5816);
INSERT INTO related_crafted_from VALUES(5766,8),(5766,9),(5766,10),(5766,11),(5766,12),(5766,13),(5766,5816);
INSERT INTO related_crafted_from VALUES(5780,8),(5780,9),(5780,10),(5780,11),(5780,12),(5780,13),(5780,5819);
INSERT INTO related_crafted_from VALUES(5781,8),(5781,9),(5781,10),(5781,11),(5781,12),(5781,13),(5781,5819);
INSERT INTO related_crafted_from VALUES(5784,8),(5784,9),(5784,10),(5784,11),(5784,12),(5784,13),(5784,5819);
INSERT INTO related_crafted_from VALUES(5785,8),(5785,9),(5785,10),(5785,11),(5785,12),(5785,13),(5785,5819);
INSERT INTO related_crafted_from VALUES(5787,8),(5787,9),(5787,10),(5787,11),(5787,12),(5787,13),(5787,5819);
INSERT INTO related_crafted_from VALUES(5795,8),(5795,9),(5795,10),(5795,11),(5795,12),(5795,13),(5795,5814);
INSERT INTO related_crafted_from VALUES(5798,8),(5798,9),(5798,10),(5798,11),(5798,12),(5798,13),(5798,5814);
INSERT INTO related_crafted_from VALUES(5799,8),(5799,9),(5799,10),(5799,11),(5799,12),(5799,13),(5799,5814);
INSERT INTO related_crafted_from VALUES(5800,8),(5800,9),(5800,10),(5800,11),(5800,12),(5800,13),(5800,5814);
INSERT INTO related_crafted_from VALUES(5801,8),(5801,9),(5801,10),(5801,11),(5801,12),(5801,13),(5801,5814);
INSERT INTO related_crafted_from VALUES(5804,8),(5804,9),(5804,10),(5804,11),(5804,12),(5804,13),(5804,5814);
INSERT INTO related_crafted_from VALUES(5810,8),(5810,9),(5810,10),(5810,11),(5810,12),(5810,13),(5810,5820);
INSERT INTO related_crafted_from VALUES(5811,8),(5811,9),(5811,10),(5811,11),(5811,12),(5811,13),(5811,5820);
INSERT INTO related_crafted_from VALUES(5812,8),(5812,9),(5812,10),(5812,11),(5812,12),(5812,13),(5812,5820);
INSERT INTO related_crafted_from VALUES(5813,8),(5813,9),(5813,10),(5813,11),(5813,12),(5813,13),(5813,5820);
INSERT INTO related_crafted_from VALUES(6139,19),(6139,5068);
INSERT INTO related_crafted_from VALUES(6141,12),(6141,13),(6141,4790),(6141,5545),(6141,6153),(6141,7592),(6141,10096);
INSERT INTO related_crafted_from VALUES(6142,2),(6142,7),(6142,4847),(6142,4955);
INSERT INTO related_crafted_from VALUES(6143,2),(6143,7),(6143,4847),(6143,4905);
INSERT INTO related_crafted_from VALUES(6144,2),(6144,7),(6144,4751),(6144,4791),(6144,4847),(6144,4882),(6144,5040);
INSERT INTO related_crafted_from VALUES(6183,4),(6183,5158);
INSERT INTO related_crafted_from VALUES(6190,3),(6190,5061);
INSERT INTO related_crafted_from VALUES(6200,6),(6200,5338),(6200,5359);
INSERT INTO related_crafted_from VALUES(6204,4),(6204,5104),(6204,5105);
INSERT INTO related_crafted_from VALUES(6214,6),(6214,5338),(6214,5359);
INSERT INTO related_crafted_from VALUES(6347,6),(6347,7),(6347,5368),(6347,7015),(6347,7018),(6347,7021);
INSERT INTO related_crafted_from VALUES(6348,3),(6348,4),(6348,5364),(6348,5367),(6348,7018),(6348,7021);
INSERT INTO related_crafted_from VALUES(6349,3),(6349,4),(6349,5367),(6349,7015),(6349,7018),(6349,7021);
INSERT INTO related_crafted_from VALUES(6350,6),(6350,7),(6350,5373),(6350,7015),(6350,7019),(6350,7022);
INSERT INTO related_crafted_from VALUES(6351,3),(6351,4),(6351,5368),(6351,5371),(6351,7019),(6351,7022);
INSERT INTO related_crafted_from VALUES(6352,3),(6352,4),(6352,5371),(6352,7015),(6352,7019),(6352,7022);
INSERT INTO related_crafted_from VALUES(6353,12),(6353,13),(6353,5378),(6353,7015),(6353,7020),(6353,7023),(6353,7027);
INSERT INTO related_crafted_from VALUES(6354,9),(6354,10),(6354,5373),(6354,5376),(6354,7017),(6354,7020),(6354,7023);
INSERT INTO related_crafted_from VALUES(6355,9),(6355,10),(6355,5374),(6355,7015),(6355,7020),(6355,7023),(6355,7027);
INSERT INTO related_crafted_from VALUES(6356,4),(6356,6),(6356,5342),(6356,5367),(6356,7018),(6356,7021);
INSERT INTO related_crafted_from VALUES(6357,6),(6357,7),(6357,5367),(6357,7015),(6357,7018),(6357,7021);
INSERT INTO related_crafted_from VALUES(6358,4),(6358,6),(6358,5342),(6358,5368),(6358,7018),(6358,7021);
INSERT INTO related_crafted_from VALUES(6359,4),(6359,6),(6359,5371),(6359,7011),(6359,7019),(6359,7022);
INSERT INTO related_crafted_from VALUES(6360,6),(6360,7),(6360,5371),(6360,7015),(6360,7019),(6360,7022);
INSERT INTO related_crafted_from VALUES(6361,4),(6361,6),(6361,5373),(6361,7011),(6361,7019),(6361,7022);
INSERT INTO related_crafted_from VALUES(6362,10),(6362,12),(6362,5374),(6362,7012),(6362,7020),(6362,7023),(6362,7027);
INSERT INTO related_crafted_from VALUES(6363,12),(6363,13),(6363,5376),(6363,7014),(6363,7015),(6363,7020),(6363,7023);
INSERT INTO related_crafted_from VALUES(6364,10),(6364,12),(6364,5378),(6364,7012),(6364,7020),(6364,7023),(6364,7027);
INSERT INTO related_crafted_from VALUES(6365,3),(6365,4),(6365,5063),(6365,5367),(6365,7018),(6365,7021);
INSERT INTO related_crafted_from VALUES(6366,2),(6366,4),(6366,5063),(6366,5230),(6366,5364),(6366,7015),(6366,7016);
INSERT INTO related_crafted_from VALUES(6367,2),(6367,4),(6367,5063),(6367,5230),(6367,7015),(6367,7016);
INSERT INTO related_crafted_from VALUES(6368,3),(6368,4),(6368,5064),(6368,5373),(6368,7019),(6368,7022);
INSERT INTO related_crafted_from VALUES(6369,2),(6369,4),(6369,5064),(6369,5371),(6369,7009),(6369,7015),(6369,7016);
INSERT INTO related_crafted_from VALUES(6370,2),(6370,4),(6370,5064),(6370,7009),(6370,7015),(6370,7016);
INSERT INTO related_crafted_from VALUES(6371,9),(6371,10),(6371,5066),(6371,5376),(6371,7017),(6371,7020),(6371,7023);
INSERT INTO related_crafted_from VALUES(6372,8),(6372,10),(6372,5066),(6372,5374),(6372,7010),(6372,7014),(6372,7015),(6372,7016);
INSERT INTO related_crafted_from VALUES(6373,8),(6373,10),(6373,5066),(6373,7010),(6373,7014),(6373,7015),(6373,7016);
INSERT INTO related_crafted_from VALUES(6374,3),(6374,4),(6374,5230),(6374,5368),(6374,7018),(6374,7021);
INSERT INTO related_crafted_from VALUES(6375,2),(6375,4),(6375,5230),(6375,5367),(6375,7018),(6375,7021);
INSERT INTO related_crafted_from VALUES(6376,2),(6376,4),(6376,5230),(6376,7016);
INSERT INTO related_crafted_from VALUES(6377,3),(6377,4),(6377,5373),(6377,7008),(6377,7019),(6377,7022);
INSERT INTO related_crafted_from VALUES(6378,2),(6378,4),(6378,5371),(6378,7008),(6378,7019),(6378,7022);
INSERT INTO related_crafted_from VALUES(6379,2),(6379,4),(6379,7008),(6379,7009),(6379,7016);
INSERT INTO related_crafted_from VALUES(6380,9),(6380,10),(6380,5378),(6380,7009),(6380,7017),(6380,7020),(6380,7023);
INSERT INTO related_crafted_from VALUES(6381,8),(6381,10),(6381,5376),(6381,7009),(6381,7020),(6381,7023),(6381,7027);
INSERT INTO related_crafted_from VALUES(6382,8),(6382,10),(6382,7008),(6382,7009),(6382,7010),(6382,7016);
INSERT INTO related_crafted_from VALUES(6383,3),(6383,4),(6383,5364),(6383,5367),(6383,7018),(6383,7021);
INSERT INTO related_crafted_from VALUES(6384,3),(6384,4),(6384,5230),(6384,5368),(6384,7016);
INSERT INTO related_crafted_from VALUES(6385,2),(6385,4),(6385,5230),(6385,5368),(6385,7016);
INSERT INTO related_crafted_from VALUES(6386,3),(6386,4),(6386,5371),(6386,5373),(6386,7019),(6386,7022);
INSERT INTO related_crafted_from VALUES(6387,3),(6387,4),(6387,5371),(6387,7009),(6387,7016);
INSERT INTO related_crafted_from VALUES(6388,2),(6388,4),(6388,5373),(6388,7008),(6388,7009),(6388,7016);
INSERT INTO related_crafted_from VALUES(6389,9),(6389,10),(6389,5374),(6389,5378),(6389,7020),(6389,7023),(6389,7027);
INSERT INTO related_crafted_from VALUES(6390,9),(6390,10),(6390,5376),(6390,7008),(6390,7009),(6390,7016);
INSERT INTO related_crafted_from VALUES(6391,8),(6391,10),(6391,5378),(6391,7008),(6391,7009),(6391,7014),(6391,7016);
INSERT INTO related_crafted_from VALUES(6392,3),(6392,4),(6392,5230),(6392,5367),(6392,7018),(6392,7021);
INSERT INTO related_crafted_from VALUES(6393,2),(6393,4),(6393,5230),(6393,5364),(6393,7013),(6393,7016);
INSERT INTO related_crafted_from VALUES(6394,2),(6394,4),(6394,5230),(6394,7013),(6394,7016);
INSERT INTO related_crafted_from VALUES(6395,3),(6395,4),(6395,5373),(6395,7009),(6395,7018),(6395,7021);
INSERT INTO related_crafted_from VALUES(6396,2),(6396,4),(6396,5371),(6396,7009),(6396,7013),(6396,7016);
INSERT INTO related_crafted_from VALUES(6397,2),(6397,4),(6397,7008),(6397,7009),(6397,7013),(6397,7016);
INSERT INTO related_crafted_from VALUES(6398,9),(6398,10),(6398,5376),(6398,7009),(6398,7020),(6398,7023),(6398,7027);
INSERT INTO related_crafted_from VALUES(6399,8),(6399,10),(6399,5374),(6399,7008),(6399,7009),(6399,7014),(6399,7016);
INSERT INTO related_crafted_from VALUES(6400,8),(6400,10),(6400,7008),(6400,7009),(6400,7010),(6400,7014),(6400,7016);
INSERT INTO related_crafted_from VALUES(6401,3),(6401,4),(6401,5057),(6401,5364),(6401,5512);
INSERT INTO related_crafted_from VALUES(6402,3),(6402,4),(6402,5367),(6402,5512);
INSERT INTO related_crafted_from VALUES(6403,2),(6403,5),(6403,5057),(6403,5367),(6403,5512);
INSERT INTO related_crafted_from VALUES(6404,3),(6404,4),(6404,5364),(6404,5512);
INSERT INTO related_crafted_from VALUES(6405,3),(6405,4),(6405,5368),(6405,5512);
INSERT INTO related_crafted_from VALUES(6406,3),(6406,4),(6406,5364),(6406,5367),(6406,5512);
INSERT INTO related_crafted_from VALUES(6407,3),(6407,4),(6407,5057),(6407,5367),(6407,5512);
INSERT INTO related_crafted_from VALUES(6408,2),(6408,5),(6408,5057),(6408,5230),(6408,5512);
INSERT INTO related_crafted_from VALUES(6409,2),(6409,5),(6409,5057),(6409,5364),(6409,5512);
INSERT INTO related_crafted_from VALUES(6410,3),(6410,4),(6410,5058),(6410,5373),(6410,7024);
INSERT INTO related_crafted_from VALUES(6411,2),(6411,4),(6411,5093),(6411,5230),(6411,5371),(6411,7024);
INSERT INTO related_crafted_from VALUES(6412,2),(6412,5),(6412,5058),(6412,5371),(6412,5512),(6412,7024);
INSERT INTO related_crafted_from VALUES(6413,2),(6413,4),(6413,5230),(6413,5371),(6413,7024);
INSERT INTO related_crafted_from VALUES(6414,3),(6414,4),(6414,5058),(6414,5371),(6414,7024);
INSERT INTO related_crafted_from VALUES(6415,3),(6415,4),(6415,5064),(6415,5373),(6415,7024);
INSERT INTO related_crafted_from VALUES(6416,3),(6416,5),(6416,5058),(6416,5230),(6416,5371),(6416,7024);
INSERT INTO related_crafted_from VALUES(6417,3),(6417,4),(6417,5058),(6417,5371),(6417,7024);
INSERT INTO related_crafted_from VALUES(6418,2),(6418,4),(6418,5058),(6418,5230),(6418,5371),(6418,7024);
INSERT INTO related_crafted_from VALUES(6419,3),(6419,5),(6419,5058),(6419,5073),(6419,5093);
INSERT INTO related_crafted_from VALUES(6420,2),(6420,4),(6420,7009),(6420,7013),(6420,7016);
INSERT INTO related_crafted_from VALUES(6421,3),(6421,4),(6421,5063),(6421,5371),(6421,7011),(6421,7015);
INSERT INTO related_crafted_from VALUES(6422,3),(6422,5),(6422,5059),(6422,5074),(6422,5094),(6422,5376);
INSERT INTO related_crafted_from VALUES(6423,2),(6423,4),(6423,7008),(6423,7009),(6423,7016);
INSERT INTO related_crafted_from VALUES(6424,2),(6424,4),(6424,5064),(6424,5374),(6424,7009),(6424,7016);
INSERT INTO related_crafted_from VALUES(6425,2),(6425,5),(6425,5059),(6425,5094),(6425,5376);
INSERT INTO related_crafted_from VALUES(6426,2),(6426,5),(6426,5065),(6426,5099),(6426,5374);
INSERT INTO related_crafted_from VALUES(6427,2),(6427,4),(6427,5066),(6427,5376),(6427,7009),(6427,7016);
INSERT INTO related_crafted_from VALUES(6428,3),(6428,4),(6428,5058),(6428,5093),(6428,5371);
INSERT INTO related_crafted_from VALUES(6429,4),(6429,6),(6429,5334),(6429,5368),(6429,7025);
INSERT INTO related_crafted_from VALUES(6430,6),(6430,7),(6430,5230),(6430,5367),(6430,7015);
INSERT INTO related_crafted_from VALUES(6431,4),(6431,6),(6431,5336),(6431,5373),(6431,7026);
INSERT INTO related_crafted_from VALUES(6432,3),(6432,4),(6432,5057),(6432,5092),(6432,5364);
INSERT INTO related_crafted_from VALUES(6433,4),(6433,6),(6433,5059),(6433,7009),(6433,7026);
INSERT INTO related_crafted_from VALUES(6434,2),(6434,4),(6434,7009),(6434,7013),(6434,7016);
INSERT INTO related_crafted_from VALUES(6435,3),(6435,5),(6435,5073),(6435,5093),(6435,5230),(6435,5373);
INSERT INTO related_crafted_from VALUES(6436,2),(6436,4),(6436,5064),(6436,5371),(6436,7009),(6436,7016);
INSERT INTO related_crafted_from VALUES(6437,3),(6437,5),(6437,5063),(6437,5072),(6437,5092),(6437,5367);
INSERT INTO related_crafted_from VALUES(6438,3),(6438,5),(6438,5072),(6438,5092),(6438,5371);
INSERT INTO related_crafted_from VALUES(6439,2),(6439,4),(6439,5063),(6439,5334),(6439,5368);
INSERT INTO related_crafted_from VALUES(6440,3),(6440,5),(6440,5063),(6440,5073),(6440,5093),(6440,5374);
INSERT INTO related_crafted_from VALUES(6441,3),(6441,5),(6441,5073),(6441,5093),(6441,5322),(6441,5373);
INSERT INTO related_crafted_from VALUES(6442,2),(6442,4),(6442,5066),(6442,5336),(6442,5374);
INSERT INTO related_crafted_from VALUES(6443,4),(6443,5),(6443,5058),(6443,5285),(6443,5374),(6443,7026);
INSERT INTO related_crafted_from VALUES(6444,4),(6444,5),(6444,5058),(6444,5284),(6444,5373),(6444,7026);
INSERT INTO related_crafted_from VALUES(6445,4),(6445,5),(6445,5058),(6445,5282),(6445,5371),(6445,7026);
INSERT INTO related_crafted_from VALUES(6446,2),(6446,4),(6446,7009),(6446,7015),(6446,7016);
INSERT INTO related_crafted_from VALUES(6447,2),(6447,4),(6447,5374),(6447,7009),(6447,7016);
INSERT INTO related_crafted_from VALUES(6448,2),(6448,4),(6448,7008),(6448,7009),(6448,7016);
INSERT INTO related_crafted_from VALUES(6449,2),(6449,4),(6449,5514),(6449,7009),(6449,7015),(6449,7030);
INSERT INTO related_crafted_from VALUES(6450,4),(6450,6),(6450,5058),(6450,5374),(6450,7011);
INSERT INTO related_crafted_from VALUES(6451,3),(6451,4),(6451,5059),(6451,5376),(6451,7008);
INSERT INTO related_crafted_from VALUES(6452,3),(6452,4),(6452,5058),(6452,5373),(6452,7009),(6452,7016);
INSERT INTO related_crafted_from VALUES(6453,2),(6453,4),(6453,5514),(6453,7009),(6453,7016),(6453,7031);
INSERT INTO related_crafted_from VALUES(6454,2),(6454,4),(6454,5059),(6454,5066),(6454,7009),(6454,7016);
INSERT INTO related_crafted_from VALUES(6455,3),(6455,4),(6455,5371),(6455,5515);
INSERT INTO related_crafted_from VALUES(6456,3),(6456,4),(6456,5371),(6456,5515);
INSERT INTO related_crafted_from VALUES(6457,6),(6457,7),(6457,5063),(6457,7016);
INSERT INTO related_crafted_from VALUES(6458,3),(6458,4),(6458,5371),(6458,5515);
INSERT INTO related_crafted_from VALUES(6459,3),(6459,4),(6459,5371),(6459,5515);
INSERT INTO related_crafted_from VALUES(6460,3),(6460,4),(6460,5371),(6460,5515);
INSERT INTO related_crafted_from VALUES(6461,2),(6461,5),(6461,5057),(6461,5999);
INSERT INTO related_crafted_from VALUES(6462,2),(6462,5),(6462,5058),(6462,5371),(6462,5998);
INSERT INTO related_crafted_from VALUES(6463,2),(6463,5),(6463,5059),(6463,5373),(6463,5998);
INSERT INTO related_crafted_from VALUES(6464,3),(6464,4),(6464,5367),(6464,5999);
INSERT INTO related_crafted_from VALUES(6465,3),(6465,4),(6465,5371),(6465,5998);
INSERT INTO related_crafted_from VALUES(6466,3),(6466,4),(6466,5373),(6466,5374),(6466,5998);
INSERT INTO related_crafted_from VALUES(6467,3),(6467,5),(6467,5072),(6467,5999);
INSERT INTO related_crafted_from VALUES(6468,3),(6468,5),(6468,5064),(6468,5073),(6468,5998);
INSERT INTO related_crafted_from VALUES(6469,3),(6469,5),(6469,5065),(6469,5074),(6469,5998);
INSERT INTO related_crafted_from VALUES(6473,4),(6473,5),(6473,5288),(6473,5376),(6473,5554),(6473,5998),(6473,6173),(6473,7045);
INSERT INTO related_crafted_from VALUES(6474,14),(6474,16),(6474,6218),(6474,6219),(6474,6220),(6474,7047);
INSERT INTO related_crafted_from VALUES(6475,3),(6475,5),(6475,5074),(6475,5328),(6475,5374),(6475,7007);
INSERT INTO related_crafted_from VALUES(6476,6),(6476,7),(6476,5471),(6476,5514),(6476,7030);
INSERT INTO related_crafted_from VALUES(6477,6),(6477,7),(6477,5471),(6477,5514),(6477,7029);
INSERT INTO related_crafted_from VALUES(6478,6),(6478,7),(6478,5471),(6478,5514),(6478,7031);
INSERT INTO related_crafted_from VALUES(6479,6),(6479,7),(6479,5230),(6479,5491);
INSERT INTO related_crafted_from VALUES(6480,6),(6480,7),(6480,5231),(6480,5472);
INSERT INTO related_crafted_from VALUES(6481,6),(6481,7),(6481,5229),(6481,5405),(6481,5528);
INSERT INTO related_crafted_from VALUES(6482,4),(6482,6),(6482,5064),(6482,5065),(6482,7026);
INSERT INTO related_crafted_from VALUES(6483,6),(6483,7),(6483,5371),(6483,5515),(6483,7032);
INSERT INTO related_crafted_from VALUES(6484,3),(6484,4),(6484,5073),(6484,5093),(6484,5371);
INSERT INTO related_crafted_from VALUES(6485,3),(6485,5),(6485,5079),(6485,5099),(6485,5373);
INSERT INTO related_crafted_from VALUES(6486,3),(6486,5),(6486,5063),(6486,5071);
INSERT INTO related_crafted_from VALUES(6487,2),(6487,5),(6487,5058),(6487,5093),(6487,5373);
INSERT INTO related_crafted_from VALUES(6488,6),(6488,7),(6488,5092),(6488,5371),(6488,5471),(6488,5514),(6488,7030);
INSERT INTO related_crafted_from VALUES(6489,6),(6489,7),(6489,5091),(6489,5367),(6489,5471),(6489,5514),(6489,7030);
INSERT INTO related_crafted_from VALUES(6490,2),(6490,5),(6490,5058),(6490,5371),(6490,5512),(6490,5998);
INSERT INTO related_crafted_from VALUES(6491,3),(6491,4),(6491,5091),(6491,5364);
INSERT INTO related_crafted_from VALUES(6492,3),(6492,4),(6492,5383),(6492,5515);
INSERT INTO related_crafted_from VALUES(6494,3),(6494,4),(6494,5383);
INSERT INTO related_crafted_from VALUES(6497,11),(6497,5061),(6497,5068),(6497,5998),(6497,6162),(6497,7047);
INSERT INTO related_crafted_from VALUES(6498,11),(6498,5061),(6498,5998),(6498,6163),(6498,7047);
INSERT INTO related_crafted_from VALUES(6499,13),(6499,5061),(6499,5068),(6499,7010),(6499,7159);
INSERT INTO related_crafted_from VALUES(6500,13),(6500,5061),(6500,5069),(6500,7010),(6500,7160);
INSERT INTO related_crafted_from VALUES(6501,2),(6501,5),(6501,5061),(6501,5066);
INSERT INTO related_crafted_from VALUES(6502,14),(6502,16),(6502,5066),(6502,5183),(6502,7006);
INSERT INTO related_crafted_from VALUES(6503,6),(6503,7),(6503,5461),(6503,7036);
INSERT INTO related_crafted_from VALUES(6504,8),(6504,11),(6504,5061),(6504,5074),(6504,7033);
INSERT INTO related_crafted_from VALUES(6505,2),(6505,5),(6505,5065),(6505,5074),(6505,7033);
INSERT INTO related_crafted_from VALUES(6506,2),(6506,5),(6506,5059),(6506,5414),(6506,7033);
INSERT INTO related_crafted_from VALUES(6507,6),(6507,7),(6507,5472),(6507,5494),(6507,5514),(6507,7034);
INSERT INTO related_crafted_from VALUES(6508,6),(6508,7),(6508,4584),(6508,5472),(6508,5514),(6508,7034);
INSERT INTO related_crafted_from VALUES(6509,6),(6509,7),(6509,4576),(6509,5471),(6509,5514),(6509,7035);
INSERT INTO related_crafted_from VALUES(6510,6),(6510,7),(6510,4574),(6510,5471),(6510,5514),(6510,7035);
INSERT INTO related_crafted_from VALUES(6511,6),(6511,7),(6511,4575),(6511,5471),(6511,5514),(6511,7035);
INSERT INTO related_crafted_from VALUES(6512,2),(6512,4),(6512,5414),(6512,5526),(6512,7037);
INSERT INTO related_crafted_from VALUES(6513,2),(6513,5),(6513,5057),(6513,5368);
INSERT INTO related_crafted_from VALUES(6514,3),(6514,4),(6514,5364),(6514,5503);
INSERT INTO related_crafted_from VALUES(6515,3),(6515,4),(6515,5371),(6515,5503);
INSERT INTO related_crafted_from VALUES(6516,4),(6516,5),(6516,5288),(6516,5328),(6516,5376),(6516,5447),(6516,5554),(6516,7045);
INSERT INTO related_crafted_from VALUES(6517,4),(6517,5),(6517,5058),(6517,5093),(6517,5280),(6517,5371),(6517,7043);
INSERT INTO related_crafted_from VALUES(6518,2),(6518,4),(6518,5066),(6518,5337),(6518,5348),(6518,5374),(6518,7028);
INSERT INTO related_crafted_from VALUES(6519,4),(6519,5),(6519,5058),(6519,5064),(6519,5280),(6519,7038);
INSERT INTO related_crafted_from VALUES(6520,3),(6520,4),(6520,5064),(6520,5371),(6520,7038);
INSERT INTO related_crafted_from VALUES(6521,3),(6521,4),(6521,5328),(6521,5376),(6521,7033);
INSERT INTO related_crafted_from VALUES(6522,14),(6522,17),(6522,5061),(6522,5068),(6522,6219);
INSERT INTO related_crafted_from VALUES(6523,2),(6523,5),(6523,5059),(6523,5328),(6523,5329),(6523,5376);
INSERT INTO related_crafted_from VALUES(6524,4),(6524,5),(6524,5276),(6524,5364);
INSERT INTO related_crafted_from VALUES(6525,4),(6525,6),(6525,5066),(6525,5328),(6525,5374);
INSERT INTO related_crafted_from VALUES(6529,4),(6529,6),(6529,5073),(6529,5328),(6529,5337),(6529,5348),(6529,5371);
INSERT INTO related_crafted_from VALUES(6530,4),(6530,5),(6530,5094),(6530,5285),(6530,5348),(6530,5373);
INSERT INTO related_crafted_from VALUES(6531,4),(6531,6),(6531,5066),(6531,5328),(6531,5329),(6531,5374);
INSERT INTO related_crafted_from VALUES(6532,4),(6532,6),(6532,5073),(6532,5328),(6532,5337),(6532,5348),(6532,5371);
INSERT INTO related_crafted_from VALUES(6533,4),(6533,5),(6533,5094),(6533,5285),(6533,5348),(6533,5373);
INSERT INTO related_crafted_from VALUES(6534,4),(6534,6),(6534,5066),(6534,5328),(6534,5329),(6534,5374);
INSERT INTO related_crafted_from VALUES(6535,4),(6535,5),(6535,5280),(6535,5371),(6535,7038);
INSERT INTO related_crafted_from VALUES(6536,10),(6536,5066),(6536,5183),(6536,5329),(6536,5378),(6536,6160),(6536,7047);
INSERT INTO related_crafted_from VALUES(6537,10),(6537,5066),(6537,5183),(6537,5378),(6537,6161),(6537,7047);
INSERT INTO related_crafted_from VALUES(6542,4),(6542,6),(6542,5056),(6542,5325),(6542,5361);
INSERT INTO related_crafted_from VALUES(6543,4),(6543,6),(6543,5326),(6543,5367);
INSERT INTO related_crafted_from VALUES(6544,4),(6544,6),(6544,5057),(6544,5327),(6544,5373);
INSERT INTO related_crafted_from VALUES(6548,3),(6548,4),(6548,5057),(6548,5364),(6548,5367),(6548,5515),(6548,7021);
INSERT INTO related_crafted_from VALUES(6549,3),(6549,5),(6549,5072),(6549,5371),(6549,7024);
INSERT INTO related_crafted_from VALUES(6550,3),(6550,4),(6550,5368),(6550,5371),(6550,7024);
INSERT INTO related_crafted_from VALUES(6551,3),(6551,4),(6551,5058),(6551,5373),(6551,7024);
INSERT INTO related_crafted_from VALUES(6552,3),(6552,4),(6552,5064),(6552,5371),(6552,7024),(6552,7038);
INSERT INTO related_crafted_from VALUES(6559,3),(6559,5),(6559,5066),(6559,5074),(6559,7024);
INSERT INTO related_crafted_from VALUES(6560,3),(6560,4),(6560,5057),(6560,5092),(6560,5371),(6560,5515);
INSERT INTO related_crafted_from VALUES(6561,3),(6561,4),(6561,5063),(6561,5364),(6561,5367),(6561,5515);
INSERT INTO related_crafted_from VALUES(6562,3),(6562,4),(6562,5063),(6562,5367),(6562,5371),(6562,5515);
INSERT INTO related_crafted_from VALUES(6563,3),(6563,4),(6563,5371),(6563,7022),(6563,7024),(6563,7038);
INSERT INTO related_crafted_from VALUES(6564,2),(6564,5),(6564,5058),(6564,5093),(6564,5326),(6564,5371),(6564,7043);
INSERT INTO related_crafted_from VALUES(6565,2),(6565,4),(6565,5066),(6565,5374),(6565,5512),(6565,7024),(6565,7028);
INSERT INTO related_crafted_from VALUES(6566,3),(6566,5),(6566,5059),(6566,5074),(6566,5374),(6566,7017);
INSERT INTO related_crafted_from VALUES(6567,3),(6567,4),(6567,5064),(6567,5373),(6567,5374),(6567,7017);
INSERT INTO related_crafted_from VALUES(6568,3),(6568,4),(6568,5066),(6568,5374),(6568,5376),(6568,5512),(6568,7017);
INSERT INTO related_crafted_from VALUES(6569,3),(6569,4),(6569,5064),(6569,5371),(6569,7022),(6569,7038);
INSERT INTO related_crafted_from VALUES(6570,2),(6570,5),(6570,5058),(6570,5093),(6570,5371),(6570,7043);
INSERT INTO related_crafted_from VALUES(6571,2),(6571,4),(6571,5066),(6571,5374),(6571,7028);
INSERT INTO related_crafted_from VALUES(6572,4),(6572,5),(6572,5288),(6572,5328),(6572,5376),(6572,5447),(6572,5554),(6572,7045);
INSERT INTO related_crafted_from VALUES(6573,2),(6573,4),(6573,5373),(6573,7009),(6573,7016);
INSERT INTO related_crafted_from VALUES(6574,3),(6574,4),(6574,5373),(6574,5485);
INSERT INTO related_crafted_from VALUES(6575,2),(6575,4),(6575,5374),(6575,7009),(6575,7016);
INSERT INTO related_crafted_from VALUES(6576,3),(6576,4),(6576,5367),(6576,5368);
INSERT INTO related_crafted_from VALUES(6577,3),(6577,4),(6577,5368),(6577,5371);
INSERT INTO related_crafted_from VALUES(6578,2),(6578,4),(6578,5063),(6578,5230),(6578,7016);
INSERT INTO related_crafted_from VALUES(6579,2),(6579,5),(6579,5059),(6579,5374),(6579,5376);
INSERT INTO related_crafted_from VALUES(6580,2),(6580,5),(6580,5058),(6580,5093),(6580,5371),(6580,7043);
INSERT INTO related_crafted_from VALUES(6581,2),(6581,4),(6581,5066),(6581,5374),(6581,7024),(6581,7028);
INSERT INTO related_crafted_from VALUES(6582,4),(6582,5),(6582,5288),(6582,5328),(6582,5376),(6582,5447),(6582,5554),(6582,7045);
INSERT INTO related_crafted_from VALUES(6583,2),(6583,5),(6583,5059),(6583,5512),(6583,5998),(6583,7009);
INSERT INTO related_crafted_from VALUES(6584,3),(6584,4),(6584,5374),(6584,5376),(6584,5512),(6584,5998);
INSERT INTO related_crafted_from VALUES(6585,2),(6585,5),(6585,5059),(6585,5066),(6585,5512),(6585,5998),(6585,7009);
INSERT INTO related_crafted_from VALUES(6586,2),(6586,4),(6586,5064),(6586,5998),(6586,7038);
INSERT INTO related_crafted_from VALUES(6587,10),(6587,12),(6587,5061),(6587,5329),(6587,5378),(6587,5998),(6587,7047);
INSERT INTO related_crafted_from VALUES(6588,2),(6588,4),(6588,5066),(6588,5285),(6588,5998),(6588,7047);
INSERT INTO related_crafted_from VALUES(6589,2),(6589,4),(6589,5065),(6589,5998),(6589,7009),(6589,7047);
INSERT INTO related_crafted_from VALUES(6590,8),(6590,5059),(6590,5376),(6590,6634);
INSERT INTO related_crafted_from VALUES(6591,2),(6591,4),(6591,5061),(6591,5374),(6591,5512),(6591,6494),(6591,7009);
INSERT INTO related_crafted_from VALUES(6592,3),(6592,4),(6592,5368),(6592,5376),(6592,5378),(6592,6494),(6592,7008);
INSERT INTO related_crafted_from VALUES(6593,2),(6593,4),(6593,4858),(6593,5068),(6593,6494),(6593,7009),(6593,7010);
INSERT INTO related_crafted_from VALUES(6594,6),(6594,7),(6594,5342),(6594,5513);
INSERT INTO related_crafted_from VALUES(6595,6),(6595,7),(6595,5471),(6595,5513),(6595,5514),(6595,7031);
INSERT INTO related_crafted_from VALUES(6596,2),(6596,4),(6596,5066),(6596,5285),(6596,5374),(6596,5512);
INSERT INTO related_crafted_from VALUES(6597,8),(6597,10),(6597,5065),(6597,5068),(6597,5373),(6597,7037),(6597,7046);
INSERT INTO related_crafted_from VALUES(6598,14),(6598,16),(6598,5074),(6598,7010),(6598,7038),(6598,7046);
INSERT INTO related_crafted_from VALUES(6599,2),(6599,4),(6599,5056),(6599,5066),(6599,5174),(6599,5487),(6599,7010);
INSERT INTO related_crafted_from VALUES(6601,3),(6601,5),(6601,5073),(6601,5371);
INSERT INTO related_crafted_from VALUES(6602,2),(6602,5),(6602,5057),(6602,5367);
INSERT INTO related_crafted_from VALUES(6603,3),(6603,4),(6603,5056),(6603,5364);
INSERT INTO related_crafted_from VALUES(6604,3),(6604,5),(6604,5073),(6604,5093),(6604,5371),(6604,5485),(6604,7043);
INSERT INTO related_crafted_from VALUES(6605,15),(6605,17),(6605,5068),(6605,5512),(6605,6218);
INSERT INTO related_crafted_from VALUES(6606,2),(6606,5),(6606,5057),(6606,5368),(6606,5515);
INSERT INTO related_crafted_from VALUES(6607,3),(6607,4),(6607,5371),(6607,5373),(6607,5485);
INSERT INTO related_crafted_from VALUES(6608,3),(6608,4),(6608,5066),(6608,5328),(6608,5376);
INSERT INTO related_crafted_from VALUES(6609,2),(6609,4),(6609,5066),(6609,5374),(6609,7028);
INSERT INTO related_crafted_from VALUES(6610,3),(6610,5),(6610,5073),(6610,5093),(6610,5371),(6610,5485);
INSERT INTO related_crafted_from VALUES(6611,3),(6611,5),(6611,5072),(6611,5092),(6611,5368),(6611,5515);
INSERT INTO related_crafted_from VALUES(6612,3),(6612,5),(6612,5072),(6612,5092),(6612,5367),(6612,5515);
INSERT INTO related_crafted_from VALUES(6613,3),(6613,4),(6613,5058),(6613,5371);
INSERT INTO related_crafted_from VALUES(6614,2),(6614,4),(6614,5066),(6614,5328),(6614,5374),(6614,7028);
INSERT INTO related_crafted_from VALUES(6615,3),(6615,4),(6615,5326),(6615,5371),(6615,7038);
INSERT INTO related_crafted_from VALUES(6616,3),(6616,5),(6616,5074),(6616,5094),(6616,5376),(6616,7017);
INSERT INTO related_crafted_from VALUES(6617,3),(6617,4),(6617,5064),(6617,5374),(6617,5485);
INSERT INTO related_crafted_from VALUES(6618,3),(6618,4),(6618,5371),(6618,5373),(6618,5485);
INSERT INTO related_crafted_from VALUES(6619,3),(6619,5),(6619,5073),(6619,5093),(6619,5371),(6619,7038);
INSERT INTO related_crafted_from VALUES(6620,2),(6620,5),(6620,5094),(6620,5376),(6620,7033);
INSERT INTO related_crafted_from VALUES(6621,3),(6621,4),(6621,5058),(6621,5371),(6621,5515);
INSERT INTO related_crafted_from VALUES(6622,3),(6622,4),(6622,5063),(6622,5368),(6622,5515);
INSERT INTO related_crafted_from VALUES(6623,3),(6623,4),(6623,5063),(6623,5373),(6623,5515);
INSERT INTO related_crafted_from VALUES(6624,3),(6624,4),(6624,5062),(6624,5364),(6624,5515);
INSERT INTO related_crafted_from VALUES(6625,2),(6625,5),(6625,5058),(6625,5064),(6625,5326),(6625,7038);
INSERT INTO related_crafted_from VALUES(6626,2),(6626,5),(6626,5058),(6626,5093),(6626,5371),(6626,7043);
INSERT INTO related_crafted_from VALUES(6627,3),(6627,4),(6627,5058),(6627,5093),(6627,5371),(6627,5485);
INSERT INTO related_crafted_from VALUES(6628,3),(6628,4),(6628,5371),(6628,5373),(6628,5485);
INSERT INTO related_crafted_from VALUES(6629,3),(6629,4),(6629,5374),(6629,5485),(6629,7022);
INSERT INTO related_crafted_from VALUES(6630,2),(6630,5),(6630,5058),(6630,5328),(6630,5374);
INSERT INTO related_crafted_from VALUES(6631,4),(6631,5),(6631,5058),(6631,5284),(6631,5373);
INSERT INTO related_crafted_from VALUES(6632,2),(6632,5),(6632,5059),(6632,5066),(6632,5328),(6632,5376);
INSERT INTO related_crafted_from VALUES(6633,2),(6633,4),(6633,5066),(6633,5328),(6633,5374),(6633,7028);
INSERT INTO related_crafted_from VALUES(6634,3),(6634,5),(6634,5074),(6634,5376),(6634,7014),(6634,7038);
INSERT INTO related_crafted_from VALUES(6635,2),(6635,4),(6635,5063),(6635,5999);
INSERT INTO related_crafted_from VALUES(6636,3),(6636,5),(6636,5071),(6636,5324),(6636,5999);
INSERT INTO related_crafted_from VALUES(6637,3),(6637,4),(6637,5325),(6637,5405),(6637,5999);
INSERT INTO related_crafted_from VALUES(6638,2),(6638,4),(6638,5064),(6638,5512),(6638,5998);
INSERT INTO related_crafted_from VALUES(6639,6),(6639,7),(6639,5057),(6639,5471),(6639,7029);
INSERT INTO related_crafted_from VALUES(6640,6),(6640,7),(6640,5367),(6640,5471),(6640,7030);
INSERT INTO related_crafted_from VALUES(6641,6),(6641,7),(6641,5063),(6641,5471),(6641,7031);
INSERT INTO related_crafted_from VALUES(6642,6),(6642,7),(6642,5066),(6642,5374),(6642,5472),(6642,7028),(6642,7030);
INSERT INTO related_crafted_from VALUES(6643,2),(6643,4),(6643,5062),(6643,5063),(6643,5064),(6643,5540),(6643,7043);
INSERT INTO related_crafted_from VALUES(6644,6),(6644,7),(6644,5058),(6644,5472),(6644,5513),(6644,5514),(6644,7029);
INSERT INTO related_crafted_from VALUES(6645,6),(6645,7),(6645,5057),(6645,5368),(6645,5472),(6645,5514),(6645,7030);
INSERT INTO related_crafted_from VALUES(6646,6),(6646,7),(6646,5063),(6646,5472),(6646,5513),(6646,5514),(6646,7031);
INSERT INTO related_crafted_from VALUES(6647,2),(6647,4),(6647,5059),(6647,5063),(6647,5066),(6647,5094);
INSERT INTO related_crafted_from VALUES(6648,2),(6648,4),(6648,5062),(6648,5063),(6648,5064),(6648,5512),(6648,7043);
INSERT INTO related_crafted_from VALUES(6649,6),(6649,7),(6649,5351),(6649,5476);
INSERT INTO related_crafted_from VALUES(6650,2),(6650,4),(6650,5063),(6650,5064),(6650,5087),(6650,5368);
INSERT INTO related_crafted_from VALUES(6651,2),(6651,4),(6651,5063),(6651,5064),(6651,5065),(6651,5371),(6651,5512);
INSERT INTO related_crafted_from VALUES(6652,15),(6652,17),(6652,5066),(6652,5079),(6652,7047);
INSERT INTO related_crafted_from VALUES(6653,16),(6653,18),(6653,5328),(6653,5337),(6653,5348);
INSERT INTO related_crafted_from VALUES(6654,4),(6654,6),(6654,5328),(6654,5337),(6654,5348),(6654,5359),(6654,7044);
INSERT INTO related_crafted_from VALUES(6655,10),(6655,11),(6655,5064),(6655,5288),(6655,5348),(6655,5487),(6655,7047);
INSERT INTO related_crafted_from VALUES(6663,2),(6663,5),(6663,5057),(6663,5058),(6663,5093),(6663,5371);
INSERT INTO related_crafted_from VALUES(6664,14),(6664,16),(6664,5065),(6664,7010),(6664,7037),(6664,7046);
INSERT INTO related_crafted_from VALUES(6665,8),(6665,5061),(6665,5068),(6665,5998),(6665,6158),(6665,7047);
INSERT INTO related_crafted_from VALUES(6666,8),(6666,5061),(6666,5998),(6666,6159),(6666,7047);
INSERT INTO related_crafted_from VALUES(6667,2),(6667,4),(6667,5066),(6667,5374),(6667,5512),(6667,5998),(6667,7028);
INSERT INTO related_crafted_from VALUES(6668,2),(6668,5),(6668,5059),(6668,5084),(6668,7039);
INSERT INTO related_crafted_from VALUES(6669,2),(6669,4),(6669,5061),(6669,5065),(6669,5998),(6669,7037);
INSERT INTO related_crafted_from VALUES(6670,3),(6670,5),(6670,5079),(6670,5089),(6670,5998),(6670,7040);
INSERT INTO related_crafted_from VALUES(6671,2),(6671,4),(6671,5059),(6671,5063),(6671,5066),(6671,5094),(6671,5376);
INSERT INTO related_crafted_from VALUES(6672,10),(6672,11),(6672,5061),(6672,5288),(6672,5376),(6672,7042);
INSERT INTO related_crafted_from VALUES(6673,4),(6673,6),(6673,5326),(6673,5327),(6673,5336);
INSERT INTO related_crafted_from VALUES(6674,4),(6674,5),(6674,5285),(6674,5303),(6674,5337);
INSERT INTO related_crafted_from VALUES(6675,4),(6675,5),(6675,5284),(6675,5328),(6675,5337);
INSERT INTO related_crafted_from VALUES(6676,4),(6676,6),(6676,5282),(6676,5327),(6676,5328),(6676,5337);
INSERT INTO related_crafted_from VALUES(6677,4),(6677,6),(6677,5326),(6677,5327),(6677,5336);
INSERT INTO related_crafted_from VALUES(6678,4),(6678,5),(6678,5099),(6678,5285),(6678,7011);
INSERT INTO related_crafted_from VALUES(6679,4),(6679,6),(6679,5326),(6679,5327),(6679,5336);
INSERT INTO related_crafted_from VALUES(6680,4),(6680,6),(6680,5328),(6680,5329),(6680,5337);
INSERT INTO related_crafted_from VALUES(6681,4),(6681,6),(6681,5325),(6681,5326),(6681,5334);
INSERT INTO related_crafted_from VALUES(6682,4),(6682,5),(6682,5282),(6682,5347),(6682,7041);
INSERT INTO related_crafted_from VALUES(6683,4),(6683,6),(6683,5327),(6683,5329),(6683,5336),(6683,7044);
INSERT INTO related_crafted_from VALUES(6684,16),(6684,18),(6684,5327),(6684,5328),(6684,5337);
INSERT INTO related_crafted_from VALUES(6685,4),(6685,5),(6685,5288),(6685,5328),(6685,5349),(6685,5554),(6685,7045);
INSERT INTO related_crafted_from VALUES(6739,8),(6739,11),(6739,5059),(6739,5061),(6739,5374),(6739,5465),(6739,5505);
INSERT INTO related_crafted_from VALUES(6740,8),(6740,11),(6740,5061),(6740,5063),(6740,5074),(6740,5374),(6740,5505);
INSERT INTO related_crafted_from VALUES(6741,8),(6741,11),(6741,5059),(6741,5061),(6741,5064),(6741,5285),(6741,5376);
INSERT INTO related_crafted_from VALUES(6742,9),(6742,10),(6742,5059),(6742,5378),(6742,5505);
INSERT INTO related_crafted_from VALUES(6743,9),(6743,10),(6743,5376),(6743,5378),(6743,5436),(6743,5456),(6743,5462);
INSERT INTO related_crafted_from VALUES(6744,9),(6744,10),(6744,5063),(6744,5334),(6744,5378),(6744,5473),(6744,5493);
INSERT INTO related_crafted_from VALUES(6745,8),(6745,10),(6745,5068),(6745,5202),(6745,5436),(6745,5444),(6745,5494);
INSERT INTO related_crafted_from VALUES(6746,12),(6746,13),(6746,5059),(6746,5066),(6746,5337),(6746,5393),(6746,5480);
INSERT INTO related_crafted_from VALUES(6747,12),(6747,13),(6747,5059),(6747,5066),(6747,5337),(6747,5393),(6747,5480);
INSERT INTO related_crafted_from VALUES(6748,9),(6748,11),(6748,5057),(6748,5074),(6748,5075),(6748,5094);
INSERT INTO related_crafted_from VALUES(6749,9),(6749,11),(6749,5066),(6749,5074),(6749,5075),(6749,5089);
INSERT INTO related_crafted_from VALUES(6750,9),(6750,11),(6750,5074),(6750,5075),(6750,5094),(6750,5285);
INSERT INTO related_crafted_from VALUES(6751,9),(6751,11),(6751,5059),(6751,5075),(6751,5094);
INSERT INTO related_crafted_from VALUES(6752,10),(6752,12),(6752,5282),(6752,5329),(6752,5338),(6752,5359);
INSERT INTO related_crafted_from VALUES(6753,10),(6753,12),(6753,5065),(6753,5329),(6753,5338),(6753,5359);
INSERT INTO related_crafted_from VALUES(6754,10),(6754,12),(6754,5066),(6754,5329),(6754,5338),(6754,5360);
INSERT INTO related_crafted_from VALUES(6755,9),(6755,11),(6755,5066),(6755,5074),(6755,5075),(6755,5089);
INSERT INTO related_crafted_from VALUES(6756,9),(6756,11),(6756,5061),(6756,5282),(6756,5285),(6756,5458);
INSERT INTO related_crafted_from VALUES(6757,10),(6757,11),(6757,5285),(6757,5288),(6757,5322);
INSERT INTO related_crafted_from VALUES(6758,10),(6758,12),(6758,5282),(6758,5322),(6758,5329),(6758,5338);
INSERT INTO related_crafted_from VALUES(6759,10),(6759,12),(6759,5282),(6759,5322),(6759,5329),(6759,5338);
INSERT INTO related_crafted_from VALUES(6760,10),(6760,12),(6760,5066),(6760,5329),(6760,5337),(6760,5338);
INSERT INTO related_crafted_from VALUES(6761,10),(6761,12),(6761,5094),(6761,5285),(6761,5322),(6761,5328),(6761,5338);
INSERT INTO related_crafted_from VALUES(6762,10),(6762,11),(6762,5285),(6762,5288),(6762,5328),(6762,5337);
INSERT INTO related_crafted_from VALUES(6763,10),(6763,11),(6763,5288),(6763,5322),(6763,5328),(6763,5337);
INSERT INTO related_crafted_from VALUES(6764,10),(6764,12),(6764,5065),(6764,5285),(6764,5328),(6764,5329),(6764,5338);
INSERT INTO related_crafted_from VALUES(6765,10),(6765,12),(6765,5282),(6765,5329),(6765,5338);
INSERT INTO related_crafted_from VALUES(6766,10),(6766,12),(6766,5328),(6766,5338);
INSERT INTO related_crafted_from VALUES(6767,9),(6767,11),(6767,5066),(6767,5074),(6767,5075),(6767,5084),(6767,5282);
INSERT INTO related_crafted_from VALUES(6768,9),(6768,11),(6768,5061),(6768,5074),(6768,5458);
INSERT INTO related_crafted_from VALUES(6769,10),(6769,11),(6769,5059),(6769,5094),(6769,5288);
INSERT INTO related_crafted_from VALUES(6770,10),(6770,12),(6770,5282),(6770,5288),(6770,5322),(6770,5329);
INSERT INTO related_crafted_from VALUES(6771,10),(6771,12),(6771,5329),(6771,5338);
INSERT INTO related_crafted_from VALUES(6772,10),(6772,11),(6772,5059),(6772,5066),(6772,5198),(6772,5288);
INSERT INTO related_crafted_from VALUES(6773,9),(6773,11),(6773,5066),(6773,5074),(6773,5075),(6773,5084),(6773,5282);
INSERT INTO related_crafted_from VALUES(6774,9),(6774,11),(6774,5061),(6774,5074),(6774,5458);
INSERT INTO related_crafted_from VALUES(6775,10),(6775,11),(6775,5065),(6775,5285),(6775,5288),(6775,5322);
INSERT INTO related_crafted_from VALUES(6776,10),(6776,11),(6776,5282),(6776,5288),(6776,5322),(6776,5510);
INSERT INTO related_crafted_from VALUES(6777,10),(6777,12),(6777,5329),(6777,5338),(6777,5510);
INSERT INTO related_crafted_from VALUES(6778,10),(6778,11),(6778,5288),(6778,5328);
INSERT INTO related_crafted_from VALUES(6779,9),(6779,11),(6779,5074),(6779,5075),(6779,5282);
INSERT INTO related_crafted_from VALUES(6780,9),(6780,11),(6780,5075),(6780,5079),(6780,5285);
INSERT INTO related_crafted_from VALUES(6781,10),(6781,11),(6781,5059),(6781,5288),(6781,5321);
INSERT INTO related_crafted_from VALUES(6782,10),(6782,11),(6782,5065),(6782,5288),(6782,5322);
INSERT INTO related_crafted_from VALUES(6783,10),(6783,12),(6783,5329),(6783,5338);
INSERT INTO related_crafted_from VALUES(6784,10),(6784,11),(6784,5066),(6784,5288),(6784,5337);
INSERT INTO related_crafted_from VALUES(6785,8),(6785,10),(6785,5068),(6785,5181);
INSERT INTO related_crafted_from VALUES(6786,8),(6786,10),(6786,5068),(6786,5182);
INSERT INTO related_crafted_from VALUES(6787,8),(6787,10),(6787,5068),(6787,5183);
INSERT INTO related_crafted_from VALUES(6788,8),(6788,10),(6788,5068),(6788,5184);
INSERT INTO related_crafted_from VALUES(6789,8),(6789,10),(6789,5068),(6789,5185);
INSERT INTO related_crafted_from VALUES(6790,8),(6790,10),(6790,5068),(6790,5186);
INSERT INTO related_crafted_from VALUES(6791,8),(6791,10),(6791,5068),(6791,5181);
INSERT INTO related_crafted_from VALUES(6792,8),(6792,10),(6792,5068),(6792,5182);
INSERT INTO related_crafted_from VALUES(6793,8),(6793,10),(6793,5068),(6793,5183);
INSERT INTO related_crafted_from VALUES(6794,8),(6794,10),(6794,5068),(6794,5184);
INSERT INTO related_crafted_from VALUES(6795,8),(6795,10),(6795,5068),(6795,5185);
INSERT INTO related_crafted_from VALUES(6796,8),(6796,10),(6796,5068),(6796,5186);
INSERT INTO related_crafted_from VALUES(6797,8),(6797,10),(6797,5066),(6797,5068),(6797,5181);
INSERT INTO related_crafted_from VALUES(6798,8),(6798,10),(6798,5066),(6798,5068),(6798,5182);
INSERT INTO related_crafted_from VALUES(6799,8),(6799,10),(6799,5066),(6799,5068),(6799,5183);
INSERT INTO related_crafted_from VALUES(6800,8),(6800,10),(6800,5066),(6800,5068),(6800,5184);
INSERT INTO related_crafted_from VALUES(6801,8),(6801,10),(6801,5066),(6801,5068),(6801,5185);
INSERT INTO related_crafted_from VALUES(6802,8),(6802,10),(6802,5066),(6802,5068),(6802,5186);
INSERT INTO related_crafted_from VALUES(6803,8),(6803,10),(6803,5068),(6803,5181);
INSERT INTO related_crafted_from VALUES(6804,8),(6804,10),(6804,5068),(6804,5182);
INSERT INTO related_crafted_from VALUES(6805,8),(6805,10),(6805,5068),(6805,5183);
INSERT INTO related_crafted_from VALUES(6806,8),(6806,10),(6806,5068),(6806,5184);
INSERT INTO related_crafted_from VALUES(6807,8),(6807,10),(6807,5068),(6807,5185);
INSERT INTO related_crafted_from VALUES(6808,8),(6808,10),(6808,5068),(6808,5186);
INSERT INTO related_crafted_from VALUES(6946,12),(6946,13),(6946,5468),(6946,5545),(6946,5555);
INSERT INTO related_crafted_from VALUES(6947,12),(6947,13),(6947,5054),(6947,5545),(6947,5555);
INSERT INTO related_crafted_from VALUES(6948,12),(6948,13),(6948,5497),(6948,5545),(6948,5555);
INSERT INTO related_crafted_from VALUES(6949,12),(6949,13),(6949,5545),(6949,5555),(6949,5558);
INSERT INTO related_crafted_from VALUES(6950,12),(6950,13),(6950,5545),(6950,5555),(6950,6149);
INSERT INTO related_crafted_from VALUES(6951,12),(6951,13),(6951,4843),(6951,5545),(6951,5555);
INSERT INTO related_crafted_from VALUES(6952,12),(6952,13),(6952,5499),(6952,5545),(6952,5555);
INSERT INTO related_crafted_from VALUES(6953,12),(6953,13),(6953,4868),(6953,5545),(6953,5555);
INSERT INTO related_crafted_from VALUES(6954,12),(6954,13),(6954,5273),(6954,5358),(6954,5515);
INSERT INTO related_crafted_from VALUES(6955,12),(6955,13),(6955,5357),(6955,5473);
INSERT INTO related_crafted_from VALUES(6956,8),(6956,13),(6956,4848),(6956,5486);
INSERT INTO related_crafted_from VALUES(6957,8),(6957,13),(6957,4848),(6957,5486);
INSERT INTO related_crafted_from VALUES(6958,8),(6958,13),(6958,4784),(6958,4848),(6958,5486);
INSERT INTO related_crafted_from VALUES(6959,8),(6959,13),(6959,4848),(6959,5486);
INSERT INTO related_crafted_from VALUES(6960,8),(6960,13),(6960,4848),(6960,5486),(6960,6149);
INSERT INTO related_crafted_from VALUES(6961,8),(6961,13),(6961,4848),(6961,4855),(6961,5486);
INSERT INTO related_crafted_from VALUES(6962,8),(6962,13),(6962,4848),(6962,5486);
INSERT INTO related_crafted_from VALUES(6963,8),(6963,13),(6963,4846),(6963,4848),(6963,5486);
INSERT INTO related_crafted_from VALUES(6978,4),(6978,5),(6978,5328),(6978,5337),(6978,7041);
INSERT INTO related_crafted_from VALUES(6979,4),(6979,5),(6979,5328),(6979,5337),(6979,7041);
INSERT INTO related_crafted_from VALUES(6980,4),(6980,5),(6980,5328),(6980,5337),(6980,7041);
INSERT INTO related_crafted_from VALUES(6981,4),(6981,5),(6981,5328),(6981,5337),(6981,5510),(6981,7041);
INSERT INTO related_crafted_from VALUES(6982,10),(6982,11),(6982,5282),(6982,5338),(6982,7042);
INSERT INTO related_crafted_from VALUES(6983,10),(6983,11),(6983,5068),(6983,5338),(6983,5510),(6983,7042);
INSERT INTO related_crafted_from VALUES(7009,4),(7009,7008);
INSERT INTO related_crafted_from VALUES(7013,7),(7013,5229),(7013,5513);
INSERT INTO related_crafted_from VALUES(7014,7),(7014,5231),(7014,5513),(7014,5526);
INSERT INTO related_crafted_from VALUES(7015,7),(7015,5342),(7015,5513);
INSERT INTO related_crafted_from VALUES(7016,7),(7016,5230),(7016,5267),(7016,5487);
INSERT INTO related_crafted_from VALUES(7017,7),(7017,5143),(7017,5485),(7017,5728);
INSERT INTO related_crafted_from VALUES(7018,2),(7018,5057);
INSERT INTO related_crafted_from VALUES(7019,2),(7019,5058);
INSERT INTO related_crafted_from VALUES(7020,2),(7020,5059);
INSERT INTO related_crafted_from VALUES(7021,3),(7021,5057);
INSERT INTO related_crafted_from VALUES(7022,3),(7022,5058);
INSERT INTO related_crafted_from VALUES(7023,3),(7023,5059);
INSERT INTO related_crafted_from VALUES(7024,3),(7024,5058);
INSERT INTO related_crafted_from VALUES(7025,6),(7025,5333),(7025,5334),(7025,5515);
INSERT INTO related_crafted_from VALUES(7026,6),(7026,5334),(7026,5336),(7026,5515);
INSERT INTO related_crafted_from VALUES(7027,6),(7027,5347),(7027,5522),(7027,5526);
INSERT INTO related_crafted_from VALUES(7059,12),(7059,13),(7059,5537),(7059,5547),(7059,8146),(7059,8149);
INSERT INTO related_crafted_from VALUES(7064,14),(7064,17),(7064,5360),(7064,7606),(7064,7607);
INSERT INTO related_crafted_from VALUES(7065,15),(7065,16),(7065,5059),(7065,5376),(7065,7020),(7065,7606),(7065,7775);
INSERT INTO related_crafted_from VALUES(7066,14),(7066,17),(7066,5059),(7066,5061),(7066,5530),(7066,7607),(7066,7775);
INSERT INTO related_crafted_from VALUES(7067,14),(7067,16),(7067,5530),(7067,7009),(7067,7010),(7067,7016),(7067,7607),(7067,7775);
INSERT INTO related_crafted_from VALUES(7068,15),(7068,16),(7068,5061),(7068,5066),(7068,5378),(7068,7606),(7068,7775);
INSERT INTO related_crafted_from VALUES(7069,15),(7069,16),(7069,5061),(7069,5316),(7069,5376),(7069,7606),(7069,7775);
INSERT INTO related_crafted_from VALUES(7070,15),(7070,16),(7070,5059),(7070,5328),(7070,5374),(7070,5378),(7070,7606),(7070,7775);
INSERT INTO related_crafted_from VALUES(7071,15),(7071,17),(7071,5075),(7071,5095),(7071,5530),(7071,7607),(7071,7775);
INSERT INTO related_crafted_from VALUES(7072,14),(7072,17),(7072,5061),(7072,5378),(7072,5530),(7072,7009),(7072,7607),(7072,7775);
INSERT INTO related_crafted_from VALUES(7073,2),(7073,4),(7073,5059),(7073,5066),(7073,5094),(7073,5376);
INSERT INTO related_crafted_from VALUES(7074,2),(7074,4),(7074,5063),(7074,5066),(7074,5094),(7074,5373),(7074,5374);
INSERT INTO related_crafted_from VALUES(7075,10),(7075,12),(7075,5059),(7075,5328),(7075,5338),(7075,5374),(7075,7041);
INSERT INTO related_crafted_from VALUES(7076,10),(7076,12),(7076,5059),(7076,5328),(7076,5338),(7076,5374),(7076,7041);
INSERT INTO related_crafted_from VALUES(7077,10),(7077,11),(7077,5066),(7077,5288),(7077,5348),(7077,5374),(7077,7041);
INSERT INTO related_crafted_from VALUES(7078,10),(7078,11),(7078,5066),(7078,5288),(7078,5348),(7078,5374),(7078,7041);
INSERT INTO related_crafted_from VALUES(7079,9),(7079,10),(7079,5066),(7079,5329),(7079,5348),(7079,5376),(7079,5378);
INSERT INTO related_crafted_from VALUES(7080,10),(7080,12),(7080,5066),(7080,5328),(7080,5348),(7080,5374),(7080,7041);
INSERT INTO related_crafted_from VALUES(7081,9),(7081,10),(7081,5066),(7081,5376),(7081,5378);
INSERT INTO related_crafted_from VALUES(7082,8),(7082,11),(7082,5061),(7082,5066),(7082,5998),(7082,7047);
INSERT INTO related_crafted_from VALUES(7083,10),(7083,12),(7083,5328),(7083,5337),(7083,7777);
INSERT INTO related_crafted_from VALUES(7084,3),(7084,4),(7084,5364),(7084,5367);
INSERT INTO related_crafted_from VALUES(7085,4),(7085,6),(7085,5326),(7085,5335),(7085,7043),(7085,7044);
INSERT INTO related_crafted_from VALUES(7086,2),(7086,4),(7086,5063),(7086,7043),(7086,7773);
INSERT INTO related_crafted_from VALUES(7087,16),(7087,18),(7087,5187),(7087,5282),(7087,5328),(7087,5338),(7087,5378);
INSERT INTO related_crafted_from VALUES(7088,16),(7088,17),(7088,5059),(7088,5187),(7088,5288),(7088,5328),(7088,5348);
INSERT INTO related_crafted_from VALUES(7089,15),(7089,16),(7089,5187),(7089,5328),(7089,5374),(7089,5378);
INSERT INTO related_crafted_from VALUES(7090,15),(7090,16),(7090,5187),(7090,5282),(7090,5374),(7090,5378);
INSERT INTO related_crafted_from VALUES(7091,15),(7091,16),(7091,5187),(7091,5285),(7091,5374),(7091,5378);
INSERT INTO related_crafted_from VALUES(7092,16),(7092,17),(7092,5187),(7092,5285),(7092,5288),(7092,7777);
INSERT INTO related_crafted_from VALUES(7093,14),(7093,16),(7093,5065),(7093,5068),(7093,5094),(7093,5187);
INSERT INTO related_crafted_from VALUES(7094,14),(7094,16),(7094,5068),(7094,5187),(7094,5288),(7094,5998),(7094,7047);
INSERT INTO related_crafted_from VALUES(7098,9),(7098,10),(7098,5066),(7098,5376),(7098,5378);
INSERT INTO related_crafted_from VALUES(7099,10),(7099,12),(7099,5328),(7099,5337),(7099,7777);
INSERT INTO related_crafted_from VALUES(7100,15),(7100,17),(7100,5068),(7100,5069),(7100,5074),(7100,7157);
INSERT INTO related_crafted_from VALUES(7101,15),(7101,17),(7101,5074),(7101,5075),(7101,7157);
INSERT INTO related_crafted_from VALUES(7102,15),(7102,16),(7102,5374),(7102,6662),(7102,7158);
INSERT INTO related_crafted_from VALUES(7103,15),(7103,16),(7103,7017),(7103,7158);
INSERT INTO related_crafted_from VALUES(7104,15),(7104,16),(7104,7017),(7104,7158);
INSERT INTO related_crafted_from VALUES(7105,15),(7105,16),(7105,7017),(7105,7158);
INSERT INTO related_crafted_from VALUES(7106,15),(7106,16),(7106,7017),(7106,7158);
INSERT INTO related_crafted_from VALUES(7107,15),(7107,16),(7107,7017),(7107,7158);
INSERT INTO related_crafted_from VALUES(7108,15),(7108,16),(7108,5059),(7108,5374),(7108,5378),(7108,7775),(7108,7808);
INSERT INTO related_crafted_from VALUES(7109,3),(7109,4),(7109,5371),(7109,7038);
INSERT INTO related_crafted_from VALUES(7110,15),(7110,16),(7110,5094),(7110,5285),(7110,5378),(7110,7775),(7110,7808);
INSERT INTO related_crafted_from VALUES(7111,15),(7111,17),(7111,5075),(7111,5374),(7111,7775),(7111,7808);
INSERT INTO related_crafted_from VALUES(7112,15),(7112,16),(7112,5059),(7112,5335),(7112,5378),(7112,7775),(7112,7808);
INSERT INTO related_crafted_from VALUES(7113,15),(7113,16),(7113,5335),(7113,5374),(7113,5378),(7113,7775),(7113,7808);
INSERT INTO related_crafted_from VALUES(7114,3),(7114,4),(7114,5371),(7114,7038);
INSERT INTO related_crafted_from VALUES(7115,14),(7115,16),(7115,5069),(7115,5074),(7115,5328),(7115,7161),(7115,7606);
INSERT INTO related_crafted_from VALUES(7116,15),(7116,16),(7116,5061),(7116,5187),(7116,5374),(7116,5378);
INSERT INTO related_crafted_from VALUES(7117,14),(7117,17),(7117,5059),(7117,5061),(7117,5187),(7117,5374);
INSERT INTO related_crafted_from VALUES(7121,15),(7121,16),(7121,7606),(7121,7607),(7121,7775);
INSERT INTO related_crafted_from VALUES(7131,6),(7131,7),(7131,7010),(7131,7014),(7131,7016);
INSERT INTO related_crafted_from VALUES(7132,6),(7132,7),(7132,5093),(7132,5267),(7132,7016);
INSERT INTO related_crafted_from VALUES(7136,2),(7136,4),(7136,7009),(7136,7010),(7136,7016);
INSERT INTO related_crafted_from VALUES(7137,3),(7137,5),(7137,5073),(7137,5074),(7137,5093);
INSERT INTO related_crafted_from VALUES(7138,3),(7138,4),(7138,5371),(7138,5472),(7138,5535),(7138,7016);
INSERT INTO related_crafted_from VALUES(7139,4),(7139,6),(7139,5329),(7139,5337),(7139,5359),(7139,7016);
INSERT INTO related_crafted_from VALUES(7140,16),(7140,18),(7140,5329),(7140,5337),(7140,7007),(7140,7016);
INSERT INTO related_crafted_from VALUES(7141,6),(7141,7),(7141,7009),(7141,7010),(7141,7016);
INSERT INTO related_crafted_from VALUES(7142,6),(7142,7),(7142,5093),(7142,5267),(7142,7016);
INSERT INTO related_crafted_from VALUES(7146,2),(7146,4),(7146,7009),(7146,7010),(7146,7016);
INSERT INTO related_crafted_from VALUES(7147,3),(7147,5),(7147,5073),(7147,5074),(7147,5093);
INSERT INTO related_crafted_from VALUES(7148,4),(7148,5),(7148,5277),(7148,5472);
INSERT INTO related_crafted_from VALUES(7149,4),(7149,6),(7149,5329),(7149,5337),(7149,5359);
INSERT INTO related_crafted_from VALUES(7150,16),(7150,18),(7150,5329),(7150,5337),(7150,7007);
INSERT INTO related_crafted_from VALUES(7151,2),(7151,5),(7151,5061),(7151,5066),(7151,5512),(7151,5998),(7151,7047);
INSERT INTO related_crafted_from VALUES(7480,15),(7480,17),(7480,5075),(7480,5085),(7480,7607),(7480,7807);
INSERT INTO related_crafted_from VALUES(7481,15),(7481,17),(7481,5075),(7481,5085),(7481,5288),(7481,7607),(7481,7807);
INSERT INTO related_crafted_from VALUES(7482,15),(7482,17),(7482,5075),(7482,5085),(7482,5288),(7482,7607),(7482,7807);
INSERT INTO related_crafted_from VALUES(7483,15),(7483,17),(7483,5085),(7483,5288),(7483,7607),(7483,7807);
INSERT INTO related_crafted_from VALUES(7484,15),(7484,17),(7484,5075),(7484,5085),(7484,5288),(7484,7607),(7484,7807);
INSERT INTO related_crafted_from VALUES(7485,15),(7485,17),(7485,5075),(7485,5288),(7485,7607),(7485,7807);
INSERT INTO related_crafted_from VALUES(7486,15),(7486,17),(7486,5288),(7486,5322),(7486,7607),(7486,7807);
INSERT INTO related_crafted_from VALUES(7487,15),(7487,17),(7487,5068),(7487,5075),(7487,5288),(7487,7607),(7487,7807);
INSERT INTO related_crafted_from VALUES(7488,15),(7488,17),(7488,5075),(7488,5288),(7488,5329),(7488,5338),(7488,7607),(7488,7807);
INSERT INTO related_crafted_from VALUES(7489,16),(7489,17),(7489,5288),(7489,5322),(7489,7608),(7489,7807);
INSERT INTO related_crafted_from VALUES(7490,15),(7490,17),(7490,5075),(7490,5288),(7490,5329),(7490,5338),(7490,7607),(7490,7807);
INSERT INTO related_crafted_from VALUES(7491,15),(7491,17),(7491,5075),(7491,5288),(7491,7607),(7491,7807);
INSERT INTO related_crafted_from VALUES(7492,16),(7492,17),(7492,5068),(7492,5329),(7492,5338),(7492,7608),(7492,7807);
INSERT INTO related_crafted_from VALUES(7493,16),(7493,17),(7493,5068),(7493,5288),(7493,5329),(7493,5338),(7493,7608),(7493,7807);
INSERT INTO related_crafted_from VALUES(7494,16),(7494,17),(7494,5068),(7494,5322),(7494,5329),(7494,5338),(7494,7608),(7494,7807);
INSERT INTO related_crafted_from VALUES(7495,16),(7495,18),(7495,5288),(7495,5329),(7495,5338),(7495,7609),(7495,7807);
INSERT INTO related_crafted_from VALUES(7496,16),(7496,17),(7496,5068),(7496,5329),(7496,5338),(7496,7608),(7496,7807);
INSERT INTO related_crafted_from VALUES(7497,16),(7497,17),(7497,5095),(7497,7608),(7497,7807);
INSERT INTO related_crafted_from VALUES(7498,16),(7498,18),(7498,5288),(7498,5338),(7498,5360),(7498,7609),(7498,7807);
INSERT INTO related_crafted_from VALUES(7499,16),(7499,17),(7499,5068),(7499,5085),(7499,5288),(7499,7608),(7499,7807);
INSERT INTO related_crafted_from VALUES(7500,16),(7500,17),(7500,5068),(7500,5288),(7500,5322),(7500,7608),(7500,7807);
INSERT INTO related_crafted_from VALUES(7501,16),(7501,18),(7501,5068),(7501,5288),(7501,5329),(7501,5338),(7501,7609),(7501,7807);
INSERT INTO related_crafted_from VALUES(7502,16),(7502,17),(7502,5288),(7502,5322),(7502,7608),(7502,7807);
INSERT INTO related_crafted_from VALUES(7503,16),(7503,17),(7503,5068),(7503,5290),(7503,7608),(7503,7807);
INSERT INTO related_crafted_from VALUES(7504,14),(7504,16),(7504,5068),(7504,5069),(7504,5512),(7504,7807);
INSERT INTO related_crafted_from VALUES(7505,16),(7505,18),(7505,5288),(7505,5329),(7505,5338),(7505,7609),(7505,7807);
INSERT INTO related_crafted_from VALUES(7506,16),(7506,17),(7506,5322),(7506,5329),(7506,5338),(7506,7608),(7506,7807);
INSERT INTO related_crafted_from VALUES(7507,16),(7507,18),(7507,5288),(7507,5329),(7507,5338),(7507,7609),(7507,7807);
INSERT INTO related_crafted_from VALUES(7508,16),(7508,17),(7508,5068),(7508,5288),(7508,5322),(7508,7608),(7508,7807);
INSERT INTO related_crafted_from VALUES(7509,16),(7509,17),(7509,5061),(7509,5322),(7509,7608),(7509,7807);
INSERT INTO related_crafted_from VALUES(7510,16),(7510,18),(7510,5288),(7510,5338),(7510,7609),(7510,7807);
INSERT INTO related_crafted_from VALUES(7511,16),(7511,18),(7511,4607),(7511,5288),(7511,7028),(7511,7609),(7511,7807);
INSERT INTO related_crafted_from VALUES(7512,16),(7512,17),(7512,5288),(7512,5322),(7512,7608),(7512,7807);
INSERT INTO related_crafted_from VALUES(7513,16),(7513,18),(7513,5288),(7513,5329),(7513,5338),(7513,7609),(7513,7807);
INSERT INTO related_crafted_from VALUES(7514,16),(7514,17),(7514,5068),(7514,5329),(7514,5338),(7514,7608),(7514,7807);
INSERT INTO related_crafted_from VALUES(7515,16),(7515,17),(7515,5068),(7515,5338),(7515,7608),(7515,7807);
INSERT INTO related_crafted_from VALUES(7534,10),(7534,12),(7534,5338),(7534,5342),(7534,5540),(7534,5545);
INSERT INTO related_crafted_from VALUES(7535,10),(7535,12),(7535,5282),(7535,5326),(7535,5338),(7535,7772);
INSERT INTO related_crafted_from VALUES(7536,16),(7536,18),(7536,7769);
INSERT INTO related_crafted_from VALUES(7537,10),(7537,12),(7537,5338),(7537,7772);
INSERT INTO related_crafted_from VALUES(7538,10),(7538,11),(7538,5285),(7538,5338),(7538,5510),(7538,7772);
INSERT INTO related_crafted_from VALUES(7539,16),(7539,18),(7539,5342),(7539,7768);
INSERT INTO related_crafted_from VALUES(7540,16),(7540,18),(7540,4843),(7540,5338),(7540,7771);
INSERT INTO related_crafted_from VALUES(7541,16),(7541,18),(7541,5338),(7541,7771);
INSERT INTO related_crafted_from VALUES(7542,16),(7542,18),(7542,5338),(7542,7771);
INSERT INTO related_crafted_from VALUES(7543,16),(7543,18),(7543,5338),(7543,7770);
INSERT INTO related_crafted_from VALUES(7546,15),(7546,17),(7546,5288),(7546,7794);
INSERT INTO related_crafted_from VALUES(7547,15),(7547,17),(7547,5288),(7547,7794);
INSERT INTO related_crafted_from VALUES(7548,16),(7548,18),(7548,5338),(7548,7795);
INSERT INTO related_crafted_from VALUES(7549,16),(7549,18),(7549,5338),(7549,7795);
INSERT INTO related_crafted_from VALUES(7552,15),(7552,17),(7552,5069),(7552,5075),(7552,5288),(7552,7159);
INSERT INTO related_crafted_from VALUES(7559,6),(7559,5325),(7559,5343),(7559,7775),(7559,7777);
INSERT INTO related_crafted_from VALUES(7568,4),(7568,5414),(7568,7606),(7568,7775),(7568,7776);
INSERT INTO related_crafted_from VALUES(7570,14),(7570,19),(7570,4848),(7570,4862),(7570,5020),(7570,7602);
INSERT INTO related_crafted_from VALUES(7571,14),(7571,19),(7571,4775),(7571,4826),(7571,4844),(7571,4847),(7571,7603);
INSERT INTO related_crafted_from VALUES(7572,14),(7572,19),(7572,4850),(7572,4853),(7572,7595),(7572,7605);
INSERT INTO related_crafted_from VALUES(7573,14),(7573,19),(7573,4735),(7573,4826),(7573,4852),(7573,4853),(7573,7592),(7573,7604);
INSERT INTO related_crafted_from VALUES(7574,14),(7574,19),(7574,4784),(7574,4847),(7574,4852),(7574,4853),(7574,7593);
INSERT INTO related_crafted_from VALUES(7575,14),(7575,19),(7575,4756),(7575,4775),(7575,4844),(7575,4847),(7575,4861),(7575,7594);
INSERT INTO related_crafted_from VALUES(7606,15),(7606,16),(7606,7590),(7606,7596);
INSERT INTO related_crafted_from VALUES(7607,14),(7607,17),(7607,5116),(7607,7588),(7607,7597);
INSERT INTO related_crafted_from VALUES(7608,16),(7608,17),(7608,7591),(7608,7599);
INSERT INTO related_crafted_from VALUES(7609,16),(7609,18),(7609,7600),(7609,7620);
INSERT INTO related_crafted_from VALUES(7620,19),(7620,5490),(7620,6153);
INSERT INTO related_crafted_from VALUES(7622,9),(7622,10),(7622,5371),(7622,7671);
INSERT INTO related_crafted_from VALUES(7623,9),(7623,10),(7623,5371),(7623,7672);
INSERT INTO related_crafted_from VALUES(7624,9),(7624,10),(7624,5371),(7624,7673);
INSERT INTO related_crafted_from VALUES(7625,9),(7625,10),(7625,5371),(7625,7674);
INSERT INTO related_crafted_from VALUES(7626,9),(7626,10),(7626,5371),(7626,7675);
INSERT INTO related_crafted_from VALUES(7629,8),(7629,11),(7629,5058),(7629,7671);
INSERT INTO related_crafted_from VALUES(7630,8),(7630,11),(7630,5058),(7630,7672);
INSERT INTO related_crafted_from VALUES(7631,8),(7631,11),(7631,5058),(7631,7673);
INSERT INTO related_crafted_from VALUES(7632,8),(7632,11),(7632,5058),(7632,7674);
INSERT INTO related_crafted_from VALUES(7633,8),(7633,11),(7633,5058),(7633,7675);
INSERT INTO related_crafted_from VALUES(7636,9),(7636,11),(7636,5093),(7636,7671);
INSERT INTO related_crafted_from VALUES(7637,9),(7637,11),(7637,5093),(7637,7672);
INSERT INTO related_crafted_from VALUES(7638,9),(7638,11),(7638,5093),(7638,7673);
INSERT INTO related_crafted_from VALUES(7639,9),(7639,11),(7639,5093),(7639,7674);
INSERT INTO related_crafted_from VALUES(7640,9),(7640,11),(7640,5093),(7640,7675);
INSERT INTO related_crafted_from VALUES(7643,8),(7643,10),(7643,5064),(7643,7671);
INSERT INTO related_crafted_from VALUES(7644,8),(7644,10),(7644,5064),(7644,7672);
INSERT INTO related_crafted_from VALUES(7645,8),(7645,10),(7645,5064),(7645,7673);
INSERT INTO related_crafted_from VALUES(7646,8),(7646,10),(7646,5064),(7646,7674);
INSERT INTO related_crafted_from VALUES(7647,8),(7647,10),(7647,5064),(7647,7675);
INSERT INTO related_crafted_from VALUES(7650,10),(7650,11),(7650,5280),(7650,7671);
INSERT INTO related_crafted_from VALUES(7651,10),(7651,11),(7651,5280),(7651,7672);
INSERT INTO related_crafted_from VALUES(7652,10),(7652,11),(7652,5280),(7652,7673);
INSERT INTO related_crafted_from VALUES(7653,10),(7653,11),(7653,5280),(7653,7674);
INSERT INTO related_crafted_from VALUES(7654,10),(7654,11),(7654,5280),(7654,7675);
INSERT INTO related_crafted_from VALUES(7657,10),(7657,12),(7657,5326),(7657,7671);
INSERT INTO related_crafted_from VALUES(7658,10),(7658,12),(7658,5326),(7658,7672);
INSERT INTO related_crafted_from VALUES(7659,10),(7659,12),(7659,5326),(7659,7673);
INSERT INTO related_crafted_from VALUES(7660,10),(7660,12),(7660,5326),(7660,7674);
INSERT INTO related_crafted_from VALUES(7661,10),(7661,12),(7661,5326),(7661,7675);
INSERT INTO related_crafted_from VALUES(7664,12),(7664,13),(7664,5472),(7664,7671);
INSERT INTO related_crafted_from VALUES(7665,12),(7665,13),(7665,5472),(7665,7672);
INSERT INTO related_crafted_from VALUES(7666,12),(7666,13),(7666,5472),(7666,7673);
INSERT INTO related_crafted_from VALUES(7667,12),(7667,13),(7667,5472),(7667,7674);
INSERT INTO related_crafted_from VALUES(7668,12),(7668,13),(7668,5472),(7668,7675);
INSERT INTO related_crafted_from VALUES(7767,2),(7767,4870);
INSERT INTO related_crafted_from VALUES(7777,12),(7777,7774);
INSERT INTO related_crafted_from VALUES(7807,18),(7807,19),(7807,6153),(7807,7806);
INSERT INTO related_crafted_from VALUES(7958,3),(7958,4),(7958,5059),(7958,5094),(7958,5376);
INSERT INTO related_crafted_from VALUES(7959,2),(7959,7),(7959,4640),(7959,4654),(7959,4697),(7959,4780);
INSERT INTO related_crafted_from VALUES(7960,14),(7960,19),(7960,4679),(7960,4702);
INSERT INTO related_crafted_from VALUES(7961,14),(7961,19),(7961,4698),(7961,4701),(7961,4734),(7961,4749),(7961,4848);
INSERT INTO related_crafted_from VALUES(7962,2),(7962,7),(7962,5371);
INSERT INTO related_crafted_from VALUES(7963,9),(7963,4745),(7963,4746),(7963,4847),(7963,5064);
INSERT INTO related_crafted_from VALUES(7966,10),(7966,11),(7966,5282),(7966,5329),(7966,5336),(7966,7044),(7966,8025);
INSERT INTO related_crafted_from VALUES(7970,6),(7970,7),(7970,5092),(7970,5371),(7970,5514),(7970,7029);
INSERT INTO related_crafted_from VALUES(7972,15),(7972,16),(7972,5365),(7972,5378),(7972,5526),(7972,6494);
INSERT INTO related_crafted_from VALUES(7973,3),(7973,4),(7973,5367),(7973,5368);
INSERT INTO related_crafted_from VALUES(7974,18),(7974,19),(7974,5513),(7974,5514),(7974,7754);
INSERT INTO related_crafted_from VALUES(7975,12),(7975,13),(7975,5061),(7975,5378),(7975,5514),(7975,7031);
INSERT INTO related_crafted_from VALUES(7976,3),(7976,4),(7976,5099),(7976,5373),(7976,5374),(7976,7017);
INSERT INTO related_crafted_from VALUES(7977,10),(7977,12),(7977,5334),(7977,5342),(7977,8021);
INSERT INTO related_crafted_from VALUES(7978,3),(7978,4),(7978,5059),(7978,5074),(7978,5376);
INSERT INTO related_crafted_from VALUES(7979,6),(7979,7),(7979,5367),(7979,5374),(7979,5514),(7979,7029);
INSERT INTO related_crafted_from VALUES(7980,12),(7980,8019),(7980,8149);
INSERT INTO related_crafted_from VALUES(7981,12),(7981,7607),(7981,8020);
INSERT INTO related_crafted_from VALUES(7982,14),(7982,16),(7982,5069),(7982,5261),(7982,8018);
INSERT INTO related_crafted_from VALUES(7983,4),(7983,6),(7983,5327),(7983,5328),(7983,5337);
INSERT INTO related_crafted_from VALUES(7984,16),(7984,18),(7984,5061),(7984,5374),(7984,8024),(7984,8149);
INSERT INTO related_crafted_from VALUES(7985,9),(7985,10),(7985,5061),(7985,5359),(7985,5376),(7985,5378);
INSERT INTO related_crafted_from VALUES(7986,16),(7986,18),(7986,5328),(7986,5338),(7986,8024),(7986,8149);
INSERT INTO related_crafted_from VALUES(7987,16),(7987,18),(7987,5328),(7987,5338),(7987,8024),(7987,8149);
INSERT INTO related_crafted_from VALUES(7988,16),(7988,18),(7988,5328),(7988,5338),(7988,8024),(7988,8149);
INSERT INTO related_crafted_from VALUES(7992,6),(7992,7),(7992,5472),(7992,7030);
INSERT INTO related_crafted_from VALUES(7993,3),(7993,4),(7993,5059),(7993,5376),(7993,5514),(7993,7029);
INSERT INTO related_crafted_from VALUES(7994,6),(7994,7),(7994,5472),(7994,5513),(7994,8022);
INSERT INTO related_crafted_from VALUES(7995,14),(7995,16),(7995,6479),(7995,6480),(7995,7807);
INSERT INTO related_crafted_from VALUES(7996,3),(7996,5),(7996,5058),(7996,5073),(7996,5364);
INSERT INTO related_crafted_from VALUES(7997,3),(7997,4),(7997,5058),(7997,5093),(7997,5371);
INSERT INTO related_crafted_from VALUES(7998,2),(7998,4),(7998,5231),(7998,7016);
INSERT INTO related_crafted_from VALUES(7999,2),(7999,4),(7999,5231),(7999,7016);
INSERT INTO related_crafted_from VALUES(8000,15),(8000,16),(8000,7017),(8000,7596);
INSERT INTO related_crafted_from VALUES(8001,15),(8001,16),(8001,7017),(8001,7596);
INSERT INTO related_crafted_from VALUES(8002,6),(8002,7),(8002,5376),(8002,5472),(8002,5513),(8002,7030);
INSERT INTO related_crafted_from VALUES(8004,6),(8004,7),(8004,5376),(8004,5473),(8004,7030);
INSERT INTO related_crafted_from VALUES(8005,2),(8005,4),(8005,7008),(8005,7009),(8005,7010),(8005,7016);
INSERT INTO related_crafted_from VALUES(8006,2),(8006,5),(8006,5059),(8006,5094),(8006,5374);
INSERT INTO related_crafted_from VALUES(8007,4),(8007,6),(8007,5328),(8007,5337),(8007,7016);
INSERT INTO related_crafted_from VALUES(8008,4),(8008,6),(8008,5328),(8008,5337),(8008,7016);
INSERT INTO related_crafted_from VALUES(8009,4),(8009,6),(8009,5328),(8009,5337),(8009,7016);
INSERT INTO related_crafted_from VALUES(8010,10),(8010,12),(8010,5329),(8010,5338),(8010,7016);
INSERT INTO related_crafted_from VALUES(8011,4),(8011,6),(8011,5329),(8011,5337),(8011,7016);
INSERT INTO related_crafted_from VALUES(8012,2),(8012,4),(8012,7008),(8012,7009),(8012,7016);
INSERT INTO related_crafted_from VALUES(8013,6),(8013,7),(8013,5229),(8013,5513),(8013,7016);
INSERT INTO related_crafted_from VALUES(8014,14),(8014,16),(8014,5261),(8014,7010),(8014,7016);
INSERT INTO related_crafted_from VALUES(8015,2),(8015,4),(8015,5342),(8015,5513),(8015,7016);
INSERT INTO related_crafted_from VALUES(8029,15),(8029,17),(8029,5116),(8029,7588),(8029,7597);
INSERT INTO related_crafted_from VALUES(8168,15),(8168,16),(8168,5365),(8168,7776);
INSERT INTO related_crafted_from VALUES(8200,6),(8200,5338),(8200,5348),(8200,7609),(8200,9367);
INSERT INTO related_crafted_from VALUES(8280,14),(8280,16),(8280,5069),(8280,5187),(8280,8146);
INSERT INTO related_crafted_from VALUES(8281,14),(8281,16),(8281,5069),(8281,5188),(8281,8146);
INSERT INTO related_crafted_from VALUES(8282,14),(8282,16),(8282,5069),(8282,5189),(8282,8146);
INSERT INTO related_crafted_from VALUES(8283,14),(8283,16),(8283,5069),(8283,5190),(8283,8146);
INSERT INTO related_crafted_from VALUES(8284,14),(8284,16),(8284,5069),(8284,5191),(8284,8146);
INSERT INTO related_crafted_from VALUES(8285,14),(8285,16),(8285,5069),(8285,5192),(8285,8146);
INSERT INTO related_crafted_from VALUES(8286,14),(8286,16),(8286,5069),(8286,5187),(8286,8146);
INSERT INTO related_crafted_from VALUES(8287,14),(8287,16),(8287,5069),(8287,5188),(8287,8146);
INSERT INTO related_crafted_from VALUES(8288,14),(8288,16),(8288,5069),(8288,5189),(8288,8146);
INSERT INTO related_crafted_from VALUES(8289,14),(8289,16),(8289,5069),(8289,5190),(8289,8146);
INSERT INTO related_crafted_from VALUES(8290,14),(8290,16),(8290,5069),(8290,5191),(8290,8146);
INSERT INTO related_crafted_from VALUES(8291,14),(8291,16),(8291,5069),(8291,5192),(8291,8146);
INSERT INTO related_crafted_from VALUES(8292,14),(8292,16),(8292,5069),(8292,5187),(8292,8146);
INSERT INTO related_crafted_from VALUES(8293,14),(8293,16),(8293,5069),(8293,5188),(8293,8146);
INSERT INTO related_crafted_from VALUES(8294,14),(8294,16),(8294,5069),(8294,5189),(8294,8146);
INSERT INTO related_crafted_from VALUES(8295,14),(8295,16),(8295,5069),(8295,5190),(8295,8146);
INSERT INTO related_crafted_from VALUES(8296,14),(8296,16),(8296,5069),(8296,5191),(8296,8146);
INSERT INTO related_crafted_from VALUES(8297,14),(8297,16),(8297,5069),(8297,5192),(8297,8146);
INSERT INTO related_crafted_from VALUES(8298,14),(8298,16),(8298,5069),(8298,5187),(8298,8146);
INSERT INTO related_crafted_from VALUES(8299,14),(8299,16),(8299,5069),(8299,5188),(8299,8146);
INSERT INTO related_crafted_from VALUES(8300,14),(8300,16),(8300,5069),(8300,5189),(8300,8146);
INSERT INTO related_crafted_from VALUES(8301,14),(8301,16),(8301,5069),(8301,5190),(8301,8146);
INSERT INTO related_crafted_from VALUES(8302,14),(8302,16),(8302,5069),(8302,5191),(8302,8146);
INSERT INTO related_crafted_from VALUES(8303,14),(8303,16),(8303,5069),(8303,5192),(8303,8146);
INSERT INTO related_crafted_from VALUES(8355,8),(8355,5059),(8355,6159),(8355,7607),(8355,8147),(8355,8151);
INSERT INTO related_crafted_from VALUES(8356,8),(8356,5287),(8356,6159),(8356,7607),(8356,8147),(8356,8151);
INSERT INTO related_crafted_from VALUES(8357,8),(8357,5059),(8357,6159),(8357,7607),(8357,8147),(8357,8151);
INSERT INTO related_crafted_from VALUES(8358,8),(8358,5287),(8358,6159),(8358,7607),(8358,8147),(8358,8151);
INSERT INTO related_crafted_from VALUES(8359,8),(8359,5322),(8359,6159),(8359,7606),(8359,8147),(8359,8151);
INSERT INTO related_crafted_from VALUES(8360,8),(8360,5473),(8360,6159),(8360,7606),(8360,8147),(8360,8151);
INSERT INTO related_crafted_from VALUES(8361,8),(8361,5065),(8361,5187),(8361,6159),(8361,8147),(8361,8151);
INSERT INTO related_crafted_from VALUES(8362,8),(8362,5480),(8362,6159),(8362,7807),(8362,8147),(8362,8151);
INSERT INTO related_crafted_from VALUES(8363,8),(8363,5480),(8363,6159),(8363,7807),(8363,8147),(8363,8151);
INSERT INTO related_crafted_from VALUES(8364,10),(8364,5066),(8364,6161),(8364,7607),(8364,8147),(8364,8152);
INSERT INTO related_crafted_from VALUES(8365,10),(8365,5287),(8365,6161),(8365,7607),(8365,8147),(8365,8152);
INSERT INTO related_crafted_from VALUES(8366,10),(8366,5059),(8366,6161),(8366,7607),(8366,8147),(8366,8152);
INSERT INTO related_crafted_from VALUES(8367,10),(8367,5059),(8367,6161),(8367,7606),(8367,8147),(8367,8152);
INSERT INTO related_crafted_from VALUES(8368,10),(8368,5066),(8368,6161),(8368,7606),(8368,8147),(8368,8152);
INSERT INTO related_crafted_from VALUES(8369,10),(8369,5069),(8369,5196),(8369,6161),(8369,8147),(8369,8152);
INSERT INTO related_crafted_from VALUES(8370,10),(8370,5069),(8370,5196),(8370,6161),(8370,8147),(8370,8152);
INSERT INTO related_crafted_from VALUES(8371,10),(8371,5480),(8371,6161),(8371,7807),(8371,8147),(8371,8152);
INSERT INTO related_crafted_from VALUES(8372,10),(8372,5480),(8372,6161),(8372,7807),(8372,8147),(8372,8152);
INSERT INTO related_crafted_from VALUES(8373,11),(8373,5287),(8373,6163),(8373,7807),(8373,8147),(8373,8153);
INSERT INTO related_crafted_from VALUES(8374,11),(8374,5494),(8374,6163),(8374,7807),(8374,8147),(8374,8153);
INSERT INTO related_crafted_from VALUES(8375,11),(8375,5486),(8375,6163),(8375,7807),(8375,8147),(8375,8153);
INSERT INTO related_crafted_from VALUES(8376,11),(8376,5322),(8376,6163),(8376,7807),(8376,8147),(8376,8153);
INSERT INTO related_crafted_from VALUES(8377,11),(8377,5473),(8377,6163),(8377,7807),(8377,8147),(8377,8153);
INSERT INTO related_crafted_from VALUES(8378,11),(8378,5184),(8378,6163),(8378,7807),(8378,8147),(8378,8153);
INSERT INTO related_crafted_from VALUES(8379,11),(8379,5480),(8379,6163),(8379,7807),(8379,8147),(8379,8153);
INSERT INTO related_crafted_from VALUES(8380,11),(8380,5480),(8380,6163),(8380,7807),(8380,8147),(8380,8153);
INSERT INTO related_crafted_from VALUES(8381,11),(8381,5059),(8381,6163),(8381,7807),(8381,8147),(8381,8153);
INSERT INTO related_crafted_from VALUES(8382,14),(8382,17),(8382,5066),(8382,7161),(8382,7607),(8382,8147),(8382,8154);
INSERT INTO related_crafted_from VALUES(8383,16),(8383,17),(8383,5059),(8383,7161),(8383,7608),(8383,8147),(8383,8154);
INSERT INTO related_crafted_from VALUES(8384,14),(8384,17),(8384,5059),(8384,7161),(8384,7607),(8384,8147),(8384,8154);
INSERT INTO related_crafted_from VALUES(8385,14),(8385,17),(8385,5059),(8385,7161),(8385,7607),(8385,8147),(8385,8154);
INSERT INTO related_crafted_from VALUES(8386,15),(8386,16),(8386,5066),(8386,7161),(8386,7606),(8386,8147),(8386,8154);
INSERT INTO related_crafted_from VALUES(8387,18),(8387,19),(8387,5473),(8387,7161),(8387,7807),(8387,8147),(8387,8154);
INSERT INTO related_crafted_from VALUES(8388,15),(8388,16),(8388,5329),(8388,7161),(8388,7606),(8388,8147),(8388,8154);
INSERT INTO related_crafted_from VALUES(8389,18),(8389,19),(8389,5480),(8389,7161),(8389,7807),(8389,8147),(8389,8154);
INSERT INTO related_crafted_from VALUES(8390,18),(8390,19),(8390,5480),(8390,7161),(8390,7807),(8390,8147),(8390,8154);
INSERT INTO related_crafted_from VALUES(8447,10),(8447,11),(8447,5095),(8447,5286);
INSERT INTO related_crafted_from VALUES(8448,10),(8448,11),(8448,5061),(8448,5286),(8448,5329);
INSERT INTO related_crafted_from VALUES(8449,8),(8449,10),(8449,5068),(8449,5287),(8449,5437);
INSERT INTO related_crafted_from VALUES(8450,8),(8450,10),(8450,5068),(8450,5262);
INSERT INTO related_crafted_from VALUES(8451,8),(8451,10),(8451,5068),(8451,5287);
INSERT INTO related_crafted_from VALUES(8452,10),(8452,11),(8452,5286),(8452,5322);
INSERT INTO related_crafted_from VALUES(8453,10),(8453,11),(8453,5286),(8453,5338);
INSERT INTO related_crafted_from VALUES(8454,15),(8454,17),(8454,7481),(8454,8029),(8454,8146),(8454,8147);
INSERT INTO related_crafted_from VALUES(8455,15),(8455,17),(8455,7487),(8455,8029),(8455,8146),(8455,8147);
INSERT INTO related_crafted_from VALUES(8456,16),(8456,17),(8456,7493),(8456,7608),(8456,8146),(8456,8147);
INSERT INTO related_crafted_from VALUES(8457,16),(8457,17),(8457,7499),(8457,7608),(8457,8146),(8457,8147);
INSERT INTO related_crafted_from VALUES(8458,16),(8458,18),(8458,7505),(8458,7609),(8458,8146),(8458,8147);
INSERT INTO related_crafted_from VALUES(8459,16),(8459,18),(8459,7511),(8459,7609),(8459,8146),(8459,8147);
INSERT INTO related_crafted_from VALUES(8540,10),(8540,12),(8540,5338),(8540,5342),(8540,8023);
INSERT INTO related_crafted_from VALUES(8541,10),(8541,12),(8541,5338),(8541,5342);
INSERT INTO related_crafted_from VALUES(8546,10),(8546,11),(8546,5064),(8546,5174),(8546,5290),(8546,8027);
INSERT INTO related_crafted_from VALUES(8547,10),(8547,11),(8547,5290),(8547,5338),(8547,8027);
INSERT INTO related_crafted_from VALUES(8548,10),(8548,11),(8548,5290),(8548,5338),(8548,8027);
INSERT INTO related_crafted_from VALUES(8553,10),(8553,11),(8553,5290),(8553,5338),(8553,8027);
INSERT INTO related_crafted_from VALUES(8554,10),(8554,11),(8554,5290),(8554,5338),(8554,8027);
INSERT INTO related_crafted_from VALUES(8555,10),(8555,11),(8555,5290),(8555,5338),(8555,8027);
INSERT INTO related_crafted_from VALUES(8557,16),(8557,18),(8557,8025),(8557,8026),(8557,8149);
INSERT INTO related_crafted_from VALUES(8558,16),(8558,18),(8558,5338),(8558,8026),(8558,8149);
INSERT INTO related_crafted_from VALUES(8559,16),(8559,18),(8559,5338),(8559,8026),(8559,8149);
INSERT INTO related_crafted_from VALUES(8560,16),(8560,18),(8560,5338),(8560,8026),(8560,8149);
INSERT INTO related_crafted_from VALUES(8561,16),(8561,18),(8561,5510),(8561,8025),(8561,8026),(8561,8149);
INSERT INTO related_crafted_from VALUES(8563,2),(8563,4),(8563,5064),(8563,5512);
INSERT INTO related_crafted_from VALUES(8564,8),(8564,10),(8564,5061),(8564,8028);
INSERT INTO related_crafted_from VALUES(8570,16),(8570,17),(8570,5068),(8570,5338),(8570,7608),(8570,8019);
INSERT INTO related_crafted_from VALUES(8660,2),(8660,5),(8660,5056),(8660,5364);
INSERT INTO related_crafted_from VALUES(8661,2),(8661,5),(8661,5056),(8661,5063),(8661,5364);
INSERT INTO related_crafted_from VALUES(8662,2),(8662,5),(8662,5057),(8662,5367);
INSERT INTO related_crafted_from VALUES(8663,2),(8663,5),(8663,5057),(8663,5276),(8663,5433);
INSERT INTO related_crafted_from VALUES(8664,2),(8664,5),(8664,5058),(8664,5371);
INSERT INTO related_crafted_from VALUES(8665,2),(8665,5),(8665,5058),(8665,5373);
INSERT INTO related_crafted_from VALUES(8666,2),(8666,5),(8666,5065),(8666,5373);
INSERT INTO related_crafted_from VALUES(8667,2),(8667,5),(8667,5065),(8667,5374);
INSERT INTO related_crafted_from VALUES(8668,2),(8668,5),(8668,5059),(8668,5376);
INSERT INTO related_crafted_from VALUES(8703,2),(8703,4),(8703,5064),(8703,5512);
INSERT INTO related_crafted_from VALUES(8704,14),(8704,16),(8704,5104),(8704,5340),(8704,5512);
INSERT INTO related_crafted_from VALUES(8705,14),(8705,16),(8705,5105),(8705,5512),(8705,5533),(8705,8149);
INSERT INTO related_crafted_from VALUES(8777,16),(8777,18),(8777,5338),(8777,5348),(8777,5376);
INSERT INTO related_crafted_from VALUES(8778,16),(8778,18),(8778,5338),(8778,5348),(8778,5376);
INSERT INTO related_crafted_from VALUES(8779,15),(8779,16),(8779,5065),(8779,5328),(8779,5377),(8779,5378),(8779,7607);
INSERT INTO related_crafted_from VALUES(8780,15),(8780,16),(8780,5328),(8780,5337),(8780,5377),(8780,5378),(8780,7609);
INSERT INTO related_crafted_from VALUES(8781,15),(8781,16),(8781,5069),(8781,5196),(8781,5328),(8781,5377),(8781,5378);
INSERT INTO related_crafted_from VALUES(8782,12),(8782,13),(8782,5068),(8782,5378),(8782,5514),(8782,7029);
INSERT INTO related_crafted_from VALUES(8783,14),(8783,17),(8783,5059),(8783,5376),(8783,7607);
INSERT INTO related_crafted_from VALUES(8784,14),(8784,17),(8784,6220),(8784,7607),(8784,9358),(8784,9380);
INSERT INTO related_crafted_from VALUES(8785,14),(8785,16),(8785,5069),(8785,5187),(8785,9376),(8785,9379),(8785,10092);
INSERT INTO related_crafted_from VALUES(8786,3),(8786,4),(8786,5057),(8786,5373),(8786,7017);
INSERT INTO related_crafted_from VALUES(8787,3),(8787,4),(8787,5374),(8787,5505),(8787,7017);
INSERT INTO related_crafted_from VALUES(8788,3),(8788,4),(8788,5066),(8788,5374),(8788,7017);
INSERT INTO related_crafted_from VALUES(8789,15),(8789,16),(8789,5377),(8789,7017),(8789,7607);
INSERT INTO related_crafted_from VALUES(8790,2),(8790,4),(8790,5058),(8790,6494),(8790,7008),(8790,7009),(8790,7016);
INSERT INTO related_crafted_from VALUES(8793,9),(8793,10),(8793,5061),(8793,5095),(8793,5376);
INSERT INTO related_crafted_from VALUES(8794,9),(8794,10),(8794,5059),(8794,5196),(8794,5378);
INSERT INTO related_crafted_from VALUES(8795,9),(8795,10),(8795,5376),(8795,5378),(8795,7017);
INSERT INTO related_crafted_from VALUES(8796,3),(8796,4),(8796,5057),(8796,5092),(8796,5371);
INSERT INTO related_crafted_from VALUES(8797,3),(8797,4),(8797,5058),(8797,5093),(8797,5373),(8797,5505);
INSERT INTO related_crafted_from VALUES(8798,15),(8798,17),(8798,4856),(8798,4858),(8798,5069),(8798,5079);
INSERT INTO related_crafted_from VALUES(8802,2),(8802,7);
INSERT INTO related_crafted_from VALUES(8804,2),(8804,7),(8804,4775),(8804,4826),(8804,4852),(8804,4853);
INSERT INTO related_crafted_from VALUES(8805,2),(8805,5),(8805,5059),(8805,5998),(8805,7047);
INSERT INTO related_crafted_from VALUES(8806,4),(8806,5),(8806,5280),(8806,5371),(8806,7038);
INSERT INTO related_crafted_from VALUES(8807,12),(8807,13),(8807,3974),(8807,4917),(8807,5061),(8807,5182),(8807,5525);
INSERT INTO related_crafted_from VALUES(8808,14),(8808,16),(8808,4923),(8808,5065),(8808,5486);
INSERT INTO related_crafted_from VALUES(8809,18),(8809,19),(8809,5028),(8809,5095),(8809,5194),(8809,5525);
INSERT INTO related_crafted_from VALUES(8811,2),(8811,5),(8811,5057),(8811,5092),(8811,5325);
INSERT INTO related_crafted_from VALUES(8813,4),(8813,6),(8813,5326),(8813,5328),(8813,5337);
INSERT INTO related_crafted_from VALUES(8814,4),(8814,6),(8814,5328),(8814,5329),(8814,5337);
INSERT INTO related_crafted_from VALUES(8815,16),(8815,18),(8815,5329),(8815,7600),(8815,7777);
INSERT INTO related_crafted_from VALUES(8816,6),(8816,7),(8816,5374),(8816,5376),(8816,5472),(8816,7029);
INSERT INTO related_crafted_from VALUES(8817,14),(8817,17),(8817,5061),(8817,5998),(8817,7047),(8817,7607);
INSERT INTO related_crafted_from VALUES(8818,15),(8818,16),(8818,5095),(8818,5998),(8818,7606);
INSERT INTO related_crafted_from VALUES(8819,14),(8819,17),(8819,5068),(8819,5998),(8819,7040),(8819,7607);
INSERT INTO related_crafted_from VALUES(8820,3),(8820,4),(8820,5058),(8820,5373),(8820,5512),(8820,5998);
INSERT INTO related_crafted_from VALUES(8821,2),(8821,5),(8821,5058),(8821,5512),(8821,5998),(8821,7009);
INSERT INTO related_crafted_from VALUES(8831,2),(8831,4),(8831,7008),(8831,7009),(8831,7016);
INSERT INTO related_crafted_from VALUES(8832,2),(8832,4),(8832,7008),(8832,7009),(8832,7016);
INSERT INTO related_crafted_from VALUES(8833,2),(8833,4),(8833,7010),(8833,7014),(8833,7017);
INSERT INTO related_crafted_from VALUES(8834,3),(8834,5),(8834,5072),(8834,5073),(8834,5093);
INSERT INTO related_crafted_from VALUES(8835,9),(8835,5069),(8835,5998),(8835,9377);
INSERT INTO related_crafted_from VALUES(8836,9),(8836,5998),(8836,7607),(8836,9360),(8836,9378);
INSERT INTO related_crafted_from VALUES(8844,18),(8844,19),(8844,5064),(8844,5274),(8844,5480),(8844,10099);
INSERT INTO related_crafted_from VALUES(8845,18),(8845,19),(8845,5064),(8845,5274),(8845,5480),(8845,10099);
INSERT INTO related_crafted_from VALUES(8846,18),(8846,19),(8846,5064),(8846,5274),(8846,5480),(8846,10099);
INSERT INTO related_crafted_from VALUES(8847,18),(8847,19),(8847,5064),(8847,5274),(8847,5480),(8847,10099);
INSERT INTO related_crafted_from VALUES(8848,18),(8848,19),(8848,5064),(8848,5274),(8848,5480),(8848,10099);
INSERT INTO related_crafted_from VALUES(8849,18),(8849,19),(8849,5064),(8849,5274),(8849,5480),(8849,10099);
INSERT INTO related_crafted_from VALUES(8850,18),(8850,19),(8850,5064),(8850,5274),(8850,5480),(8850,10099);
INSERT INTO related_crafted_from VALUES(8851,18),(8851,19),(8851,5064),(8851,5274),(8851,5480),(8851,10099);
INSERT INTO related_crafted_from VALUES(8852,18),(8852,19),(8852,5064),(8852,5274),(8852,5480),(8852,10099);
INSERT INTO related_crafted_from VALUES(8853,18),(8853,19),(8853,5064),(8853,5274),(8853,5480),(8853,10099);
INSERT INTO related_crafted_from VALUES(8854,18),(8854,19),(8854,5064),(8854,5274),(8854,5480),(8854,10099);
INSERT INTO related_crafted_from VALUES(8855,18),(8855,19),(8855,5064),(8855,5274),(8855,5480),(8855,10099);
INSERT INTO related_crafted_from VALUES(8856,18),(8856,19),(8856,5064),(8856,5274),(8856,5480),(8856,10099);
INSERT INTO related_crafted_from VALUES(8857,18),(8857,19),(8857,5064),(8857,5274),(8857,5480),(8857,10099);
INSERT INTO related_crafted_from VALUES(8858,18),(8858,19),(8858,5064),(8858,5274),(8858,5480),(8858,10099);
INSERT INTO related_crafted_from VALUES(8859,18),(8859,19),(8859,5064),(8859,5274),(8859,5480),(8859,10099);
INSERT INTO related_crafted_from VALUES(9026,15),(9026,17),(9026,5085),(9026,8029),(9026,9358),(9026,9359);
INSERT INTO related_crafted_from VALUES(9027,15),(9027,17),(9027,5085),(9027,5288),(9027,8029),(9027,9358),(9027,9359);
INSERT INTO related_crafted_from VALUES(9028,15),(9028,17),(9028,5288),(9028,8029),(9028,9358),(9028,9359);
INSERT INTO related_crafted_from VALUES(9029,16),(9029,17),(9029,5085),(9029,5338),(9029,7609),(9029,9359),(9029,9361);
INSERT INTO related_crafted_from VALUES(9030,15),(9030,17),(9030,5288),(9030,8029),(9030,9358),(9030,9359);
INSERT INTO related_crafted_from VALUES(9031,15),(9031,17),(9031,5288),(9031,8029),(9031,9358),(9031,9359);
INSERT INTO related_crafted_from VALUES(9032,14),(9032,16),(9032,5190),(9032,8147),(9032,9360),(9032,9376);
INSERT INTO related_crafted_from VALUES(9033,14),(9033,16),(9033,5190),(9033,8147),(9033,9360),(9033,9376);
INSERT INTO related_crafted_from VALUES(9034,14),(9034,16),(9034,5188),(9034,7609),(9034,8147),(9034,9360),(9034,9376);
INSERT INTO related_crafted_from VALUES(9035,14),(9035,16),(9035,5069),(9035,5190),(9035,8147),(9035,9360),(9035,9376);
INSERT INTO related_crafted_from VALUES(9036,15),(9036,17),(9036,5061),(9036,7607),(9036,9358),(9036,9359);
INSERT INTO related_crafted_from VALUES(9037,15),(9037,17),(9037,5061),(9037,5288),(9037,7607),(9037,9358),(9037,9359);
INSERT INTO related_crafted_from VALUES(9038,15),(9038,17),(9038,5288),(9038,7607),(9038,9358),(9038,9359);
INSERT INTO related_crafted_from VALUES(9039,16),(9039,17),(9039,5061),(9039,5338),(9039,7609),(9039,9359),(9039,9361);
INSERT INTO related_crafted_from VALUES(9040,15),(9040,17),(9040,5288),(9040,7607),(9040,9358),(9040,9359);
INSERT INTO related_crafted_from VALUES(9041,16),(9041,17),(9041,5338),(9041,7607),(9041,9359),(9041,9361);
INSERT INTO related_crafted_from VALUES(9042,16),(9042,18),(9042,5189),(9042,5206),(9042,9359),(9042,9362);
INSERT INTO related_crafted_from VALUES(9043,16),(9043,18),(9043,5190),(9043,5288),(9043,5338),(9043,9359),(9043,9362);
INSERT INTO related_crafted_from VALUES(9044,16),(9044,18),(9044,5338),(9044,7609),(9044,9359),(9044,9362);
INSERT INTO related_crafted_from VALUES(9045,16),(9045,18),(9045,5288),(9045,5338),(9045,7609),(9045,9359),(9045,9362);
INSERT INTO related_crafted_from VALUES(9046,16),(9046,17),(9046,5338),(9046,5377),(9046,7608),(9046,9359),(9046,9361);
INSERT INTO related_crafted_from VALUES(9047,16),(9047,17),(9047,5338),(9047,7607),(9047,9359),(9047,9361);
INSERT INTO related_crafted_from VALUES(9048,14),(9048,16),(9048,5187),(9048,8147),(9048,9360),(9048,9376);
INSERT INTO related_crafted_from VALUES(9049,14),(9049,16),(9049,5187),(9049,8147),(9049,9360),(9049,9376);
INSERT INTO related_crafted_from VALUES(9050,14),(9050,16),(9050,5187),(9050,7609),(9050,8147),(9050,9360),(9050,9376);
INSERT INTO related_crafted_from VALUES(9051,14),(9051,16),(9051,5069),(9051,5187),(9051,8147),(9051,9360),(9051,9376);
INSERT INTO related_crafted_from VALUES(9052,16),(9052,17),(9052,5068),(9052,7608),(9052,9359),(9052,9361);
INSERT INTO related_crafted_from VALUES(9053,16),(9053,17),(9053,5068),(9053,5192),(9053,5338),(9053,9359),(9053,9361);
INSERT INTO related_crafted_from VALUES(9054,16),(9054,17),(9054,5338),(9054,7609),(9054,9359),(9054,9361);
INSERT INTO related_crafted_from VALUES(9055,16),(9055,17),(9055,5338),(9055,7609),(9055,9359),(9055,9361);
INSERT INTO related_crafted_from VALUES(9056,16),(9056,17),(9056,5338),(9056,7608),(9056,9359),(9056,9361);
INSERT INTO related_crafted_from VALUES(9057,16),(9057,18),(9057,5338),(9057,7609),(9057,9359),(9057,9362);
INSERT INTO related_crafted_from VALUES(9058,14),(9058,16),(9058,5191),(9058,8147),(9058,9360),(9058,9376);
INSERT INTO related_crafted_from VALUES(9059,14),(9059,16),(9059,5191),(9059,8147),(9059,9360),(9059,9376);
INSERT INTO related_crafted_from VALUES(9060,14),(9060,16),(9060,5191),(9060,7609),(9060,8147),(9060,9360),(9060,9376);
INSERT INTO related_crafted_from VALUES(9061,14),(9061,16),(9061,5069),(9061,5191),(9061,8147),(9061,9360),(9061,9376);
INSERT INTO related_crafted_from VALUES(9062,14),(9062,16),(9062,5338),(9062,7607),(9062,9359),(9062,9360);
INSERT INTO related_crafted_from VALUES(9063,16),(9063,18),(9063,5068),(9063,5191),(9063,5338),(9063,9359),(9063,9362);
INSERT INTO related_crafted_from VALUES(9064,16),(9064,17),(9064,5338),(9064,7609),(9064,9359),(9064,9361);
INSERT INTO related_crafted_from VALUES(9065,16),(9065,18),(9065,5288),(9065,7608),(9065,9359),(9065,9362);
INSERT INTO related_crafted_from VALUES(9066,16),(9066,17),(9066,5338),(9066,7609),(9066,9359),(9066,9361);
INSERT INTO related_crafted_from VALUES(9067,16),(9067,17),(9067,5338),(9067,7609),(9067,9359),(9067,9361);
INSERT INTO related_crafted_from VALUES(9068,14),(9068,16),(9068,5189),(9068,8147),(9068,9360),(9068,9376);
INSERT INTO related_crafted_from VALUES(9069,14),(9069,16),(9069,5189),(9069,8147),(9069,9360),(9069,9376);
INSERT INTO related_crafted_from VALUES(9070,14),(9070,16),(9070,5189),(9070,7609),(9070,8147),(9070,9360),(9070,9376);
INSERT INTO related_crafted_from VALUES(9071,14),(9071,16),(9071,5069),(9071,5189),(9071,8147),(9071,9360),(9071,9376);
INSERT INTO related_crafted_from VALUES(9072,14),(9072,16),(9072,5338),(9072,7607),(9072,9359),(9072,9360);
INSERT INTO related_crafted_from VALUES(9073,16),(9073,18),(9073,5068),(9073,5191),(9073,5338),(9073,9359),(9073,9362);
INSERT INTO related_crafted_from VALUES(9074,16),(9074,17),(9074,5338),(9074,7609),(9074,9359),(9074,9361);
INSERT INTO related_crafted_from VALUES(9075,16),(9075,18),(9075,5288),(9075,7608),(9075,9359),(9075,9362);
INSERT INTO related_crafted_from VALUES(9076,16),(9076,17),(9076,5338),(9076,7609),(9076,9359),(9076,9361);
INSERT INTO related_crafted_from VALUES(9077,16),(9077,17),(9077,5338),(9077,7609),(9077,9359),(9077,9361);
INSERT INTO related_crafted_from VALUES(9078,14),(9078,16),(9078,5192),(9078,8147),(9078,9360),(9078,9376);
INSERT INTO related_crafted_from VALUES(9079,14),(9079,16),(9079,5192),(9079,8147),(9079,9360),(9079,9376);
INSERT INTO related_crafted_from VALUES(9080,14),(9080,16),(9080,5192),(9080,7609),(9080,8147),(9080,9360),(9080,9376);
INSERT INTO related_crafted_from VALUES(9081,14),(9081,16),(9081,5069),(9081,5192),(9081,8147),(9081,9360),(9081,9376);
INSERT INTO related_crafted_from VALUES(9082,15),(9082,17),(9082,5288),(9082,8029),(9082,8147),(9082,9358),(9082,9376);
INSERT INTO related_crafted_from VALUES(9083,14),(9083,17),(9083,5068),(9083,8147),(9083,9358),(9083,9359),(9083,9376);
INSERT INTO related_crafted_from VALUES(9084,14),(9084,17),(9084,7606),(9084,8147),(9084,9358),(9084,9361),(9084,9376);
INSERT INTO related_crafted_from VALUES(9085,14),(9085,17),(9085,5192),(9085,5377),(9085,8147),(9085,9358),(9085,9376);
INSERT INTO related_crafted_from VALUES(9086,15),(9086,16),(9086,5069),(9086,5377),(9086,8147),(9086,9358),(9086,9376);
INSERT INTO related_crafted_from VALUES(9087,15),(9087,16),(9087,5187),(9087,5377),(9087,8147),(9087,9358),(9087,9376);
INSERT INTO related_crafted_from VALUES(9088,14),(9088,17),(9088,5069),(9088,8147),(9088,9358),(9088,9360),(9088,9376);
INSERT INTO related_crafted_from VALUES(9089,15),(9089,16),(9089,5188),(9089,5377),(9089,8147),(9089,9360),(9089,9376);
INSERT INTO related_crafted_from VALUES(9090,15),(9090,16),(9090,5191),(9090,5377),(9090,8147),(9090,9360),(9090,9376);
INSERT INTO related_crafted_from VALUES(9091,18),(9091,19),(9091,8147),(9091,9358),(9091,9361),(9091,9373),(9091,9376);
INSERT INTO related_crafted_from VALUES(9092,18),(9092,19),(9092,5377),(9092,8147),(9092,9361),(9092,9373),(9092,9376);
INSERT INTO related_crafted_from VALUES(9184,2),(9184,5),(9184,5056),(9184,5361),(9184,5432);
INSERT INTO related_crafted_from VALUES(9185,2),(9185,5),(9185,5056),(9185,5361);
INSERT INTO related_crafted_from VALUES(9186,2),(9186,5),(9186,5056),(9186,5063),(9186,5361);
INSERT INTO related_crafted_from VALUES(9193,2),(9193,5),(9193,5058),(9193,5368);
INSERT INTO related_crafted_from VALUES(9205,11),(9205,4583),(9205,9196);
INSERT INTO related_crafted_from VALUES(9209,2),(9209,5),(9209,5065),(9209,5371);
INSERT INTO related_crafted_from VALUES(9224,12),(9224,13),(9224,4587),(9224,5376),(9224,9374);
INSERT INTO related_crafted_from VALUES(9225,18),(9225,19),(9225,7620),(9225,9375);
INSERT INTO related_crafted_from VALUES(9226,14),(9226,17),(9226,5061),(9226,5068),(9226,5378),(9226,9461);
INSERT INTO related_crafted_from VALUES(9234,8),(9234,5059),(9234,6159),(9234,7607),(9234,8147),(9234,8151);
INSERT INTO related_crafted_from VALUES(9235,10),(9235,5066),(9235,6161),(9235,7607),(9235,8147),(9235,8152);
INSERT INTO related_crafted_from VALUES(9236,11),(9236,5486),(9236,6163),(9236,7807),(9236,8147),(9236,8153);
INSERT INTO related_crafted_from VALUES(9237,14),(9237,17),(9237,5066),(9237,7161),(9237,7607),(9237,8147),(9237,8154);
INSERT INTO related_crafted_from VALUES(9242,8),(9242,11),(9242,5061),(9242,5376);
INSERT INTO related_crafted_from VALUES(9283,16),(9283,18),(9283,5328),(9283,5338),(9283,8149);
INSERT INTO related_crafted_from VALUES(9284,16),(9284,18),(9284,5328),(9284,5338),(9284,8149);
INSERT INTO related_crafted_from VALUES(9285,16),(9285,17),(9285,5328),(9285,8149);
INSERT INTO related_crafted_from VALUES(9286,16),(9286,18),(9286,5338),(9286,8149);
INSERT INTO related_crafted_from VALUES(9287,16),(9287,18),(9287,5338),(9287,8149);
INSERT INTO related_crafted_from VALUES(9288,16),(9288,17),(9288,5378),(9288,8149);
INSERT INTO related_crafted_from VALUES(9289,16),(9289,18),(9289,5338),(9289,7771);
INSERT INTO related_crafted_from VALUES(9291,16),(9291,17),(9291,5322),(9291,5338),(9291,8149);
INSERT INTO related_crafted_from VALUES(9297,8),(9297,10),(9297,5059),(9297,8028);
INSERT INTO related_crafted_from VALUES(9298,2),(9298,4),(9298,5065),(9298,5512);
INSERT INTO related_crafted_from VALUES(9300,16),(9300,17),(9300,5338),(9300,9356),(9300,9359);
INSERT INTO related_crafted_from VALUES(9301,16),(9301,18),(9301,5288),(9301,9356),(9301,9359);
INSERT INTO related_crafted_from VALUES(9302,15),(9302,16),(9302,5288),(9302,9356),(9302,9359);
INSERT INTO related_crafted_from VALUES(9303,16),(9303,18),(9303,5338),(9303,9356),(9303,9359);
INSERT INTO related_crafted_from VALUES(9304,16),(9304,17),(9304,5338),(9304,9356),(9304,9359);
INSERT INTO related_crafted_from VALUES(9305,16),(9305,18),(9305,5288),(9305,9356),(9305,9359);
INSERT INTO related_crafted_from VALUES(9306,16),(9306,17),(9306,5338),(9306,9356),(9306,9359);
INSERT INTO related_crafted_from VALUES(9307,14),(9307,17),(9307,5486),(9307,7607),(9307,9356);
INSERT INTO related_crafted_from VALUES(9308,14),(9308,17),(9308,5288),(9308,7607),(9308,9356);
INSERT INTO related_crafted_from VALUES(9309,14),(9309,17),(9309,5486),(9309,7607),(9309,9356);
INSERT INTO related_crafted_from VALUES(9310,15),(9310,16),(9310,5158),(9310,7606),(9310,9356);
INSERT INTO related_crafted_from VALUES(9311,14),(9311,17),(9311,5486),(9311,7607),(9311,9356);
INSERT INTO related_crafted_from VALUES(9312,15),(9312,16),(9312,5094),(9312,7606),(9312,9356);
INSERT INTO related_crafted_from VALUES(9313,14),(9313,17),(9313,5059),(9313,7607),(9313,9356);
INSERT INTO related_crafted_from VALUES(9314,14),(9314,17),(9314,5262),(9314,7607),(9314,9356);
INSERT INTO related_crafted_from VALUES(9315,14),(9315,17),(9315,5505),(9315,7607),(9315,9356);
INSERT INTO related_crafted_from VALUES(9316,14),(9316,17),(9316,5262),(9316,7607),(9316,9356);
INSERT INTO related_crafted_from VALUES(9322,18),(9322,19),(9322,5288),(9322,5481),(9322,8149),(9322,9357),(9322,9369);
INSERT INTO related_crafted_from VALUES(9323,18),(9323,19),(9323,5288),(9323,5481),(9323,8149),(9323,9357),(9323,9369);
INSERT INTO related_crafted_from VALUES(9324,18),(9324,19),(9324,5288),(9324,5481),(9324,8149),(9324,9357),(9324,9369);
INSERT INTO related_crafted_from VALUES(9325,18),(9325,19),(9325,5288),(9325,5481),(9325,8149),(9325,9357),(9325,9369);
INSERT INTO related_crafted_from VALUES(9326,18),(9326,19),(9326,5288),(9326,5481),(9326,8149),(9326,9357),(9326,9369);
INSERT INTO related_crafted_from VALUES(9327,18),(9327,19),(9327,5288),(9327,5481),(9327,8149),(9327,9357),(9327,9369);
INSERT INTO related_crafted_from VALUES(9328,18),(9328,19),(9328,5288),(9328,5481),(9328,8149),(9328,9357),(9328,9369);
INSERT INTO related_crafted_from VALUES(9329,18),(9329,19),(9329,5288),(9329,5481),(9329,8149),(9329,9357),(9329,9369);
INSERT INTO related_crafted_from VALUES(9330,14),(9330,19),(9330,4751),(9330,4828),(9330,4848),(9330,4852),(9330,6153),(9330,9372);
INSERT INTO related_crafted_from VALUES(9331,14),(9331,19),(9331,4751),(9331,4824),(9331,6149),(9331,6152),(9331,9371);
INSERT INTO related_crafted_from VALUES(9332,14),(9332,19),(9332,5025),(9332,6152),(9332,6153),(9332,9366);
INSERT INTO related_crafted_from VALUES(9333,14),(9333,19),(9333,4923),(9333,6152),(9333,7593),(9333,7602);
INSERT INTO related_crafted_from VALUES(9334,14),(9334,19),(9334,4857),(9334,4899),(9334,7603);
INSERT INTO related_crafted_from VALUES(9335,14),(9335,19),(9335,6152),(9335,7593),(9335,9357),(9335,9371);
INSERT INTO related_crafted_from VALUES(9355,16),(9355,17),(9355,7609),(9355,9359),(9355,9364),(9355,9378);
INSERT INTO related_crafted_from VALUES(9358,14),(9358,17),(9358,9363),(9358,9368);
INSERT INTO related_crafted_from VALUES(9359,14),(9359,16),(9359,5120);
INSERT INTO related_crafted_from VALUES(9360,14),(9360,16),(9360,5120),(9360,9369);
INSERT INTO related_crafted_from VALUES(9361,16),(9361,17),(9361,9364),(9361,9370);
INSERT INTO related_crafted_from VALUES(9362,16),(9362,18),(9362,9365),(9362,9367);
INSERT INTO related_crafted_from VALUES(9373,18),(9373,19),(9373,5120),(9373,5274),(9373,6154);
INSERT INTO related_crafted_from VALUES(9461,14),(9461,17),(9461,5068);
INSERT INTO related_crafted_from VALUES(9485,16),(9485,18),(9485,5187),(9485,5204),(9485,9359),(9485,9362);
INSERT INTO related_crafted_from VALUES(9486,16),(9486,18),(9486,5190),(9486,5288),(9486,5338),(9486,9359),(9486,9362);
INSERT INTO related_crafted_from VALUES(9487,16),(9487,18),(9487,5338),(9487,7609),(9487,9359),(9487,9362);
INSERT INTO related_crafted_from VALUES(9488,16),(9488,18),(9488,5288),(9488,5338),(9488,7609),(9488,9359),(9488,9362);
INSERT INTO related_crafted_from VALUES(9489,16),(9489,17),(9489,5338),(9489,5377),(9489,7608),(9489,9359),(9489,9361);
INSERT INTO related_crafted_from VALUES(9490,16),(9490,17),(9490,5338),(9490,7607),(9490,9359),(9490,9361);
INSERT INTO related_crafted_from VALUES(9510,14),(9510,16),(9510,5262),(9510,9521),(9510,9522);
INSERT INTO related_crafted_from VALUES(9511,15),(9511,16),(9511,5526),(9511,9518),(9511,9523);
INSERT INTO related_crafted_from VALUES(9512,15),(9512,17),(9512,5374),(9512,9521),(9512,9524);
INSERT INTO related_crafted_from VALUES(9513,14),(9513,17),(9513,5284),(9513,9518),(9513,9525);
INSERT INTO related_crafted_from VALUES(9514,16),(9514,17),(9514,5486),(9514,9519),(9514,9526);
INSERT INTO related_crafted_from VALUES(9515,18),(9515,19),(9515,5272),(9515,7951),(9515,9527);
INSERT INTO related_crafted_from VALUES(9516,14),(9516,19),(9516,4831),(9516,4853),(9516,4861),(9516,7916),(9516,9528);
INSERT INTO related_crafted_from VALUES(9517,16),(9517,18),(9517,5336),(9517,5491),(9517,9519),(9517,9529);
INSERT INTO related_crafted_from VALUES(9615,2),(9615,7),(9615,4868),(9615,7895),(9615,10094),(9615,10097);
INSERT INTO related_crafted_from VALUES(9616,14),(9616,19),(9616,4868),(9616,7895),(9616,10095),(9616,10098);
INSERT INTO related_crafted_from VALUES(9618,2),(9618,7),(9618,4868),(9618,7900),(9618,10094),(9618,10097);
INSERT INTO related_crafted_from VALUES(9619,14),(9619,19),(9619,4868),(9619,7900),(9619,10095),(9619,10098);
INSERT INTO related_crafted_from VALUES(9621,2),(9621,7),(9621,4868),(9621,7894),(9621,10094),(9621,10097);
INSERT INTO related_crafted_from VALUES(9622,14),(9622,19),(9622,4868),(9622,7894),(9622,10095),(9622,10098);
INSERT INTO related_crafted_from VALUES(9624,2),(9624,7),(9624,4868),(9624,7898),(9624,10094),(9624,10097);
INSERT INTO related_crafted_from VALUES(9625,14),(9625,19),(9625,4868),(9625,7898),(9625,10095),(9625,10098);
INSERT INTO related_crafted_from VALUES(9627,2),(9627,7),(9627,4868),(9627,7897),(9627,10094),(9627,10097);
INSERT INTO related_crafted_from VALUES(9628,14),(9628,19),(9628,4868),(9628,7897),(9628,10095),(9628,10098);
INSERT INTO related_crafted_from VALUES(9718,15),(9718,16),(9718,5059),(9718,5069),(9718,5374),(9718,7606),(9718,8149);
INSERT INTO related_crafted_from VALUES(9719,15),(9719,16),(9719,5376),(9719,5378),(9719,6494),(9719,7008);
INSERT INTO related_crafted_from VALUES(9722,9),(9722,10),(9722,5325),(9722,5376),(9722,5378),(9722,6003),(9722,8025);
INSERT INTO related_crafted_from VALUES(9723,2),(9723,7),(9723,4779),(9723,4780),(9723,5364);
INSERT INTO related_crafted_from VALUES(9724,15),(9724,16),(9724,5196),(9724,5377),(9724,5378),(9724,5512),(9724,7040);
INSERT INTO related_crafted_from VALUES(9726,2),(9726,7),(9726,4701),(9726,4731),(9726,4848),(9726,4855),(9726,6149);
INSERT INTO related_crafted_from VALUES(9727,2),(9727,7),(9727,4759),(9727,4766),(9727,4784),(9727,5518);
INSERT INTO related_crafted_from VALUES(9728,8),(9728,13),(9728,4644),(9728,4750),(9728,4857),(9728,6152);
INSERT INTO related_crafted_from VALUES(9730,15),(9730,16),(9730,5056),(9730,5064),(9730,5512),(9730,5535),(9730,7606),(9730,8149);
INSERT INTO related_crafted_from VALUES(9733,15),(9733,17),(9733,5069),(9733,5187),(9733,5192),(9733,8029),(9733,10090);
INSERT INTO related_crafted_from VALUES(9734,6),(9734,7),(9734,5093),(9734,5373),(9734,5472),(9734,5514),(9734,7029);
INSERT INTO related_crafted_from VALUES(9735,14),(9735,19),(9735,4735),(9735,4826),(9735,4852),(9735,4853),(9735,7604);
INSERT INTO related_crafted_from VALUES(9736,3),(9736,4),(9736,5066),(9736,5374),(9736,7017);
INSERT INTO related_crafted_from VALUES(9737,15),(9737,16),(9737,4858),(9737,5056),(9737,5198),(9737,5377),(9737,5437);
INSERT INTO related_crafted_from VALUES(9738,8),(9738,13),(9738,4818),(9738,4819),(9738,4840),(9738,4846),(9738,5365);
INSERT INTO related_crafted_from VALUES(9739,3),(9739,4),(9739,3974),(9739,5057),(9739,5373),(9739,5472),(9739,7008);
INSERT INTO related_crafted_from VALUES(9740,15),(9740,16),(9740,7596),(9740,7606),(9740,7607),(9740,7775);
INSERT INTO related_crafted_from VALUES(9744,18),(9744,19),(9744,5514),(9744,10091);
INSERT INTO related_crafted_from VALUES(9745,8),(9745,10),(9745,5059),(9745,5061),(9745,5068),(9745,5512),(9745,7009);
INSERT INTO related_crafted_from VALUES(9746,3),(9746,4),(9746,5057),(9746,5368),(9746,5376);
INSERT INTO related_crafted_from VALUES(9748,3),(9748,4),(9748,5058),(9748,5371),(9748,5515),(9748,6649);
INSERT INTO related_crafted_from VALUES(9749,4),(9749,5),(9749,5058),(9749,5284),(9749,5373),(9749,6649);
INSERT INTO related_crafted_from VALUES(9766,4),(9766,6),(9766,5327),(9766,5336),(9766,7016);
INSERT INTO related_crafted_from VALUES(9767,4),(9767,6),(9767,5329),(9767,5337),(9767,7016);
INSERT INTO related_crafted_from VALUES(9768,16),(9768,18),(9768,5334),(9768,5342),(9768,8021);
INSERT INTO related_crafted_from VALUES(9769,14),(9769,16),(9769,5261),(9769,7010),(9769,7016),(9769,10092);
INSERT INTO related_crafted_from VALUES(9770,2),(9770,4),(9770,7008),(9770,7009),(9770,7014),(9770,7016);
INSERT INTO related_crafted_from VALUES(9771,8),(9771,10),(9771,5063),(9771,5068),(9771,5204),(9771,5998),(9771,7047);
INSERT INTO related_crafted_from VALUES(10049,2),(10049,4),(10049,5065),(10049,5512);
INSERT INTO related_crafted_from VALUES(10050,14),(10050,16),(10050,5512);
INSERT INTO related_crafted_from VALUES(10052,16),(10052,18),(10052,5338),(10052,9356),(10052,9359);
INSERT INTO related_crafted_from VALUES(10071,2),(10071,5104),(10071,5105),(10071,5340),(10071,5533),(10071,7775),(10071,9358);
INSERT INTO related_crafted_from VALUES(10086,18),(10086,19),(10086,9376),(10086,10093),(10086,10096);
INSERT INTO related_crafted_from VALUES(10332,2),(10332,7),(10332,4847),(10332,4857),(10332,12990);
INSERT INTO related_crafted_from VALUES(10346,8),(10346,10),(10346,5506),(10346,7009),(10346,12519),(10346,12610);
INSERT INTO related_crafted_from VALUES(10349,15),(10349,16),(10349,5998),(10349,8149),(10349,12583),(10349,12592),(10349,12657);
INSERT INTO related_crafted_from VALUES(10350,15),(10350,16),(10350,5998),(10350,8149),(10350,12258),(10350,12521),(10350,12583);
INSERT INTO related_crafted_from VALUES(10351,15),(10351,16),(10351,5998),(10351,12259),(10351,12522),(10351,12583);
INSERT INTO related_crafted_from VALUES(10373,8),(10373,9),(10373,10),(10373,11),(10373,12),(10373,13),(10373,10335),(10373,10386);
INSERT INTO related_crafted_from VALUES(10387,16),(10387,18),(10387,12522),(10387,12548),(10387,12596),(10387,12646),(10387,12937);
INSERT INTO related_crafted_from VALUES(10388,16),(10388,17),(10388,12522),(10388,12548),(10388,12596),(10388,12645),(10388,12646),(10388,12937);
INSERT INTO related_crafted_from VALUES(10389,16),(10389,17),(10389,12522),(10389,12596),(10389,12645),(10389,12937);
INSERT INTO related_crafted_from VALUES(10390,16),(10390,18),(10390,12522),(10390,12596),(10390,12646),(10390,12937);
INSERT INTO related_crafted_from VALUES(10391,16),(10391,17),(10391,5510),(10391,12522),(10391,12596),(10391,12645),(10391,12937);
INSERT INTO related_crafted_from VALUES(10392,16),(10392,18),(10392,12522),(10392,12541),(10392,12596),(10392,12646),(10392,12937);
INSERT INTO related_crafted_from VALUES(10393,16),(10393,18),(10393,5191),(10393,12522),(10393,12596),(10393,12646),(10393,12937);
INSERT INTO related_crafted_from VALUES(10394,16),(10394,18),(10394,12522),(10394,12596),(10394,12646),(10394,12937);
INSERT INTO related_crafted_from VALUES(10395,16),(10395,17),(10395,12522),(10395,12596),(10395,12645),(10395,12646),(10395,12937);
INSERT INTO related_crafted_from VALUES(10396,16),(10396,17),(10396,5510),(10396,12522),(10396,12596),(10396,12645),(10396,12937);
INSERT INTO related_crafted_from VALUES(10401,2),(10401,5),(10401,5058),(10401,5282),(10401,5371);
INSERT INTO related_crafted_from VALUES(10402,2),(10402,5),(10402,5056),(10402,5058),(10402,5065),(10402,5373),(10402,5505);
INSERT INTO related_crafted_from VALUES(10403,2),(10403,5),(10403,5065),(10403,5284),(10403,5374);
INSERT INTO related_crafted_from VALUES(10404,2),(10404,5),(10404,5059),(10404,5066),(10404,5374),(10404,5505);
INSERT INTO related_crafted_from VALUES(10405,2),(10405,5),(10405,5059),(10405,5066),(10405,5285),(10405,5376);
INSERT INTO related_crafted_from VALUES(10406,18),(10406,19),(10406,7620),(10406,12909);
INSERT INTO related_crafted_from VALUES(10407,14),(10407,17),(10407,5061),(10407,5068),(10407,5378);
INSERT INTO related_crafted_from VALUES(10408,8),(10408,5059),(10408,6159),(10408,7607),(10408,8147),(10408,8151);
INSERT INTO related_crafted_from VALUES(10409,10),(10409,5059),(10409,6161),(10409,7607),(10409,8147),(10409,8152);
INSERT INTO related_crafted_from VALUES(10410,11),(10410,5486),(10410,6163),(10410,7807),(10410,8147),(10410,8153);
INSERT INTO related_crafted_from VALUES(10411,14),(10411,17),(10411,5066),(10411,7161),(10411,7607),(10411,8147),(10411,8154);
INSERT INTO related_crafted_from VALUES(10412,14),(10412,17),(10412,5068),(10412,8147),(10412,9358),(10412,9360),(10412,9376);
INSERT INTO related_crafted_from VALUES(10414,8),(10414,11),(10414,5059),(10414,5061),(10414,5066),(10414,5285),(10414,5376);
INSERT INTO related_crafted_from VALUES(10463,2),(10463,5),(10463,5058),(10463,5125),(10463,5280),(10463,5371),(10463,12611);
INSERT INTO related_crafted_from VALUES(10464,2),(10464,5),(10464,5063),(10464,5065),(10464,5125),(10464,5282),(10464,5373),(10464,12611);
INSERT INTO related_crafted_from VALUES(10465,2),(10465,5),(10465,5058),(10465,5065),(10465,5125),(10465,5284),(10465,5374),(10465,12611);
INSERT INTO related_crafted_from VALUES(10466,2),(10466,5),(10466,5059),(10466,5066),(10466,5125),(10466,5285),(10466,5374),(10466,12611);
INSERT INTO related_crafted_from VALUES(10467,2),(10467,5),(10467,5059),(10467,5066),(10467,5125),(10467,5376),(10467,12611);
INSERT INTO related_crafted_from VALUES(10468,18),(10468,19),(10468,5125),(10468,7620),(10468,12611),(10468,12910);
INSERT INTO related_crafted_from VALUES(10469,14),(10469,17),(10469,5061),(10469,5068),(10469,5125),(10469,5378),(10469,12611);
INSERT INTO related_crafted_from VALUES(10470,8),(10470,5125),(10470,6159),(10470,7607),(10470,8147),(10470,8151),(10470,12611);
INSERT INTO related_crafted_from VALUES(10471,10),(10471,5125),(10471,6161),(10471,7607),(10471,8147),(10471,8152),(10471,12611);
INSERT INTO related_crafted_from VALUES(10472,14),(10472,17),(10472,5125),(10472,7161),(10472,7607),(10472,8147),(10472,8154),(10472,12611);
INSERT INTO related_crafted_from VALUES(10473,11),(10473,5125),(10473,6163),(10473,7807),(10473,8147),(10473,8153),(10473,12611);
INSERT INTO related_crafted_from VALUES(10474,14),(10474,17),(10474,5125),(10474,8147),(10474,9358),(10474,9360),(10474,9376),(10474,12611);
INSERT INTO related_crafted_from VALUES(10476,8),(10476,11),(10476,5059),(10476,5061),(10476,5066),(10476,5125),(10476,5376),(10476,12611);
INSERT INTO related_crafted_from VALUES(10525,2),(10525,4),(10525,5057),(10525,5063),(10525,5064),(10525,5477);
INSERT INTO related_crafted_from VALUES(10526,2),(10526,4),(10526,5064),(10526,5065),(10526,5478);
INSERT INTO related_crafted_from VALUES(10527,2),(10527,4),(10527,5065),(10527,5196),(10527,5478);
INSERT INTO related_crafted_from VALUES(10528,2),(10528,4),(10528,5059),(10528,5066),(10528,5479);
INSERT INTO related_crafted_from VALUES(10529,2),(10529,4),(10529,5059),(10529,5181),(10529,5479);
INSERT INTO related_crafted_from VALUES(10530,18),(10530,19),(10530,5481),(10530,7620),(10530,12911);
INSERT INTO related_crafted_from VALUES(10531,14),(10531,16),(10531,5061),(10531,5064),(10531,5066),(10531,5481);
INSERT INTO related_crafted_from VALUES(10532,8),(10532,5069),(10532,5480),(10532,6159),(10532,8147),(10532,8151);
INSERT INTO related_crafted_from VALUES(10533,10),(10533,5069),(10533,5480),(10533,6161),(10533,8147),(10533,8152);
INSERT INTO related_crafted_from VALUES(10534,11),(10534,5480),(10534,6163),(10534,7807),(10534,8147),(10534,8153);
INSERT INTO related_crafted_from VALUES(10535,14),(10535,16),(10535,5069),(10535,5480),(10535,7161),(10535,8147),(10535,8154);
INSERT INTO related_crafted_from VALUES(10536,14),(10536,16),(10536,8147),(10536,9358),(10536,9360),(10536,9361),(10536,9373),(10536,9376);
INSERT INTO related_crafted_from VALUES(10538,8),(10538,10),(10538,5059),(10538,5068),(10538,5181),(10538,5479);
INSERT INTO related_crafted_from VALUES(10586,8),(10586,11),(10586,5061),(10586,5366),(10586,5506),(10586,12518),(10586,12562);
INSERT INTO related_crafted_from VALUES(10587,8),(10587,11),(10587,5064),(10587,5506),(10587,12519),(10587,12563);
INSERT INTO related_crafted_from VALUES(10588,8),(10588,11),(10588,5066),(10588,5506),(10588,12520),(10588,12524),(10588,12564);
INSERT INTO related_crafted_from VALUES(10589,8),(10589,11),(10589,5507),(10589,12519),(10589,12525),(10589,12565),(10589,12582);
INSERT INTO related_crafted_from VALUES(10590,8),(10590,11),(10590,5507),(10590,12522),(10590,12525),(10590,12526),(10590,12566);
INSERT INTO related_crafted_from VALUES(10591,14),(10591,17),(10591,5508),(10591,12522),(10591,12526),(10591,12583);
INSERT INTO related_crafted_from VALUES(10592,8),(10592,11),(10592,5059),(10592,12518),(10592,12528);
INSERT INTO related_crafted_from VALUES(10593,8),(10593,11),(10593,5059),(10593,5506),(10593,12519),(10593,12563),(10593,12580);
INSERT INTO related_crafted_from VALUES(10594,8),(10594,11),(10594,5506),(10594,12524),(10594,12564),(10594,12581);
INSERT INTO related_crafted_from VALUES(10595,8),(10595,11),(10595,5507),(10595,12519),(10595,12525),(10595,12582);
INSERT INTO related_crafted_from VALUES(10596,8),(10596,11),(10596,5507),(10596,12522),(10596,12526),(10596,12566),(10596,12583);
INSERT INTO related_crafted_from VALUES(10597,14),(10597,17),(10597,12522),(10597,12526),(10597,12541),(10597,12590);
INSERT INTO related_crafted_from VALUES(10598,8),(10598,11),(10598,5061),(10598,5366),(10598,5506),(10598,12518),(10598,12562);
INSERT INTO related_crafted_from VALUES(10599,8),(10599,11),(10599,5506),(10599,12519),(10599,12528),(10599,12563),(10599,12580);
INSERT INTO related_crafted_from VALUES(10600,8),(10600,11),(10600,5506),(10600,12524),(10600,12529),(10600,12581);
INSERT INTO related_crafted_from VALUES(10601,8),(10601,11),(10601,5507),(10601,12525),(10601,12529),(10601,12582);
INSERT INTO related_crafted_from VALUES(10602,8),(10602,11),(10602,5507),(10602,12526),(10602,12566),(10602,12583);
INSERT INTO related_crafted_from VALUES(10603,14),(10603,17),(10603,5508),(10603,12522),(10603,12526),(10603,12530),(10603,12583);
INSERT INTO related_crafted_from VALUES(10604,9),(10604,10),(10604,5366),(10604,5506),(10604,12518),(10604,12562);
INSERT INTO related_crafted_from VALUES(10605,9),(10605,10),(10605,5068),(10605,5506),(10605,12519),(10605,12580);
INSERT INTO related_crafted_from VALUES(10606,9),(10606,10),(10606,5506),(10606,12524),(10606,12564),(10606,12581);
INSERT INTO related_crafted_from VALUES(10607,9),(10607,10),(10607,5507),(10607,12525),(10607,12565),(10607,12582);
INSERT INTO related_crafted_from VALUES(10608,9),(10608,10),(10608,5507),(10608,12522),(10608,12526),(10608,12566),(10608,12583);
INSERT INTO related_crafted_from VALUES(10610,9),(10610,10),(10610,5366),(10610,5403),(10610,12518),(10610,12594);
INSERT INTO related_crafted_from VALUES(10611,9),(10611,10),(10611,5403),(10611,12519),(10611,12563),(10611,12580),(10611,12594);
INSERT INTO related_crafted_from VALUES(10612,9),(10612,10),(10612,12524),(10612,12564),(10612,12581),(10612,12585),(10612,12595);
INSERT INTO related_crafted_from VALUES(10613,9),(10613,10),(10613,5066),(10613,12521),(10613,12582),(10613,12585),(10613,12595);
INSERT INTO related_crafted_from VALUES(10614,9),(10614,10),(10614,12526),(10614,12583),(10614,12586),(10614,12592),(10614,12595);
INSERT INTO related_crafted_from VALUES(10616,8),(10616,11),(10616,5059),(10616,5506),(10616,12518),(10616,12528),(10616,12562);
INSERT INTO related_crafted_from VALUES(10617,8),(10617,11),(10617,5059),(10617,5506),(10617,12519),(10617,12563);
INSERT INTO related_crafted_from VALUES(10618,8),(10618,11),(10618,5506),(10618,12519),(10618,12524),(10618,12529),(10618,12564);
INSERT INTO related_crafted_from VALUES(10619,8),(10619,11),(10619,5507),(10619,12519),(10619,12525),(10619,12529),(10619,12582);
INSERT INTO related_crafted_from VALUES(10620,8),(10620,11),(10620,5507),(10620,12522),(10620,12526),(10620,12530),(10620,12562);
INSERT INTO related_crafted_from VALUES(10622,8),(10622,11),(10622,5065),(10622,5366),(10622,5506),(10622,12518),(10622,12562);
INSERT INTO related_crafted_from VALUES(10623,8),(10623,11),(10623,5065),(10623,5506),(10623,12519),(10623,12563),(10623,12580);
INSERT INTO related_crafted_from VALUES(10624,8),(10624,11),(10624,5066),(10624,5506),(10624,12524),(10624,12564),(10624,12581);
INSERT INTO related_crafted_from VALUES(10625,8),(10625,11),(10625,5061),(10625,5066),(10625,5507),(10625,12525),(10625,12529);
INSERT INTO related_crafted_from VALUES(10626,8),(10626,11),(10626,5507),(10626,12522),(10626,12526),(10626,12565),(10626,12583);
INSERT INTO related_crafted_from VALUES(10627,14),(10627,17),(10627,5508),(10627,12525),(10627,12526),(10627,12566),(10627,12583);
INSERT INTO related_crafted_from VALUES(10628,8),(10628,11),(10628,5061),(10628,5126),(10628,5366),(10628,12518),(10628,12528),(10628,12611);
INSERT INTO related_crafted_from VALUES(10629,8),(10629,11),(10629,5126),(10629,5366),(10629,12519),(10629,12528),(10629,12580),(10629,12611);
INSERT INTO related_crafted_from VALUES(10630,8),(10630,11),(10630,5061),(10630,5126),(10630,12524),(10630,12529),(10630,12581),(10630,12611);
INSERT INTO related_crafted_from VALUES(10631,8),(10631,11),(10631,5066),(10631,5126),(10631,12525),(10631,12529),(10631,12582),(10631,12611);
INSERT INTO related_crafted_from VALUES(10632,8),(10632,11),(10632,12519),(10632,12525),(10632,12526),(10632,12583),(10632,12611);
INSERT INTO related_crafted_from VALUES(10634,9),(10634,10),(10634,5066),(10634,5403),(10634,12562),(10634,12575);
INSERT INTO related_crafted_from VALUES(10635,12),(10635,13),(10635,12580),(10635,12588),(10635,12594),(10635,12607);
INSERT INTO related_crafted_from VALUES(10636,9),(10636,10),(10636,12581),(10636,12585),(10636,12607);
INSERT INTO related_crafted_from VALUES(10637,12),(10637,13),(10637,12521),(10637,12582),(10637,12607);
INSERT INTO related_crafted_from VALUES(10638,9),(10638,10),(10638,12583),(10638,12586),(10638,12592),(10638,12595),(10638,12608);
INSERT INTO related_crafted_from VALUES(10639,15),(10639,16),(10639,12522),(10639,12545),(10639,12562),(10639,12583),(10639,12586),(10639,12608);
INSERT INTO related_crafted_from VALUES(10640,8),(10640,10),(10640,5366),(10640,5506),(10640,12543),(10640,12575);
INSERT INTO related_crafted_from VALUES(10641,8),(10641,10),(10641,5061),(10641,5126),(10641,5196),(10641,5506);
INSERT INTO related_crafted_from VALUES(10642,8),(10642,10),(10642,5506),(10642,12520),(10642,12541),(10642,12589);
INSERT INTO related_crafted_from VALUES(10643,8),(10643,10),(10643,12521),(10643,12541),(10643,12542),(10643,12565);
INSERT INTO related_crafted_from VALUES(10644,8),(10644,10),(10644,5183),(10644,5185),(10644,12522),(10644,12583);
INSERT INTO related_crafted_from VALUES(10645,14),(10645,16),(10645,5507),(10645,12522),(10645,12526),(10645,12550),(10645,12583);
INSERT INTO related_crafted_from VALUES(10646,12),(10646,13),(10646,5066),(10646,5288),(10646,12562),(10646,12601);
INSERT INTO related_crafted_from VALUES(10647,12),(10647,13),(10647,12519),(10647,12563),(10647,12601);
INSERT INTO related_crafted_from VALUES(10648,12),(10648,13),(10648,5185),(10648,12520),(10648,12564),(10648,12602);
INSERT INTO related_crafted_from VALUES(10649,12),(10649,13),(10649,12519),(10649,12521),(10649,12565),(10649,12602);
INSERT INTO related_crafted_from VALUES(10650,12),(10650,13),(10650,12521),(10650,12522),(10650,12544),(10650,12603);
INSERT INTO related_crafted_from VALUES(10652,12),(10652,13),(10652,5066),(10652,5288),(10652,12562),(10652,12601);
INSERT INTO related_crafted_from VALUES(10653,12),(10653,13),(10653,12519),(10653,12563),(10653,12601);
INSERT INTO related_crafted_from VALUES(10654,12),(10654,13),(10654,5181),(10654,12520),(10654,12564),(10654,12602);
INSERT INTO related_crafted_from VALUES(10655,12),(10655,13),(10655,12519),(10655,12521),(10655,12565),(10655,12602);
INSERT INTO related_crafted_from VALUES(10656,12),(10656,13),(10656,12521),(10656,12522),(10656,12545),(10656,12603);
INSERT INTO related_crafted_from VALUES(10658,8),(10658,10),(10658,5061),(10658,12518),(10658,12601);
INSERT INTO related_crafted_from VALUES(10659,8),(10659,10),(10659,5066),(10659,5185),(10659,12519),(10659,12601);
INSERT INTO related_crafted_from VALUES(10660,8),(10660,10),(10660,5066),(10660,12520),(10660,12524),(10660,12602);
INSERT INTO related_crafted_from VALUES(10661,8),(10661,10),(10661,5066),(10661,12521),(10661,12525),(10661,12550),(10661,12602);
INSERT INTO related_crafted_from VALUES(10662,8),(10662,10),(10662,12521),(10662,12522),(10662,12526),(10662,12603);
INSERT INTO related_crafted_from VALUES(10664,9),(10664,11),(10664,12518),(10664,12528),(10664,12562);
INSERT INTO related_crafted_from VALUES(10665,9),(10665,11),(10665,5061),(10665,12519),(10665,12528);
INSERT INTO related_crafted_from VALUES(10666,9),(10666,11),(10666,5061),(10666,12524),(10666,12529);
INSERT INTO related_crafted_from VALUES(10667,9),(10667,11),(10667,12525),(10667,12529),(10667,12582);
INSERT INTO related_crafted_from VALUES(10668,9),(10668,11),(10668,5068),(10668,12525),(10668,12526),(10668,12566);
INSERT INTO related_crafted_from VALUES(10669,15),(10669,17),(10669,12522),(10669,12526),(10669,12530),(10669,12583);
INSERT INTO related_crafted_from VALUES(10670,9),(10670,11),(10670,5066),(10670,12518),(10670,12562);
INSERT INTO related_crafted_from VALUES(10671,10),(10671,11),(10671,5349),(10671,12542),(10671,12563);
INSERT INTO related_crafted_from VALUES(10672,9),(10672,11),(10672,5068),(10672,12524),(10672,12529);
INSERT INTO related_crafted_from VALUES(10673,9),(10673,11),(10673,12521),(10673,12525),(10673,12564),(10673,12614);
INSERT INTO related_crafted_from VALUES(10674,9),(10674,11),(10674,12526),(10674,12565),(10674,12599),(10674,12614);
INSERT INTO related_crafted_from VALUES(10675,15),(10675,17),(10675,12526),(10675,12530),(10675,12566),(10675,12614);
INSERT INTO related_crafted_from VALUES(10676,15),(10676,17),(10676,12522),(10676,12527),(10676,12566),(10676,12619),(10676,12938);
INSERT INTO related_crafted_from VALUES(10677,9),(10677,11),(10677,5066),(10677,5085),(10677,12518),(10677,12562);
INSERT INTO related_crafted_from VALUES(10678,10),(10678,12),(10678,12518),(10678,12563),(10678,12589),(10678,12594);
INSERT INTO related_crafted_from VALUES(10679,9),(10679,11),(10679,5068),(10679,12524),(10679,12564),(10679,12590);
INSERT INTO related_crafted_from VALUES(10680,9),(10680,11),(10680,12521),(10680,12525),(10680,12565),(10680,12614);
INSERT INTO related_crafted_from VALUES(10681,9),(10681,11),(10681,5061),(10681,12526),(10681,12529),(10681,12591),(10681,12614);
INSERT INTO related_crafted_from VALUES(10682,15),(10682,17),(10682,12526),(10682,12530),(10682,12566),(10682,12614);
INSERT INTO related_crafted_from VALUES(10683,15),(10683,17),(10683,12522),(10683,12527),(10683,12567),(10683,12619),(10683,12938);
INSERT INTO related_crafted_from VALUES(10684,9),(10684,11),(10684,5066),(10684,12518),(10684,12562);
INSERT INTO related_crafted_from VALUES(10685,10),(10685,11),(10685,12562),(10685,12563),(10685,12588);
INSERT INTO related_crafted_from VALUES(10686,9),(10686,11),(10686,5068),(10686,12524),(10686,12564);
INSERT INTO related_crafted_from VALUES(10687,9),(10687,11),(10687,12521),(10687,12525),(10687,12564),(10687,12565),(10687,12614);
INSERT INTO related_crafted_from VALUES(10688,9),(10688,11),(10688,5061),(10688,12526),(10688,12529),(10688,12565),(10688,12614);
INSERT INTO related_crafted_from VALUES(10689,15),(10689,17),(10689,12526),(10689,12530),(10689,12566),(10689,12614);
INSERT INTO related_crafted_from VALUES(10690,15),(10690,17),(10690,12522),(10690,12527),(10690,12566),(10690,12619),(10690,12939);
INSERT INTO related_crafted_from VALUES(10691,9),(10691,11),(10691,12518),(10691,12562);
INSERT INTO related_crafted_from VALUES(10692,10),(10692,11),(10692,12563),(10692,12594);
INSERT INTO related_crafted_from VALUES(10693,9),(10693,11),(10693,12524),(10693,12564);
INSERT INTO related_crafted_from VALUES(10694,9),(10694,11),(10694,12525),(10694,12564),(10694,12614);
INSERT INTO related_crafted_from VALUES(10695,9),(10695,11),(10695,12526),(10695,12565),(10695,12614);
INSERT INTO related_crafted_from VALUES(10696,15),(10696,17),(10696,12526),(10696,12530),(10696,12566),(10696,12614);
INSERT INTO related_crafted_from VALUES(10697,16),(10697,17),(10697,12526),(10697,12567),(10697,12619),(10697,12940);
INSERT INTO related_crafted_from VALUES(10698,10),(10698,11),(10698,12562),(10698,12588),(10698,12594);
INSERT INTO related_crafted_from VALUES(10699,10),(10699,12),(10699,12563),(10699,12589),(10699,12594);
INSERT INTO related_crafted_from VALUES(10700,10),(10700,11),(10700,12563),(10700,12564),(10700,12590);
INSERT INTO related_crafted_from VALUES(10701,10),(10701,11),(10701,12521),(10701,12564),(10701,12565),(10701,12614);
INSERT INTO related_crafted_from VALUES(10702,9),(10702,11),(10702,12526),(10702,12565),(10702,12614);
INSERT INTO related_crafted_from VALUES(10703,16),(10703,18),(10703,12521),(10703,12526),(10703,12592),(10703,12614);
INSERT INTO related_crafted_from VALUES(10704,16),(10704,17),(10704,12567),(10704,12593),(10704,12596),(10704,12619),(10704,12940);
INSERT INTO related_crafted_from VALUES(10705,9),(10705,11),(10705,5066),(10705,12518),(10705,12562);
INSERT INTO related_crafted_from VALUES(10706,10),(10706,11),(10706,5068),(10706,5510),(10706,12562),(10706,12563);
INSERT INTO related_crafted_from VALUES(10707,9),(10707,11),(10707,5068),(10707,12524),(10707,12564);
INSERT INTO related_crafted_from VALUES(10708,9),(10708,11),(10708,12521),(10708,12525),(10708,12565),(10708,12614);
INSERT INTO related_crafted_from VALUES(10709,9),(10709,11),(10709,5061),(10709,12526),(10709,12529),(10709,12565),(10709,12614);
INSERT INTO related_crafted_from VALUES(10711,15),(10711,17),(10711,12522),(10711,12527),(10711,12566),(10711,12619),(10711,12940);
INSERT INTO related_crafted_from VALUES(10712,9),(10712,11),(10712,5066),(10712,12518),(10712,12562);
INSERT INTO related_crafted_from VALUES(10713,10),(10713,11),(10713,5068),(10713,12562),(10713,12563);
INSERT INTO related_crafted_from VALUES(10714,9),(10714,11),(10714,5068),(10714,12524),(10714,12529),(10714,12564);
INSERT INTO related_crafted_from VALUES(10715,9),(10715,11),(10715,5061),(10715,12525),(10715,12564),(10715,12612);
INSERT INTO related_crafted_from VALUES(10716,9),(10716,11),(10716,12525),(10716,12526),(10716,12565),(10716,12612);
INSERT INTO related_crafted_from VALUES(10717,16),(10717,17),(10717,12522),(10717,12566),(10717,12612);
INSERT INTO related_crafted_from VALUES(10718,15),(10718,17),(10718,12522),(10718,12527),(10718,12566),(10718,12617),(10718,12938);
INSERT INTO related_crafted_from VALUES(10719,9),(10719,11),(10719,5066),(10719,5085),(10719,12518),(10719,12562);
INSERT INTO related_crafted_from VALUES(10720,10),(10720,12),(10720,12518),(10720,12563),(10720,12589),(10720,12594);
INSERT INTO related_crafted_from VALUES(10721,9),(10721,11),(10721,5068),(10721,12524),(10721,12529),(10721,12564);
INSERT INTO related_crafted_from VALUES(10722,9),(10722,11),(10722,12521),(10722,12525),(10722,12565),(10722,12591),(10722,12612);
INSERT INTO related_crafted_from VALUES(10723,9),(10723,11),(10723,5068),(10723,12526),(10723,12529),(10723,12591),(10723,12612);
INSERT INTO related_crafted_from VALUES(10725,15),(10725,17),(10725,12522),(10725,12527),(10725,12567),(10725,12617),(10725,12938);
INSERT INTO related_crafted_from VALUES(10726,9),(10726,11),(10726,5066),(10726,12518),(10726,12562);
INSERT INTO related_crafted_from VALUES(10727,10),(10727,11),(10727,5068),(10727,12519),(10727,12563);
INSERT INTO related_crafted_from VALUES(10728,9),(10728,11),(10728,5068),(10728,12524),(10728,12564);
INSERT INTO related_crafted_from VALUES(10729,9),(10729,11),(10729,12521),(10729,12525),(10729,12564),(10729,12565),(10729,12612);
INSERT INTO related_crafted_from VALUES(10730,9),(10730,11),(10730,5068),(10730,12526),(10730,12529),(10730,12565),(10730,12612);
INSERT INTO related_crafted_from VALUES(10731,16),(10731,17),(10731,12522),(10731,12566),(10731,12592),(10731,12612);
INSERT INTO related_crafted_from VALUES(10732,15),(10732,17),(10732,12522),(10732,12527),(10732,12566),(10732,12617),(10732,12939);
INSERT INTO related_crafted_from VALUES(10733,9),(10733,11),(10733,12518),(10733,12562);
INSERT INTO related_crafted_from VALUES(10734,10),(10734,11),(10734,12563),(10734,12594);
INSERT INTO related_crafted_from VALUES(10735,9),(10735,11),(10735,12524),(10735,12564);
INSERT INTO related_crafted_from VALUES(10736,10),(10736,11),(10736,12525),(10736,12565),(10736,12612);
INSERT INTO related_crafted_from VALUES(10737,9),(10737,11),(10737,12526),(10737,12565),(10737,12612);
INSERT INTO related_crafted_from VALUES(10738,16),(10738,17),(10738,12526),(10738,12566),(10738,12612);
INSERT INTO related_crafted_from VALUES(10739,16),(10739,17),(10739,12526),(10739,12567),(10739,12617),(10739,12940);
INSERT INTO related_crafted_from VALUES(10740,10),(10740,11),(10740,12562),(10740,12588),(10740,12594);
INSERT INTO related_crafted_from VALUES(10741,10),(10741,12),(10741,12563),(10741,12589),(10741,12594);
INSERT INTO related_crafted_from VALUES(10742,10),(10742,11),(10742,12563),(10742,12564),(10742,12590);
INSERT INTO related_crafted_from VALUES(10743,10),(10743,11),(10743,12521),(10743,12564),(10743,12565),(10743,12612);
INSERT INTO related_crafted_from VALUES(10744,9),(10744,11),(10744,12526),(10744,12565),(10744,12612);
INSERT INTO related_crafted_from VALUES(10745,16),(10745,17),(10745,12566),(10745,12592),(10745,12596),(10745,12612);
INSERT INTO related_crafted_from VALUES(10746,16),(10746,17),(10746,12567),(10746,12593),(10746,12596),(10746,12617),(10746,12940);
INSERT INTO related_crafted_from VALUES(10747,9),(10747,11),(10747,5066),(10747,12518),(10747,12562);
INSERT INTO related_crafted_from VALUES(10748,10),(10748,11),(10748,5510),(10748,12518),(10748,12563),(10748,12588);
INSERT INTO related_crafted_from VALUES(10749,9),(10749,11),(10749,5068),(10749,12524),(10749,12529),(10749,12564);
INSERT INTO related_crafted_from VALUES(10750,9),(10750,11),(10750,12521),(10750,12525),(10750,12565),(10750,12612);
INSERT INTO related_crafted_from VALUES(10751,9),(10751,11),(10751,5068),(10751,12526),(10751,12529),(10751,12565),(10751,12612);
INSERT INTO related_crafted_from VALUES(10752,15),(10752,17),(10752,12522),(10752,12526),(10752,12566),(10752,12612);
INSERT INTO related_crafted_from VALUES(10753,15),(10753,17),(10753,12522),(10753,12527),(10753,12566),(10753,12617),(10753,12940);
INSERT INTO related_crafted_from VALUES(10754,8),(10754,10),(10754,5360),(10754,12518);
INSERT INTO related_crafted_from VALUES(10755,10),(10755,11),(10755,12562),(10755,12563),(10755,12594);
INSERT INTO related_crafted_from VALUES(10756,9),(10756,11),(10756,5068),(10756,12524),(10756,12564);
INSERT INTO related_crafted_from VALUES(10757,9),(10757,11),(10757,5061),(10757,12525),(10757,12564),(10757,12612);
INSERT INTO related_crafted_from VALUES(10758,10),(10758,12),(10758,12522),(10758,12525),(10758,12592),(10758,12612);
INSERT INTO related_crafted_from VALUES(10759,16),(10759,18),(10759,12522),(10759,12566),(10759,12592),(10759,12610),(10759,12612);
INSERT INTO related_crafted_from VALUES(10760,16),(10760,17),(10760,12567),(10760,12596),(10760,12617),(10760,12938);
INSERT INTO related_crafted_from VALUES(10761,10),(10761,12),(10761,5066),(10761,5185),(10761,12562),(10761,12588),(10761,12594);
INSERT INTO related_crafted_from VALUES(10762,10),(10762,12),(10762,12518),(10762,12563),(10762,12589),(10762,12594);
INSERT INTO related_crafted_from VALUES(10763,10),(10763,11),(10763,5068),(10763,12524),(10763,12564),(10763,12590);
INSERT INTO related_crafted_from VALUES(10764,9),(10764,11),(10764,12521),(10764,12525),(10764,12565),(10764,12591),(10764,12612);
INSERT INTO related_crafted_from VALUES(10765,10),(10765,12),(10765,5068),(10765,12525),(10765,12592),(10765,12596),(10765,12612);
INSERT INTO related_crafted_from VALUES(10766,16),(10766,18),(10766,12522),(10766,12566),(10766,12592),(10766,12612);
INSERT INTO related_crafted_from VALUES(10767,16),(10767,17),(10767,12522),(10767,12544),(10767,12567),(10767,12593),(10767,12617),(10767,12938);
INSERT INTO related_crafted_from VALUES(10768,10),(10768,11),(10768,5196),(10768,12518),(10768,12562);
INSERT INTO related_crafted_from VALUES(10769,10),(10769,11),(10769,5068),(10769,12519),(10769,12563);
INSERT INTO related_crafted_from VALUES(10770,10),(10770,11),(10770,12520),(10770,12564);
INSERT INTO related_crafted_from VALUES(10771,9),(10771,11),(10771,12521),(10771,12525),(10771,12564),(10771,12565),(10771,12612);
INSERT INTO related_crafted_from VALUES(10772,10),(10772,11),(10772,12525),(10772,12529),(10772,12566),(10772,12612);
INSERT INTO related_crafted_from VALUES(10773,16),(10773,17),(10773,12522),(10773,12566),(10773,12596),(10773,12612);
INSERT INTO related_crafted_from VALUES(10774,16),(10774,17),(10774,12526),(10774,12567),(10774,12617),(10774,12939);
INSERT INTO related_crafted_from VALUES(10775,10),(10775,11),(10775,12562),(10775,12594);
INSERT INTO related_crafted_from VALUES(10776,10),(10776,11),(10776,12563),(10776,12594);
INSERT INTO related_crafted_from VALUES(10777,10),(10777,11),(10777,12524),(10777,12564);
INSERT INTO related_crafted_from VALUES(10778,10),(10778,11),(10778,12525),(10778,12565),(10778,12612);
INSERT INTO related_crafted_from VALUES(10779,10),(10779,11),(10779,12525),(10779,12566),(10779,12612);
INSERT INTO related_crafted_from VALUES(10780,16),(10780,17),(10780,12526),(10780,12566),(10780,12612);
INSERT INTO related_crafted_from VALUES(10781,16),(10781,18),(10781,12593),(10781,12596),(10781,12617),(10781,12940);
INSERT INTO related_crafted_from VALUES(10782,10),(10782,12),(10782,12562),(10782,12588),(10782,12594);
INSERT INTO related_crafted_from VALUES(10783,10),(10783,12),(10783,12563),(10783,12589),(10783,12594);
INSERT INTO related_crafted_from VALUES(10784,10),(10784,12),(10784,12564),(10784,12590),(10784,12595);
INSERT INTO related_crafted_from VALUES(10785,10),(10785,11),(10785,12521),(10785,12564),(10785,12565),(10785,12612);
INSERT INTO related_crafted_from VALUES(10786,10),(10786,12),(10786,12565),(10786,12592),(10786,12596),(10786,12612);
INSERT INTO related_crafted_from VALUES(10788,16),(10788,17),(10788,12522),(10788,12567),(10788,12593),(10788,12617),(10788,12940);
INSERT INTO related_crafted_from VALUES(10789,10),(10789,11),(10789,5510),(10789,12562),(10789,12594),(10789,12714);
INSERT INTO related_crafted_from VALUES(10790,10),(10790,11),(10790,5510),(10790,12528),(10790,12562),(10790,12563);
INSERT INTO related_crafted_from VALUES(10791,10),(10791,11),(10791,5510),(10791,12524),(10791,12564),(10791,12590);
INSERT INTO related_crafted_from VALUES(10792,9),(10792,11),(10792,12521),(10792,12525),(10792,12565),(10792,12612);
INSERT INTO related_crafted_from VALUES(10793,10),(10793,11),(10793,5510),(10793,12521),(10793,12566),(10793,12596),(10793,12612);
INSERT INTO related_crafted_from VALUES(10794,16),(10794,17),(10794,5510),(10794,12522),(10794,12566),(10794,12612);
INSERT INTO related_crafted_from VALUES(10795,16),(10795,17),(10795,12526),(10795,12567),(10795,12617),(10795,12940);
INSERT INTO related_crafted_from VALUES(10796,10),(10796,12),(10796,12588),(10796,12594);
INSERT INTO related_crafted_from VALUES(10797,10),(10797,12),(10797,5359),(10797,12518),(10797,12589),(10797,12594);
INSERT INTO related_crafted_from VALUES(10798,9),(10798,11),(10798,5068),(10798,12524),(10798,12564);
INSERT INTO related_crafted_from VALUES(10799,9),(10799,10),(10799,5185),(10799,5507),(10799,12521),(10799,12582),(10799,12613);
INSERT INTO related_crafted_from VALUES(10800,10),(10800,12),(10800,12522),(10800,12525),(10800,12592),(10800,12613);
INSERT INTO related_crafted_from VALUES(10801,16),(10801,18),(10801,12522),(10801,12566),(10801,12592),(10801,12610),(10801,12613);
INSERT INTO related_crafted_from VALUES(10802,16),(10802,17),(10802,12522),(10802,12526),(10802,12567),(10802,12618),(10802,12938);
INSERT INTO related_crafted_from VALUES(10803,10),(10803,12),(10803,5066),(10803,12562),(10803,12588),(10803,12594);
INSERT INTO related_crafted_from VALUES(10804,10),(10804,12),(10804,12518),(10804,12563),(10804,12589),(10804,12594);
INSERT INTO related_crafted_from VALUES(10805,10),(10805,11),(10805,5068),(10805,12524),(10805,12564),(10805,12590);
INSERT INTO related_crafted_from VALUES(10806,10),(10806,12),(10806,12546),(10806,12564),(10806,12591),(10806,12613);
INSERT INTO related_crafted_from VALUES(10807,10),(10807,12),(10807,5068),(10807,12525),(10807,12592),(10807,12596),(10807,12613);
INSERT INTO related_crafted_from VALUES(10808,16),(10808,18),(10808,12522),(10808,12566),(10808,12592),(10808,12613);
INSERT INTO related_crafted_from VALUES(10809,16),(10809,17),(10809,12522),(10809,12567),(10809,12593),(10809,12618),(10809,12938);
INSERT INTO related_crafted_from VALUES(10810,10),(10810,11),(10810,12543),(10810,12562),(10810,12594);
INSERT INTO related_crafted_from VALUES(10811,10),(10811,11),(10811,5068),(10811,12563),(10811,12588);
INSERT INTO related_crafted_from VALUES(10812,10),(10812,11),(10812,12520),(10812,12564);
INSERT INTO related_crafted_from VALUES(10813,10),(10813,11),(10813,12564),(10813,12565),(10813,12595),(10813,12613);
INSERT INTO related_crafted_from VALUES(10814,10),(10814,11),(10814,12525),(10814,12529),(10814,12566),(10814,12613);
INSERT INTO related_crafted_from VALUES(10815,16),(10815,17),(10815,12522),(10815,12566),(10815,12596),(10815,12613);
INSERT INTO related_crafted_from VALUES(10816,16),(10816,17),(10816,12522),(10816,12562),(10816,12567),(10816,12618),(10816,12939);
INSERT INTO related_crafted_from VALUES(10817,10),(10817,12),(10817,12588),(10817,12594);
INSERT INTO related_crafted_from VALUES(10818,10),(10818,11),(10818,12563),(10818,12594);
INSERT INTO related_crafted_from VALUES(10819,10),(10819,11),(10819,12524),(10819,12564);
INSERT INTO related_crafted_from VALUES(10820,10),(10820,12),(10820,12591),(10820,12595),(10820,12613);
INSERT INTO related_crafted_from VALUES(10821,10),(10821,11),(10821,12525),(10821,12566),(10821,12613);
INSERT INTO related_crafted_from VALUES(10822,16),(10822,18),(10822,12592),(10822,12596),(10822,12613);
INSERT INTO related_crafted_from VALUES(10823,16),(10823,18),(10823,12593),(10823,12596),(10823,12618),(10823,12940);
INSERT INTO related_crafted_from VALUES(10824,10),(10824,12),(10824,12562),(10824,12588),(10824,12594);
INSERT INTO related_crafted_from VALUES(10825,10),(10825,12),(10825,12563),(10825,12589),(10825,12594);
INSERT INTO related_crafted_from VALUES(10826,10),(10826,12),(10826,12564),(10826,12590),(10826,12595);
INSERT INTO related_crafted_from VALUES(10827,10),(10827,12),(10827,12564),(10827,12591),(10827,12595),(10827,12613);
INSERT INTO related_crafted_from VALUES(10828,10),(10828,12),(10828,12565),(10828,12592),(10828,12596),(10828,12613);
INSERT INTO related_crafted_from VALUES(10829,16),(10829,17),(10829,12522),(10829,12566),(10829,12596),(10829,12613);
INSERT INTO related_crafted_from VALUES(10830,16),(10830,18),(10830,12567),(10830,12593),(10830,12596),(10830,12618),(10830,12940);
INSERT INTO related_crafted_from VALUES(10831,10),(10831,11),(10831,5066),(10831,5510),(10831,12562),(10831,12594);
INSERT INTO related_crafted_from VALUES(10832,10),(10832,11),(10832,5510),(10832,12528),(10832,12563),(10832,12588);
INSERT INTO related_crafted_from VALUES(10833,10),(10833,11),(10833,5510),(10833,12524),(10833,12564),(10833,12590);
INSERT INTO related_crafted_from VALUES(10834,10),(10834,11),(10834,5510),(10834,12520),(10834,12564),(10834,12565),(10834,12613);
INSERT INTO related_crafted_from VALUES(10835,10),(10835,11),(10835,5510),(10835,12521),(10835,12566),(10835,12596),(10835,12613);
INSERT INTO related_crafted_from VALUES(10836,16),(10836,17),(10836,5510),(10836,12522),(10836,12566),(10836,12613);
INSERT INTO related_crafted_from VALUES(10837,16),(10837,17),(10837,12567),(10837,12592),(10837,12618),(10837,12940);
INSERT INTO related_crafted_from VALUES(10838,10),(10838,12),(10838,12518),(10838,12588),(10838,12594);
INSERT INTO related_crafted_from VALUES(10839,10),(10839,12),(10839,12589),(10839,12594);
INSERT INTO related_crafted_from VALUES(10840,9),(10840,11),(10840,5068),(10840,12524),(10840,12564);
INSERT INTO related_crafted_from VALUES(10841,9),(10841,11),(10841,5061),(10841,12525),(10841,12564),(10841,12613);
INSERT INTO related_crafted_from VALUES(10842,10),(10842,12),(10842,12522),(10842,12525),(10842,12592),(10842,12613);
INSERT INTO related_crafted_from VALUES(10843,16),(10843,18),(10843,12522),(10843,12566),(10843,12592),(10843,12610),(10843,12613);
INSERT INTO related_crafted_from VALUES(10844,16),(10844,17),(10844,12567),(10844,12596),(10844,12618),(10844,12938);
INSERT INTO related_crafted_from VALUES(10845,10),(10845,12),(10845,5066),(10845,12562),(10845,12588),(10845,12594);
INSERT INTO related_crafted_from VALUES(10846,10),(10846,12),(10846,12518),(10846,12563),(10846,12589),(10846,12594);
INSERT INTO related_crafted_from VALUES(10847,10),(10847,11),(10847,5068),(10847,12524),(10847,12564),(10847,12590);
INSERT INTO related_crafted_from VALUES(10848,9),(10848,11),(10848,12521),(10848,12525),(10848,12565),(10848,12591),(10848,12613);
INSERT INTO related_crafted_from VALUES(10849,10),(10849,12),(10849,5068),(10849,12525),(10849,12592),(10849,12596),(10849,12613);
INSERT INTO related_crafted_from VALUES(10851,16),(10851,17),(10851,12522),(10851,12545),(10851,12567),(10851,12593),(10851,12618),(10851,12938);
INSERT INTO related_crafted_from VALUES(10852,10),(10852,12),(10852,12588),(10852,12594);
INSERT INTO related_crafted_from VALUES(10853,10),(10853,11),(10853,5068),(10853,12563),(10853,12588);
INSERT INTO related_crafted_from VALUES(10854,10),(10854,11),(10854,12520),(10854,12564);
INSERT INTO related_crafted_from VALUES(10855,9),(10855,11),(10855,12521),(10855,12525),(10855,12564),(10855,12565),(10855,12613);
INSERT INTO related_crafted_from VALUES(10856,10),(10856,11),(10856,12525),(10856,12529),(10856,12566),(10856,12613);
INSERT INTO related_crafted_from VALUES(10857,16),(10857,17),(10857,12522),(10857,12566),(10857,12596),(10857,12613);
INSERT INTO related_crafted_from VALUES(10858,16),(10858,17),(10858,12526),(10858,12567),(10858,12618),(10858,12939);
INSERT INTO related_crafted_from VALUES(10859,10),(10859,12),(10859,12588),(10859,12594);
INSERT INTO related_crafted_from VALUES(10860,10),(10860,11),(10860,12563),(10860,12594);
INSERT INTO related_crafted_from VALUES(10861,10),(10861,11),(10861,12524),(10861,12564);
INSERT INTO related_crafted_from VALUES(10862,10),(10862,11),(10862,12525),(10862,12565),(10862,12613);
INSERT INTO related_crafted_from VALUES(10863,10),(10863,11),(10863,12525),(10863,12566),(10863,12613);
INSERT INTO related_crafted_from VALUES(10864,16),(10864,17),(10864,12526),(10864,12566),(10864,12613);
INSERT INTO related_crafted_from VALUES(10865,16),(10865,18),(10865,12593),(10865,12596),(10865,12618),(10865,12940);
INSERT INTO related_crafted_from VALUES(10866,10),(10866,12),(10866,12562),(10866,12588),(10866,12594);
INSERT INTO related_crafted_from VALUES(10867,10),(10867,12),(10867,12563),(10867,12589),(10867,12594);
INSERT INTO related_crafted_from VALUES(10868,10),(10868,12),(10868,12564),(10868,12590),(10868,12595);
INSERT INTO related_crafted_from VALUES(10869,10),(10869,11),(10869,12521),(10869,12564),(10869,12565),(10869,12613);
INSERT INTO related_crafted_from VALUES(10870,10),(10870,12),(10870,12565),(10870,12592),(10870,12596),(10870,12613);
INSERT INTO related_crafted_from VALUES(10871,16),(10871,17),(10871,12522),(10871,12566),(10871,12596),(10871,12613);
INSERT INTO related_crafted_from VALUES(10872,16),(10872,17),(10872,12522),(10872,12567),(10872,12593),(10872,12618),(10872,12940);
INSERT INTO related_crafted_from VALUES(10873,10),(10873,11),(10873,5510),(10873,12562),(10873,12588),(10873,12594);
INSERT INTO related_crafted_from VALUES(10874,10),(10874,11),(10874,5510),(10874,12528),(10874,12563),(10874,12588);
INSERT INTO related_crafted_from VALUES(10875,10),(10875,11),(10875,5510),(10875,12524),(10875,12564),(10875,12590);
INSERT INTO related_crafted_from VALUES(10876,9),(10876,11),(10876,12521),(10876,12525),(10876,12565),(10876,12613);
INSERT INTO related_crafted_from VALUES(10877,10),(10877,11),(10877,5510),(10877,12521),(10877,12566),(10877,12596),(10877,12613);
INSERT INTO related_crafted_from VALUES(10878,16),(10878,17),(10878,5510),(10878,12522),(10878,12566),(10878,12613);
INSERT INTO related_crafted_from VALUES(10879,16),(10879,17),(10879,12526),(10879,12567),(10879,12618),(10879,12940);
INSERT INTO related_crafted_from VALUES(10880,10),(10880,12),(10880,12588),(10880,12594);
INSERT INTO related_crafted_from VALUES(10881,10),(10881,12),(10881,12518),(10881,12589),(10881,12594);
INSERT INTO related_crafted_from VALUES(10882,8),(10882,10),(10882,12520),(10882,12541),(10882,12610);
INSERT INTO related_crafted_from VALUES(10883,9),(10883,10),(10883,5186),(10883,5507),(10883,12521),(10883,12582),(10883,12616);
INSERT INTO related_crafted_from VALUES(10884,10),(10884,12),(10884,12582),(10884,12592),(10884,12596),(10884,12616);
INSERT INTO related_crafted_from VALUES(10885,14),(10885,16),(10885,12521),(10885,12522),(10885,12592),(10885,12616);
INSERT INTO related_crafted_from VALUES(10886,14),(10886,16),(10886,12523),(10886,12541),(10886,12566),(10886,12621),(10886,12938);
INSERT INTO related_crafted_from VALUES(10887,10),(10887,12),(10887,5066),(10887,12562),(10887,12588),(10887,12594);
INSERT INTO related_crafted_from VALUES(10888,10),(10888,12),(10888,12518),(10888,12563),(10888,12589),(10888,12594);
INSERT INTO related_crafted_from VALUES(10889,10),(10889,12),(10889,5068),(10889,12564),(10889,12590),(10889,12595);
INSERT INTO related_crafted_from VALUES(10890,10),(10890,12),(10890,12546),(10890,12564),(10890,12591),(10890,12616);
INSERT INTO related_crafted_from VALUES(10891,10),(10891,12),(10891,12550),(10891,12592),(10891,12596),(10891,12616);
INSERT INTO related_crafted_from VALUES(10893,16),(10893,18),(10893,12523),(10893,12592),(10893,12593),(10893,12596),(10893,12621),(10893,12938);
INSERT INTO related_crafted_from VALUES(10894,10),(10894,11),(10894,12543),(10894,12562),(10894,12594);
INSERT INTO related_crafted_from VALUES(10895,10),(10895,11),(10895,12519),(10895,12563),(10895,12594);
INSERT INTO related_crafted_from VALUES(10896,10),(10896,12),(10896,12564),(10896,12590),(10896,12595);
INSERT INTO related_crafted_from VALUES(10897,10),(10897,11),(10897,12564),(10897,12565),(10897,12595),(10897,12616);
INSERT INTO related_crafted_from VALUES(10898,10),(10898,12),(10898,12565),(10898,12592),(10898,12596),(10898,12616);
INSERT INTO related_crafted_from VALUES(10899,16),(10899,17),(10899,12522),(10899,12566),(10899,12596),(10899,12616);
INSERT INTO related_crafted_from VALUES(10900,16),(10900,18),(10900,12592),(10900,12593),(10900,12596),(10900,12621),(10900,12939);
INSERT INTO related_crafted_from VALUES(10901,10),(10901,12),(10901,12588),(10901,12594);
INSERT INTO related_crafted_from VALUES(10902,10),(10902,11),(10902,12563),(10902,12594);
INSERT INTO related_crafted_from VALUES(10903,10),(10903,11),(10903,12524),(10903,12564);
INSERT INTO related_crafted_from VALUES(10904,10),(10904,12),(10904,12591),(10904,12595),(10904,12616);
INSERT INTO related_crafted_from VALUES(10905,10),(10905,12),(10905,12592),(10905,12596),(10905,12616);
INSERT INTO related_crafted_from VALUES(10906,16),(10906,17),(10906,12522),(10906,12566),(10906,12616);
INSERT INTO related_crafted_from VALUES(10907,16),(10907,17),(10907,12567),(10907,12596),(10907,12621),(10907,12940);
INSERT INTO related_crafted_from VALUES(10908,10),(10908,12),(10908,12562),(10908,12588),(10908,12594);
INSERT INTO related_crafted_from VALUES(10909,10),(10909,12),(10909,12563),(10909,12589),(10909,12594);
INSERT INTO related_crafted_from VALUES(10910,10),(10910,12),(10910,12564),(10910,12590),(10910,12595);
INSERT INTO related_crafted_from VALUES(10911,10),(10911,12),(10911,12564),(10911,12591),(10911,12595),(10911,12616);
INSERT INTO related_crafted_from VALUES(10912,10),(10912,12),(10912,5068),(10912,12565),(10912,12592),(10912,12596),(10912,12616);
INSERT INTO related_crafted_from VALUES(10913,16),(10913,18),(10913,12566),(10913,12592),(10913,12596),(10913,12616);
INSERT INTO related_crafted_from VALUES(10914,16),(10914,18),(10914,12523),(10914,12592),(10914,12593),(10914,12596),(10914,12621),(10914,12940);
INSERT INTO related_crafted_from VALUES(10915,10),(10915,11),(10915,5066),(10915,5510),(10915,12562),(10915,12594);
INSERT INTO related_crafted_from VALUES(10916,10),(10916,11),(10916,5068),(10916,5510),(10916,12563),(10916,12588),(10916,12594);
INSERT INTO related_crafted_from VALUES(10917,10),(10917,11),(10917,5510),(10917,12520),(10917,12564),(10917,12590);
INSERT INTO related_crafted_from VALUES(10918,10),(10918,11),(10918,5510),(10918,12520),(10918,12564),(10918,12565),(10918,12616);
INSERT INTO related_crafted_from VALUES(10919,10),(10919,11),(10919,5510),(10919,12525),(10919,12566),(10919,12591),(10919,12616);
INSERT INTO related_crafted_from VALUES(10920,15),(10920,17),(10920,12522),(10920,12526),(10920,12566),(10920,12616);
INSERT INTO related_crafted_from VALUES(10921,16),(10921,17),(10921,12567),(10921,12584),(10921,12592),(10921,12596),(10921,12621),(10921,12940);
INSERT INTO related_crafted_from VALUES(10922,10),(10922,12),(10922,12588),(10922,12594);
INSERT INTO related_crafted_from VALUES(10923,10),(10923,11),(10923,12519),(10923,12563),(10923,12575);
INSERT INTO related_crafted_from VALUES(10924,8),(10924,10),(10924,12520),(10924,12610);
INSERT INTO related_crafted_from VALUES(10925,9),(10925,10),(10925,5183),(10925,5507),(10925,12521),(10925,12582),(10925,12615);
INSERT INTO related_crafted_from VALUES(10926,10),(10926,11),(10926,5068),(10926,12566),(10926,12591),(10926,12615);
INSERT INTO related_crafted_from VALUES(10927,16),(10927,18),(10927,12566),(10927,12592),(10927,12596),(10927,12615);
INSERT INTO related_crafted_from VALUES(10928,14),(10928,16),(10928,12523),(10928,12549),(10928,12566),(10928,12620),(10928,12938);
INSERT INTO related_crafted_from VALUES(10929,10),(10929,12),(10929,5066),(10929,12562),(10929,12588),(10929,12594);
INSERT INTO related_crafted_from VALUES(10930,10),(10930,12),(10930,12518),(10930,12563),(10930,12589),(10930,12594);
INSERT INTO related_crafted_from VALUES(10931,10),(10931,12),(10931,5068),(10931,12564),(10931,12590),(10931,12595);
INSERT INTO related_crafted_from VALUES(10932,10),(10932,12),(10932,12546),(10932,12564),(10932,12591),(10932,12615);
INSERT INTO related_crafted_from VALUES(10933,10),(10933,12),(10933,12591),(10933,12592),(10933,12595),(10933,12596),(10933,12615);
INSERT INTO related_crafted_from VALUES(10934,16),(10934,18),(10934,12521),(10934,12566),(10934,12592),(10934,12596),(10934,12615);
INSERT INTO related_crafted_from VALUES(10935,16),(10935,18),(10935,12523),(10935,12592),(10935,12593),(10935,12596),(10935,12620),(10935,12938);
INSERT INTO related_crafted_from VALUES(10936,10),(10936,11),(10936,12543),(10936,12562),(10936,12594);
INSERT INTO related_crafted_from VALUES(10937,10),(10937,11),(10937,12519),(10937,12563),(10937,12594);
INSERT INTO related_crafted_from VALUES(10938,10),(10938,12),(10938,12564),(10938,12590),(10938,12595);
INSERT INTO related_crafted_from VALUES(10939,10),(10939,11),(10939,12564),(10939,12565),(10939,12595),(10939,12615);
INSERT INTO related_crafted_from VALUES(10940,10),(10940,11),(10940,5196),(10940,12566),(10940,12596),(10940,12615);
INSERT INTO related_crafted_from VALUES(10941,16),(10941,17),(10941,12521),(10941,12566),(10941,12596),(10941,12615);
INSERT INTO related_crafted_from VALUES(10942,16),(10942,18),(10942,12592),(10942,12593),(10942,12596),(10942,12620),(10942,12939);
INSERT INTO related_crafted_from VALUES(10943,10),(10943,12),(10943,12588),(10943,12594);
INSERT INTO related_crafted_from VALUES(10944,10),(10944,11),(10944,12563),(10944,12594);
INSERT INTO related_crafted_from VALUES(10945,10),(10945,11),(10945,12524),(10945,12564);
INSERT INTO related_crafted_from VALUES(10946,10),(10946,12),(10946,12591),(10946,12595),(10946,12615);
INSERT INTO related_crafted_from VALUES(10947,10),(10947,12),(10947,12592),(10947,12596),(10947,12615);
INSERT INTO related_crafted_from VALUES(10948,16),(10948,18),(10948,12592),(10948,12596),(10948,12615);
INSERT INTO related_crafted_from VALUES(10949,16),(10949,17),(10949,12567),(10949,12596),(10949,12620),(10949,12940);
INSERT INTO related_crafted_from VALUES(10950,10),(10950,12),(10950,12562),(10950,12588),(10950,12594);
INSERT INTO related_crafted_from VALUES(10951,10),(10951,12),(10951,12563),(10951,12589),(10951,12594);
INSERT INTO related_crafted_from VALUES(10952,10),(10952,12),(10952,12564),(10952,12590),(10952,12595);
INSERT INTO related_crafted_from VALUES(10953,10),(10953,12),(10953,12564),(10953,12591),(10953,12595),(10953,12615);
INSERT INTO related_crafted_from VALUES(10954,10),(10954,12),(10954,5068),(10954,12565),(10954,12592),(10954,12596),(10954,12615);
INSERT INTO related_crafted_from VALUES(10955,16),(10955,17),(10955,12566),(10955,12592),(10955,12596),(10955,12615);
INSERT INTO related_crafted_from VALUES(10956,16),(10956,18),(10956,12523),(10956,12592),(10956,12593),(10956,12596),(10956,12620),(10956,12940);
INSERT INTO related_crafted_from VALUES(10957,10),(10957,11),(10957,5066),(10957,5510),(10957,12562),(10957,12594);
INSERT INTO related_crafted_from VALUES(10958,10),(10958,11),(10958,5068),(10958,5510),(10958,12563),(10958,12588),(10958,12594);
INSERT INTO related_crafted_from VALUES(10959,10),(10959,11),(10959,5510),(10959,12520),(10959,12564),(10959,12590);
INSERT INTO related_crafted_from VALUES(10960,10),(10960,11),(10960,5510),(10960,12520),(10960,12564),(10960,12565),(10960,12615);
INSERT INTO related_crafted_from VALUES(10961,10),(10961,11),(10961,5510),(10961,12525),(10961,12566),(10961,12591),(10961,12615);
INSERT INTO related_crafted_from VALUES(10963,16),(10963,17),(10963,12567),(10963,12584),(10963,12592),(10963,12596),(10963,12620),(10963,12940);
INSERT INTO related_crafted_from VALUES(10964,10),(10964,12),(10964,12543),(10964,12588),(10964,12594);
INSERT INTO related_crafted_from VALUES(10965,8),(10965,10),(10965,12519),(10965,12543),(10965,12594);
INSERT INTO related_crafted_from VALUES(10966,10),(10966,12),(10966,12541),(10966,12590),(10966,12595),(10966,12614);
INSERT INTO related_crafted_from VALUES(10967,8),(10967,10),(10967,12521),(10967,12546),(10967,12565),(10967,12614);
INSERT INTO related_crafted_from VALUES(10968,8),(10968,10),(10968,12522),(10968,12541),(10968,12596),(10968,12614);
INSERT INTO related_crafted_from VALUES(10969,14),(10969,16),(10969,12522),(10969,12547),(10969,12566),(10969,12614);
INSERT INTO related_crafted_from VALUES(10970,8),(10970,10),(10970,5196),(10970,12518),(10970,12542);
INSERT INTO related_crafted_from VALUES(10971,8),(10971,10),(10971,12519),(10971,12563);
INSERT INTO related_crafted_from VALUES(10972,8),(10972,10),(10972,12520),(10972,12544),(10972,12545),(10972,12614);
INSERT INTO related_crafted_from VALUES(10973,8),(10973,10),(10973,12521),(10973,12546),(10973,12565),(10973,12614);
INSERT INTO related_crafted_from VALUES(10974,8),(10974,10),(10974,12522),(10974,12562),(10974,12614);
INSERT INTO related_crafted_from VALUES(10975,14),(10975,16),(10975,12522),(10975,12548),(10975,12566),(10975,12614);
INSERT INTO related_crafted_from VALUES(10976,8),(10976,10),(10976,5196),(10976,12518);
INSERT INTO related_crafted_from VALUES(10977,8),(10977,10),(10977,5064),(10977,12519),(10977,12714);
INSERT INTO related_crafted_from VALUES(10978,8),(10978,10),(10978,12520),(10978,12545),(10978,12614);
INSERT INTO related_crafted_from VALUES(10979,8),(10979,10),(10979,12521),(10979,12546),(10979,12614);
INSERT INTO related_crafted_from VALUES(10980,8),(10980,10),(10980,12521),(10980,12522),(10980,12614),(10980,12795);
INSERT INTO related_crafted_from VALUES(10981,14),(10981,16),(10981,12522),(10981,12548),(10981,12614);
INSERT INTO related_crafted_from VALUES(10982,8),(10982,10),(10982,5262),(10982,12543);
INSERT INTO related_crafted_from VALUES(10983,8),(10983,10),(10983,12519),(10983,12575);
INSERT INTO related_crafted_from VALUES(10984,8),(10984,10),(10984,5262),(10984,12549),(10984,12614);
INSERT INTO related_crafted_from VALUES(10985,8),(10985,10),(10985,12521),(10985,12546),(10985,12614);
INSERT INTO related_crafted_from VALUES(10986,8),(10986,10),(10986,12522),(10986,12577),(10986,12614);
INSERT INTO related_crafted_from VALUES(10987,14),(10987,16),(10987,12522),(10987,12548),(10987,12614);
INSERT INTO related_crafted_from VALUES(10988,10),(10988,12),(10988,12543),(10988,12588),(10988,12594);
INSERT INTO related_crafted_from VALUES(10989,8),(10989,10),(10989,12519),(10989,12543),(10989,12594);
INSERT INTO related_crafted_from VALUES(10990,10),(10990,12),(10990,12541),(10990,12590),(10990,12595),(10990,12612);
INSERT INTO related_crafted_from VALUES(10991,8),(10991,10),(10991,12521),(10991,12546),(10991,12565),(10991,12612);
INSERT INTO related_crafted_from VALUES(10992,8),(10992,10),(10992,12522),(10992,12541),(10992,12596),(10992,12612);
INSERT INTO related_crafted_from VALUES(10993,14),(10993,16),(10993,12522),(10993,12547),(10993,12566),(10993,12612);
INSERT INTO related_crafted_from VALUES(10994,8),(10994,10),(10994,5196),(10994,12518),(10994,12542);
INSERT INTO related_crafted_from VALUES(10995,8),(10995,10),(10995,12519),(10995,12563);
INSERT INTO related_crafted_from VALUES(10996,8),(10996,10),(10996,12520),(10996,12544),(10996,12545),(10996,12612);
INSERT INTO related_crafted_from VALUES(10997,8),(10997,10),(10997,12521),(10997,12546),(10997,12565),(10997,12612);
INSERT INTO related_crafted_from VALUES(10998,8),(10998,10),(10998,12522),(10998,12562),(10998,12612);
INSERT INTO related_crafted_from VALUES(10999,14),(10999,16),(10999,12522),(10999,12548),(10999,12566),(10999,12612);
INSERT INTO related_crafted_from VALUES(11000,8),(11000,10),(11000,5196),(11000,12518);
INSERT INTO related_crafted_from VALUES(11001,8),(11001,10),(11001,5064),(11001,12519),(11001,12714);
INSERT INTO related_crafted_from VALUES(11002,8),(11002,10),(11002,12520),(11002,12545),(11002,12612);
INSERT INTO related_crafted_from VALUES(11003,8),(11003,10),(11003,12521),(11003,12546),(11003,12612);
INSERT INTO related_crafted_from VALUES(11004,8),(11004,10),(11004,12521),(11004,12522),(11004,12612),(11004,12795);
INSERT INTO related_crafted_from VALUES(11005,14),(11005,16),(11005,12522),(11005,12548),(11005,12612);
INSERT INTO related_crafted_from VALUES(11006,8),(11006,10),(11006,5262),(11006,12543);
INSERT INTO related_crafted_from VALUES(11007,8),(11007,10),(11007,12519),(11007,12575);
INSERT INTO related_crafted_from VALUES(11008,8),(11008,10),(11008,5262),(11008,12549),(11008,12612);
INSERT INTO related_crafted_from VALUES(11009,8),(11009,10),(11009,12521),(11009,12546),(11009,12612);
INSERT INTO related_crafted_from VALUES(11010,8),(11010,10),(11010,12522),(11010,12577),(11010,12612);
INSERT INTO related_crafted_from VALUES(11011,14),(11011,16),(11011,12522),(11011,12548),(11011,12612);
INSERT INTO related_crafted_from VALUES(11012,10),(11012,12),(11012,12543),(11012,12588),(11012,12594);
INSERT INTO related_crafted_from VALUES(11013,8),(11013,10),(11013,12519),(11013,12543),(11013,12594);
INSERT INTO related_crafted_from VALUES(11014,10),(11014,12),(11014,12541),(11014,12590),(11014,12595),(11014,12613);
INSERT INTO related_crafted_from VALUES(11015,8),(11015,10),(11015,12521),(11015,12546),(11015,12565),(11015,12613);
INSERT INTO related_crafted_from VALUES(11016,8),(11016,10),(11016,12522),(11016,12541),(11016,12596),(11016,12613);
INSERT INTO related_crafted_from VALUES(11017,14),(11017,16),(11017,12522),(11017,12547),(11017,12566),(11017,12613);
INSERT INTO related_crafted_from VALUES(11018,8),(11018,10),(11018,5196),(11018,12518),(11018,12542);
INSERT INTO related_crafted_from VALUES(11019,8),(11019,10),(11019,12519),(11019,12563);
INSERT INTO related_crafted_from VALUES(11020,8),(11020,10),(11020,12520),(11020,12544),(11020,12545),(11020,12613);
INSERT INTO related_crafted_from VALUES(11021,8),(11021,10),(11021,12521),(11021,12546),(11021,12565),(11021,12613);
INSERT INTO related_crafted_from VALUES(11022,8),(11022,10),(11022,12522),(11022,12562),(11022,12613);
INSERT INTO related_crafted_from VALUES(11023,14),(11023,16),(11023,12522),(11023,12548),(11023,12566),(11023,12613);
INSERT INTO related_crafted_from VALUES(11024,8),(11024,10),(11024,5196),(11024,12518);
INSERT INTO related_crafted_from VALUES(11025,8),(11025,10),(11025,5064),(11025,12519),(11025,12714);
INSERT INTO related_crafted_from VALUES(11026,8),(11026,10),(11026,12520),(11026,12545),(11026,12613);
INSERT INTO related_crafted_from VALUES(11027,8),(11027,10),(11027,12521),(11027,12546),(11027,12613);
INSERT INTO related_crafted_from VALUES(11028,8),(11028,10),(11028,12521),(11028,12522),(11028,12613),(11028,12795);
INSERT INTO related_crafted_from VALUES(11029,14),(11029,16),(11029,12522),(11029,12548),(11029,12613);
INSERT INTO related_crafted_from VALUES(11030,8),(11030,10),(11030,5262),(11030,12543);
INSERT INTO related_crafted_from VALUES(11031,8),(11031,10),(11031,12519),(11031,12575);
INSERT INTO related_crafted_from VALUES(11032,8),(11032,10),(11032,5262),(11032,12549),(11032,12613);
INSERT INTO related_crafted_from VALUES(11033,8),(11033,10),(11033,12521),(11033,12546),(11033,12613);
INSERT INTO related_crafted_from VALUES(11034,8),(11034,10),(11034,12522),(11034,12577),(11034,12613);
INSERT INTO related_crafted_from VALUES(11035,14),(11035,16),(11035,12522),(11035,12548),(11035,12613);
INSERT INTO related_crafted_from VALUES(11036,10),(11036,12),(11036,12543),(11036,12588),(11036,12594);
INSERT INTO related_crafted_from VALUES(11037,8),(11037,10),(11037,12519),(11037,12543),(11037,12594);
INSERT INTO related_crafted_from VALUES(11038,10),(11038,12),(11038,12541),(11038,12590),(11038,12595),(11038,12616);
INSERT INTO related_crafted_from VALUES(11039,8),(11039,10),(11039,12521),(11039,12546),(11039,12565),(11039,12616);
INSERT INTO related_crafted_from VALUES(11040,8),(11040,10),(11040,12522),(11040,12541),(11040,12596),(11040,12616);
INSERT INTO related_crafted_from VALUES(11041,14),(11041,16),(11041,12522),(11041,12547),(11041,12566),(11041,12616);
INSERT INTO related_crafted_from VALUES(11042,8),(11042,10),(11042,5196),(11042,12518),(11042,12542);
INSERT INTO related_crafted_from VALUES(11043,8),(11043,10),(11043,12519),(11043,12563);
INSERT INTO related_crafted_from VALUES(11044,8),(11044,10),(11044,12520),(11044,12544),(11044,12545),(11044,12616);
INSERT INTO related_crafted_from VALUES(11045,8),(11045,10),(11045,12521),(11045,12546),(11045,12565),(11045,12616);
INSERT INTO related_crafted_from VALUES(11046,8),(11046,10),(11046,12522),(11046,12562),(11046,12616);
INSERT INTO related_crafted_from VALUES(11047,14),(11047,16),(11047,12522),(11047,12548),(11047,12566),(11047,12616);
INSERT INTO related_crafted_from VALUES(11048,8),(11048,10),(11048,5196),(11048,12518);
INSERT INTO related_crafted_from VALUES(11049,8),(11049,10),(11049,5064),(11049,12519),(11049,12714);
INSERT INTO related_crafted_from VALUES(11050,8),(11050,10),(11050,12520),(11050,12545),(11050,12616);
INSERT INTO related_crafted_from VALUES(11051,8),(11051,10),(11051,12521),(11051,12546),(11051,12616);
INSERT INTO related_crafted_from VALUES(11052,8),(11052,10),(11052,12521),(11052,12522),(11052,12616),(11052,12795);
INSERT INTO related_crafted_from VALUES(11053,14),(11053,16),(11053,12522),(11053,12548),(11053,12616);
INSERT INTO related_crafted_from VALUES(11054,8),(11054,10),(11054,5262),(11054,12543);
INSERT INTO related_crafted_from VALUES(11055,8),(11055,10),(11055,12519),(11055,12575);
INSERT INTO related_crafted_from VALUES(11056,8),(11056,10),(11056,5262),(11056,12549),(11056,12616);
INSERT INTO related_crafted_from VALUES(11057,8),(11057,10),(11057,12521),(11057,12546),(11057,12616);
INSERT INTO related_crafted_from VALUES(11058,8),(11058,10),(11058,12522),(11058,12577),(11058,12616);
INSERT INTO related_crafted_from VALUES(11059,14),(11059,16),(11059,12522),(11059,12548),(11059,12616);
INSERT INTO related_crafted_from VALUES(11060,10),(11060,12),(11060,12543),(11060,12588),(11060,12594);
INSERT INTO related_crafted_from VALUES(11061,8),(11061,10),(11061,12519),(11061,12543),(11061,12594);
INSERT INTO related_crafted_from VALUES(11062,10),(11062,12),(11062,12541),(11062,12590),(11062,12595),(11062,12615);
INSERT INTO related_crafted_from VALUES(11063,8),(11063,10),(11063,12521),(11063,12546),(11063,12565),(11063,12615);
INSERT INTO related_crafted_from VALUES(11064,8),(11064,10),(11064,12522),(11064,12541),(11064,12596),(11064,12615);
INSERT INTO related_crafted_from VALUES(11065,14),(11065,16),(11065,12522),(11065,12547),(11065,12566),(11065,12615);
INSERT INTO related_crafted_from VALUES(11066,8),(11066,10),(11066,5196),(11066,12518),(11066,12542);
INSERT INTO related_crafted_from VALUES(11067,8),(11067,10),(11067,12519),(11067,12563);
INSERT INTO related_crafted_from VALUES(11068,8),(11068,10),(11068,12520),(11068,12544),(11068,12545),(11068,12615);
INSERT INTO related_crafted_from VALUES(11069,8),(11069,10),(11069,12521),(11069,12546),(11069,12565),(11069,12615);
INSERT INTO related_crafted_from VALUES(11070,8),(11070,10),(11070,12522),(11070,12562),(11070,12615);
INSERT INTO related_crafted_from VALUES(11071,14),(11071,16),(11071,12522),(11071,12548),(11071,12566),(11071,12615);
INSERT INTO related_crafted_from VALUES(11072,8),(11072,10),(11072,5196),(11072,12518);
INSERT INTO related_crafted_from VALUES(11073,8),(11073,10),(11073,5064),(11073,12519),(11073,12714);
INSERT INTO related_crafted_from VALUES(11074,8),(11074,10),(11074,12520),(11074,12545),(11074,12615);
INSERT INTO related_crafted_from VALUES(11075,8),(11075,10),(11075,12521),(11075,12546),(11075,12615);
INSERT INTO related_crafted_from VALUES(11076,8),(11076,10),(11076,12521),(11076,12522),(11076,12615),(11076,12795);
INSERT INTO related_crafted_from VALUES(11078,8),(11078,10),(11078,5262),(11078,12543);
INSERT INTO related_crafted_from VALUES(11079,8),(11079,10),(11079,12519),(11079,12575);
INSERT INTO related_crafted_from VALUES(11080,8),(11080,10),(11080,5262),(11080,12549),(11080,12615);
INSERT INTO related_crafted_from VALUES(11081,8),(11081,10),(11081,12521),(11081,12546),(11081,12615);
INSERT INTO related_crafted_from VALUES(11082,8),(11082,10),(11082,12522),(11082,12577),(11082,12615);
INSERT INTO related_crafted_from VALUES(11083,14),(11083,16),(11083,12522),(11083,12548),(11083,12615);
INSERT INTO related_crafted_from VALUES(11871,8),(11871,11),(11871,12518),(11871,12528),(11871,12562);
INSERT INTO related_crafted_from VALUES(11872,8),(11872,11),(11872,12520),(11872,12529),(11872,12581);
INSERT INTO related_crafted_from VALUES(11873,8),(11873,11),(11873,12525),(11873,12529),(11873,12565);
INSERT INTO related_crafted_from VALUES(11874,14),(11874,17),(11874,12526),(11874,12530),(11874,12583);
INSERT INTO related_crafted_from VALUES(11875,8),(11875,11),(11875,5066),(11875,5366),(11875,5506),(11875,12518);
INSERT INTO related_crafted_from VALUES(11876,8),(11876,11),(11876,5507),(11876,12524),(11876,12564);
INSERT INTO related_crafted_from VALUES(11877,8),(11877,11),(11877,5507),(11877,12519),(11877,12525),(11877,12582);
INSERT INTO related_crafted_from VALUES(11878,14),(11878,17),(11878,5508),(11878,12526),(11878,12566);
INSERT INTO related_crafted_from VALUES(11879,8),(11879,11),(11879,5366),(11879,12518),(11879,12528);
INSERT INTO related_crafted_from VALUES(11880,8),(11880,11),(11880,5061),(11880,12524),(11880,12564);
INSERT INTO related_crafted_from VALUES(11881,8),(11881,11),(11881,12525),(11881,12529),(11881,12565),(11881,12582);
INSERT INTO related_crafted_from VALUES(11882,14),(11882,17),(11882,12525),(11882,12526),(11882,12530),(11882,12566);
INSERT INTO related_crafted_from VALUES(11883,8),(11883,11),(11883,5186),(11883,5366),(11883,12518);
INSERT INTO related_crafted_from VALUES(11884,8),(11884,11),(11884,12520),(11884,12544),(11884,12581);
INSERT INTO related_crafted_from VALUES(11885,8),(11885,11),(11885,5066),(11885,12521),(11885,12543),(11885,12582);
INSERT INTO related_crafted_from VALUES(11886,14),(11886,17),(11886,5066),(11886,12522),(11886,12546),(11886,12583);
INSERT INTO related_crafted_from VALUES(11887,8),(11887,11),(11887,5366),(11887,12518),(11887,12528),(11887,12562);
INSERT INTO related_crafted_from VALUES(11888,8),(11888,11),(11888,5066),(11888,5507),(11888,12524),(11888,12581);
INSERT INTO related_crafted_from VALUES(11889,8),(11889,11),(11889,12521),(11889,12529),(11889,12565),(11889,12582);
INSERT INTO related_crafted_from VALUES(11890,14),(11890,17),(11890,5508),(11890,12521),(11890,12522),(11890,12525);
INSERT INTO related_crafted_from VALUES(11891,8),(11891,10),(11891,5262),(11891,5366),(11891,12518);
INSERT INTO related_crafted_from VALUES(11892,8),(11892,10),(11892,5262),(11892,12520),(11892,12580);
INSERT INTO related_crafted_from VALUES(11893,8),(11893,10),(11893,12521),(11893,12561),(11893,12576),(11893,12581);
INSERT INTO related_crafted_from VALUES(11894,14),(11894,16),(11894,12526),(11894,12561),(11894,12577),(11894,12583);
INSERT INTO related_crafted_from VALUES(11895,9),(11895,11),(11895,12518),(11895,12528);
INSERT INTO related_crafted_from VALUES(11896,9),(11896,11),(11896,12520),(11896,12529),(11896,12541);
INSERT INTO related_crafted_from VALUES(11897,9),(11897,11),(11897,5066),(11897,12525),(11897,12529),(11897,12546);
INSERT INTO related_crafted_from VALUES(11898,15),(11898,17),(11898,12522),(11898,12526),(11898,12530);
INSERT INTO related_crafted_from VALUES(11899,9),(11899,11),(11899,5366),(11899,12518),(11899,12528);
INSERT INTO related_crafted_from VALUES(11900,9),(11900,11),(11900,12524),(11900,12529),(11900,12581);
INSERT INTO related_crafted_from VALUES(11901,9),(11901,11),(11901,12525),(11901,12529),(11901,12582);
INSERT INTO related_crafted_from VALUES(11902,15),(11902,17),(11902,12526),(11902,12530),(11902,12583);
INSERT INTO related_crafted_from VALUES(11903,8),(11903,11),(11903,5366),(11903,5506),(11903,12518),(11903,12528);
INSERT INTO related_crafted_from VALUES(11904,8),(11904,11),(11904,12520),(11904,12524),(11904,12529),(11904,12564),(11904,12581);
INSERT INTO related_crafted_from VALUES(11905,8),(11905,11),(11905,5507),(11905,12525),(11905,12529),(11905,12582);
INSERT INTO related_crafted_from VALUES(11906,14),(11906,17),(11906,5508),(11906,12526),(11906,12530),(11906,12566),(11906,12583);
INSERT INTO related_crafted_from VALUES(11907,8),(11907,11),(11907,5403),(11907,12518),(11907,12562),(11907,12575);
INSERT INTO related_crafted_from VALUES(11908,8),(11908,11),(11908,12524),(11908,12564),(11908,12585);
INSERT INTO related_crafted_from VALUES(11909,8),(11909,11),(11909,12521),(11909,12525),(11909,12565),(11909,12576),(11909,12585);
INSERT INTO related_crafted_from VALUES(11910,14),(11910,17),(11910,12521),(11910,12526),(11910,12566),(11910,12586);
INSERT INTO related_crafted_from VALUES(11911,9),(11911,10),(11911,5366),(11911,5403),(11911,12518);
INSERT INTO related_crafted_from VALUES(11912,9),(11912,10),(11912,12520),(11912,12564),(11912,12581),(11912,12585);
INSERT INTO related_crafted_from VALUES(11913,9),(11913,10),(11913,12521),(11913,12582),(11913,12585);
INSERT INTO related_crafted_from VALUES(11914,15),(11914,16),(11914,12522),(11914,12583),(11914,12586),(11914,12592);
INSERT INTO related_crafted_from VALUES(11915,8),(11915,11),(11915,5485),(11915,12519),(11915,12580);
INSERT INTO related_crafted_from VALUES(11916,8),(11916,11),(11916,5485),(11916,12524),(11916,12581);
INSERT INTO related_crafted_from VALUES(11917,8),(11917,11),(11917,5486),(11917,12526),(11917,12583);
INSERT INTO related_crafted_from VALUES(11918,14),(11918,17),(11918,5486),(11918,12527),(11918,12584),(11918,12938);
INSERT INTO related_crafted_from VALUES(11919,8),(11919,11),(11919,12519),(11919,12563);
INSERT INTO related_crafted_from VALUES(11920,8),(11920,11),(11920,12524),(11920,12564);
INSERT INTO related_crafted_from VALUES(11921,8),(11921,11),(11921,12526),(11921,12565);
INSERT INTO related_crafted_from VALUES(11922,14),(11922,17),(11922,12527),(11922,12567),(11922,12938);
INSERT INTO related_crafted_from VALUES(11923,8),(11923,11),(11923,5485),(11923,12519),(11923,12528);
INSERT INTO related_crafted_from VALUES(11924,8),(11924,11),(11924,5485),(11924,12524),(11924,12529);
INSERT INTO related_crafted_from VALUES(11925,8),(11925,11),(11925,5486),(11925,12526),(11925,12530);
INSERT INTO related_crafted_from VALUES(11926,14),(11926,17),(11926,5486),(11926,12527),(11926,12530),(11926,12938);
INSERT INTO related_crafted_from VALUES(11927,9),(11927,10),(11927,5158),(11927,12518),(11927,12580);
INSERT INTO related_crafted_from VALUES(11928,9),(11928,10),(11928,12520),(11928,12561),(11928,12581);
INSERT INTO related_crafted_from VALUES(11929,9),(11929,10),(11929,12522),(11929,12583),(11929,12627);
INSERT INTO related_crafted_from VALUES(11930,15),(11930,16),(11930,12523),(11930,12540),(11930,12584),(11930,12938);
INSERT INTO related_crafted_from VALUES(11931,8),(11931,11),(11931,12519),(11931,12580),(11931,12589);
INSERT INTO related_crafted_from VALUES(11932,8),(11932,11),(11932,12524),(11932,12581),(11932,12590);
INSERT INTO related_crafted_from VALUES(11933,8),(11933,11),(11933,12526),(11933,12583),(11933,12592);
INSERT INTO related_crafted_from VALUES(11934,14),(11934,17),(11934,12527),(11934,12584),(11934,12592),(11934,12938);
INSERT INTO related_crafted_from VALUES(11935,9),(11935,10),(11935,12528),(11935,12580);
INSERT INTO related_crafted_from VALUES(11936,9),(11936,10),(11936,12529),(11936,12581);
INSERT INTO related_crafted_from VALUES(11937,9),(11937,10),(11937,12530),(11937,12583);
INSERT INTO related_crafted_from VALUES(11938,15),(11938,16),(11938,12530),(11938,12584),(11938,12938);
INSERT INTO related_crafted_from VALUES(11939,8),(11939,11),(11939,12519),(11939,12580);
INSERT INTO related_crafted_from VALUES(11940,8),(11940,11),(11940,12524),(11940,12581);
INSERT INTO related_crafted_from VALUES(11941,8),(11941,11),(11941,12526),(11941,12583);
INSERT INTO related_crafted_from VALUES(11942,14),(11942,17),(11942,12527),(11942,12584),(11942,12938);
INSERT INTO related_crafted_from VALUES(11943,8),(11943,11),(11943,5262),(11943,12519),(11943,12580);
INSERT INTO related_crafted_from VALUES(11944,8),(11944,11),(11944,12524),(11944,12561),(11944,12581);
INSERT INTO related_crafted_from VALUES(11945,8),(11945,11),(11945,12526),(11945,12583),(11945,12627);
INSERT INTO related_crafted_from VALUES(11946,14),(11946,17),(11946,12527),(11946,12540),(11946,12584),(11946,12938);
INSERT INTO related_crafted_from VALUES(11947,8),(11947,11),(11947,5506),(11947,12519),(11947,12580);
INSERT INTO related_crafted_from VALUES(11948,8),(11948,11),(11948,5507),(11948,12524),(11948,12581);
INSERT INTO related_crafted_from VALUES(11949,8),(11949,11),(11949,5508),(11949,12526),(11949,12583);
INSERT INTO related_crafted_from VALUES(11950,14),(11950,17),(11950,5508),(11950,12527),(11950,12584),(11950,12938);
INSERT INTO related_crafted_from VALUES(11951,8),(11951,11),(11951,5262),(11951,5403),(11951,12519);
INSERT INTO related_crafted_from VALUES(11952,8),(11952,11),(11952,12524),(11952,12561),(11952,12585);
INSERT INTO related_crafted_from VALUES(11953,8),(11953,11),(11953,12526),(11953,12586),(11953,12627);
INSERT INTO related_crafted_from VALUES(11954,14),(11954,17),(11954,12527),(11954,12540),(11954,12584),(11954,12938);
INSERT INTO related_crafted_from VALUES(11955,8),(11955,10),(11955,12518),(11955,12562),(11955,12610);
INSERT INTO related_crafted_from VALUES(11956,10),(11956,12),(11956,12518),(11956,12589),(11956,12594);
INSERT INTO related_crafted_from VALUES(11957,10),(11957,12),(11957,5068),(11957,12545),(11957,12590),(11957,12595);
INSERT INTO related_crafted_from VALUES(11959,16),(11959,18),(11959,12522),(11959,12550),(11959,12592),(11959,12596);
INSERT INTO related_crafted_from VALUES(11960,10),(11960,11),(11960,12518),(11960,12562),(11960,12588),(11960,12594);
INSERT INTO related_crafted_from VALUES(11961,10),(11961,12),(11961,12518),(11961,12589),(11961,12594);
INSERT INTO related_crafted_from VALUES(11962,10),(11962,12),(11962,12520),(11962,12564),(11962,12590),(11962,12595);
INSERT INTO related_crafted_from VALUES(11964,16),(11964,18),(11964,12521),(11964,12566),(11964,12592),(11964,12596);
INSERT INTO related_crafted_from VALUES(11965,10),(11965,11),(11965,12518),(11965,12562),(11965,12594);
INSERT INTO related_crafted_from VALUES(11966,10),(11966,12),(11966,12589),(11966,12594);
INSERT INTO related_crafted_from VALUES(11967,10),(11967,11),(11967,12564),(11967,12595);
INSERT INTO related_crafted_from VALUES(11969,16),(11969,17),(11969,12566),(11969,12596);
INSERT INTO related_crafted_from VALUES(11970,10),(11970,12),(11970,12518),(11970,12589),(11970,12595);
INSERT INTO related_crafted_from VALUES(11971,10),(11971,11),(11971,12521),(11971,12565);
INSERT INTO related_crafted_from VALUES(11972,16),(11972,17),(11972,12526),(11972,12566),(11972,12567),(11972,12596),(11972,12940);
INSERT INTO related_crafted_from VALUES(11973,10),(11973,11),(11973,12518),(11973,12562),(11973,12594);
INSERT INTO related_crafted_from VALUES(11974,10),(11974,12),(11974,12563),(11974,12589),(11974,12594);
INSERT INTO related_crafted_from VALUES(11975,10),(11975,12),(11975,12589),(11975,12590),(11975,12595);
INSERT INTO related_crafted_from VALUES(11977,16),(11977,18),(11977,12591),(11977,12592),(11977,12596);
INSERT INTO related_crafted_from VALUES(11978,10),(11978,11),(11978,5510),(11978,12562),(11978,12588),(11978,12594);
INSERT INTO related_crafted_from VALUES(11979,10),(11979,12),(11979,5510),(11979,12518),(11979,12589),(11979,12594);
INSERT INTO related_crafted_from VALUES(11980,10),(11980,11),(11980,5510),(11980,12563),(11980,12564),(11980,12595);
INSERT INTO related_crafted_from VALUES(11982,16),(11982,17),(11982,5510),(11982,12565),(11982,12566),(11982,12596);
INSERT INTO related_crafted_from VALUES(11983,8),(11983,10),(11983,12518),(11983,12562),(11983,12610);
INSERT INTO related_crafted_from VALUES(11984,10),(11984,12),(11984,5342),(11984,12563),(11984,12589),(11984,12594);
INSERT INTO related_crafted_from VALUES(11985,10),(11985,11),(11985,12520),(11985,12564),(11985,12590);
INSERT INTO related_crafted_from VALUES(11987,16),(11987,17),(11987,12521),(11987,12566),(11987,12592);
INSERT INTO related_crafted_from VALUES(11988,10),(11988,11),(11988,12518),(11988,12562),(11988,12588),(11988,12594);
INSERT INTO related_crafted_from VALUES(11989,10),(11989,11),(11989,5061),(11989,12563),(11989,12589),(11989,12594);
INSERT INTO related_crafted_from VALUES(11990,10),(11990,11),(11990,12520),(11990,12564),(11990,12590),(11990,12595);
INSERT INTO related_crafted_from VALUES(11992,16),(11992,17),(11992,12521),(11992,12566),(11992,12592),(11992,12596);
INSERT INTO related_crafted_from VALUES(11993,10),(11993,11),(11993,12518),(11993,12562),(11993,12594);
INSERT INTO related_crafted_from VALUES(11994,10),(11994,12),(11994,12563),(11994,12589),(11994,12594);
INSERT INTO related_crafted_from VALUES(11995,10),(11995,11),(11995,12563),(11995,12564),(11995,12595);
INSERT INTO related_crafted_from VALUES(11997,16),(11997,17),(11997,12565),(11997,12566),(11997,12596);
INSERT INTO related_crafted_from VALUES(11998,10),(11998,11),(11998,12519),(11998,12563);
INSERT INTO related_crafted_from VALUES(11999,10),(11999,11),(11999,12521),(11999,12565);
INSERT INTO related_crafted_from VALUES(12000,16),(12000,17),(12000,12526),(12000,12567),(12000,12592),(12000,12596),(12000,12940);
INSERT INTO related_crafted_from VALUES(12001,10),(12001,11),(12001,12518),(12001,12562),(12001,12594);
INSERT INTO related_crafted_from VALUES(12002,10),(12002,11),(12002,12563),(12002,12589),(12002,12594);
INSERT INTO related_crafted_from VALUES(12003,10),(12003,12),(12003,12564),(12003,12590),(12003,12595);
INSERT INTO related_crafted_from VALUES(12005,16),(12005,18),(12005,12566),(12005,12592),(12005,12596);
INSERT INTO related_crafted_from VALUES(12006,10),(12006,11),(12006,5510),(12006,12562),(12006,12588),(12006,12594);
INSERT INTO related_crafted_from VALUES(12007,10),(12007,11),(12007,5510),(12007,12563),(12007,12589),(12007,12594);
INSERT INTO related_crafted_from VALUES(12008,10),(12008,11),(12008,5510),(12008,12563),(12008,12564),(12008,12595);
INSERT INTO related_crafted_from VALUES(12010,16),(12010,17),(12010,5510),(12010,12565),(12010,12566),(12010,12596);
INSERT INTO related_crafted_from VALUES(12011,9),(12011,10),(12011,7017),(12011,12580);
INSERT INTO related_crafted_from VALUES(12012,9),(12012,10),(12012,7017),(12012,12582);
INSERT INTO related_crafted_from VALUES(12013,15),(12013,16),(12013,7017),(12013,12584),(12013,12940);
INSERT INTO related_crafted_from VALUES(12014,9),(12014,10),(12014,7017),(12014,12580);
INSERT INTO related_crafted_from VALUES(12015,9),(12015,10),(12015,7017),(12015,12582);
INSERT INTO related_crafted_from VALUES(12016,15),(12016,16),(12016,7017),(12016,12584),(12016,12939);
INSERT INTO related_crafted_from VALUES(12017,8),(12017,10),(12017,12518),(12017,12575);
INSERT INTO related_crafted_from VALUES(12018,8),(12018,10),(12018,12520),(12018,12576);
INSERT INTO related_crafted_from VALUES(12019,14),(12019,16),(12019,12523),(12019,12606),(12019,12938);
INSERT INTO related_crafted_from VALUES(12020,9),(12020,10),(12020,7017),(12020,12580);
INSERT INTO related_crafted_from VALUES(12021,9),(12021,10),(12021,7017),(12021,12582);
INSERT INTO related_crafted_from VALUES(12022,15),(12022,16),(12022,7017),(12022,12584),(12022,12939);
INSERT INTO related_crafted_from VALUES(12023,10),(12023,11),(12023,12519),(12023,12563),(12023,12594);
INSERT INTO related_crafted_from VALUES(12024,10),(12024,11),(12024,12521),(12024,12565),(12024,12595);
INSERT INTO related_crafted_from VALUES(12025,16),(12025,17),(12025,12523),(12025,12567),(12025,12596),(12025,12940);
INSERT INTO related_crafted_from VALUES(12026,10),(12026,11),(12026,5196),(12026,12519),(12026,12563);
INSERT INTO related_crafted_from VALUES(12027,10),(12027,11),(12027,12521),(12027,12541),(12027,12565);
INSERT INTO related_crafted_from VALUES(12028,16),(12028,17),(12028,12522),(12028,12545),(12028,12567),(12028,12939);
INSERT INTO related_crafted_from VALUES(12029,8),(12029,10),(12029,12518),(12029,12604);
INSERT INTO related_crafted_from VALUES(12030,8),(12030,10),(12030,12521),(12030,12605);
INSERT INTO related_crafted_from VALUES(12031,14),(12031,16),(12031,12523),(12031,12606),(12031,12938);
INSERT INTO related_crafted_from VALUES(12032,10),(12032,11),(12032,12519),(12032,12563);
INSERT INTO related_crafted_from VALUES(12033,10),(12033,11),(12033,12521),(12033,12565);
INSERT INTO related_crafted_from VALUES(12034,16),(12034,17),(12034,12522),(12034,12567),(12034,12939);
INSERT INTO related_crafted_from VALUES(12051,7),(12051,7775),(12051,12608),(12051,12630),(12051,12635),(12051,12647),(12051,12937);
INSERT INTO related_crafted_from VALUES(12055,4),(12055,7775),(12055,12583),(12055,12648),(12055,12649),(12055,12937);
INSERT INTO related_crafted_from VALUES(12058,3),(12058,5104),(12058,7775),(12058,12651),(12058,12937),(12058,13003);
INSERT INTO related_crafted_from VALUES(12062,3),(12062,5105),(12062,7775),(12062,7966),(12062,12652),(12062,12937);
INSERT INTO related_crafted_from VALUES(12081,4),(12081,5),(12081,5328),(12081,5337),(12081,5367),(12081,7041);
INSERT INTO related_crafted_from VALUES(12082,15),(12082,17),(12082,12256),(12082,12522),(12082,12525),(12082,12591);
INSERT INTO related_crafted_from VALUES(12083,15),(12083,17),(12083,12258),(12083,12522),(12083,12526),(12083,12564);
INSERT INTO related_crafted_from VALUES(12084,9),(12084,10),(12084,5366),(12084,12520),(12084,12581);
INSERT INTO related_crafted_from VALUES(12085,9),(12085,10),(12085,7010),(12085,12520),(12085,12581);
INSERT INTO related_crafted_from VALUES(12086,8),(12086,13),(12086,4734),(12086,12842),(12086,12897);
INSERT INTO related_crafted_from VALUES(12087,15),(12087,16),(12087,12522),(12087,12544),(12087,12583),(12087,12653);
INSERT INTO related_crafted_from VALUES(12088,8),(12088,13),(12088,4776),(12088,4819),(12088,4846),(12088,4949),(12088,12901),(12088,12907);
INSERT INTO related_crafted_from VALUES(12089,14),(12089,19),(12089,4852),(12089,5999),(12089,12872),(12089,12881),(12089,12892),(12089,12904);
INSERT INTO related_crafted_from VALUES(12090,8),(12090,13),(12090,12881),(12090,12894),(12090,12896);
INSERT INTO related_crafted_from VALUES(12091,8),(12091,13),(12091,4848),(12091,12871),(12091,12873),(12091,12884),(12091,12899),(12091,12906);
INSERT INTO related_crafted_from VALUES(12092,8),(12092,13),(12092,4704),(12092,4745),(12092,4865),(12092,12908);
INSERT INTO related_crafted_from VALUES(12094,9),(12094,10),(12094,5366),(12094,5507),(12094,6653),(12094,7085),(12094,12581),(12094,12654);
INSERT INTO related_crafted_from VALUES(12095,3),(12095,4),(12095,5368),(12095,5373);
INSERT INTO related_crafted_from VALUES(12096,3),(12096,4),(12096,5371),(12096,5374);
INSERT INTO related_crafted_from VALUES(12097,9),(12097,10),(12097,5063),(12097,5064),(12097,5366),(12097,5373);
INSERT INTO related_crafted_from VALUES(12098,3),(12098,4),(12098,5057),(12098,5326),(12098,5371);
INSERT INTO related_crafted_from VALUES(12100,9),(12100,10),(12100,5374),(12100,7009),(12100,7017),(12100,12521),(12100,12582);
INSERT INTO related_crafted_from VALUES(12101,9),(12101,10),(12101,5366),(12101,12588),(12101,12594);
INSERT INTO related_crafted_from VALUES(12103,16),(12103,17),(12103,5531),(12103,12574),(12103,12655);
INSERT INTO related_crafted_from VALUES(12104,15),(12104,16),(12104,9376),(12104,12254),(12104,12522),(12104,12526),(12104,12583);
INSERT INTO related_crafted_from VALUES(12105,15),(12105,16),(12105,9376),(12105,12255),(12105,12522),(12105,12526),(12105,12583),(12105,12584);
INSERT INTO related_crafted_from VALUES(12106,15),(12106,17),(12106,9376),(12106,12254),(12106,12522),(12106,12526),(12106,12566);
INSERT INTO related_crafted_from VALUES(12107,15),(12107,17),(12107,9376),(12107,12255),(12107,12522),(12107,12526),(12107,12527),(12107,12566);
INSERT INTO related_crafted_from VALUES(12108,14),(12108,16),(12108,8149),(12108,12521),(12108,12522),(12108,12545),(12108,12644);
INSERT INTO related_crafted_from VALUES(12109,14),(12109,16),(12109,8149),(12109,12521),(12109,12522),(12109,12544),(12109,12644);
INSERT INTO related_crafted_from VALUES(12111,14),(12111,16),(12111,7009),(12111,8149),(12111,12256),(12111,12522),(12111,12526),(12111,12632);
INSERT INTO related_crafted_from VALUES(12112,14),(12112,16),(12112,7009),(12112,12257),(12112,12522),(12112,12526),(12112,12632);
INSERT INTO related_crafted_from VALUES(12113,12),(12113,13),(12113,12585),(12113,12607),(12113,12656);
INSERT INTO related_crafted_from VALUES(12114,3),(12114,4),(12114,5371),(12114,7024),(12114,8812);
INSERT INTO related_crafted_from VALUES(12115,3),(12115,4),(12115,3974),(12115,5325),(12115,5367);
INSERT INTO related_crafted_from VALUES(12214,18),(12214,19),(12214,5064),(12214,5274),(12214,5480),(12214,10099);
INSERT INTO related_crafted_from VALUES(12231,16),(12231,18),(12231,5501),(12231,12220);
INSERT INTO related_crafted_from VALUES(12232,15),(12232,16),(12232,5532),(12232,12221);
INSERT INTO related_crafted_from VALUES(12233,16),(12233,17),(12233,5525),(12233,5531),(12233,12222);
INSERT INTO related_crafted_from VALUES(12234,12),(12234,13),(12234,12607),(12234,12650);
INSERT INTO related_crafted_from VALUES(12235,3),(12235,5),(12235,6481),(12235,6492),(12235,7996);
INSERT INTO related_crafted_from VALUES(12518,8),(12518,9),(12518,10),(12518,5114),(12518,12531);
INSERT INTO related_crafted_from VALUES(12519,8),(12519,9),(12519,10),(12519,12518),(12519,12534);
INSERT INTO related_crafted_from VALUES(12520,10),(12520,5113),(12520,12532);
INSERT INTO related_crafted_from VALUES(12521,10),(12521,12520),(12521,12535);
INSERT INTO related_crafted_from VALUES(12522,10),(12522,5118),(12522,12533);
INSERT INTO related_crafted_from VALUES(12523,14),(12523,16),(12523,5163),(12523,12522),(12523,12536),(12523,12932);
INSERT INTO related_crafted_from VALUES(12524,8),(12524,9),(12524,5111),(12524,5526),(12524,12537);
INSERT INTO related_crafted_from VALUES(12525,8),(12525,9),(12525,12524),(12525,12539);
INSERT INTO related_crafted_from VALUES(12526,8),(12526,9),(12526,5121);
INSERT INTO related_crafted_from VALUES(12527,14),(12527,15),(12527,17),(12527,5160),(12527,12526),(12527,12540),(12527,12931);
INSERT INTO related_crafted_from VALUES(12528,8),(12528,9),(12528,12518);
INSERT INTO related_crafted_from VALUES(12529,8),(12529,9),(12529,12524);
INSERT INTO related_crafted_from VALUES(12530,8),(12530,9),(12530,12526);
INSERT INTO related_crafted_from VALUES(12541,10),(12541,5262),(12541,12551);
INSERT INTO related_crafted_from VALUES(12542,10),(12542,5262),(12542,12552);
INSERT INTO related_crafted_from VALUES(12543,10),(12543,5262),(12543,12553);
INSERT INTO related_crafted_from VALUES(12544,10),(12544,5262),(12544,12554);
INSERT INTO related_crafted_from VALUES(12545,10),(12545,5262),(12545,12555);
INSERT INTO related_crafted_from VALUES(12546,10),(12546,12556),(12546,12561);
INSERT INTO related_crafted_from VALUES(12547,10),(12547,12557),(12547,12561);
INSERT INTO related_crafted_from VALUES(12548,10),(12548,12558),(12548,12561);
INSERT INTO related_crafted_from VALUES(12549,10),(12549,5261),(12549,12559);
INSERT INTO related_crafted_from VALUES(12550,10),(12550,12560),(12550,12561);
INSERT INTO related_crafted_from VALUES(12561,10),(12561,12539);
INSERT INTO related_crafted_from VALUES(12562,11),(12562,12568),(12562,12882);
INSERT INTO related_crafted_from VALUES(12563,11),(12563,12569),(12563,12882);
INSERT INTO related_crafted_from VALUES(12564,11),(12564,12570),(12564,12578);
INSERT INTO related_crafted_from VALUES(12565,11),(12565,12571),(12565,12578);
INSERT INTO related_crafted_from VALUES(12566,11),(12566,12572),(12566,12578);
INSERT INTO related_crafted_from VALUES(12567,16),(12567,17),(12567,12573),(12567,12587),(12567,12935),(12567,12945);
INSERT INTO related_crafted_from VALUES(12580,10),(12580,5366),(12580,12604);
INSERT INTO related_crafted_from VALUES(12581,10),(12581,12578);
INSERT INTO related_crafted_from VALUES(12582,10),(12582,12581),(12582,12605);
INSERT INTO related_crafted_from VALUES(12583,10),(12583,12579);
INSERT INTO related_crafted_from VALUES(12584,15),(12584,16),(12584,12583),(12584,12606),(12584,12933);
INSERT INTO related_crafted_from VALUES(12588,12),(12588,5335),(12588,12594);
INSERT INTO related_crafted_from VALUES(12589,12),(12589,12588),(12589,12604);
INSERT INTO related_crafted_from VALUES(12590,12),(12590,5336),(12590,12595);
INSERT INTO related_crafted_from VALUES(12591,12),(12591,12590),(12591,12605);
INSERT INTO related_crafted_from VALUES(12592,12),(12592,5347),(12592,5522),(12592,12599);
INSERT INTO related_crafted_from VALUES(12593,16),(12593,18),(12593,12596),(12593,12606),(12593,12934);
INSERT INTO related_crafted_from VALUES(12594,12),(12594,5343),(12594,12597);
INSERT INTO related_crafted_from VALUES(12595,12),(12595,12598);
INSERT INTO related_crafted_from VALUES(12596,12),(12596,5350),(12596,5491),(12596,12600);
INSERT INTO related_crafted_from VALUES(12601,13),(12601,12531),(12601,12628);
INSERT INTO related_crafted_from VALUES(12602,13),(12602,12532),(12602,12629),(12602,12631);
INSERT INTO related_crafted_from VALUES(12603,13),(12603,12533),(12603,12630),(12603,12632);
INSERT INTO related_crafted_from VALUES(12604,13),(12604,12631),(12604,12943);
INSERT INTO related_crafted_from VALUES(12605,13),(12605,12632),(12605,12944);
INSERT INTO related_crafted_from VALUES(12606,18),(12606,19),(12606,5226),(12606,12609),(12606,12634);
INSERT INTO related_crafted_from VALUES(12607,13),(12607,5489),(12607,6152),(12607,12637);
INSERT INTO related_crafted_from VALUES(12608,13),(12608,5159),(12608,12629),(12608,12642);
INSERT INTO related_crafted_from VALUES(12610,13),(12610,5274),(12610,5522),(12610,5523);
INSERT INTO related_crafted_from VALUES(12611,7),(12611,5390),(12611,5521),(12611,5527);
INSERT INTO related_crafted_from VALUES(12612,13),(12612,6152),(12612,12609),(12612,12628);
INSERT INTO related_crafted_from VALUES(12613,13),(12613,6152),(12613,12628),(12613,12883);
INSERT INTO related_crafted_from VALUES(12614,13),(12614,6152),(12614,12628),(12614,12636);
INSERT INTO related_crafted_from VALUES(12615,13),(12615,6152),(12615,12628),(12615,12758);
INSERT INTO related_crafted_from VALUES(12616,13),(12616,6152),(12616,12628),(12616,12736);
INSERT INTO related_crafted_from VALUES(12617,18),(12617,19),(12617,12633),(12617,12898),(12617,12937),(12617,12973);
INSERT INTO related_crafted_from VALUES(12618,18),(12618,19),(12618,12633),(12618,12937),(12618,12973);
INSERT INTO related_crafted_from VALUES(12619,18),(12619,19),(12619,12577),(12619,12633),(12619,12937),(12619,12973);
INSERT INTO related_crafted_from VALUES(12620,18),(12620,19),(12620,12633),(12620,12937),(12620,12973);
INSERT INTO related_crafted_from VALUES(12621,18),(12621,19),(12621,12633),(12621,12795),(12621,12937),(12621,12973);
INSERT INTO related_crafted_from VALUES(12622,18),(12622,19),(12622,12630),(12622,12642),(12622,12901),(12622,12936),(12622,12972);
INSERT INTO related_crafted_from VALUES(12623,18),(12623,19),(12623,12630),(12623,12638),(12623,12901),(12623,12936),(12623,12972);
INSERT INTO related_crafted_from VALUES(12624,18),(12624,19),(12624,12630),(12624,12639),(12624,12901),(12624,12936),(12624,12972);
INSERT INTO related_crafted_from VALUES(12625,18),(12625,19),(12625,12630),(12625,12643),(12625,12901),(12625,12936),(12625,12972);
INSERT INTO related_crafted_from VALUES(12626,18),(12626,19),(12626,12630),(12626,12640),(12626,12901),(12626,12936),(12626,12972);
INSERT INTO related_crafted_from VALUES(12644,8),(12644,10),(12644,12522),(12644,12561);
INSERT INTO related_crafted_from VALUES(12706,8),(12706,10),(12706,12521),(12706,12561);
INSERT INTO related_crafted_from VALUES(12707,8),(12707,10),(12707,12526),(12707,12561);
INSERT INTO related_crafted_from VALUES(12842,8),(12842,13),(12842,4848),(12842,12882),(12842,12888);
INSERT INTO related_crafted_from VALUES(12843,8),(12843,13),(12843,12888),(12843,12896),(12843,12897);
INSERT INTO related_crafted_from VALUES(12844,14),(12844,19),(12844,12886),(12844,12888),(12844,12892),(12844,12936);
INSERT INTO related_crafted_from VALUES(12845,8),(12845,13),(12845,4848),(12845,4863),(12845,12888),(12845,12896);
INSERT INTO related_crafted_from VALUES(12846,8),(12846,13),(12846,4848),(12846,4852),(12846,12881),(12846,12893);
INSERT INTO related_crafted_from VALUES(12847,8),(12847,13),(12847,6151),(12847,12892),(12847,12893);
INSERT INTO related_crafted_from VALUES(12848,14),(12848,19),(12848,4833),(12848,12872),(12848,12888),(12848,12892),(12848,12936);
INSERT INTO related_crafted_from VALUES(12849,8),(12849,13),(12849,12881),(12849,12887),(12849,12888);
INSERT INTO related_crafted_from VALUES(12850,8),(12850,13),(12850,4826),(12850,4827),(12850,12888);
INSERT INTO related_crafted_from VALUES(12851,8),(12851,13),(12851,4756),(12851,12849),(12851,12876);
INSERT INTO related_crafted_from VALUES(12852,14),(12852,19),(12852,12881),(12852,12892),(12852,12895),(12852,12902),(12852,12936);
INSERT INTO related_crafted_from VALUES(12853,8),(12853,13),(12853,4845),(12853,6152),(12853,12895),(12853,12899);
INSERT INTO related_crafted_from VALUES(12854,8),(12854,13),(12854,4857),(12854,7594),(12854,12879),(12854,12887),(12854,12898);
INSERT INTO related_crafted_from VALUES(12855,8),(12855,13),(12855,6152),(12855,12780);
INSERT INTO related_crafted_from VALUES(12856,8),(12856,13),(12856,12741),(12856,12895),(12856,12899),(12856,12901);
INSERT INTO related_crafted_from VALUES(12857,14),(12857,19),(12857,12720),(12857,12823),(12857,12872),(12857,12894),(12857,12898),(12857,12936);
INSERT INTO related_crafted_from VALUES(12858,8),(12858,13),(12858,4696),(12858,4865),(12858,12876),(12858,12878),(12858,12901);
INSERT INTO related_crafted_from VALUES(12859,8),(12859,13),(12859,12737),(12859,12850),(12859,12872),(12859,12890);
INSERT INTO related_crafted_from VALUES(12861,8),(12861,13),(12861,4702),(12861,4756),(12861,4867),(12861,6152),(12861,12878);
INSERT INTO related_crafted_from VALUES(12862,8),(12862,13),(12862,12873),(12862,12877),(12862,12883),(12862,12885),(12862,12894),(12862,12901);
INSERT INTO related_crafted_from VALUES(12863,8),(12863,13),(12863,4818),(12863,12879),(12863,12884),(12863,12901),(12863,12905);
INSERT INTO related_crafted_from VALUES(12865,14),(12865,19),(12865,12718),(12865,12722),(12865,12733),(12865,12903),(12865,12936);
INSERT INTO related_crafted_from VALUES(12866,8),(12866,13),(12866,4865),(12866,4867),(12866,6152),(12866,12873),(12866,12877);
INSERT INTO related_crafted_from VALUES(12867,8),(12867,13),(12867,4792),(12867,12874),(12867,12878),(12867,12881),(12867,12894);
INSERT INTO related_crafted_from VALUES(12868,8),(12868,13),(12868,4756),(12868,12875),(12868,12884),(12868,12890),(12868,12901);
INSERT INTO related_crafted_from VALUES(12869,8),(12869,13),(12869,4839),(12869,12874),(12869,12878),(12869,12894),(12869,12905);
INSERT INTO related_crafted_from VALUES(12870,14),(12870,19),(12870,4861),(12870,4863),(12870,12892),(12870,12895),(12870,12904),(12870,12936);
INSERT INTO related_crafted_from VALUES(12881,2),(12881,12880);
INSERT INTO related_crafted_from VALUES(12890,2),(12890,12871),(12890,12889),(12890,12895);
INSERT INTO related_crafted_from VALUES(12892,2),(12892,12891);
INSERT INTO related_crafted_from VALUES(12894,2),(12894,12888);
INSERT INTO related_crafted_from VALUES(12895,2),(12895,12888);
INSERT INTO related_crafted_from VALUES(12908,2),(12908,12631),(12908,12881),(12908,12901);
INSERT INTO related_crafted_from VALUES(12912,14),(12912,16),(12912,5261),(12912,12223);
INSERT INTO related_crafted_from VALUES(12913,14),(12913,15),(12913,17),(12913,5116),(12913,5530),(12913,12224);
INSERT INTO related_crafted_from VALUES(12914,18),(12914,19),(12914,12225),(12914,12628);
INSERT INTO related_crafted_from VALUES(12915,18),(12915,19),(12915,12226),(12915,12606),(12915,12936);
INSERT INTO related_crafted_from VALUES(12916,18),(12916,19),(12916,12227),(12916,12628);
INSERT INTO related_crafted_from VALUES(12917,18),(12917,19),(12917,12228),(12917,12606),(12917,12936);
INSERT INTO related_crafted_from VALUES(12918,18),(12918,19),(12918,12229),(12918,12628);
INSERT INTO related_crafted_from VALUES(12919,18),(12919,19),(12919,12230),(12919,12606),(12919,12936);
INSERT INTO related_crafted_from VALUES(12991,10),(12991,12),(12991,5066),(12991,12541),(12991,12564),(12991,12590);
INSERT INTO related_crafted_from VALUES(12996,15),(12996,17),(12996,12522),(12996,12526),(12996,12562),(12996,12614),(12996,12937);
INSERT INTO related_crafted_from VALUES(12997,15),(12997,17),(12997,12522),(12997,12526),(12997,12562),(12997,12612),(12997,12937);
INSERT INTO related_crafted_from VALUES(12998,16),(12998,17),(12998,12522),(12998,12544),(12998,12566),(12998,12592),(12998,12612),(12998,12937);
INSERT INTO related_crafted_from VALUES(12999,16),(12999,17),(12999,12522),(12999,12566),(12999,12592),(12999,12613),(12999,12937);
INSERT INTO related_crafted_from VALUES(13000,16),(13000,17),(13000,12522),(13000,12545),(13000,12566),(13000,12592),(13000,12613),(13000,12937);
INSERT INTO related_crafted_from VALUES(13001,16),(13001,18),(13001,12522),(13001,12591),(13001,12592),(13001,12596),(13001,12616),(13001,12937);
INSERT INTO related_crafted_from VALUES(13002,16),(13002,18),(13002,12522),(13002,12591),(13002,12592),(13002,12596),(13002,12615),(13002,12937);
INSERT INTO related_crafted_from VALUES(13005,14),(13005,17),(13005,12527),(13005,12530),(13005,12584),(13005,12939);
INSERT INTO related_crafted_from VALUES(13006,14),(13006,17),(13006,12521),(13006,12527),(13006,12530),(13006,12584),(13006,12939);
INSERT INTO related_crafted_from VALUES(13007,14),(13007,17),(13007,12521),(13007,12523),(13007,12527),(13007,12530),(13007,12939);
INSERT INTO related_crafted_from VALUES(13008,14),(13008,17),(13008,12521),(13008,12523),(13008,12527),(13008,12583),(13008,12939);
INSERT INTO related_crafted_from VALUES(13009,14),(13009,17),(13009,12522),(13009,12527),(13009,12530),(13009,12567),(13009,12939);
INSERT INTO related_crafted_from VALUES(13010,14),(13010,16),(13010,12523),(13010,12540),(13010,12584),(13010,12596),(13010,12939);
INSERT INTO related_crafted_from VALUES(13011,15),(13011,17),(13011,12521),(13011,12523),(13011,12527),(13011,12610),(13011,12939);
INSERT INTO related_crafted_from VALUES(13012,15),(13012,17),(13012,12522),(13012,12527),(13012,12584),(13012,12939);
INSERT INTO related_crafted_from VALUES(13013,16),(13013,18),(13013,12522),(13013,12567),(13013,12593),(13013,12596),(13013,12938);
INSERT INTO related_crafted_from VALUES(13014,16),(13014,18),(13014,12522),(13014,12567),(13014,12593),(13014,12596),(13014,12938);
INSERT INTO related_crafted_from VALUES(13015,16),(13015,17),(13015,12522),(13015,12567),(13015,12593),(13015,12596),(13015,12939);
INSERT INTO related_crafted_from VALUES(13016,16),(13016,18),(13016,12522),(13016,12567),(13016,12593),(13016,12596),(13016,12940);
INSERT INTO related_crafted_from VALUES(13017,16),(13017,17),(13017,12522),(13017,12567),(13017,12593),(13017,12596),(13017,12940);
INSERT INTO related_crafted_from VALUES(13018,14),(13018,16),(13018,12523),(13018,12593),(13018,12596),(13018,12610),(13018,12938);
INSERT INTO related_crafted_from VALUES(13019,16),(13019,18),(13019,12521),(13019,12592),(13019,12593),(13019,12596),(13019,12938);
INSERT INTO related_crafted_from VALUES(13020,16),(13020,17),(13020,12522),(13020,12567),(13020,12596),(13020,12939);
INSERT INTO related_crafted_from VALUES(13021,16),(13021,18),(13021,12521),(13021,12567),(13021,12593),(13021,12596),(13021,12940);
INSERT INTO related_crafted_from VALUES(13022,16),(13022,17),(13022,5533),(13022,12521),(13022,12567),(13022,12596),(13022,12940);
INSERT INTO related_crafted_from VALUES(13023,15),(13023,17),(13023,12527),(13023,12530),(13023,12567),(13023,12938);
INSERT INTO related_crafted_from VALUES(13024,16),(13024,17),(13024,12521),(13024,12567),(13024,12593),(13024,12596),(13024,12938);
INSERT INTO related_crafted_from VALUES(13025,16),(13025,17),(13025,12521),(13025,12562),(13025,12567),(13025,12596),(13025,12939);
INSERT INTO related_crafted_from VALUES(13026,16),(13026,18),(13026,12521),(13026,12593),(13026,12596),(13026,12940);
INSERT INTO related_crafted_from VALUES(13027,16),(13027,17),(13027,12521),(13027,12526),(13027,12530),(13027,12567),(13027,12940);
INSERT INTO related_crafted_from VALUES(13028,14),(13028,16),(13028,12521),(13028,12523),(13028,12541),(13028,12938);
INSERT INTO related_crafted_from VALUES(13029,16),(13029,18),(13029,12523),(13029,12567),(13029,12593),(13029,12596),(13029,12938);
INSERT INTO related_crafted_from VALUES(13030,14),(13030,16),(13030,12521),(13030,12523),(13030,12541),(13030,12939);
INSERT INTO related_crafted_from VALUES(13031,16),(13031,18),(13031,12523),(13031,12562),(13031,12593),(13031,12596),(13031,12940);
INSERT INTO related_crafted_from VALUES(13032,16),(13032,17),(13032,5533),(13032,12521),(13032,12541),(13032,12567),(13032,12940);
INSERT INTO related_crafted_from VALUES(13033,16),(13033,17),(13033,12521),(13033,12541),(13033,12562),(13033,12567),(13033,12938);
INSERT INTO related_crafted_from VALUES(13034,16),(13034,17),(13034,12541),(13034,12567),(13034,12593),(13034,12596),(13034,12938);
INSERT INTO related_crafted_from VALUES(13035,16),(13035,17),(13035,12541),(13035,12567),(13035,12596),(13035,12939);
INSERT INTO related_crafted_from VALUES(13036,16),(13036,18),(13036,12521),(13036,12592),(13036,12593),(13036,12596),(13036,12940);
INSERT INTO related_crafted_from VALUES(13037,16),(13037,17),(13037,12541),(13037,12567),(13037,12596),(13037,12940);
INSERT INTO related_crafted_from VALUES(13038,16),(13038,18),(13038,12522),(13038,12545),(13038,12593),(13038,12596),(13038,12938);
INSERT INTO related_crafted_from VALUES(13039,16),(13039,18),(13039,12522),(13039,12592),(13039,12593),(13039,12596),(13039,12938);
INSERT INTO related_crafted_from VALUES(13040,16),(13040,17),(13040,12522),(13040,12567),(13040,12596),(13040,12939);
INSERT INTO related_crafted_from VALUES(13041,16),(13041,18),(13041,12522),(13041,12567),(13041,12593),(13041,12596),(13041,12940);
INSERT INTO related_crafted_from VALUES(13042,16),(13042,17),(13042,5533),(13042,12567),(13042,12596),(13042,12940);
INSERT INTO related_crafted_from VALUES(13043,14),(13043,16),(13043,12521),(13043,12523),(13043,12610),(13043,12938);
INSERT INTO related_crafted_from VALUES(13044,16),(13044,18),(13044,12522),(13044,12592),(13044,12593),(13044,12596),(13044,12938);
INSERT INTO related_crafted_from VALUES(13045,16),(13045,18),(13045,12522),(13045,12593),(13045,12596),(13045,12939);
INSERT INTO related_crafted_from VALUES(13046,16),(13046,18),(13046,5191),(13046,12522),(13046,12593),(13046,12596),(13046,12940);
INSERT INTO related_crafted_from VALUES(13047,16),(13047,17),(13047,12522),(13047,12567),(13047,12596),(13047,12940);
INSERT INTO related_crafted_from VALUES(13048,16),(13048,18),(13048,12522),(13048,12592),(13048,12593),(13048,12596),(13048,12938);
INSERT INTO related_crafted_from VALUES(13049,16),(13049,18),(13049,12522),(13049,12567),(13049,12593),(13049,12596),(13049,12938);
INSERT INTO related_crafted_from VALUES(13050,16),(13050,17),(13050,12522),(13050,12567),(13050,12592),(13050,12596),(13050,12939);
INSERT INTO related_crafted_from VALUES(13051,16),(13051,18),(13051,12522),(13051,12567),(13051,12593),(13051,12596),(13051,12940);
INSERT INTO related_crafted_from VALUES(13052,16),(13052,17),(13052,12522),(13052,12567),(13052,12596),(13052,12940);
INSERT INTO related_crafted_from VALUES(13061,14),(13061,17),(13061,5360),(13061,12583),(13061,13747);
INSERT INTO related_crafted_from VALUES(13069,3),(13069,4),(13069,5326),(13069,6637),(13069,6649),(13069,12232),(13069,12519),(13069,12583);
INSERT INTO related_crafted_from VALUES(13070,14),(13070,19),(13070,4776),(13070,4819),(13070,4846),(13070,12906);
INSERT INTO related_crafted_from VALUES(13071,14),(13071,17),(13071,5059),(13071,7014),(13071,7016),(13071,7808);
INSERT INTO related_crafted_from VALUES(13072,15),(13072,16),(13072,7009),(13072,7014),(13072,7016),(13072,7808);
INSERT INTO related_crafted_from VALUES(13075,3),(13075,4),(13075,5367),(13075,5515);
INSERT INTO related_crafted_from VALUES(13076,15),(13076,16),(13076,5328),(13076,5348),(13076,9376),(13076,12582),(13076,12589),(13076,13058);
INSERT INTO related_crafted_from VALUES(13077,3),(13077,4),(13077,5371),(13077,5515);
INSERT INTO related_crafted_from VALUES(13078,3),(13078,4),(13078,5063),(13078,5373),(13078,5374),(13078,7024);
INSERT INTO related_crafted_from VALUES(13084,12),(13084,13),(13084,12586),(13084,12607),(13084,12656);
INSERT INTO related_crafted_from VALUES(13088,18),(13088,19),(13088,7010),(13088,12541),(13088,12604),(13088,12608),(13088,13059);
INSERT INTO related_crafted_from VALUES(13089,18),(13089,19),(13089,7010),(13089,12230),(13089,12605),(13089,12608),(13089,13060);
INSERT INTO related_crafted_from VALUES(13090,12),(13090,13),(13090,12608),(13090,13757);
INSERT INTO related_crafted_from VALUES(13091,18),(13091,19),(13091,12608),(13091,13756);
INSERT INTO related_crafted_from VALUES(13095,15),(13095,16),(13095,5267),(13095,5342),(13095,5365),(13095,5513);
INSERT INTO related_crafted_from VALUES(13096,15),(13096,16),(13096,5328),(13096,5337),(13096,5378),(13096,7808);
INSERT INTO related_crafted_from VALUES(13097,14),(13097,16),(13097,5998),(13097,12522),(13097,12610),(13097,13751);
INSERT INTO related_crafted_from VALUES(13256,4),(13256,6),(13256,5280),(13256,5329),(13256,5337);
INSERT INTO related_crafted_from VALUES(13257,4),(13257,6),(13257,5326),(13257,5328),(13257,5337);
INSERT INTO related_crafted_from VALUES(13258,4),(13258,6),(13258,5326),(13258,5328),(13258,5337);
INSERT INTO related_crafted_from VALUES(13259,4),(13259,6),(13259,5326),(13259,5328),(13259,5337),(13259,5348);
INSERT INTO related_crafted_from VALUES(13262,2),(13262,4),(13262,5064),(13262,12610);
INSERT INTO related_crafted_from VALUES(13263,2),(13263,4),(13263,5064),(13263,12610);
INSERT INTO related_crafted_from VALUES(13266,16),(13266,18),(13266,12592),(13266,12596),(13266,13744);
INSERT INTO related_crafted_from VALUES(13267,16),(13267,18),(13267,12592),(13267,12596),(13267,13744);
INSERT INTO related_crafted_from VALUES(13268,16),(13268,17),(13268,5510),(13268,12596),(13268,13745);
INSERT INTO related_crafted_from VALUES(13269,16),(13269,17),(13269,5359),(13269,5360),(13269,12596),(13269,13745);
INSERT INTO related_crafted_from VALUES(13270,16),(13270,18),(13270,12521),(13270,12592),(13270,12596),(13270,13744);
INSERT INTO related_crafted_from VALUES(13271,16),(13271,17),(13271,5510),(13271,12521),(13271,13745);
INSERT INTO related_crafted_from VALUES(13272,16),(13272,18),(13272,12525),(13272,12565),(13272,12595),(13272,13746);
INSERT INTO related_crafted_from VALUES(13273,4),(13273,5),(13273,5068),(13273,5288),(13273,5338);
INSERT INTO related_crafted_from VALUES(13276,6),(13276,12525),(13276,12592),(13276,12596),(13276,13754);
INSERT INTO related_crafted_from VALUES(13284,2),(13284,6158),(13284,12592),(13284,12596),(13284,13754);
INSERT INTO related_crafted_from VALUES(13301,15),(13301,16),(13301,12546),(13301,12614),(13301,14157);
INSERT INTO related_crafted_from VALUES(13302,14),(13302,16),(13302,12546),(13302,12614),(13302,14149);
INSERT INTO related_crafted_from VALUES(13303,15),(13303,16),(13303,12546),(13303,12614),(13303,14149),(13303,14157);
INSERT INTO related_crafted_from VALUES(13304,14),(13304,16),(13304,12546),(13304,12614),(13304,14149);
INSERT INTO related_crafted_from VALUES(13305,15),(13305,16),(13305,12546),(13305,12612),(13305,14157);
INSERT INTO related_crafted_from VALUES(13306,14),(13306,16),(13306,12546),(13306,12612),(13306,14149);
INSERT INTO related_crafted_from VALUES(13307,15),(13307,16),(13307,12546),(13307,12612),(13307,14149),(13307,14157);
INSERT INTO related_crafted_from VALUES(13308,14),(13308,16),(13308,12546),(13308,12612),(13308,14149);
INSERT INTO related_crafted_from VALUES(13309,15),(13309,16),(13309,12546),(13309,12613),(13309,14157);
INSERT INTO related_crafted_from VALUES(13310,14),(13310,16),(13310,12546),(13310,12613),(13310,14149);
INSERT INTO related_crafted_from VALUES(13311,15),(13311,16),(13311,12546),(13311,12613),(13311,14149),(13311,14157);
INSERT INTO related_crafted_from VALUES(13312,14),(13312,16),(13312,12546),(13312,12613),(13312,14149);
INSERT INTO related_crafted_from VALUES(13313,15),(13313,16),(13313,12546),(13313,12616),(13313,14157);
INSERT INTO related_crafted_from VALUES(13314,14),(13314,16),(13314,12546),(13314,12616),(13314,14149);
INSERT INTO related_crafted_from VALUES(13315,15),(13315,16),(13315,12546),(13315,12616),(13315,14149),(13315,14157);
INSERT INTO related_crafted_from VALUES(13316,14),(13316,16),(13316,12546),(13316,12616),(13316,14149);
INSERT INTO related_crafted_from VALUES(13317,15),(13317,16),(13317,12546),(13317,12615),(13317,14157);
INSERT INTO related_crafted_from VALUES(13318,14),(13318,16),(13318,12546),(13318,12615),(13318,14149);
INSERT INTO related_crafted_from VALUES(13319,15),(13319,16),(13319,12546),(13319,12615),(13319,14149),(13319,14157);
INSERT INTO related_crafted_from VALUES(13320,14),(13320,16),(13320,12546),(13320,12615),(13320,14149);
INSERT INTO related_crafted_from VALUES(13590,16),(13590,17),(13590,12578),(13590,12937),(13590,13733);
INSERT INTO related_crafted_from VALUES(13592,15),(13592,17),(13592,12524),(13592,12937),(13592,13750);
INSERT INTO related_crafted_from VALUES(13594,16),(13594,18),(13594,5358),(13594,12937),(13594,13752);
INSERT INTO related_crafted_from VALUES(13596,14),(13596,16),(13596,12937),(13596,12970),(13596,13753);
INSERT INTO related_crafted_from VALUES(13637,12),(13637,13),(13637,6153),(13637,12638),(13637,12639),(13637,13736),(13637,13752);
INSERT INTO related_crafted_from VALUES(13638,12),(13638,13),(13638,6153),(13638,12640),(13638,12971),(13638,13736),(13638,13752);
INSERT INTO related_crafted_from VALUES(13640,15),(13640,17),(13640,12529),(13640,12592),(13640,12614),(13640,12937),(13640,13747);
INSERT INTO related_crafted_from VALUES(13641,15),(13641,17),(13641,12529),(13641,12566),(13641,12614),(13641,12937),(13641,13747),(13641,13748);
INSERT INTO related_crafted_from VALUES(13642,15),(13642,17),(13642,12529),(13642,12566),(13642,12614),(13642,12937),(13642,13747);
INSERT INTO related_crafted_from VALUES(13643,16),(13643,18),(13643,12596),(13643,12614),(13643,12937),(13643,13748),(13643,13749);
INSERT INTO related_crafted_from VALUES(13644,16),(13644,17),(13644,12524),(13644,12566),(13644,12614),(13644,12937),(13644,13749);
INSERT INTO related_crafted_from VALUES(13646,15),(13646,17),(13646,12529),(13646,12592),(13646,12612),(13646,12937),(13646,13747);
INSERT INTO related_crafted_from VALUES(13647,15),(13647,17),(13647,12529),(13647,12566),(13647,12612),(13647,12937),(13647,13747),(13647,13748);
INSERT INTO related_crafted_from VALUES(13648,15),(13648,17),(13648,12529),(13648,12566),(13648,12612),(13648,12937),(13648,13747);
INSERT INTO related_crafted_from VALUES(13649,16),(13649,18),(13649,12596),(13649,12612),(13649,12937),(13649,13748),(13649,13749);
INSERT INTO related_crafted_from VALUES(13650,16),(13650,17),(13650,12524),(13650,12566),(13650,12612),(13650,12937),(13650,13749);
INSERT INTO related_crafted_from VALUES(13652,14),(13652,16),(13652,12610),(13652,12612),(13652,12937),(13652,13747),(13652,13749);
INSERT INTO related_crafted_from VALUES(13653,16),(13653,17),(13653,12524),(13653,12588),(13653,12612),(13653,12937),(13653,13748),(13653,13749);
INSERT INTO related_crafted_from VALUES(13654,16),(13654,17),(13654,12524),(13654,12596),(13654,12612),(13654,12937),(13654,13749);
INSERT INTO related_crafted_from VALUES(13655,16),(13655,18),(13655,12524),(13655,12596),(13655,12612),(13655,12937),(13655,13748),(13655,13749);
INSERT INTO related_crafted_from VALUES(13656,16),(13656,17),(13656,12524),(13656,12566),(13656,12612),(13656,12937),(13656,13749);
INSERT INTO related_crafted_from VALUES(13658,16),(13658,17),(13658,12520),(13658,12592),(13658,12613),(13658,12937),(13658,13749);
INSERT INTO related_crafted_from VALUES(13659,16),(13659,18),(13659,12566),(13659,12596),(13659,12613),(13659,12937),(13659,13747),(13659,13748);
INSERT INTO related_crafted_from VALUES(13660,16),(13660,17),(13660,12520),(13660,12596),(13660,12613),(13660,12937),(13660,13749);
INSERT INTO related_crafted_from VALUES(13661,16),(13661,18),(13661,12520),(13661,12566),(13661,12613),(13661,12937),(13661,13747),(13661,13748);
INSERT INTO related_crafted_from VALUES(13662,16),(13662,17),(13662,12520),(13662,12566),(13662,12613),(13662,12937),(13662,13749);
INSERT INTO related_crafted_from VALUES(13664,14),(13664,16),(13664,12610),(13664,12613),(13664,12937),(13664,13747),(13664,13749);
INSERT INTO related_crafted_from VALUES(13665,16),(13665,17),(13665,12524),(13665,12588),(13665,12613),(13665,12937),(13665,13748),(13665,13749);
INSERT INTO related_crafted_from VALUES(13666,16),(13666,17),(13666,12524),(13666,12596),(13666,12613),(13666,12937),(13666,13749);
INSERT INTO related_crafted_from VALUES(13667,16),(13667,18),(13667,12524),(13667,12596),(13667,12613),(13667,12937),(13667,13748),(13667,13749);
INSERT INTO related_crafted_from VALUES(13668,16),(13668,17),(13668,12524),(13668,12566),(13668,12613),(13668,12937),(13668,13749);
INSERT INTO related_crafted_from VALUES(13670,14),(13670,16),(13670,12610),(13670,12616),(13670,12937),(13670,13747),(13670,13749);
INSERT INTO related_crafted_from VALUES(13671,16),(13671,18),(13671,12520),(13671,12592),(13671,12616),(13671,12937),(13671,13748),(13671,13749);
INSERT INTO related_crafted_from VALUES(13672,16),(13672,17),(13672,12520),(13672,12596),(13672,12616),(13672,12937),(13672,13749);
INSERT INTO related_crafted_from VALUES(13673,16),(13673,18),(13673,12520),(13673,12566),(13673,12616),(13673,12937),(13673,13748);
INSERT INTO related_crafted_from VALUES(13674,16),(13674,17),(13674,12520),(13674,12566),(13674,12616),(13674,12937),(13674,13749);
INSERT INTO related_crafted_from VALUES(13676,14),(13676,16),(13676,12610),(13676,12615),(13676,12937),(13676,13747),(13676,13749);
INSERT INTO related_crafted_from VALUES(13677,16),(13677,18),(13677,12520),(13677,12592),(13677,12615),(13677,12937),(13677,13748),(13677,13749);
INSERT INTO related_crafted_from VALUES(13678,16),(13678,17),(13678,12520),(13678,12596),(13678,12615),(13678,12937),(13678,13749);
INSERT INTO related_crafted_from VALUES(13679,16),(13679,18),(13679,12520),(13679,12566),(13679,12615),(13679,12937),(13679,13748);
INSERT INTO related_crafted_from VALUES(13680,16),(13680,17),(13680,12520),(13680,12566),(13680,12615),(13680,12937),(13680,13749);
INSERT INTO related_crafted_from VALUES(13682,10),(13682,12),(13682,5066),(13682,7028),(13682,12588),(13682,12594);
INSERT INTO related_crafted_from VALUES(13683,10),(13683,12),(13683,5066),(13683,7028),(13683,12588),(13683,12594);
INSERT INTO related_crafted_from VALUES(13684,10),(13684,11),(13684,5510),(13684,12562),(13684,12594);
INSERT INTO related_crafted_from VALUES(13685,10),(13685,11),(13685,5359),(13685,5360),(13685,12562),(13685,12594);
INSERT INTO related_crafted_from VALUES(13686,10),(13686,12),(13686,5064),(13686,7028),(13686,12588),(13686,12594);
INSERT INTO related_crafted_from VALUES(13687,10),(13687,11),(13687,5064),(13687,5510),(13687,12562);
INSERT INTO related_crafted_from VALUES(13688,10),(13688,12),(13688,5059),(13688,12565),(13688,12590),(13688,12595);
INSERT INTO related_crafted_from VALUES(13726,2),(13726,5057),(13726,5325);
INSERT INTO related_crafted_from VALUES(13742,14),(13742,19),(13742,7602),(13742,12632),(13742,12643),(13742,12901),(13742,12936),(13742,13738);
INSERT INTO related_crafted_from VALUES(13743,8),(13743,13),(13743,4850),(13743,12871),(13743,12881),(13743,12887);
INSERT INTO related_crafted_from VALUES(13747,14),(13747,17),(13747,12524),(13747,13750);
INSERT INTO related_crafted_from VALUES(13748,16),(13748,18),(13748,12595),(13748,13753);
INSERT INTO related_crafted_from VALUES(13749,16),(13749,17),(13749,12578),(13749,13733);
INSERT INTO related_crafted_from VALUES(13758,15),(13758,16),(13758,12232),(13758,12606),(13758,12937);
INSERT INTO related_crafted_from VALUES(13769,16),(13769,17),(13769,12525),(13769,12596),(13769,13746),(13769,13749);
INSERT INTO related_crafted_from VALUES(13770,16),(13770,17),(13770,5510),(13770,12596),(13770,13749);
INSERT INTO related_crafted_from VALUES(13771,10),(13771,11),(13771,5059),(13771,12565),(13771,12590),(13771,12595);
INSERT INTO related_crafted_from VALUES(13772,10),(13772,11),(13772,5510),(13772,12565),(13772,12595);
INSERT INTO related_crafted_from VALUES(13790,14),(13790,17),(13790,9358),(13790,9360),(13790,9376),(13790,15098);
INSERT INTO related_crafted_from VALUES(13791,14),(13791,17),(13791,9358),(13791,9360),(13791,9361),(13791,9376),(13791,15098);
INSERT INTO related_crafted_from VALUES(13792,14),(13792,17),(13792,5377),(13792,9358),(13792,9360),(13792,9376),(13792,15098);
INSERT INTO related_crafted_from VALUES(13793,14),(13793,17),(13793,5377),(13793,9358),(13793,9360),(13793,9376),(13793,15098);
INSERT INTO related_crafted_from VALUES(13794,14),(13794,17),(13794,5377),(13794,9358),(13794,9360),(13794,9376),(13794,15098);
INSERT INTO related_crafted_from VALUES(13795,14),(13795,16),(13795,5377),(13795,9358),(13795,9360),(13795,9376),(13795,15098);
INSERT INTO related_crafted_from VALUES(13796,14),(13796,16),(13796,5377),(13796,9358),(13796,9360),(13796,9376),(13796,12610),(13796,15098);
INSERT INTO related_crafted_from VALUES(13797,18),(13797,19),(13797,5377),(13797,9360),(13797,9361),(13797,9376),(13797,12603),(13797,15098);
INSERT INTO related_crafted_from VALUES(13798,18),(13798,19),(13798,5377),(13798,9360),(13798,9361),(13798,9376),(13798,12603),(13798,15098);
INSERT INTO related_crafted_from VALUES(13799,14),(13799,17),(13799,5377),(13799,9358),(13799,9360),(13799,9376),(13799,15098);
INSERT INTO related_crafted_from VALUES(13800,14),(13800,17),(13800,5377),(13800,9358),(13800,9360),(13800,9376),(13800,15098);
INSERT INTO related_crafted_from VALUES(13801,14),(13801,17),(13801,9358),(13801,9360),(13801,9376),(13801,12611),(13801,15098);
INSERT INTO related_crafted_from VALUES(13802,14),(13802,16),(13802,9358),(13802,9360),(13802,9376),(13802,12603),(13802,12610),(13802,15098);
INSERT INTO related_crafted_from VALUES(13803,15),(13803,17),(13803,9358),(13803,9360),(13803,9376),(13803,15098);
INSERT INTO related_crafted_from VALUES(13804,15),(13804,17),(13804,8147),(13804,9358),(13804,9360),(13804,9361),(13804,15099);
INSERT INTO related_crafted_from VALUES(13805,15),(13805,17),(13805,8147),(13805,9358),(13805,9360),(13805,9361),(13805,15100);
INSERT INTO related_crafted_from VALUES(13806,15),(13806,17),(13806,8147),(13806,9358),(13806,9360),(13806,9361),(13806,15101);
INSERT INTO related_crafted_from VALUES(13807,15),(13807,17),(13807,8147),(13807,9358),(13807,9360),(13807,9361),(13807,15102);
INSERT INTO related_crafted_from VALUES(13808,15),(13808,17),(13808,8147),(13808,9358),(13808,9360),(13808,9361),(13808,15103);
INSERT INTO related_crafted_from VALUES(13809,15),(13809,17),(13809,8147),(13809,9358),(13809,9360),(13809,9361),(13809,15099);
INSERT INTO related_crafted_from VALUES(13810,15),(13810,17),(13810,8147),(13810,9358),(13810,9360),(13810,9362),(13810,15100);
INSERT INTO related_crafted_from VALUES(13811,15),(13811,17),(13811,8147),(13811,9358),(13811,9360),(13811,9361),(13811,15101);
INSERT INTO related_crafted_from VALUES(13812,16),(13812,18),(13812,8147),(13812,9360),(13812,9361),(13812,9362),(13812,15102);
INSERT INTO related_crafted_from VALUES(13813,15),(13813,17),(13813,8147),(13813,9358),(13813,9360),(13813,9361),(13813,15103);
INSERT INTO related_crafted_from VALUES(13814,15),(13814,17),(13814,8147),(13814,9358),(13814,9360),(13814,9361),(13814,15099);
INSERT INTO related_crafted_from VALUES(13815,15),(13815,17),(13815,8147),(13815,9358),(13815,9360),(13815,9362),(13815,15100);
INSERT INTO related_crafted_from VALUES(13816,15),(13816,17),(13816,8147),(13816,9358),(13816,9360),(13816,9361),(13816,15101);
INSERT INTO related_crafted_from VALUES(13817,16),(13817,18),(13817,8147),(13817,9360),(13817,9361),(13817,9362),(13817,15102);
INSERT INTO related_crafted_from VALUES(13818,15),(13818,17),(13818,8147),(13818,9358),(13818,9360),(13818,9361),(13818,15103);
INSERT INTO related_crafted_from VALUES(13819,15),(13819,17),(13819,8147),(13819,9358),(13819,9360),(13819,9361),(13819,15099);
INSERT INTO related_crafted_from VALUES(13820,15),(13820,17),(13820,8147),(13820,9358),(13820,9360),(13820,9362),(13820,15100);
INSERT INTO related_crafted_from VALUES(13821,15),(13821,17),(13821,8147),(13821,9358),(13821,9360),(13821,9361),(13821,15101);
INSERT INTO related_crafted_from VALUES(13822,16),(13822,18),(13822,8147),(13822,9360),(13822,9361),(13822,9362),(13822,15102);
INSERT INTO related_crafted_from VALUES(13823,15),(13823,17),(13823,8147),(13823,9358),(13823,9360),(13823,9361),(13823,15103);
INSERT INTO related_crafted_from VALUES(13824,14),(13824,16),(13824,8147),(13824,9358),(13824,9360),(13824,15099);
INSERT INTO related_crafted_from VALUES(13825,16),(13825,18),(13825,8147),(13825,9360),(13825,9361),(13825,9362),(13825,15100);
INSERT INTO related_crafted_from VALUES(13826,16),(13826,17),(13826,8147),(13826,9360),(13826,9361),(13826,9362),(13826,15101);
INSERT INTO related_crafted_from VALUES(13827,16),(13827,18),(13827,8147),(13827,9360),(13827,9361),(13827,9362),(13827,15102);
INSERT INTO related_crafted_from VALUES(13828,16),(13828,17),(13828,8147),(13828,9360),(13828,9361),(13828,9362),(13828,15103);
INSERT INTO related_crafted_from VALUES(13829,14),(13829,16),(13829,8147),(13829,9358),(13829,9360),(13829,15099);
INSERT INTO related_crafted_from VALUES(13830,16),(13830,18),(13830,8147),(13830,9360),(13830,9361),(13830,9362),(13830,15100);
INSERT INTO related_crafted_from VALUES(13831,16),(13831,17),(13831,8147),(13831,9360),(13831,9361),(13831,9362),(13831,15101);
INSERT INTO related_crafted_from VALUES(13832,16),(13832,18),(13832,8147),(13832,9360),(13832,9361),(13832,9362),(13832,15102);
INSERT INTO related_crafted_from VALUES(13833,16),(13833,17),(13833,8147),(13833,9360),(13833,9361),(13833,9362),(13833,15103);
INSERT INTO related_crafted_from VALUES(13834,15),(13834,17),(13834,9358),(13834,9360),(13834,9376),(13834,15104);
INSERT INTO related_crafted_from VALUES(13835,14),(13835,17),(13835,9358),(13835,9360),(13835,9376),(13835,15104);
INSERT INTO related_crafted_from VALUES(13836,14),(13836,17),(13836,9358),(13836,9360),(13836,9361),(13836,9376),(13836,15104);
INSERT INTO related_crafted_from VALUES(13837,14),(13837,17),(13837,5377),(13837,9358),(13837,9360),(13837,9376),(13837,15104);
INSERT INTO related_crafted_from VALUES(13838,14),(13838,17),(13838,5377),(13838,9358),(13838,9360),(13838,9376),(13838,15104);
INSERT INTO related_crafted_from VALUES(13839,14),(13839,17),(13839,5377),(13839,9358),(13839,9360),(13839,9376),(13839,15104);
INSERT INTO related_crafted_from VALUES(13840,14),(13840,16),(13840,5377),(13840,9358),(13840,9360),(13840,9376),(13840,15104);
INSERT INTO related_crafted_from VALUES(13841,14),(13841,16),(13841,5377),(13841,9358),(13841,9360),(13841,9376),(13841,12610),(13841,15104);
INSERT INTO related_crafted_from VALUES(13842,18),(13842,19),(13842,5377),(13842,9360),(13842,9361),(13842,9376),(13842,12603),(13842,15104);
INSERT INTO related_crafted_from VALUES(13843,18),(13843,19),(13843,5377),(13843,9360),(13843,9361),(13843,9376),(13843,12603),(13843,15104);
INSERT INTO related_crafted_from VALUES(13844,14),(13844,17),(13844,5377),(13844,9358),(13844,9360),(13844,9376),(13844,15104);
INSERT INTO related_crafted_from VALUES(13845,14),(13845,17),(13845,5377),(13845,9358),(13845,9360),(13845,9376),(13845,15104);
INSERT INTO related_crafted_from VALUES(13846,14),(13846,17),(13846,9358),(13846,9360),(13846,9376),(13846,12611),(13846,15104);
INSERT INTO related_crafted_from VALUES(13847,14),(13847,16),(13847,9358),(13847,9360),(13847,9376),(13847,12603),(13847,12610),(13847,15104);
INSERT INTO related_crafted_from VALUES(13848,14),(13848,16),(13848,8147),(13848,9358),(13848,9360),(13848,15105);
INSERT INTO related_crafted_from VALUES(13849,15),(13849,17),(13849,8147),(13849,9358),(13849,9360),(13849,9361),(13849,15106);
INSERT INTO related_crafted_from VALUES(13850,15),(13850,17),(13850,8147),(13850,9358),(13850,9360),(13850,9361),(13850,15107);
INSERT INTO related_crafted_from VALUES(13851,16),(13851,17),(13851,8147),(13851,9360),(13851,9361),(13851,9362),(13851,15108);
INSERT INTO related_crafted_from VALUES(13852,15),(13852,17),(13852,8147),(13852,9358),(13852,9360),(13852,9361),(13852,15109);
INSERT INTO related_crafted_from VALUES(13853,15),(13853,17),(13853,8147),(13853,9358),(13853,9360),(13853,9361),(13853,15105);
INSERT INTO related_crafted_from VALUES(13854,15),(13854,17),(13854,8147),(13854,9358),(13854,9360),(13854,9361),(13854,15106);
INSERT INTO related_crafted_from VALUES(13855,15),(13855,17),(13855,8147),(13855,9358),(13855,9360),(13855,9361),(13855,15107);
INSERT INTO related_crafted_from VALUES(13856,16),(13856,17),(13856,8147),(13856,9360),(13856,9361),(13856,9362),(13856,15108);
INSERT INTO related_crafted_from VALUES(13857,15),(13857,17),(13857,8147),(13857,9358),(13857,9360),(13857,9361),(13857,15109);
INSERT INTO related_crafted_from VALUES(13858,15),(13858,17),(13858,8147),(13858,9358),(13858,9360),(13858,9361),(13858,15105);
INSERT INTO related_crafted_from VALUES(13859,15),(13859,17),(13859,8147),(13859,9358),(13859,9360),(13859,9361),(13859,15106);
INSERT INTO related_crafted_from VALUES(13860,15),(13860,17),(13860,8147),(13860,9358),(13860,9360),(13860,9361),(13860,15107);
INSERT INTO related_crafted_from VALUES(13861,16),(13861,17),(13861,8147),(13861,9360),(13861,9361),(13861,9362),(13861,15108);
INSERT INTO related_crafted_from VALUES(13862,15),(13862,17),(13862,8147),(13862,9358),(13862,9360),(13862,9361),(13862,15109);
INSERT INTO related_crafted_from VALUES(13863,16),(13863,17),(13863,8147),(13863,9360),(13863,9361),(13863,9362),(13863,15105);
INSERT INTO related_crafted_from VALUES(13864,16),(13864,18),(13864,8147),(13864,9360),(13864,9361),(13864,9362),(13864,15106);
INSERT INTO related_crafted_from VALUES(13865,16),(13865,17),(13865,8147),(13865,9360),(13865,9361),(13865,15107);
INSERT INTO related_crafted_from VALUES(13866,16),(13866,17),(13866,8147),(13866,9360),(13866,9361),(13866,9362),(13866,15108);
INSERT INTO related_crafted_from VALUES(13867,16),(13867,17),(13867,8147),(13867,9360),(13867,9361),(13867,9362),(13867,15109);
INSERT INTO related_crafted_from VALUES(13868,14),(13868,16),(13868,8147),(13868,9358),(13868,9360),(13868,15105);
INSERT INTO related_crafted_from VALUES(13869,16),(13869,18),(13869,8147),(13869,9360),(13869,9361),(13869,9362),(13869,15106);
INSERT INTO related_crafted_from VALUES(13870,16),(13870,17),(13870,8147),(13870,9360),(13870,9361),(13870,9362),(13870,15107);
INSERT INTO related_crafted_from VALUES(13871,16),(13871,18),(13871,8147),(13871,9360),(13871,9361),(13871,9362),(13871,15108);
INSERT INTO related_crafted_from VALUES(13872,16),(13872,17),(13872,8147),(13872,9358),(13872,9360),(13872,9361),(13872,15109);
INSERT INTO related_crafted_from VALUES(13873,16),(13873,17),(13873,8147),(13873,9360),(13873,9361),(13873,9362),(13873,15105);
INSERT INTO related_crafted_from VALUES(13874,16),(13874,18),(13874,8147),(13874,9360),(13874,9361),(13874,9362),(13874,15106);
INSERT INTO related_crafted_from VALUES(13875,16),(13875,17),(13875,8147),(13875,9360),(13875,9361),(13875,15107);
INSERT INTO related_crafted_from VALUES(13876,16),(13876,17),(13876,8147),(13876,9360),(13876,9361),(13876,9362),(13876,15108);
INSERT INTO related_crafted_from VALUES(13877,16),(13877,17),(13877,8147),(13877,9360),(13877,9361),(13877,9362),(13877,15109);
INSERT INTO related_crafted_from VALUES(13892,14),(13892,16),(13892,5069),(13892,8147),(13892,9358),(13892,9360),(13892,15908);
INSERT INTO related_crafted_from VALUES(13893,15),(13893,17),(13893,5069),(13893,8147),(13893,9358),(13893,9360),(13893,9361),(13893,15909);
INSERT INTO related_crafted_from VALUES(13894,15),(13894,17),(13894,5069),(13894,8147),(13894,9358),(13894,9360),(13894,9361),(13894,15910);
INSERT INTO related_crafted_from VALUES(13895,16),(13895,18),(13895,5069),(13895,8147),(13895,9360),(13895,9361),(13895,9362),(13895,15911);
INSERT INTO related_crafted_from VALUES(13896,15),(13896,17),(13896,5069),(13896,8147),(13896,9358),(13896,9360),(13896,9361),(13896,15912);
INSERT INTO related_crafted_from VALUES(13897,15),(13897,17),(13897,5069),(13897,8147),(13897,9358),(13897,9360),(13897,9361),(13897,15908);
INSERT INTO related_crafted_from VALUES(13898,15),(13898,17),(13898,5069),(13898,8147),(13898,9358),(13898,9360),(13898,9361),(13898,15909);
INSERT INTO related_crafted_from VALUES(13899,15),(13899,17),(13899,5069),(13899,8147),(13899,9358),(13899,9360),(13899,9361),(13899,15910);
INSERT INTO related_crafted_from VALUES(13900,16),(13900,17),(13900,5069),(13900,8147),(13900,9360),(13900,9361),(13900,9362),(13900,15911);
INSERT INTO related_crafted_from VALUES(13901,15),(13901,17),(13901,5069),(13901,8147),(13901,9358),(13901,9360),(13901,9361),(13901,15912);
INSERT INTO related_crafted_from VALUES(13902,14),(13902,16),(13902,5069),(13902,8147),(13902,9360),(13902,9362),(13902,15908);
INSERT INTO related_crafted_from VALUES(13903,16),(13903,17),(13903,5069),(13903,8147),(13903,9360),(13903,9361),(13903,9362),(13903,15909);
INSERT INTO related_crafted_from VALUES(13904,16),(13904,17),(13904,5069),(13904,8147),(13904,9358),(13904,9360),(13904,9361),(13904,15910);
INSERT INTO related_crafted_from VALUES(13905,16),(13905,18),(13905,5069),(13905,8147),(13905,9360),(13905,9361),(13905,9362),(13905,15911);
INSERT INTO related_crafted_from VALUES(13906,16),(13906,17),(13906,5069),(13906,8147),(13906,9358),(13906,9360),(13906,9361),(13906,15912);
INSERT INTO related_crafted_from VALUES(13907,16),(13907,17),(13907,5069),(13907,8147),(13907,9360),(13907,9361),(13907,9362),(13907,15908);
INSERT INTO related_crafted_from VALUES(13908,16),(13908,17),(13908,5069),(13908,8147),(13908,9360),(13908,9361),(13908,9362),(13908,15909);
INSERT INTO related_crafted_from VALUES(13909,16),(13909,17),(13909,5069),(13909,8147),(13909,9360),(13909,9361),(13909,15910);
INSERT INTO related_crafted_from VALUES(13910,16),(13910,17),(13910,5069),(13910,8147),(13910,9360),(13910,9361),(13910,9362),(13910,15911);
INSERT INTO related_crafted_from VALUES(13911,15),(13911,17),(13911,5069),(13911,8147),(13911,9358),(13911,9360),(13911,9361),(13911,15912);
INSERT INTO related_crafted_from VALUES(13912,16),(13912,18),(13912,5069),(13912,8147),(13912,9360),(13912,9362),(13912,15908);
INSERT INTO related_crafted_from VALUES(13913,16),(13913,18),(13913,5069),(13913,8147),(13913,9360),(13913,9361),(13913,9362),(13913,15909);
INSERT INTO related_crafted_from VALUES(13914,16),(13914,17),(13914,5069),(13914,8147),(13914,9360),(13914,9361),(13914,9362),(13914,15910);
INSERT INTO related_crafted_from VALUES(13915,16),(13915,18),(13915,5069),(13915,8147),(13915,9360),(13915,9362),(13915,15911);
INSERT INTO related_crafted_from VALUES(13916,16),(13916,17),(13916,5069),(13916,8147),(13916,9360),(13916,9361),(13916,9362),(13916,15912);
INSERT INTO related_crafted_from VALUES(13917,16),(13917,17),(13917,5069),(13917,8147),(13917,9360),(13917,9361),(13917,9362),(13917,15908);
INSERT INTO related_crafted_from VALUES(13918,16),(13918,17),(13918,5069),(13918,8147),(13918,9360),(13918,9361),(13918,9362),(13918,15909);
INSERT INTO related_crafted_from VALUES(13919,16),(13919,17),(13919,5069),(13919,8147),(13919,9360),(13919,9361),(13919,15910);
INSERT INTO related_crafted_from VALUES(13920,16),(13920,18),(13920,5069),(13920,8147),(13920,9360),(13920,9362),(13920,15911);
INSERT INTO related_crafted_from VALUES(13921,16),(13921,17),(13921,5069),(13921,8147),(13921,9360),(13921,9361),(13921,9362),(13921,15912);
INSERT INTO related_crafted_from VALUES(13922,14),(13922,16),(13922,5069),(13922,8147),(13922,9360),(13922,9362),(13922,15908);
INSERT INTO related_crafted_from VALUES(13923,16),(13923,17),(13923,5069),(13923,8147),(13923,9360),(13923,9361),(13923,9362),(13923,15909);
INSERT INTO related_crafted_from VALUES(13924,16),(13924,17),(13924,5069),(13924,8147),(13924,9358),(13924,9360),(13924,9361),(13924,15910);
INSERT INTO related_crafted_from VALUES(13925,16),(13925,18),(13925,5069),(13925,8147),(13925,9360),(13925,9361),(13925,9362),(13925,15911);
INSERT INTO related_crafted_from VALUES(13926,16),(13926,17),(13926,5069),(13926,8147),(13926,9358),(13926,9360),(13926,9361),(13926,15912);
INSERT INTO related_crafted_from VALUES(14045,15),(14045,16),(14045,5069),(14045,5376),(14045,5508),(14045,12583),(14045,13758);
INSERT INTO related_crafted_from VALUES(14047,16),(14047,18),(14047,5348),(14047,8184),(14047,12592),(14047,12596);
INSERT INTO related_crafted_from VALUES(14048,14),(14048,17),(14048,5558),(14048,5998),(14048,12526),(14048,14933);
INSERT INTO related_crafted_from VALUES(14049,16),(14049,18),(14049,5558),(14049,12592),(14049,14933);
INSERT INTO related_crafted_from VALUES(14050,16),(14050,17),(14050,5558),(14050,12566),(14050,14933);
INSERT INTO related_crafted_from VALUES(14051,15),(14051,16),(14051,5558),(14051,12583),(14051,14933);
INSERT INTO related_crafted_from VALUES(14052,8),(14052,13),(14052,12849),(14052,12862),(14052,12886),(14052,12888);
INSERT INTO related_crafted_from VALUES(14053,8),(14053,13),(14053,4751),(14053,9372),(14053,12845),(14053,12846),(14053,12853),(14053,12859);
INSERT INTO related_crafted_from VALUES(14058,14),(14058,16),(14058,7010),(14058,12525),(14058,12605),(14058,14934);
INSERT INTO related_crafted_from VALUES(14059,14),(14059,16),(14059,7010),(14059,12525),(14059,12605),(14059,14934);
INSERT INTO related_crafted_from VALUES(14060,14),(14060,16),(14060,7010),(14060,12525),(14060,12605),(14060,14934);
INSERT INTO related_crafted_from VALUES(14061,12),(14061,13),(14061,12585),(14061,12607),(14061,12656);
INSERT INTO related_crafted_from VALUES(14064,14),(14064,16),(14064,7009),(14064,12220),(14064,12608),(14064,12634);
INSERT INTO related_crafted_from VALUES(14065,15),(14065,16),(14065,5226),(14065,5231),(14065,5365),(14065,7009),(14065,8022);
INSERT INTO related_crafted_from VALUES(14066,15),(14066,17),(14066,9376),(14066,12254),(14066,13754),(14066,14146),(14066,14936);
INSERT INTO related_crafted_from VALUES(14068,8),(14068,11),(14068,5998),(14068,12521),(14068,12525);
INSERT INTO related_crafted_from VALUES(14069,8),(14069,10),(14069,7010),(14069,7016),(14069,10092),(14069,12561);
INSERT INTO related_crafted_from VALUES(14070,8),(14070,10),(14070,7016),(14070,10092),(14070,12561);
INSERT INTO related_crafted_from VALUES(14080,16),(14080,17),(14080,12544),(14080,12545),(14080,13059),(14080,13745);
INSERT INTO related_crafted_from VALUES(14093,4),(14093,6160),(14093,12592),(14093,12596),(14093,13754);
INSERT INTO related_crafted_from VALUES(14094,5),(14094,6162),(14094,12592),(14094,12596),(14094,13754);
INSERT INTO related_crafted_from VALUES(14095,7),(14095,7159),(14095,12592),(14095,12596),(14095,13754);
INSERT INTO related_crafted_from VALUES(14134,14),(14134,19),(14134,4828),(14134,4831),(14134,4833),(14134,14142);
INSERT INTO related_crafted_from VALUES(14135,14),(14135,19),(14135,4828),(14135,4833),(14135,12881),(14135,12892),(14135,12895),(14135,14142);
INSERT INTO related_crafted_from VALUES(14136,14),(14136,19),(14136,4784),(14136,4838),(14136,12908),(14136,14143),(14136,14144);
INSERT INTO related_crafted_from VALUES(14137,14),(14137,19),(14137,4865),(14137,12878),(14137,12898),(14137,12899),(14137,12908),(14137,14144);
INSERT INTO related_crafted_from VALUES(14138,14),(14138,19),(14138,4841),(14138,6151),(14138,12895),(14138,12901),(14138,12903),(14138,14145);
INSERT INTO related_crafted_from VALUES(14139,14),(14139,19),(14139,4784),(14139,4839),(14139,10096),(14139,14144),(14139,14217);
INSERT INTO related_crafted_from VALUES(14140,14),(14140,19),(14140,12878),(14140,12881),(14140,12884),(14140,12888),(14140,14143),(14140,14216);
INSERT INTO related_crafted_from VALUES(14141,8),(14141,13),(14141,12892),(14141,14212);
INSERT INTO related_crafted_from VALUES(14146,14),(14146,15),(14146,17),(14146,12534),(14146,14147),(14146,14148);
INSERT INTO related_crafted_from VALUES(14149,14),(14149,16),(14149,5111),(14149,14150),(14149,14151);
INSERT INTO related_crafted_from VALUES(14152,16),(14152,18),(14152,12597),(14152,14153),(14152,14154);
INSERT INTO related_crafted_from VALUES(14155,16),(14155,17),(14155,12587),(14155,14156),(14155,14161);
INSERT INTO related_crafted_from VALUES(14157,15),(14157,16),(14157,9366),(14157,14164),(14157,14957);
INSERT INTO related_crafted_from VALUES(14158,9),(14158,10),(14158,14159);
INSERT INTO related_crafted_from VALUES(14161,18),(14161,19),(14161,14160);
INSERT INTO related_crafted_from VALUES(14176,18),(14176,19),(14176,12642),(14176,12936),(14176,13752),(14176,14937);
INSERT INTO related_crafted_from VALUES(14177,18),(14177,19),(14177,12638),(14177,12936),(14177,13752),(14177,14937);
INSERT INTO related_crafted_from VALUES(14178,18),(14178,19),(14178,12639),(14178,12936),(14178,13752),(14178,14937);
INSERT INTO related_crafted_from VALUES(14179,18),(14179,19),(14179,12643),(14179,12936),(14179,13752),(14179,14937);
INSERT INTO related_crafted_from VALUES(14180,18),(14180,19),(14180,12640),(14180,12936),(14180,13752),(14180,14937);
INSERT INTO related_crafted_from VALUES(14181,4),(14181,5341),(14181,5385);
INSERT INTO related_crafted_from VALUES(14182,10),(14182,5395),(14182,5501),(14182,9518);
INSERT INTO related_crafted_from VALUES(14183,10),(14183,5501),(14183,12220),(14183,12578),(14183,12579);
INSERT INTO related_crafted_from VALUES(14184,8),(14184,9),(14184,11),(14184,14955);
INSERT INTO related_crafted_from VALUES(14186,8),(14186,10),(14186,14190);
INSERT INTO related_crafted_from VALUES(14187,10),(14187,11),(14187,12573);
INSERT INTO related_crafted_from VALUES(14188,10),(14188,12),(14188,14956);
INSERT INTO related_crafted_from VALUES(14189,12),(14189,13),(14189,14190);
INSERT INTO related_crafted_from VALUES(14229,12),(14229,13),(14229,5478),(14229,14181),(14229,14268);
INSERT INTO related_crafted_from VALUES(14230,12),(14230,13),(14230,12601),(14230,14183),(14230,14269);
INSERT INTO related_crafted_from VALUES(14231,12),(14231,13),(14231,12601),(14231,14183),(14231,14270);
INSERT INTO related_crafted_from VALUES(14234,12),(14234,13),(14234,5479),(14234,14181),(14234,14271);
INSERT INTO related_crafted_from VALUES(14235,12),(14235,13),(14235,5479),(14235,14181),(14235,14272);
INSERT INTO related_crafted_from VALUES(14239,12),(14239,13),(14239,12602),(14239,14183),(14239,14273);
INSERT INTO related_crafted_from VALUES(14240,12),(14240,13),(14240,12602),(14240,14183),(14240,14274);
INSERT INTO related_crafted_from VALUES(14241,6),(14241,7),(14241,5477),(14241,14181),(14241,14275);
INSERT INTO related_crafted_from VALUES(14242,6),(14242,7),(14242,5477),(14242,14181),(14242,14276);
INSERT INTO related_crafted_from VALUES(14243,6),(14243,7),(14243,5477),(14243,14181),(14243,14277);
INSERT INTO related_crafted_from VALUES(14244,12),(14244,13),(14244,5480),(14244,14181),(14244,14278);
INSERT INTO related_crafted_from VALUES(14245,12),(14245,13),(14245,12602),(14245,14183),(14245,14279);
INSERT INTO related_crafted_from VALUES(14246,18),(14246,19),(14246,12603),(14246,14183),(14246,14280);
INSERT INTO related_crafted_from VALUES(14247,12),(14247,13),(14247,5480),(14247,14181),(14247,14281);
INSERT INTO related_crafted_from VALUES(14250,12),(14250,13),(14250,5481),(14250,14182),(14250,14282);
INSERT INTO related_crafted_from VALUES(14251,12),(14251,13),(14251,5481),(14251,14182),(14251,14283);
INSERT INTO related_crafted_from VALUES(14252,12),(14252,13),(14252,5481),(14252,14182),(14252,14284);
INSERT INTO related_crafted_from VALUES(14253,12),(14253,13),(14253,5481),(14253,14182),(14253,14285);
INSERT INTO related_crafted_from VALUES(14254,18),(14254,19),(14254,12603),(14254,14183),(14254,14286);
INSERT INTO related_crafted_from VALUES(14255,18),(14255,19),(14255,12603),(14255,14183),(14255,14287);
INSERT INTO related_crafted_from VALUES(14256,12),(14256,13),(14256,9373),(14256,14182),(14256,14288);
INSERT INTO related_crafted_from VALUES(14257,12),(14257,13),(14257,9373),(14257,14182),(14257,14289);
INSERT INTO related_crafted_from VALUES(14258,12),(14258,13),(14258,9373),(14258,14182),(14258,14290);
INSERT INTO related_crafted_from VALUES(14259,12),(14259,13),(14259,9373),(14259,14182),(14259,14291);
INSERT INTO related_crafted_from VALUES(14260,12),(14260,13),(14260,9373),(14260,14182),(14260,14292);
INSERT INTO related_crafted_from VALUES(14261,12),(14261,13),(14261,9373),(14261,14182),(14261,14293);
INSERT INTO related_crafted_from VALUES(14262,18),(14262,19),(14262,12603),(14262,14183),(14262,14289),(14262,14291),(14262,14293);
INSERT INTO related_crafted_from VALUES(14263,12),(14263,13),(14263,9373),(14263,14182),(14263,14294);
INSERT INTO related_crafted_from VALUES(14264,12),(14264,13),(14264,9373),(14264,14182),(14264,14295);
INSERT INTO related_crafted_from VALUES(14265,12),(14265,13),(14265,9373),(14265,14182),(14265,14296);
INSERT INTO related_crafted_from VALUES(14267,18),(14267,19),(14267,12603),(14267,14183),(14267,14294),(14267,14295),(14267,14297);
INSERT INTO related_crafted_from VALUES(14712,15),(14712,17),(14712,12522),(14712,12614),(14712,14146),(14712,14155);
INSERT INTO related_crafted_from VALUES(14713,15),(14713,17),(14713,12522),(14713,12614),(14713,14146),(14713,14155);
INSERT INTO related_crafted_from VALUES(14714,15),(14714,17),(14714,12522),(14714,12614),(14714,14146),(14714,14155);
INSERT INTO related_crafted_from VALUES(14715,16),(14715,17),(14715,12522),(14715,12614),(14715,14152),(14715,14155);
INSERT INTO related_crafted_from VALUES(14716,15),(14716,17),(14716,12522),(14716,12614),(14716,14146),(14716,14155);
INSERT INTO related_crafted_from VALUES(14717,16),(14717,17),(14717,5508),(14717,12596),(14717,12612),(14717,14146),(14717,14155);
INSERT INTO related_crafted_from VALUES(14718,16),(14718,17),(14718,12596),(14718,12612),(14718,14146),(14718,14149),(14718,14155);
INSERT INTO related_crafted_from VALUES(14719,16),(14719,17),(14719,12525),(14719,12596),(14719,12612),(14719,14152),(14719,14155);
INSERT INTO related_crafted_from VALUES(14720,16),(14720,18),(14720,12522),(14720,12596),(14720,12612),(14720,14152),(14720,14155);
INSERT INTO related_crafted_from VALUES(14721,16),(14721,17),(14721,5510),(14721,12525),(14721,12612),(14721,14152),(14721,14155);
INSERT INTO related_crafted_from VALUES(14722,16),(14722,17),(14722,5508),(14722,12596),(14722,12612),(14722,14146),(14722,14155);
INSERT INTO related_crafted_from VALUES(14723,16),(14723,17),(14723,12596),(14723,12612),(14723,14146),(14723,14149),(14723,14155);
INSERT INTO related_crafted_from VALUES(14724,16),(14724,17),(14724,12525),(14724,12596),(14724,12612),(14724,14152),(14724,14155);
INSERT INTO related_crafted_from VALUES(14725,16),(14725,18),(14725,12522),(14725,12596),(14725,12612),(14725,14152),(14725,14155);
INSERT INTO related_crafted_from VALUES(14726,16),(14726,17),(14726,5510),(14726,12525),(14726,12612),(14726,14152),(14726,14155);
INSERT INTO related_crafted_from VALUES(14727,16),(14727,18),(14727,5360),(14727,12596),(14727,12613),(14727,14152),(14727,14155);
INSERT INTO related_crafted_from VALUES(14728,16),(14728,18),(14728,12596),(14728,12613),(14728,14149),(14728,14152),(14728,14155);
INSERT INTO related_crafted_from VALUES(14729,16),(14729,18),(14729,12522),(14729,12596),(14729,12613),(14729,14152),(14729,14155);
INSERT INTO related_crafted_from VALUES(14730,16),(14730,18),(14730,12522),(14730,12596),(14730,12613),(14730,14152),(14730,14155);
INSERT INTO related_crafted_from VALUES(14731,16),(14731,17),(14731,5510),(14731,12596),(14731,12613),(14731,14152),(14731,14155);
INSERT INTO related_crafted_from VALUES(14732,16),(14732,18),(14732,5360),(14732,12596),(14732,12613),(14732,14152),(14732,14155);
INSERT INTO related_crafted_from VALUES(14733,16),(14733,18),(14733,12596),(14733,12613),(14733,14149),(14733,14152),(14733,14155);
INSERT INTO related_crafted_from VALUES(14734,16),(14734,18),(14734,12522),(14734,12596),(14734,12613),(14734,14152),(14734,14155);
INSERT INTO related_crafted_from VALUES(14735,16),(14735,18),(14735,12522),(14735,12596),(14735,12613),(14735,14152),(14735,14155);
INSERT INTO related_crafted_from VALUES(14736,16),(14736,17),(14736,5510),(14736,12596),(14736,12613),(14736,14152),(14736,14155);
INSERT INTO related_crafted_from VALUES(14737,16),(14737,18),(14737,5360),(14737,12596),(14737,12616),(14737,14152),(14737,14155);
INSERT INTO related_crafted_from VALUES(14738,16),(14738,18),(14738,12596),(14738,12616),(14738,14149),(14738,14152),(14738,14155);
INSERT INTO related_crafted_from VALUES(14739,16),(14739,18),(14739,12522),(14739,12596),(14739,12616),(14739,14152),(14739,14155);
INSERT INTO related_crafted_from VALUES(14740,16),(14740,18),(14740,12522),(14740,12596),(14740,12616),(14740,14152),(14740,14155);
INSERT INTO related_crafted_from VALUES(14741,16),(14741,17),(14741,5510),(14741,12596),(14741,12616),(14741,14152),(14741,14155);
INSERT INTO related_crafted_from VALUES(14742,16),(14742,17),(14742,5508),(14742,12596),(14742,12615),(14742,14146),(14742,14155);
INSERT INTO related_crafted_from VALUES(14743,16),(14743,17),(14743,12596),(14743,12615),(14743,14146),(14743,14149),(14743,14155);
INSERT INTO related_crafted_from VALUES(14744,16),(14744,17),(14744,12525),(14744,12596),(14744,12615),(14744,14152),(14744,14155);
INSERT INTO related_crafted_from VALUES(14745,16),(14745,18),(14745,12522),(14745,12596),(14745,12615),(14745,14152),(14745,14155);
INSERT INTO related_crafted_from VALUES(14746,16),(14746,17),(14746,5510),(14746,12525),(14746,12615),(14746,14152),(14746,14155);
INSERT INTO related_crafted_from VALUES(14747,15),(14747,17),(14747,12529),(14747,12614),(14747,13749),(14747,14146);
INSERT INTO related_crafted_from VALUES(14748,15),(14748,17),(14748,12612),(14748,13749),(14748,14146);
INSERT INTO related_crafted_from VALUES(14749,15),(14749,17),(14749,12612),(14749,13749),(14749,14146);
INSERT INTO related_crafted_from VALUES(14750,16),(14750,17),(14750,12613),(14750,13747),(14750,14155);
INSERT INTO related_crafted_from VALUES(14751,16),(14751,17),(14751,12613),(14751,13747),(14751,14155);
INSERT INTO related_crafted_from VALUES(14752,16),(14752,18),(14752,12596),(14752,12616),(14752,13748),(14752,14152);
INSERT INTO related_crafted_from VALUES(14753,16),(14753,18),(14753,12596),(14753,12615),(14753,13748),(14753,14152);
INSERT INTO related_crafted_from VALUES(14830,16),(14830,17),(14830,8147),(14830,12524),(14830,12595),(14830,14931),(14830,14932);
INSERT INTO related_crafted_from VALUES(14831,16),(14831,18),(14831,8147),(14831,12595),(14831,14931),(14831,14932);
INSERT INTO related_crafted_from VALUES(14832,16),(14832,17),(14832,5510),(14832,8147),(14832,12595),(14832,14931),(14832,14932);
INSERT INTO related_crafted_from VALUES(14833,16),(14833,18),(14833,8147),(14833,12524),(14833,12541),(14833,12595),(14833,14931),(14833,14932);
INSERT INTO related_crafted_from VALUES(14834,16),(14834,17),(14834,8147),(14834,12529),(14834,12595),(14834,14932);
INSERT INTO related_crafted_from VALUES(14835,16),(14835,18),(14835,8147),(14835,12529),(14835,14931),(14835,14932);
INSERT INTO related_crafted_from VALUES(14836,16),(14836,17),(14836,5510),(14836,8147),(14836,12595),(14836,14932);
INSERT INTO related_crafted_from VALUES(14841,12),(14841,13),(14841,12609),(14841,12631),(14841,14071);
INSERT INTO related_crafted_from VALUES(14842,12),(14842,13),(14842,12609),(14842,12631),(14842,14072);
INSERT INTO related_crafted_from VALUES(14843,12),(14843,13),(14843,12609),(14843,12631),(14843,14073);
INSERT INTO related_crafted_from VALUES(14844,12),(14844,13),(14844,12609),(14844,12631),(14844,14074);
INSERT INTO related_crafted_from VALUES(14845,12),(14845,13),(14845,12609),(14845,12631),(14845,14075);
INSERT INTO related_crafted_from VALUES(14846,12),(14846,13),(14846,12609),(14846,12631),(14846,14076);
INSERT INTO related_crafted_from VALUES(14847,12),(14847,13),(14847,12609),(14847,12631),(14847,14077);
INSERT INTO related_crafted_from VALUES(14848,12),(14848,13),(14848,12609),(14848,12631),(14848,14078);
INSERT INTO related_crafted_from VALUES(14849,12),(14849,13),(14849,12609),(14849,12631),(14849,14079);
INSERT INTO related_crafted_from VALUES(14850,10),(14850,11),(14850,5282),(14850,5287),(14850,5337);
INSERT INTO related_crafted_from VALUES(14851,10),(14851,11),(14851,5282),(14851,5287),(14851,5337);
INSERT INTO related_crafted_from VALUES(14852,10),(14852,11),(14852,5288),(14852,5328),(14852,5337);
INSERT INTO related_crafted_from VALUES(14853,10),(14853,11),(14853,5288),(14853,5328),(14853,5337);
INSERT INTO related_crafted_from VALUES(14868,10),(14868,11),(14868,5065),(14868,5287),(14868,5322);
INSERT INTO related_crafted_from VALUES(14869,10),(14869,11),(14869,5068),(14869,5286),(14869,5287),(14869,5328),(14869,5337);
INSERT INTO related_crafted_from VALUES(14894,10),(14894,11),(14894,5068),(14894,5286);
INSERT INTO related_crafted_from VALUES(14900,16),(14900,18),(14900,5348),(14900,8185),(14900,12592),(14900,12596);
INSERT INTO related_crafted_from VALUES(14901,16),(14901,18),(14901,5348),(14901,8186),(14901,12592),(14901,12596);
INSERT INTO related_crafted_from VALUES(14902,16),(14902,18),(14902,5348),(14902,8187),(14902,12592),(14902,12596);
INSERT INTO related_crafted_from VALUES(14903,16),(14903,18),(14903,5348),(14903,7770),(14903,8188),(14903,12592),(14903,12596);
INSERT INTO related_crafted_from VALUES(14924,10),(14924,11),(14924,5057),(14924,12564),(14924,12590),(14924,12595);
INSERT INTO related_crafted_from VALUES(14925,10),(14925,12),(14925,12564),(14925,12590),(14925,12595);
INSERT INTO related_crafted_from VALUES(14926,10),(14926,11),(14926,5510),(14926,12564),(14926,12590),(14926,12595);
INSERT INTO related_crafted_from VALUES(14927,10),(14927,12),(14927,5057),(14927,5186),(14927,12564),(14927,12590),(14927,12595);
INSERT INTO related_crafted_from VALUES(14928,10),(14928,11),(14928,5092),(14928,12564),(14928,12595);
INSERT INTO related_crafted_from VALUES(14929,10),(14929,12),(14929,5092),(14929,12564),(14929,12590);
INSERT INTO related_crafted_from VALUES(14930,10),(14930,11),(14930,5510),(14930,12564),(14930,12595);
INSERT INTO related_crafted_from VALUES(14935,14),(14935,15),(14935,17),(14935,5116),(14935,5530),(14935,12224),(14935,13750);
INSERT INTO related_crafted_from VALUES(14939,16),(14939,18),(14939,8149),(14939,12596),(14939,13744),(14939,13748);
INSERT INTO related_crafted_from VALUES(14940,16),(14940,18),(14940,8149),(14940,12522),(14940,12596),(14940,12658),(14940,13744);
INSERT INTO related_crafted_from VALUES(14941,16),(14941,17),(14941,8149),(14941,12596),(14941,13745),(14941,13749);
INSERT INTO related_crafted_from VALUES(14942,16),(14942,18),(14942,8149),(14942,12596),(14942,13744),(14942,13749);
INSERT INTO related_crafted_from VALUES(14943,16),(14943,17),(14943,5510),(14943,8149),(14943,12595),(14943,13745),(14943,13748);
INSERT INTO related_crafted_from VALUES(15097,14),(15097,16),(15097,5377),(15097,9358),(15097,9360),(15097,9376),(15097,12610),(15097,15098);
INSERT INTO related_crafted_from VALUES(15143,15),(15143,16),(15143,7017),(15143,7606),(15143,7607),(15143,8149);
INSERT INTO related_crafted_from VALUES(15145,16),(15145,18),(15145,8025),(15145,12574),(15145,12592),(15145,12594),(15145,12655),(15145,13748);
INSERT INTO related_crafted_from VALUES(15146,2),(15146,7),(15146,4645),(15146,4653),(15146,4684),(15146,4697),(15146,4757),(15146,4780);
INSERT INTO related_crafted_from VALUES(15147,9),(15147,10),(15147,7017),(15147,12581),(15147,12912);
INSERT INTO related_crafted_from VALUES(15149,15),(15149,17),(15149,5998),(15149,7607),(15149,12529),(15149,12610),(15149,13747);
INSERT INTO related_crafted_from VALUES(15150,15),(15150,17),(15150,5998),(15150,7607),(15150,12529),(15150,12610),(15150,13747);
INSERT INTO related_crafted_from VALUES(15151,4),(15151,6),(15151,5063),(15151,5065),(15151,5327),(15151,5373);
INSERT INTO related_crafted_from VALUES(15152,14),(15152,16),(15152,7010),(15152,14146),(15152,14149),(15152,15653);
INSERT INTO related_crafted_from VALUES(15157,15),(15157,16),(15157,5336),(15157,7017),(15157,7772);
INSERT INTO related_crafted_from VALUES(15159,14),(15159,16),(15159,6479),(15159,6480),(15159,7807),(15159,8149);
INSERT INTO related_crafted_from VALUES(15160,15),(15160,16),(15160,7008),(15160,7017),(15160,7020),(15160,7606),(15160,8149),(15160,14157);
INSERT INTO related_crafted_from VALUES(15161,15),(15161,16),(15161,7008),(15161,7012),(15161,7015),(15161,7017),(15161,7606),(15161,8149);
INSERT INTO related_crafted_from VALUES(15164,14),(15164,16),(15164,5261),(15164,7009),(15164,7016);
INSERT INTO related_crafted_from VALUES(15165,10),(15165,12),(15165,5329),(15165,5789),(15165,7016),(15165,12590),(15165,12595);
INSERT INTO related_crafted_from VALUES(15427,16),(15427,17),(15427,14149),(15427,14155),(15427,14187),(15427,14190),(15427,15653);
INSERT INTO related_crafted_from VALUES(15436,6),(15436,8019),(15436,12592),(15436,12596),(15436,13754);
INSERT INTO related_crafted_from VALUES(15437,3),(15437,9377),(15437,12592),(15437,12596),(15437,13754);
INSERT INTO related_crafted_from VALUES(15472,16),(15472,17),(15472,12541),(15472,12564),(15472,12595),(15472,15945);
INSERT INTO related_crafted_from VALUES(15473,16),(15473,18),(15473,12590),(15473,12595),(15473,15945);
INSERT INTO related_crafted_from VALUES(15474,16),(15474,18),(15474,12524),(15474,12564),(15474,12590),(15474,12595),(15474,15945);
INSERT INTO related_crafted_from VALUES(15475,16),(15475,17),(15475,12564),(15475,12595),(15475,15945);
INSERT INTO related_crafted_from VALUES(15505,16),(15505,17),(15505,12610),(15505,14149),(15505,14153),(15505,14155),(15505,15645);
INSERT INTO related_crafted_from VALUES(15506,16),(15506,17),(15506,14146),(15506,14152),(15506,14153),(15506,14155),(15506,15645);
INSERT INTO related_crafted_from VALUES(15507,16),(15507,17),(15507,14146),(15507,14153),(15507,14155),(15507,15645);
INSERT INTO related_crafted_from VALUES(15508,16),(15508,18),(15508,14146),(15508,14152),(15508,14153),(15508,14155),(15508,15645);
INSERT INTO related_crafted_from VALUES(15509,16),(15509,17),(15509,5510),(15509,14146),(15509,14153),(15509,14155),(15509,15645);
INSERT INTO related_crafted_from VALUES(15510,16),(15510,17),(15510,5339),(15510,12610),(15510,13747),(15510,13749),(15510,14188);
INSERT INTO related_crafted_from VALUES(15511,16),(15511,17),(15511,5339),(15511,12525),(15511,13748),(15511,13749),(15511,14188);
INSERT INTO related_crafted_from VALUES(15512,16),(15512,17),(15512,5339),(15512,13747),(15512,13749),(15512,14188);
INSERT INTO related_crafted_from VALUES(15513,16),(15513,18),(15513,5339),(15513,12525),(15513,13748),(15513,13749),(15513,14188);
INSERT INTO related_crafted_from VALUES(15514,16),(15514,17),(15514,5339),(15514,5510),(15514,13747),(15514,13749),(15514,14188);
INSERT INTO related_crafted_from VALUES(15515,16),(15515,18),(15515,14149),(15515,14152),(15515,14153),(15515,15645);
INSERT INTO related_crafted_from VALUES(15516,16),(15516,18),(15516,14146),(15516,14152),(15516,14153),(15516,14155),(15516,15645);
INSERT INTO related_crafted_from VALUES(15517,16),(15517,18),(15517,14146),(15517,14152),(15517,14153),(15517,15645);
INSERT INTO related_crafted_from VALUES(15518,16),(15518,18),(15518,14146),(15518,14152),(15518,14153),(15518,14155),(15518,15645);
INSERT INTO related_crafted_from VALUES(15519,16),(15519,17),(15519,5510),(15519,14146),(15519,14153),(15519,14155),(15519,15645);
INSERT INTO related_crafted_from VALUES(15520,16),(15520,18),(15520,5339),(15520,13747),(15520,13748),(15520,14188);
INSERT INTO related_crafted_from VALUES(15521,16),(15521,18),(15521,5339),(15521,12525),(15521,13748),(15521,13749),(15521,14188);
INSERT INTO related_crafted_from VALUES(15522,16),(15522,18),(15522,5339),(15522,13747),(15522,13748),(15522,14188);
INSERT INTO related_crafted_from VALUES(15523,16),(15523,18),(15523,5339),(15523,12525),(15523,13748),(15523,13749),(15523,14188);
INSERT INTO related_crafted_from VALUES(15524,16),(15524,17),(15524,5339),(15524,5510),(15524,13747),(15524,13749),(15524,14188);
INSERT INTO related_crafted_from VALUES(15525,15),(15525,16),(15525,14153),(15525,14155),(15525,14157),(15525,15645);
INSERT INTO related_crafted_from VALUES(15526,14),(15526,16),(15526,12912),(15526,14149),(15526,15645);
INSERT INTO related_crafted_from VALUES(15527,15),(15527,16),(15527,12912),(15527,14155),(15527,14157),(15527,15645);
INSERT INTO related_crafted_from VALUES(15528,14),(15528,16),(15528,12912),(15528,14149),(15528,15645);
INSERT INTO related_crafted_from VALUES(15529,16),(15529,17),(15529,14155),(15529,14184),(15529,15645);
INSERT INTO related_crafted_from VALUES(15530,15),(15530,16),(15530,14153),(15530,14155),(15530,14157),(15530,15645);
INSERT INTO related_crafted_from VALUES(15531,14),(15531,16),(15531,12912),(15531,14149),(15531,15645);
INSERT INTO related_crafted_from VALUES(15532,15),(15532,16),(15532,12912),(15532,14155),(15532,14157),(15532,15645);
INSERT INTO related_crafted_from VALUES(15533,14),(15533,16),(15533,12912),(15533,14149),(15533,15645);
INSERT INTO related_crafted_from VALUES(15534,16),(15534,17),(15534,14155),(15534,14184),(15534,15645);
INSERT INTO related_crafted_from VALUES(15535,14),(15535,17),(15535,5069),(15535,7607),(15535,14146),(15535,14157),(15535,15645);
INSERT INTO related_crafted_from VALUES(15536,14),(15536,17),(15536,5069),(15536,7607),(15536,14146),(15536,14157),(15536,15645);
INSERT INTO related_crafted_from VALUES(15537,14),(15537,17),(15537,5069),(15537,7607),(15537,14146),(15537,14155),(15537,15645);
INSERT INTO related_crafted_from VALUES(15538,14),(15538,17),(15538,5069),(15538,14146),(15538,14149),(15538,14157),(15538,15645);
INSERT INTO related_crafted_from VALUES(15539,14),(15539,17),(15539,5069),(15539,7607),(15539,14146),(15539,14155),(15539,15645);
INSERT INTO related_crafted_from VALUES(15540,14),(15540,16),(15540,5069),(15540,7609),(15540,14149),(15540,14157),(15540,15645);
INSERT INTO related_crafted_from VALUES(15541,15),(15541,17),(15541,5069),(15541,12610),(15541,14146),(15541,14149),(15541,15645);
INSERT INTO related_crafted_from VALUES(15542,15),(15542,17),(15542,5069),(15542,7607),(15542,14146),(15542,14157),(15542,15645);
INSERT INTO related_crafted_from VALUES(15543,14),(15543,17),(15543,5069),(15543,7607),(15543,14146),(15543,14157),(15543,15645);
INSERT INTO related_crafted_from VALUES(15544,14),(15544,17),(15544,5069),(15544,7607),(15544,14146),(15544,14157),(15544,15645);
INSERT INTO related_crafted_from VALUES(15545,15),(15545,16),(15545,5069),(15545,7607),(15545,14146),(15545,14157),(15545,15645);
INSERT INTO related_crafted_from VALUES(15546,14),(15546,17),(15546,5069),(15546,7607),(15546,14146),(15546,14157),(15546,15645);
INSERT INTO related_crafted_from VALUES(15547,14),(15547,17),(15547,5069),(15547,7607),(15547,14146),(15547,14155),(15547,15645);
INSERT INTO related_crafted_from VALUES(15548,14),(15548,17),(15548,5069),(15548,7607),(15548,14146),(15548,15645);
INSERT INTO related_crafted_from VALUES(15549,15),(15549,16),(15549,5069),(15549,7607),(15549,14149),(15549,14157),(15549,15645);
INSERT INTO related_crafted_from VALUES(15550,14),(15550,17),(15550,5069),(15550,7609),(15550,14146),(15550,15645);
INSERT INTO related_crafted_from VALUES(15551,15),(15551,16),(15551,5069),(15551,7607),(15551,14157),(15551,15645);
INSERT INTO related_crafted_from VALUES(15552,14),(15552,17),(15552,5069),(15552,7607),(15552,14146),(15552,14157),(15552,15645);
INSERT INTO related_crafted_from VALUES(15553,14),(15553,17),(15553,5069),(15553,7607),(15553,14146),(15553,14157),(15553,15645);
INSERT INTO related_crafted_from VALUES(15554,14),(15554,17),(15554,5069),(15554,7607),(15554,14146),(15554,14157),(15554,15645);
INSERT INTO related_crafted_from VALUES(15555,14),(15555,17),(15555,5069),(15555,7607),(15555,14146),(15555,14157),(15555,15645);
INSERT INTO related_crafted_from VALUES(15556,18),(15556,5069),(15556,7606),(15556,7607),(15556,8020),(15556,8147);
INSERT INTO related_crafted_from VALUES(15557,18),(15557,5069),(15557,7607),(15557,7608),(15557,8020),(15557,8147);
INSERT INTO related_crafted_from VALUES(15558,18),(15558,5069),(15558,7606),(15558,7607),(15558,8020),(15558,8147);
INSERT INTO related_crafted_from VALUES(15559,18),(15559,5069),(15559,7606),(15559,7607),(15559,8020),(15559,8147);
INSERT INTO related_crafted_from VALUES(15560,18),(15560,5069),(15560,7606),(15560,7607),(15560,8020),(15560,8147);
INSERT INTO related_crafted_from VALUES(15561,18),(15561,5069),(15561,7606),(15561,7607),(15561,8020),(15561,8147);
INSERT INTO related_crafted_from VALUES(15562,18),(15562,5069),(15562,7606),(15562,7607),(15562,8020),(15562,8147);
INSERT INTO related_crafted_from VALUES(15563,18),(15563,5069),(15563,7606),(15563,7607),(15563,8020),(15563,8147),(15563,12611);
INSERT INTO related_crafted_from VALUES(15564,18),(15564,5069),(15564,7606),(15564,8020),(15564,8147);
INSERT INTO related_crafted_from VALUES(15565,18),(15565,5069),(15565,5191),(15565,7606),(15565,8020),(15565,8147);
INSERT INTO related_crafted_from VALUES(15566,18),(15566,5069),(15566,5480),(15566,7606),(15566,7608),(15566,8020),(15566,8147);
INSERT INTO related_crafted_from VALUES(15567,18),(15567,5069),(15567,5480),(15567,7606),(15567,7608),(15567,8020),(15567,8147);
INSERT INTO related_crafted_from VALUES(15568,18),(15568,5069),(15568,5480),(15568,7607),(15568,8020),(15568,8147);
INSERT INTO related_crafted_from VALUES(15569,18),(15569,5069),(15569,7607),(15569,7608),(15569,8020),(15569,8147);
INSERT INTO related_crafted_from VALUES(15570,16),(15570,19),(15570,8147),(15570,12257),(15570,14146),(15570,14149),(15570,14157);
INSERT INTO related_crafted_from VALUES(15571,16),(15571,19),(15571,8147),(15571,12257),(15571,14146),(15571,14149),(15571,14157);
INSERT INTO related_crafted_from VALUES(15572,16),(15572,19),(15572,8147),(15572,12257),(15572,14146),(15572,14149),(15572,14157);
INSERT INTO related_crafted_from VALUES(15573,16),(15573,19),(15573,8147),(15573,12257),(15573,14146),(15573,14149),(15573,14157);
INSERT INTO related_crafted_from VALUES(15574,16),(15574,19),(15574,8147),(15574,12257),(15574,14146),(15574,14149),(15574,14157);
INSERT INTO related_crafted_from VALUES(15575,16),(15575,19),(15575,8147),(15575,12257),(15575,14146),(15575,14149),(15575,14157);
INSERT INTO related_crafted_from VALUES(15576,16),(15576,19),(15576,8147),(15576,12257),(15576,14146),(15576,14149),(15576,14157);
INSERT INTO related_crafted_from VALUES(15577,16),(15577,19),(15577,8147),(15577,12257),(15577,12611),(15577,14146),(15577,14149),(15577,14157);
INSERT INTO related_crafted_from VALUES(15578,16),(15578,19),(15578,8147),(15578,12257),(15578,14146),(15578,14149),(15578,14157);
INSERT INTO related_crafted_from VALUES(15579,16),(15579,19),(15579,8147),(15579,12257),(15579,14146),(15579,14149),(15579,14157);
INSERT INTO related_crafted_from VALUES(15580,16),(15580,19),(15580,8147),(15580,12257),(15580,12603),(15580,14146),(15580,14149),(15580,14157);
INSERT INTO related_crafted_from VALUES(15581,16),(15581,19),(15581,8147),(15581,12257),(15581,12603),(15581,14146),(15581,14149),(15581,14157);
INSERT INTO related_crafted_from VALUES(15582,16),(15582,19),(15582,8147),(15582,12257),(15582,12603),(15582,14146),(15582,14149),(15582,14157);
INSERT INTO related_crafted_from VALUES(15583,16),(15583,19),(15583,8147),(15583,12257),(15583,14146),(15583,14149),(15583,14157);
INSERT INTO related_crafted_from VALUES(15645,18),(15645,19),(15645,15646),(15645,15647),(15645,15648),(15645,15649);
INSERT INTO related_crafted_from VALUES(15650,14),(15650,19),(15650,4779),(15650,4839),(15650,9371),(15650,12878),(15650,12905),(15650,15652);
INSERT INTO related_crafted_from VALUES(15651,14),(15651,19),(15651,4792),(15651,4865),(15651,12903),(15651,12908),(15651,14143);
INSERT INTO related_crafted_from VALUES(15805,12),(15805,13),(15805,12601),(15805,14183),(15805,15831);
INSERT INTO related_crafted_from VALUES(15806,12),(15806,13),(15806,12601),(15806,14183),(15806,15832);
INSERT INTO related_crafted_from VALUES(15807,12),(15807,13),(15807,12601),(15807,14183),(15807,15833);
INSERT INTO related_crafted_from VALUES(15819,12),(15819,13),(15819,5481),(15819,14182),(15819,15834);
INSERT INTO related_crafted_from VALUES(15820,12),(15820,13),(15820,5481),(15820,14182),(15820,15835);
INSERT INTO related_crafted_from VALUES(15821,12),(15821,13),(15821,5481),(15821,14182),(15821,15836);
INSERT INTO related_crafted_from VALUES(15822,18),(15822,19),(15822,12603),(15822,14183),(15822,15837);
INSERT INTO related_crafted_from VALUES(15823,12),(15823,13),(15823,5480),(15823,14181),(15823,15838);
INSERT INTO related_crafted_from VALUES(15825,12),(15825,13),(15825,12601),(15825,14183),(15825,15839);
INSERT INTO related_crafted_from VALUES(15913,10),(15913,5069),(15913,5196),(15913,6161),(15913,8147),(15913,8152);
INSERT INTO related_crafted_from VALUES(15914,18),(15914,19),(15914,5473),(15914,7161),(15914,7807),(15914,8147),(15914,8154);
INSERT INTO related_crafted_from VALUES(15915,8),(15915,5065),(15915,5187),(15915,6159),(15915,8147),(15915,8151);
INSERT INTO related_crafted_from VALUES(15916,11),(15916,5184),(15916,6163),(15916,7807),(15916,8147),(15916,8153);
INSERT INTO related_crafted_from VALUES(15921,10),(15921,12),(15921,5338),(15921,7772);
INSERT INTO related_crafted_from VALUES(15922,10),(15922,12),(15922,5338),(15922,7772);
INSERT INTO related_crafted_from VALUES(15923,10),(15923,12),(15923,5338),(15923,7772);
INSERT INTO related_crafted_from VALUES(15924,10),(15924,11),(15924,5288),(15924,7772);
INSERT INTO related_crafted_from VALUES(15925,10),(15925,12),(15925,5338),(15925,7772);
INSERT INTO related_crafted_from VALUES(15926,10),(15926,12),(15926,5338),(15926,7772);
INSERT INTO related_crafted_from VALUES(15927,10),(15927,11),(15927,5288),(15927,7772);
INSERT INTO related_crafted_from VALUES(15928,4),(15928,5),(15928,5174),(15928,5282),(15928,5336);
INSERT INTO related_crafted_from VALUES(15929,4),(15929,6),(15929,5327),(15929,5336);
INSERT INTO related_crafted_from VALUES(15930,4),(15930,6),(15930,5058),(15930,5282),(15930,5327),(15930,5336);
INSERT INTO related_crafted_from VALUES(15931,4),(15931,5),(15931,5282),(15931,5336);
DELETE FROM related_crafts_into;
INSERT INTO related_crafts_into VALUES(1602,1607);
INSERT INTO related_crafts_into VALUES(1603,1609);
INSERT INTO related_crafts_into VALUES(1606,1635);
INSERT INTO related_crafts_into VALUES(1607,1611);
INSERT INTO related_crafts_into VALUES(1613,1642);
INSERT INTO related_crafts_into VALUES(1616,1648);
INSERT INTO related_crafts_into VALUES(1621,1649);
INSERT INTO related_crafts_into VALUES(1636,1670);
INSERT INTO related_crafts_into VALUES(1684,1686);
INSERT INTO related_crafts_into VALUES(1701,1732);
INSERT INTO related_crafts_into VALUES(1750,1752);
INSERT INTO related_crafts_into VALUES(1754,1758);
INSERT INTO related_crafts_into VALUES(1758,1766);
INSERT INTO related_crafts_into VALUES(1771,1800);
INSERT INTO related_crafts_into VALUES(1840,1871);
INSERT INTO related_crafts_into VALUES(1891,1893);
INSERT INTO related_crafts_into VALUES(1892,1894);
INSERT INTO related_crafts_into VALUES(1894,1905);
INSERT INTO related_crafts_into VALUES(1895,1899);
INSERT INTO related_crafts_into VALUES(1910,1941);
INSERT INTO related_crafts_into VALUES(1920,1932);
INSERT INTO related_crafts_into VALUES(1925,1942);
INSERT INTO related_crafts_into VALUES(1958,1959);
INSERT INTO related_crafts_into VALUES(1959,1960);
INSERT INTO related_crafts_into VALUES(1961,1963);
INSERT INTO related_crafts_into VALUES(1963,1965);
INSERT INTO related_crafts_into VALUES(1967,1969);
INSERT INTO related_crafts_into VALUES(2011,2021);
INSERT INTO related_crafts_into VALUES(2014,2041);
INSERT INTO related_crafts_into VALUES(2057,2061);
INSERT INTO related_crafts_into VALUES(2068,2093);
INSERT INTO related_crafts_into VALUES(2069,2076);
INSERT INTO related_crafts_into VALUES(2106,2108);
INSERT INTO related_crafts_into VALUES(2107,2109);
INSERT INTO related_crafts_into VALUES(2111,2118);
INSERT INTO related_crafts_into VALUES(2121,2123);
INSERT INTO related_crafts_into VALUES(2143,2145);
INSERT INTO related_crafts_into VALUES(2147,2149);
INSERT INTO related_crafts_into VALUES(2156,2160);
INSERT INTO related_crafts_into VALUES(2158,2184);
INSERT INTO related_crafts_into VALUES(2166,2169);
INSERT INTO related_crafts_into VALUES(2185,2189);
INSERT INTO related_crafts_into VALUES(2224,2238);
INSERT INTO related_crafts_into VALUES(2225,2244);
INSERT INTO related_crafts_into VALUES(2227,2264);
INSERT INTO related_crafts_into VALUES(2231,2239);
INSERT INTO related_crafts_into VALUES(2232,2278);
INSERT INTO related_crafts_into VALUES(2237,2289);
INSERT INTO related_crafts_into VALUES(2239,2260);
INSERT INTO related_crafts_into VALUES(2242,2262);
INSERT INTO related_crafts_into VALUES(2259,2300);
INSERT INTO related_crafts_into VALUES(2316,2317);
INSERT INTO related_crafts_into VALUES(2334,2335);
INSERT INTO related_crafts_into VALUES(2346,2347);
INSERT INTO related_crafts_into VALUES(2349,2350);
INSERT INTO related_crafts_into VALUES(2351,2352);
INSERT INTO related_crafts_into VALUES(2372,2373);
INSERT INTO related_crafts_into VALUES(2393,2394);
INSERT INTO related_crafts_into VALUES(2396,2397);
INSERT INTO related_crafts_into VALUES(2417,2419);
INSERT INTO related_crafts_into VALUES(2422,2423);
INSERT INTO related_crafts_into VALUES(2436,2437);
INSERT INTO related_crafts_into VALUES(2469,2470);
INSERT INTO related_crafts_into VALUES(2472,2473);
INSERT INTO related_crafts_into VALUES(2476,2477);
INSERT INTO related_crafts_into VALUES(2487,2488);
INSERT INTO related_crafts_into VALUES(2520,2522);
INSERT INTO related_crafts_into VALUES(2539,2540);
INSERT INTO related_crafts_into VALUES(2549,2550);
INSERT INTO related_crafts_into VALUES(2565,2566);
INSERT INTO related_crafts_into VALUES(2578,2579);
INSERT INTO related_crafts_into VALUES(2581,2582);
INSERT INTO related_crafts_into VALUES(2617,2930);
INSERT INTO related_crafts_into VALUES(2657,2785);
INSERT INTO related_crafts_into VALUES(2664,2680);
INSERT INTO related_crafts_into VALUES(2667,2757);
INSERT INTO related_crafts_into VALUES(2702,2855);
INSERT INTO related_crafts_into VALUES(2708,2725);
INSERT INTO related_crafts_into VALUES(2728,2731);
INSERT INTO related_crafts_into VALUES(2759,2888);
INSERT INTO related_crafts_into VALUES(2774,2769);
INSERT INTO related_crafts_into VALUES(2802,2830);
INSERT INTO related_crafts_into VALUES(2931,2932);
INSERT INTO related_crafts_into VALUES(2998,3105);
INSERT INTO related_crafts_into VALUES(3009,3076);
INSERT INTO related_crafts_into VALUES(3012,3137);
INSERT INTO related_crafts_into VALUES(3021,3164);
INSERT INTO related_crafts_into VALUES(3059,3218);
INSERT INTO related_crafts_into VALUES(3098,3182);
INSERT INTO related_crafts_into VALUES(3108,3208);
INSERT INTO related_crafts_into VALUES(3342,3406);
INSERT INTO related_crafts_into VALUES(3540,3550);
INSERT INTO related_crafts_into VALUES(3602,3691);
INSERT INTO related_crafts_into VALUES(3616,3656),(3616,3658),(3616,3660),(3616,3662),(3616,3664),(3616,3666);
INSERT INTO related_crafts_into VALUES(3740,3788),(3740,3790);
INSERT INTO related_crafts_into VALUES(3830,3911);
INSERT INTO related_crafts_into VALUES(3961,4000);
INSERT INTO related_crafts_into VALUES(3964,4018);
INSERT INTO related_crafts_into VALUES(3971,4015);
INSERT INTO related_crafts_into VALUES(3974,8807),(3974,9739),(3974,12115);
INSERT INTO related_crafts_into VALUES(4574,6510);
INSERT INTO related_crafts_into VALUES(4575,6511);
INSERT INTO related_crafts_into VALUES(4576,6509);
INSERT INTO related_crafts_into VALUES(4583,9205);
INSERT INTO related_crafts_into VALUES(4584,6508);
INSERT INTO related_crafts_into VALUES(4587,9224);
INSERT INTO related_crafts_into VALUES(4603,1971);
INSERT INTO related_crafts_into VALUES(4607,7511);
INSERT INTO related_crafts_into VALUES(4608,1987);
INSERT INTO related_crafts_into VALUES(4640,7959);
INSERT INTO related_crafts_into VALUES(4644,9728);
INSERT INTO related_crafts_into VALUES(4645,15146);
INSERT INTO related_crafts_into VALUES(4653,15146);
INSERT INTO related_crafts_into VALUES(4654,7959);
INSERT INTO related_crafts_into VALUES(4666,4671);
INSERT INTO related_crafts_into VALUES(4679,7960);
INSERT INTO related_crafts_into VALUES(4684,15146);
INSERT INTO related_crafts_into VALUES(4696,4641),(4696,12858);
INSERT INTO related_crafts_into VALUES(4697,4703),(4697,4704),(4697,7959),(4697,15146);
INSERT INTO related_crafts_into VALUES(4698,7961);
INSERT INTO related_crafts_into VALUES(4701,7961),(4701,9726);
INSERT INTO related_crafts_into VALUES(4702,4687),(4702,7960),(4702,12861);
INSERT INTO related_crafts_into VALUES(4704,12092);
INSERT INTO related_crafts_into VALUES(4728,4716),(4728,4733);
INSERT INTO related_crafts_into VALUES(4731,9726);
INSERT INTO related_crafts_into VALUES(4734,7961),(4734,12086);
INSERT INTO related_crafts_into VALUES(4735,7573),(4735,9735);
INSERT INTO related_crafts_into VALUES(4745,7963),(4745,12092);
INSERT INTO related_crafts_into VALUES(4746,7963);
INSERT INTO related_crafts_into VALUES(4749,7961);
INSERT INTO related_crafts_into VALUES(4750,9728);
INSERT INTO related_crafts_into VALUES(4751,4650),(4751,4652),(4751,4653),(4751,4656),(4751,4659),(4751,4673),(4751,4678),(4751,4681),(4751,4682),(4751,4684),(4751,4686),(4751,4696),(4751,4698),(4751,4699),(4751,4700),(4751,4701),(4751,4702),(4751,4717),(4751,4718),(4751,4719),(4751,4749),(4751,4750),(4751,4859),(4751,4861),(4751,6144),(4751,9330),(4751,9331),(4751,14053);
INSERT INTO related_crafts_into VALUES(4752,4651),(4752,4698),(4752,4716),(4752,4726),(4752,4736),(4752,4754);
INSERT INTO related_crafts_into VALUES(4753,4697),(4753,4700),(4753,4703),(4753,4732),(4753,4735),(4753,4852),(4753,4853);
INSERT INTO related_crafts_into VALUES(4754,4654),(4754,4695),(4754,4722),(4754,4723);
INSERT INTO related_crafts_into VALUES(4755,4683),(4755,4685),(4755,4687);
INSERT INTO related_crafts_into VALUES(4756,4715),(4756,4724),(4756,7575),(4756,12851),(4756,12861),(4756,12868);
INSERT INTO related_crafts_into VALUES(4757,4714),(4757,4725),(4757,15146);
INSERT INTO related_crafts_into VALUES(4758,4639),(4758,4708);
INSERT INTO related_crafts_into VALUES(4759,4673),(4759,9727);
INSERT INTO related_crafts_into VALUES(4760,4640),(4760,4642),(4760,4718);
INSERT INTO related_crafts_into VALUES(4761,4641);
INSERT INTO related_crafts_into VALUES(4764,4690),(4764,4867);
INSERT INTO related_crafts_into VALUES(4765,4643),(4765,4675),(4765,4710);
INSERT INTO related_crafts_into VALUES(4766,4644),(4766,9727);
INSERT INTO related_crafts_into VALUES(4767,4645),(4767,4692);
INSERT INTO related_crafts_into VALUES(4768,4646),(4768,4678);
INSERT INTO related_crafts_into VALUES(4769,4647),(4769,4679),(4769,4715);
INSERT INTO related_crafts_into VALUES(4770,4676);
INSERT INTO related_crafts_into VALUES(4771,4687),(4771,5484);
INSERT INTO related_crafts_into VALUES(4772,4641),(4772,4650),(4772,4698),(4772,4699),(4772,4700),(4772,4702),(4772,4709),(4772,4731);
INSERT INTO related_crafts_into VALUES(4773,4651),(4773,4652),(4773,4724);
INSERT INTO related_crafts_into VALUES(4774,4653),(4774,4654);
INSERT INTO related_crafts_into VALUES(4775,4655),(4775,4656),(4775,4671),(4775,4703),(4775,4704),(4775,4715),(4775,4734),(4775,7571),(4775,7575),(4775,8804);
INSERT INTO related_crafts_into VALUES(4776,12088),(4776,13070);
INSERT INTO related_crafts_into VALUES(4779,4681),(4779,9723),(4779,15650);
INSERT INTO related_crafts_into VALUES(4780,4642),(4780,4677),(4780,4691),(4780,4694),(4780,4720),(4780,4865),(4780,7959),(4780,9723),(4780,15146);
INSERT INTO related_crafts_into VALUES(4781,4682),(4781,4723);
INSERT INTO related_crafts_into VALUES(4783,4669),(4783,4682),(4783,4684);
INSERT INTO related_crafts_into VALUES(4784,4651),(4784,4655),(4784,4662),(4784,4720),(4784,6958),(4784,7574),(4784,9727),(4784,14136),(4784,14139);
INSERT INTO related_crafts_into VALUES(4786,4683);
INSERT INTO related_crafts_into VALUES(4790,4691),(4790,6141);
INSERT INTO related_crafts_into VALUES(4791,4664),(4791,4719),(4791,6144);
INSERT INTO related_crafts_into VALUES(4792,4677),(4792,12867),(4792,15651);
INSERT INTO related_crafts_into VALUES(4793,4687);
INSERT INTO related_crafts_into VALUES(4794,5470);
INSERT INTO related_crafts_into VALUES(4795,4657),(4795,4689),(4795,4692);
INSERT INTO related_crafts_into VALUES(4796,4599),(4796,4669),(4796,4690),(4796,4692);
INSERT INTO related_crafts_into VALUES(4797,4684),(4797,4691),(4797,4693),(4797,4694);
INSERT INTO related_crafts_into VALUES(4798,4654);
INSERT INTO related_crafts_into VALUES(4800,4656),(4800,4695);
INSERT INTO related_crafts_into VALUES(4803,4854),(4803,4855);
INSERT INTO related_crafts_into VALUES(4805,4674);
INSERT INTO related_crafts_into VALUES(4806,4697);
INSERT INTO related_crafts_into VALUES(4807,4701);
INSERT INTO related_crafts_into VALUES(4813,4685);
INSERT INTO related_crafts_into VALUES(4818,4682),(4818,9738),(4818,12863);
INSERT INTO related_crafts_into VALUES(4819,4695),(4819,4723),(4819,9738),(4819,12088),(4819,13070);
INSERT INTO related_crafts_into VALUES(4820,4674);
INSERT INTO related_crafts_into VALUES(4822,4718);
INSERT INTO related_crafts_into VALUES(4823,4825);
INSERT INTO related_crafts_into VALUES(4824,4716),(4824,4826),(4824,9331);
INSERT INTO related_crafts_into VALUES(4825,2588),(4825,2589),(4825,2593),(4825,4696),(4825,4701),(4825,4702);
INSERT INTO related_crafts_into VALUES(4826,2595),(4826,2598),(4826,4658),(4826,4662),(4826,4665),(4826,4671),(4826,4672),(4826,4673),(4826,4675),(4826,4676),(4826,4678),(4826,4692),(4826,4697),(4826,4698),(4826,4699),(4826,4700),(4826,4731),(4826,4732),(4826,4734),(4826,4861),(4826,7571),(4826,7573),(4826,8804),(4826,9735),(4826,12850);
INSERT INTO related_crafts_into VALUES(4827,4700),(4827,12850);
INSERT INTO related_crafts_into VALUES(4828,4709),(4828,4713),(4828,4716),(4828,4750),(4828,9330),(4828,14134),(4828,14135);
INSERT INTO related_crafts_into VALUES(4831,4711),(4831,4750),(4831,4856),(4831,9516),(4831,14134);
INSERT INTO related_crafts_into VALUES(4832,4566);
INSERT INTO related_crafts_into VALUES(4833,12848),(4833,14134),(4833,14135);
INSERT INTO related_crafts_into VALUES(4834,4674),(4834,4726);
INSERT INTO related_crafts_into VALUES(4838,4665),(4838,4686),(4838,14136);
INSERT INTO related_crafts_into VALUES(4839,4647),(4839,4677),(4839,4686),(4839,12869),(4839,14139),(4839,15650);
INSERT INTO related_crafts_into VALUES(4840,4557),(4840,4558),(4840,4620),(4840,4621),(4840,4622),(4840,4623),(4840,4624),(4840,4625),(4840,4663),(4840,9738);
INSERT INTO related_crafts_into VALUES(4841,4671),(4841,14138);
INSERT INTO related_crafts_into VALUES(4843,4567),(4843,4587),(4843,4694),(4843,4721),(4843,4733),(4843,6951),(4843,7540);
INSERT INTO related_crafts_into VALUES(4844,4646),(4844,4671),(4844,4679),(4844,4715),(4844,4720),(4844,7571),(4844,7575);
INSERT INTO related_crafts_into VALUES(4845,4604),(4845,4646),(4845,4693),(4845,12853);
INSERT INTO related_crafts_into VALUES(4846,4750),(4846,6963),(4846,9738),(4846,12088),(4846,13070);
INSERT INTO related_crafts_into VALUES(4847,4640),(4847,4642),(4847,4643),(4847,4644),(4847,4645),(4847,4646),(4847,4651),(4847,4652),(4847,4653),(4847,4654),(4847,4656),(4847,4657),(4847,4659),(4847,4660),(4847,4661),(4847,4663),(4847,4666),(4847,4669),(4847,4670),(4847,4672),(4847,4683),(4847,4684),(4847,4685),(4847,4686),(4847,4688),(4847,4690),(4847,4691),(4847,4692),(4847,4693),(4847,4694),(4847,4696),(4847,4697),(4847,4699),(4847,4701),(4847,4714),(4847,4717),(4847,4718),(4847,4732),(4847,4733),(4847,4861),(4847,6142),(4847,6143),(4847,6144),(4847,7571),(4847,7574),(4847,7575),(4847,7963),(4847,10332);
INSERT INTO related_crafts_into VALUES(4848,4697),(4848,4699),(4848,4709),(4848,4712),(4848,4713),(4848,4731),(4848,4735),(4848,4736),(4848,6956),(4848,6957),(4848,6958),(4848,6959),(4848,6960),(4848,6961),(4848,6962),(4848,6963),(4848,7570),(4848,7961),(4848,9330),(4848,9726),(4848,12091),(4848,12842),(4848,12845),(4848,12846);
INSERT INTO related_crafts_into VALUES(4849,4681),(4849,4703),(4849,4724),(4849,4732),(4849,4734),(4849,4848);
INSERT INTO related_crafts_into VALUES(4850,4698),(4850,4702),(4850,4716),(4850,4749),(4850,7572),(4850,13743);
INSERT INTO related_crafts_into VALUES(4852,4656),(4852,4676),(4852,4679),(4852,4687),(4852,4719),(4852,4722),(4852,4725),(4852,4756),(4852,7573),(4852,7574),(4852,8804),(4852,9330),(4852,9735),(4852,12089),(4852,12846);
INSERT INTO related_crafts_into VALUES(4853,4651),(4853,4653),(4853,4656),(4853,4657),(4853,4658),(4853,4662),(4853,4684),(4853,4689),(4853,4690),(4853,4697),(4853,4698),(4853,4699),(4853,4703),(4853,4704),(4853,4709),(4853,4710),(4853,4711),(4853,4712),(4853,4719),(4853,4720),(4853,4722),(4853,4731),(4853,4732),(4853,7572),(4853,7573),(4853,7574),(4853,8804),(4853,9516),(4853,9735);
INSERT INTO related_crafts_into VALUES(4854,4735),(4854,4736);
INSERT INTO related_crafts_into VALUES(4855,4735),(4855,6961),(4855,9726);
INSERT INTO related_crafts_into VALUES(4856,1764),(4856,1825),(4856,1937),(4856,2346),(4856,2347),(4856,2381),(4856,2383),(4856,2433),(4856,2434),(4856,2550),(4856,2703),(4856,4664),(4856,4671),(4856,8798);
INSERT INTO related_crafts_into VALUES(4857,4645),(4857,4668),(4857,4670),(4857,4672),(4857,4674),(4857,4682),(4857,4685),(4857,4688),(4857,4693),(4857,4700),(4857,4703),(4857,4721),(4857,9334),(4857,9728),(4857,10332),(4857,12854);
INSERT INTO related_crafts_into VALUES(4858,4677),(4858,4691),(4858,6593),(4858,8798),(4858,9737);
INSERT INTO related_crafts_into VALUES(4859,2238),(4859,4647),(4859,4754);
INSERT INTO related_crafts_into VALUES(4860,4685);
INSERT INTO related_crafts_into VALUES(4861,4708),(4861,4709),(4861,4711),(4861,4712),(4861,4713),(4861,4714),(4861,4715),(4861,4733),(4861,7575),(4861,9516),(4861,12870);
INSERT INTO related_crafts_into VALUES(4862,4647),(4862,4674),(4862,4678),(4862,7570);
INSERT INTO related_crafts_into VALUES(4863,4664),(4863,4712),(4863,4725),(4863,12845),(4863,12870);
INSERT INTO related_crafts_into VALUES(4865,4641),(4865,4651),(4865,4694),(4865,12092),(4865,12858),(4865,12866),(4865,14137),(4865,15651);
INSERT INTO related_crafts_into VALUES(4867,4676),(4867,4719),(4867,12861),(4867,12866);
INSERT INTO related_crafts_into VALUES(4868,6953),(4868,9615),(4868,9616),(4868,9618),(4868,9619),(4868,9621),(4868,9622),(4868,9624),(4868,9625),(4868,9627),(4868,9628);
INSERT INTO related_crafts_into VALUES(4870,7767);
INSERT INTO related_crafts_into VALUES(4871,4670),(4871,4721);
INSERT INTO related_crafts_into VALUES(4876,5504);
INSERT INTO related_crafts_into VALUES(4879,4666);
INSERT INTO related_crafts_into VALUES(4880,2593);
INSERT INTO related_crafts_into VALUES(4881,4667),(4881,4721);
INSERT INTO related_crafts_into VALUES(4882,6144);
INSERT INTO related_crafts_into VALUES(4884,4721);
INSERT INTO related_crafts_into VALUES(4886,4576);
INSERT INTO related_crafts_into VALUES(4891,4668),(4891,4720);
INSERT INTO related_crafts_into VALUES(4892,4669);
INSERT INTO related_crafts_into VALUES(4893,5486);
INSERT INTO related_crafts_into VALUES(4895,2598);
INSERT INTO related_crafts_into VALUES(4896,4670);
INSERT INTO related_crafts_into VALUES(4898,4655);
INSERT INTO related_crafts_into VALUES(4899,9334);
INSERT INTO related_crafts_into VALUES(4900,2620),(4900,2930),(4900,5193);
INSERT INTO related_crafts_into VALUES(4903,5486);
INSERT INTO related_crafts_into VALUES(4905,6143);
INSERT INTO related_crafts_into VALUES(4915,4672);
INSERT INTO related_crafts_into VALUES(4917,8807);
INSERT INTO related_crafts_into VALUES(4923,8808),(4923,9333);
INSERT INTO related_crafts_into VALUES(4925,2588);
INSERT INTO related_crafts_into VALUES(4930,4660),(4930,5482);
INSERT INTO related_crafts_into VALUES(4931,2589);
INSERT INTO related_crafts_into VALUES(4932,4657);
INSERT INTO related_crafts_into VALUES(4933,4659);
INSERT INTO related_crafts_into VALUES(4935,4863);
INSERT INTO related_crafts_into VALUES(4936,4661);
INSERT INTO related_crafts_into VALUES(4949,4662),(4949,12088);
INSERT INTO related_crafts_into VALUES(4955,6142);
INSERT INTO related_crafts_into VALUES(4958,4711);
INSERT INTO related_crafts_into VALUES(4959,2595);
INSERT INTO related_crafts_into VALUES(4982,4663);
INSERT INTO related_crafts_into VALUES(4997,4664);
INSERT INTO related_crafts_into VALUES(5020,7570);
INSERT INTO related_crafts_into VALUES(5025,9332);
INSERT INTO related_crafts_into VALUES(5028,8809);
INSERT INTO related_crafts_into VALUES(5040,6144);
INSERT INTO related_crafts_into VALUES(5050,4658),(5050,4665);
INSERT INTO related_crafts_into VALUES(5051,4658);
INSERT INTO related_crafts_into VALUES(5054,4586),(5054,4605),(5054,4610),(5054,6947);
INSERT INTO related_crafts_into VALUES(5055,4665);
INSERT INTO related_crafts_into VALUES(5056,1602),(5056,1603),(5056,1605),(5056,1682),(5056,1684),(5056,1688),(5056,1750),(5056,1751),(5056,1752),(5056,1753),(5056,1821),(5056,1824),(5056,2058),(5056,2059),(5056,2228),(5056,2231),(5056,2239),(5056,2315),(5056,2316),(5056,2328),(5056,2329),(5056,2341),(5056,2342),(5056,2343),(5056,2355),(5056,2356),(5056,2367),(5056,2368),(5056,2369),(5056,2380),(5056,2381),(5056,2392),(5056,2393),(5056,2405),(5056,2406),(5056,2417),(5056,2418),(5056,2430),(5056,2431),(5056,2481),(5056,2482),(5056,2507),(5056,2508),(5056,2520),(5056,2521),(5056,2534),(5056,2546),(5056,2547),(5056,2560),(5056,2572),(5056,2573),(5056,2660),(5056,2662),(5056,3017),(5056,3535),(5056,3539),(5056,3541),(5056,3762),(5056,3780),(5056,3861),(5056,3959),(5056,3960),(5056,3962),(5056,3965),(5056,3966),(5056,5071),(5056,5081),(5056,5091),(5056,6542),(5056,6599),(5056,6603),(5056,8660),(5056,8661),(5056,9184),(5056,9185),(5056,9186),(5056,9730),(5056,9737),(5056,10402);
INSERT INTO related_crafts_into VALUES(5057,1614),(5057,1622),(5057,1685),(5057,1694),(5057,1708),(5057,1754),(5057,1756),(5057,1758),(5057,1764),(5057,1766),(5057,1778),(5057,1825),(5057,1827),(5057,1833),(5057,1838),(5057,2246),(5057,2268),(5057,2294),(5057,2318),(5057,2319),(5057,2320),(5057,2331),(5057,2332),(5057,2344),(5057,2345),(5057,2346),(5057,2347),(5057,2358),(5057,2359),(5057,2370),(5057,2371),(5057,2372),(5057,2383),(5057,2384),(5057,2395),(5057,2396),(5057,2408),(5057,2409),(5057,2420),(5057,2421),(5057,2422),(5057,2433),(5057,2434),(5057,2447),(5057,2478),(5057,2484),(5057,2485),(5057,2510),(5057,2511),(5057,2523),(5057,2524),(5057,2525),(5057,2536),(5057,2537),(5057,2548),(5057,2549),(5057,2551),(5057,2562),(5057,2563),(5057,2574),(5057,2575),(5057,2576),(5057,2708),(5057,2714),(5057,2719),(5057,3065),(5057,3076),(5057,3099),(5057,3345),(5057,3352),(5057,3363),(5057,3547),(5057,3570),(5057,3574),(5057,3791),(5057,3802),(5057,3804),(5057,3808),(5057,3810),(5057,3970),(5057,3980),(5057,3983),(5057,3989),(5057,3991),(5057,4000),(5057,4005),(5057,5072),(5057,5082),(5057,5092),(5057,6401),(5057,6403),(5057,6407),(5057,6408),(5057,6409),(5057,6432),(5057,6461),(5057,6513),(5057,6544),(5057,6548),(5057,6560),(5057,6602),(5057,6606),(5057,6639),(5057,6645),(5057,6663),(5057,6748),(5057,7018),(5057,7021),(5057,8662),(5057,8663),(5057,8786),(5057,8796),(5057,8811),(5057,9739),(5057,9746),(5057,10525),(5057,12098),(5057,13726),(5057,14924),(5057,14927);
INSERT INTO related_crafts_into VALUES(5058,1625),(5058,1633),(5058,1639),(5058,1697),(5058,1699),(5058,1728),(5058,1769),(5058,1776),(5058,1778),(5058,1781),(5058,1786),(5058,1801),(5058,1838),(5058,1845),(5058,1847),(5058,1915),(5058,1917),(5058,2257),(5058,2321),(5058,2322),(5058,2334),(5058,2348),(5058,2349),(5058,2350),(5058,2361),(5058,2374),(5058,2375),(5058,2386),(5058,2398),(5058,2399),(5058,2411),(5058,2424),(5058,2436),(5058,2476),(5058,2487),(5058,2513),(5058,2514),(5058,2526),(5058,2527),(5058,2539),(5058,2552),(5058,2553),(5058,2565),(5058,2577),(5058,2578),(5058,2579),(5058,2616),(5058,2619),(5058,2753),(5058,2763),(5058,2786),(5058,3138),(5058,3142),(5058,3163),(5058,3386),(5058,3402),(5058,3421),(5058,3581),(5058,3597),(5058,3605),(5058,3616),(5058,3639),(5058,3827),(5058,3835),(5058,3841),(5058,3843),(5058,3850),(5058,4003),(5058,4011),(5058,4016),(5058,5073),(5058,5083),(5058,5093),(5058,6410),(5058,6412),(5058,6414),(5058,6416),(5058,6417),(5058,6418),(5058,6419),(5058,6428),(5058,6443),(5058,6444),(5058,6445),(5058,6450),(5058,6452),(5058,6462),(5058,6487),(5058,6490),(5058,6517),(5058,6519),(5058,6551),(5058,6564),(5058,6570),(5058,6580),(5058,6613),(5058,6621),(5058,6625),(5058,6626),(5058,6627),(5058,6630),(5058,6631),(5058,6644),(5058,6663),(5058,7019),(5058,7022),(5058,7024),(5058,7629),(5058,7630),(5058,7631),(5058,7632),(5058,7633),(5058,7996),(5058,7997),(5058,8664),(5058,8665),(5058,8790),(5058,8797),(5058,8820),(5058,8821),(5058,9193),(5058,9748),(5058,9749),(5058,10401),(5058,10402),(5058,10463),(5058,10465),(5058,15930);
INSERT INTO related_crafts_into VALUES(5059,1657),(5059,1659),(5059,1663),(5059,1723),(5059,1733),(5059,1796),(5059,1801),(5059,1803),(5059,1862),(5059,1867),(5059,1872),(5059,1932),(5059,2088),(5059,2185),(5059,2189),(5059,2287),(5059,2296),(5059,2325),(5059,2338),(5059,2351),(5059,2364),(5059,2376),(5059,2377),(5059,2389),(5059,2402),(5059,2414),(5059,2427),(5059,2440),(5059,2491),(5059,2517),(5059,2529),(5059,2530),(5059,2543),(5059,2555),(5059,2556),(5059,2569),(5059,2618),(5059,2624),(5059,2625),(5059,2626),(5059,2627),(5059,2628),(5059,2859),(5059,2893),(5059,2911),(5059,3183),(5059,3188),(5059,3191),(5059,3205),(5059,3447),(5059,3668),(5059,3669),(5059,3694),(5059,3883),(5059,3886),(5059,4051),(5059,4052),(5059,4061),(5059,5074),(5059,5084),(5059,5094),(5059,6422),(5059,6425),(5059,6433),(5059,6451),(5059,6454),(5059,6463),(5059,6506),(5059,6523),(5059,6566),(5059,6579),(5059,6583),(5059,6585),(5059,6590),(5059,6632),(5059,6647),(5059,6668),(5059,6671),(5059,6739),(5059,6741),(5059,6742),(5059,6746),(5059,6747),(5059,6751),(5059,6769),(5059,6772),(5059,6781),(5059,7020),(5059,7023),(5059,7065),(5059,7066),(5059,7070),(5059,7073),(5059,7075),(5059,7076),(5059,7088),(5059,7108),(5059,7112),(5059,7117),(5059,7958),(5059,7978),(5059,7993),(5059,8006),(5059,8355),(5059,8357),(5059,8366),(5059,8367),(5059,8381),(5059,8383),(5059,8384),(5059,8385),(5059,8668),(5059,8783),(5059,8794),(5059,8805),(5059,9234),(5059,9297),(5059,9313),(5059,9718),(5059,9745),(5059,10404),(5059,10405),(5059,10408),(5059,10409),(5059,10414),(5059,10466),(5059,10467),(5059,10476),(5059,10528),(5059,10529),(5059,10538),(5059,10592),(5059,10593),(5059,10616),(5059,10617),(5059,13071),(5059,13688),(5059,13771);
INSERT INTO related_crafts_into VALUES(5061,1670),(5061,1673),(5061,1740),(5061,1743),(5061,1810),(5061,1882),(5061,1953),(5061,2051),(5061,2102),(5061,2139),(5061,2211),(5061,2212),(5061,2303),(5061,2304),(5061,2339),(5061,2365),(5061,2390),(5061,2415),(5061,2441),(5061,2492),(5061,2518),(5061,2544),(5061,2570),(5061,2921),(5061,2926),(5061,2928),(5061,3230),(5061,3236),(5061,3242),(5061,3482),(5061,3501),(5061,3699),(5061,3707),(5061,3724),(5061,3928),(5061,3929),(5061,3935),(5061,4067),(5061,4076),(5061,4077),(5061,4181),(5061,5075),(5061,5085),(5061,5095),(5061,5572),(5061,5573),(5061,5574),(5061,5588),(5061,6190),(5061,6497),(5061,6498),(5061,6499),(5061,6500),(5061,6501),(5061,6504),(5061,6522),(5061,6587),(5061,6591),(5061,6665),(5061,6666),(5061,6669),(5061,6672),(5061,6739),(5061,6740),(5061,6741),(5061,6756),(5061,6768),(5061,6774),(5061,7066),(5061,7068),(5061,7069),(5061,7072),(5061,7082),(5061,7116),(5061,7117),(5061,7151),(5061,7509),(5061,7975),(5061,7984),(5061,7985),(5061,8448),(5061,8564),(5061,8793),(5061,8807),(5061,8817),(5061,9036),(5061,9037),(5061,9039),(5061,9226),(5061,9242),(5061,9745),(5061,10407),(5061,10414),(5061,10469),(5061,10476),(5061,10531),(5061,10586),(5061,10598),(5061,10625),(5061,10628),(5061,10630),(5061,10641),(5061,10658),(5061,10665),(5061,10666),(5061,10681),(5061,10688),(5061,10709),(5061,10715),(5061,10757),(5061,10841),(5061,11880),(5061,11989);
INSERT INTO related_crafts_into VALUES(5062,2057),(5062,2443),(5062,2469),(5062,2664),(5062,2680),(5062,3001),(5062,3013),(5062,3019),(5062,3020),(5062,3313),(5062,3317),(5062,3967),(5062,3968),(5062,4091),(5062,4197),(5062,4198),(5062,4305),(5062,4307),(5062,4422),(5062,5086),(5062,6624),(5062,6643),(5062,6648);
INSERT INTO related_crafts_into VALUES(5063,1607),(5063,1609),(5063,1686),(5063,1733),(5063,1758),(5063,1824),(5063,2010),(5063,2026),(5063,2059),(5063,2061),(5063,2066),(5063,2320),(5063,2397),(5063,2419),(5063,2446),(5063,2470),(5063,2473),(5063,2550),(5063,2554),(5063,2555),(5063,2611),(5063,2612),(5063,2614),(5063,2668),(5063,2680),(5063,2685),(5063,2687),(5063,2689),(5063,2691),(5063,2693),(5063,2695),(5063,2725),(5063,2755),(5063,2788),(5063,2832),(5063,3023),(5063,3052),(5063,3053),(5063,3064),(5063,3068),(5063,3102),(5063,3105),(5063,3127),(5063,3237),(5063,3550),(5063,3599),(5063,3825),(5063,3887),(5063,3979),(5063,4094),(5063,4095),(5063,4204),(5063,4205),(5063,4209),(5063,4309),(5063,4313),(5063,4430),(5063,4431),(5063,5087),(5063,6365),(5063,6366),(5063,6367),(5063,6421),(5063,6437),(5063,6439),(5063,6440),(5063,6457),(5063,6486),(5063,6561),(5063,6562),(5063,6578),(5063,6622),(5063,6623),(5063,6635),(5063,6641),(5063,6643),(5063,6646),(5063,6647),(5063,6648),(5063,6650),(5063,6651),(5063,6671),(5063,6740),(5063,6744),(5063,7074),(5063,7086),(5063,8661),(5063,9186),(5063,9771),(5063,10464),(5063,10525),(5063,12097),(5063,13078),(5063,15151);
INSERT INTO related_crafts_into VALUES(5064,1766),(5064,1803),(5064,1836),(5064,1862),(5064,2069),(5064,2076),(5064,2078),(5064,2166),(5064,2169),(5064,2211),(5064,2212),(5064,2260),(5064,2423),(5064,2448),(5064,2475),(5064,2610),(5064,2615),(5064,2617),(5064,2623),(5064,2728),(5064,2731),(5064,2735),(5064,2737),(5064,2739),(5064,2741),(5064,2743),(5064,2745),(5064,2913),(5064,2915),(5064,2929),(5064,3057),(5064,3077),(5064,3092),(5064,3104),(5064,3106),(5064,3118),(5064,3120),(5064,3121),(5064,3177),(5064,3182),(5064,3239),(5064,3244),(5064,3256),(5064,3260),(5064,3261),(5064,3423),(5064,3498),(5064,3716),(5064,3723),(5064,3727),(5064,3728),(5064,3823),(5064,3937),(5064,4006),(5064,4022),(5064,4044),(5064,4056),(5064,4103),(5064,4105),(5064,4109),(5064,4111),(5064,4113),(5064,4115),(5064,4117),(5064,4119),(5064,4211),(5064,4213),(5064,4214),(5064,4216),(5064,4218),(5064,4220),(5064,4222),(5064,4224),(5064,4226),(5064,4315),(5064,4320),(5064,4322),(5064,4324),(5064,4326),(5064,4328),(5064,4330),(5064,4332),(5064,4439),(5064,4440),(5064,4442),(5064,4444),(5064,4446),(5064,4448),(5064,4450),(5064,4452),(5064,5088),(5064,6368),(5064,6369),(5064,6370),(5064,6415),(5064,6424),(5064,6436),(5064,6468),(5064,6482),(5064,6519),(5064,6520),(5064,6552),(5064,6567),(5064,6569),(5064,6586),(5064,6617),(5064,6625),(5064,6638),(5064,6643),(5064,6648),(5064,6650),(5064,6651),(5064,6655),(5064,6741),(5064,7643),(5064,7644),(5064,7645),(5064,7646),(5064,7647),(5064,7963),(5064,8546),(5064,8563),(5064,8703),(5064,8844),(5064,8845),(5064,8846),(5064,8847),(5064,8848),(5064,8849),(5064,8850),(5064,8851),(5064,8852),(5064,8853),(5064,8854),(5064,8855),(5064,8856),(5064,8857),(5064,8858),(5064,8859),(5064,9730),(5064,10525),(5064,10526),(5064,10531),(5064,10587),(5064,10977),(5064,11001),(5064,11025),(5064,11049),(5064,11073),(5064,12097),(5064,12214),(5064,13262),(5064,13263),(5064,13686),(5064,13687);
INSERT INTO related_crafts_into VALUES(5065,1643),(5065,1711),(5065,1781),(5065,1786),(5065,1855),(5065,1920),(5065,2044),(5065,2174),(5065,2323),(5065,2324),(5065,2337),(5065,2363),(5065,2388),(5065,2400),(5065,2401),(5065,2413),(5065,2425),(5065,2426),(5065,2439),(5065,2450),(5065,2490),(5065,2516),(5065,2528),(5065,2542),(5065,2554),(5065,2568),(5065,2580),(5065,2581),(5065,2582),(5065,2620),(5065,2622),(5065,2769),(5065,2774),(5065,2790),(5065,2792),(5065,2794),(5065,2796),(5065,2798),(5065,2800),(5065,2817),(5065,2862),(5065,2891),(5065,3160),(5065,3165),(5065,3176),(5065,3416),(5065,3431),(5065,3454),(5065,3647),(5065,3851),(5065,3853),(5065,3858),(5065,3916),(5065,4032),(5065,4039),(5065,4045),(5065,4057),(5065,4124),(5065,4126),(5065,4133),(5065,4135),(5065,4137),(5065,4139),(5065,4141),(5065,4143),(5065,4145),(5065,4231),(5065,4232),(5065,4233),(5065,4235),(5065,4237),(5065,4239),(5065,4241),(5065,4243),(5065,4245),(5065,4247),(5065,4335),(5065,4339),(5065,4341),(5065,4343),(5065,4345),(5065,4347),(5065,4349),(5065,4351),(5065,4353),(5065,4465),(5065,4467),(5065,4468),(5065,4470),(5065,4472),(5065,4474),(5065,4476),(5065,4478),(5065,4480),(5065,5079),(5065,5089),(5065,5099),(5065,6426),(5065,6469),(5065,6482),(5065,6505),(5065,6589),(5065,6597),(5065,6651),(5065,6664),(5065,6669),(5065,6753),(5065,6764),(5065,6775),(5065,6782),(5065,7093),(5065,8361),(5065,8666),(5065,8667),(5065,8779),(5065,8808),(5065,9209),(5065,9298),(5065,10049),(5065,10402),(5065,10403),(5065,10464),(5065,10465),(5065,10526),(5065,10527),(5065,10622),(5065,10623),(5065,14868),(5065,15151),(5065,15915);
INSERT INTO related_crafts_into VALUES(5066,1657),(5066,1786),(5066,2088),(5066,2094),(5066,2185),(5066,2189),(5066,2402),(5066,2427),(5066,2453),(5066,2477),(5066,2582),(5066,2804),(5066,2805),(5066,2852),(5066,2857),(5066,2870),(5066,2872),(5066,2874),(5066,2876),(5066,2878),(5066,2880),(5066,2889),(5066,2895),(5066,3144),(5066,3145),(5066,3149),(5066,3180),(5066,3185),(5066,3206),(5066,3209),(5066,3215),(5066,3232),(5066,3240),(5066,3475),(5066,3481),(5066,3656),(5066,3658),(5066,3660),(5066,3662),(5066,3664),(5066,3666),(5066,3680),(5066,3692),(5066,3709),(5066,3849),(5066,3912),(5066,3930),(5066,3934),(5066,4033),(5066,4049),(5066,4150),(5066,4152),(5066,4156),(5066,4158),(5066,4160),(5066,4162),(5066,4164),(5066,4166),(5066,4168),(5066,4254),(5066,4255),(5066,4258),(5066,4260),(5066,4262),(5066,4264),(5066,4266),(5066,4268),(5066,4270),(5066,4272),(5066,4361),(5066,4365),(5066,4367),(5066,4369),(5066,4371),(5066,4373),(5066,4375),(5066,4377),(5066,4379),(5066,4497),(5066,4501),(5066,4502),(5066,4504),(5066,4506),(5066,4508),(5066,4510),(5066,4512),(5066,4514),(5066,4569),(5066,5090),(5066,6371),(5066,6372),(5066,6373),(5066,6427),(5066,6442),(5066,6454),(5066,6501),(5066,6502),(5066,6518),(5066,6525),(5066,6531),(5066,6534),(5066,6536),(5066,6537),(5066,6559),(5066,6565),(5066,6568),(5066,6571),(5066,6581),(5066,6585),(5066,6588),(5066,6596),(5066,6599),(5066,6608),(5066,6609),(5066,6614),(5066,6632),(5066,6633),(5066,6642),(5066,6647),(5066,6652),(5066,6667),(5066,6671),(5066,6746),(5066,6747),(5066,6749),(5066,6754),(5066,6755),(5066,6760),(5066,6767),(5066,6772),(5066,6773),(5066,6784),(5066,6797),(5066,6798),(5066,6799),(5066,6800),(5066,6801),(5066,6802),(5066,7068),(5066,7073),(5066,7074),(5066,7077),(5066,7078),(5066,7079),(5066,7080),(5066,7081),(5066,7082),(5066,7098),(5066,7151),(5066,8364),(5066,8368),(5066,8382),(5066,8386),(5066,8788),(5066,9235),(5066,9237),(5066,9736),(5066,10404),(5066,10405),(5066,10411),(5066,10414),(5066,10466),(5066,10467),(5066,10476),(5066,10528),(5066,10531),(5066,10588),(5066,10613),(5066,10624),(5066,10625),(5066,10631),(5066,10634),(5066,10646),(5066,10652),(5066,10659),(5066,10660),(5066,10661),(5066,10670),(5066,10677),(5066,10684),(5066,10705),(5066,10712),(5066,10719),(5066,10726),(5066,10747),(5066,10761),(5066,10803),(5066,10831),(5066,10845),(5066,10887),(5066,10915),(5066,10929),(5066,10957),(5066,11875),(5066,11885),(5066,11886),(5066,11888),(5066,11897),(5066,12991),(5066,13682),(5066,13683);
INSERT INTO related_crafts_into VALUES(5068,1673),(5068,1743),(5068,2139),(5068,2193),(5068,2194),(5068,2923),(5068,2926),(5068,2927),(5068,2928),(5068,2930),(5068,2933),(5068,2934),(5068,2941),(5068,2942),(5068,3234),(5068,3235),(5068,3256),(5068,3258),(5068,3260),(5068,3261),(5068,3485),(5068,3486),(5068,3487),(5068,3498),(5068,3706),(5068,3723),(5068,3726),(5068,3727),(5068,3728),(5068,3944),(5068,3946),(5068,4172),(5068,4173),(5068,4174),(5068,4183),(5068,4277),(5068,4284),(5068,4285),(5068,4286),(5068,4381),(5068,4390),(5068,4528),(5068,5570),(5068,5571),(5068,5576),(5068,6139),(5068,6497),(5068,6499),(5068,6522),(5068,6593),(5068,6597),(5068,6605),(5068,6665),(5068,6745),(5068,6785),(5068,6786),(5068,6787),(5068,6788),(5068,6789),(5068,6790),(5068,6791),(5068,6792),(5068,6793),(5068,6794),(5068,6795),(5068,6796),(5068,6797),(5068,6798),(5068,6799),(5068,6800),(5068,6801),(5068,6802),(5068,6803),(5068,6804),(5068,6805),(5068,6806),(5068,6807),(5068,6808),(5068,6983),(5068,7093),(5068,7094),(5068,7100),(5068,7487),(5068,7492),(5068,7493),(5068,7494),(5068,7496),(5068,7499),(5068,7500),(5068,7501),(5068,7503),(5068,7504),(5068,7508),(5068,7514),(5068,7515),(5068,8449),(5068,8450),(5068,8451),(5068,8570),(5068,8782),(5068,8819),(5068,9052),(5068,9053),(5068,9063),(5068,9073),(5068,9083),(5068,9226),(5068,9461),(5068,9745),(5068,9771),(5068,10407),(5068,10412),(5068,10469),(5068,10538),(5068,10605),(5068,10668),(5068,10672),(5068,10679),(5068,10686),(5068,10706),(5068,10707),(5068,10713),(5068,10714),(5068,10721),(5068,10723),(5068,10727),(5068,10728),(5068,10730),(5068,10749),(5068,10751),(5068,10756),(5068,10763),(5068,10765),(5068,10769),(5068,10798),(5068,10805),(5068,10807),(5068,10811),(5068,10840),(5068,10847),(5068,10849),(5068,10853),(5068,10889),(5068,10912),(5068,10916),(5068,10926),(5068,10931),(5068,10954),(5068,10958),(5068,11957),(5068,13273),(5068,14869),(5068,14894);
INSERT INTO related_crafts_into VALUES(5069,6500),(5069,7100),(5069,7115),(5069,7504),(5069,7552),(5069,7982),(5069,8280),(5069,8281),(5069,8282),(5069,8283),(5069,8284),(5069,8285),(5069,8286),(5069,8287),(5069,8288),(5069,8289),(5069,8290),(5069,8291),(5069,8292),(5069,8293),(5069,8294),(5069,8295),(5069,8296),(5069,8297),(5069,8298),(5069,8299),(5069,8300),(5069,8301),(5069,8302),(5069,8303),(5069,8369),(5069,8370),(5069,8781),(5069,8785),(5069,8798),(5069,8835),(5069,9035),(5069,9051),(5069,9061),(5069,9071),(5069,9081),(5069,9086),(5069,9088),(5069,9718),(5069,9733),(5069,10532),(5069,10533),(5069,10535),(5069,13892),(5069,13893),(5069,13894),(5069,13895),(5069,13896),(5069,13897),(5069,13898),(5069,13899),(5069,13900),(5069,13901),(5069,13902),(5069,13903),(5069,13904),(5069,13905),(5069,13906),(5069,13907),(5069,13908),(5069,13909),(5069,13910),(5069,13911),(5069,13912),(5069,13913),(5069,13914),(5069,13915),(5069,13916),(5069,13917),(5069,13918),(5069,13919),(5069,13920),(5069,13921),(5069,13922),(5069,13923),(5069,13924),(5069,13925),(5069,13926),(5069,14045),(5069,15535),(5069,15536),(5069,15537),(5069,15538),(5069,15539),(5069,15540),(5069,15541),(5069,15542),(5069,15543),(5069,15544),(5069,15545),(5069,15546),(5069,15547),(5069,15548),(5069,15549),(5069,15550),(5069,15551),(5069,15552),(5069,15553),(5069,15554),(5069,15555),(5069,15556),(5069,15557),(5069,15558),(5069,15559),(5069,15560),(5069,15561),(5069,15562),(5069,15563),(5069,15564),(5069,15565),(5069,15566),(5069,15567),(5069,15568),(5069,15569),(5069,15913);
INSERT INTO related_crafts_into VALUES(5071,2226),(5071,2230),(5071,2231),(5071,2244),(5071,2369),(5071,2468),(5071,2469),(5071,2494),(5071,2495),(5071,2656),(5071,2662),(5071,2664),(5071,2673),(5071,2757),(5071,3026),(5071,3540),(5071,3544),(5071,3767),(5071,3775),(5071,3972),(5071,6486),(5071,6636);
INSERT INTO related_crafts_into VALUES(5072,1694),(5072,2236),(5072,2241),(5072,2242),(5072,2248),(5072,2278),(5072,2372),(5072,2471),(5072,2472),(5072,2496),(5072,2497),(5072,2498),(5072,2525),(5072,2708),(5072,2712),(5072,2723),(5072,2753),(5072,2786),(5072,3045),(5072,3057),(5072,3068),(5072,3164),(5072,3243),(5072,3557),(5072,3563),(5072,3574),(5072,3579),(5072,3619),(5072,3793),(5072,3804),(5072,3985),(5072,3998),(5072,6437),(5072,6438),(5072,6467),(5072,6549),(5072,6611),(5072,6612),(5072,8834);
INSERT INTO related_crafts_into VALUES(5073,1699),(5073,2257),(5073,2268),(5073,2375),(5073,2474),(5073,2475),(5073,2499),(5073,2500),(5073,2501),(5073,2502),(5073,2527),(5073,2753),(5073,2755),(5073,2758),(5073,2765),(5073,2786),(5073,2817),(5073,2859),(5073,3102),(5073,3118),(5073,3127),(5073,3174),(5073,3586),(5073,3599),(5073,3605),(5073,3614),(5073,3619),(5073,3622),(5073,3642),(5073,3670),(5073,3825),(5073,3833),(5073,3835),(5073,3847),(5073,3850),(5073,4007),(5073,4009),(5073,4024),(5073,6419),(5073,6435),(5073,6440),(5073,6441),(5073,6468),(5073,6484),(5073,6529),(5073,6532),(5073,6601),(5073,6604),(5073,6610),(5073,6619),(5073,7137),(5073,7147),(5073,7996),(5073,8834);
INSERT INTO related_crafts_into VALUES(5074,1733),(5074,2279),(5074,2294),(5074,2296),(5074,2377),(5074,2478),(5074,2503),(5074,2504),(5074,2530),(5074,2834),(5074,2850),(5074,2859),(5074,2861),(5074,2884),(5074,2889),(5074,2893),(5074,2911),(5074,2922),(5074,3209),(5074,3654),(5074,3669),(5074,3670),(5074,3692),(5074,3701),(5074,3883),(5074,3886),(5074,3887),(5074,3906),(5074,3912),(5074,4059),(5074,6422),(5074,6469),(5074,6475),(5074,6504),(5074,6505),(5074,6559),(5074,6566),(5074,6598),(5074,6616),(5074,6634),(5074,6740),(5074,6748),(5074,6749),(5074,6750),(5074,6755),(5074,6767),(5074,6768),(5074,6773),(5074,6774),(5074,6779),(5074,7100),(5074,7101),(5074,7115),(5074,7137),(5074,7147),(5074,7978);
INSERT INTO related_crafts_into VALUES(5075,1813),(5075,2302),(5075,2303),(5075,2911),(5075,2912),(5075,2922),(5075,2940),(5075,3241),(5075,3256),(5075,3498),(5075,3700),(5075,3701),(5075,3723),(5075,3724),(5075,3921),(5075,3943),(5075,4075),(5075,4284),(5075,4285),(5075,6748),(5075,6749),(5075,6750),(5075,6751),(5075,6755),(5075,6767),(5075,6773),(5075,6779),(5075,6780),(5075,7071),(5075,7101),(5075,7111),(5075,7480),(5075,7481),(5075,7482),(5075,7484),(5075,7485),(5075,7487),(5075,7488),(5075,7490),(5075,7491),(5075,7552);
INSERT INTO related_crafts_into VALUES(5079,1711),(5079,2476),(5079,2802),(5079,2812),(5079,2817),(5079,2819),(5079,2827),(5079,3149),(5079,3180),(5079,3203),(5079,3623),(5079,3628),(5079,3642),(5079,3649),(5079,3854),(5079,3858),(5079,3861),(5079,3868),(5079,4034),(5079,4047),(5079,6485),(5079,6652),(5079,6670),(5079,6780),(5079,8798);
INSERT INTO related_crafts_into VALUES(5081,2656),(5081,2673),(5081,3011),(5081,3026),(5081,3767),(5081,3775),(5081,3793);
INSERT INTO related_crafts_into VALUES(5082,2712),(5082,2755),(5082,3045),(5082,3102),(5082,3218),(5082,3352),(5082,3563),(5082,3579);
INSERT INTO related_crafts_into VALUES(5083,3096),(5083,3386),(5083,3599),(5083,3614),(5083,3825);
INSERT INTO related_crafts_into VALUES(5084,2884),(5084,2912),(5084,3203),(5084,3241),(5084,3431),(5084,3692),(5084,3700),(5084,3906),(5084,3912),(5084,3921),(5084,6668),(5084,6767),(5084,6773);
INSERT INTO related_crafts_into VALUES(5085,2940),(5085,3257),(5085,3498),(5085,3723),(5085,3943),(5085,7480),(5085,7481),(5085,7482),(5085,7483),(5085,7484),(5085,7499),(5085,9026),(5085,9027),(5085,9029),(5085,10677),(5085,10719);
INSERT INTO related_crafts_into VALUES(5086,4091),(5086,4306);
INSERT INTO related_crafts_into VALUES(5087,2857),(5087,4094),(5087,4095),(5087,6650);
INSERT INTO related_crafts_into VALUES(5088,4103),(5088,4105);
INSERT INTO related_crafts_into VALUES(5089,2812),(5089,2827),(5089,2889),(5089,3149),(5089,3174),(5089,3209),(5089,3628),(5089,3649),(5089,3854),(5089,3868),(5089,4124),(5089,4126),(5089,6670),(5089,6749),(5089,6755);
INSERT INTO related_crafts_into VALUES(5090,4150),(5090,4152);
INSERT INTO related_crafts_into VALUES(5091,2219),(5091,2228),(5091,2229),(5091,2230),(5091,2233),(5091,2238),(5091,2315),(5091,2316),(5091,2317),(5091,2380),(5091,2381),(5091,2392),(5091,2393),(5091,2394),(5091,2456),(5091,2457),(5091,2459),(5091,2468),(5091,2469),(5091,2470),(5091,2471),(5091,2654),(5091,2660),(5091,2662),(5091,2664),(5091,3318),(5091,3332),(5091,3530),(5091,3540),(5091,3541),(5091,3550),(5091,3772),(5091,6489),(5091,6491);
INSERT INTO related_crafts_into VALUES(5092,2093),(5092,2231),(5092,2239),(5092,2242),(5092,2246),(5092,2248),(5092,2260),(5092,2262),(5092,2289),(5092,2318),(5092,2319),(5092,2320),(5092,2383),(5092,2384),(5092,2395),(5092,2396),(5092,2397),(5092,2460),(5092,2472),(5092,2473),(5092,2697),(5092,2708),(5092,2714),(5092,2723),(5092,2725),(5092,3339),(5092,3365),(5092,3370),(5092,3544),(5092,3546),(5092,3559),(5092,3576),(5092,3578),(5092,3911),(5092,3982),(5092,6432),(5092,6437),(5092,6438),(5092,6488),(5092,6560),(5092,6611),(5092,6612),(5092,7970),(5092,8796),(5092,8811),(5092,14928),(5092,14929);
INSERT INTO related_crafts_into VALUES(5093,2250),(5093,2268),(5093,2321),(5093,2322),(5093,2386),(5093,2398),(5093,2399),(5093,2462),(5093,2474),(5093,2475),(5093,2753),(5093,2765),(5093,2786),(5093,3399),(5093,3411),(5093,3597),(5093,3611),(5093,3613),(5093,3619),(5093,3625),(5093,3627),(5093,3847),(5093,6411),(5093,6419),(5093,6428),(5093,6435),(5093,6440),(5093,6441),(5093,6484),(5093,6487),(5093,6517),(5093,6564),(5093,6570),(5093,6580),(5093,6604),(5093,6610),(5093,6619),(5093,6626),(5093,6627),(5093,6663),(5093,7132),(5093,7137),(5093,7142),(5093,7147),(5093,7636),(5093,7637),(5093,7638),(5093,7639),(5093,7640),(5093,7997),(5093,8797),(5093,8834),(5093,9734);
INSERT INTO related_crafts_into VALUES(5094,2279),(5094,2287),(5094,2294),(5094,2298),(5094,2325),(5094,2376),(5094,2377),(5094,2389),(5094,2402),(5094,2465),(5094,2466),(5094,2478),(5094,2850),(5094,2859),(5094,2861),(5094,2862),(5094,2893),(5094,2911),(5094,3469),(5094,3473),(5094,3651),(5094,3653),(5094,3670),(5094,3694),(5094,3701),(5094,3887),(5094,4077),(5094,6422),(5094,6425),(5094,6530),(5094,6533),(5094,6616),(5094,6620),(5094,6647),(5094,6671),(5094,6748),(5094,6750),(5094,6751),(5094,6761),(5094,6769),(5094,7073),(5094,7074),(5094,7093),(5094,7110),(5094,7958),(5094,8006),(5094,9312);
INSERT INTO related_crafts_into VALUES(5095,2302),(5095,2303),(5095,2304),(5095,2390),(5095,2940),(5095,3477),(5095,3922),(5095,5585),(5095,5586),(5095,5587),(5095,7071),(5095,7497),(5095,8447),(5095,8793),(5095,8809),(5095,8818);
INSERT INTO related_crafts_into VALUES(5099,2270),(5099,2323),(5099,2324),(5099,2388),(5099,2400),(5099,2401),(5099,2464),(5099,2476),(5099,2788),(5099,2802),(5099,2817),(5099,2819),(5099,2830),(5099,3427),(5099,3642),(5099,3861),(5099,4038),(5099,6426),(5099,6485),(5099,6678),(5099,7976);
INSERT INTO related_crafts_into VALUES(5104,3259),(5104,6204),(5104,8704),(5104,10071),(5104,12058);
INSERT INTO related_crafts_into VALUES(5105,3257),(5105,6204),(5105,8705),(5105,10071),(5105,12062);
INSERT INTO related_crafts_into VALUES(5106,5056),(5106,5062),(5106,5063),(5106,5068);
INSERT INTO related_crafts_into VALUES(5107,5056);
INSERT INTO related_crafts_into VALUES(5110,5063);
INSERT INTO related_crafts_into VALUES(5111,5057),(5111,5058),(5111,5059),(5111,12524),(5111,14149);
INSERT INTO related_crafts_into VALUES(5113,5064),(5113,12520);
INSERT INTO related_crafts_into VALUES(5114,5065),(5114,12518);
INSERT INTO related_crafts_into VALUES(5115,5066);
INSERT INTO related_crafts_into VALUES(5116,5059),(5116,7607),(5116,8029),(5116,12913),(5116,14935);
INSERT INTO related_crafts_into VALUES(5118,5068),(5118,5069),(5118,12522);
INSERT INTO related_crafts_into VALUES(5120,9359),(5120,9360),(5120,9373);
INSERT INTO related_crafts_into VALUES(5121,5061),(5121,12526);
INSERT INTO related_crafts_into VALUES(5124,1604),(5124,1627);
INSERT INTO related_crafts_into VALUES(5125,1637),(5125,1650),(5125,2030),(5125,10463),(5125,10464),(5125,10465),(5125,10466),(5125,10467),(5125,10468),(5125,10469),(5125,10470),(5125,10471),(5125,10472),(5125,10473),(5125,10474),(5125,10476);
INSERT INTO related_crafts_into VALUES(5126,10628),(5126,10629),(5126,10630),(5126,10631),(5126,10641);
INSERT INTO related_crafts_into VALUES(5128,5169);
INSERT INTO related_crafts_into VALUES(5129,5170);
INSERT INTO related_crafts_into VALUES(5130,5171);
INSERT INTO related_crafts_into VALUES(5131,5172);
INSERT INTO related_crafts_into VALUES(5132,5173);
INSERT INTO related_crafts_into VALUES(5133,5174);
INSERT INTO related_crafts_into VALUES(5134,2413),(5134,4620),(5134,5175);
INSERT INTO related_crafts_into VALUES(5135,4621),(5135,5176);
INSERT INTO related_crafts_into VALUES(5136,4622),(5136,5177);
INSERT INTO related_crafts_into VALUES(5137,4623),(5137,5178);
INSERT INTO related_crafts_into VALUES(5138,4624),(5138,5179);
INSERT INTO related_crafts_into VALUES(5139,4625),(5139,5180);
INSERT INTO related_crafts_into VALUES(5140,4626),(5140,5181);
INSERT INTO related_crafts_into VALUES(5141,4627),(5141,5182);
INSERT INTO related_crafts_into VALUES(5142,4628),(5142,5183);
INSERT INTO related_crafts_into VALUES(5143,4629),(5143,5184),(5143,7017);
INSERT INTO related_crafts_into VALUES(5144,4630),(5144,5185);
INSERT INTO related_crafts_into VALUES(5145,4631),(5145,5186);
INSERT INTO related_crafts_into VALUES(5146,5187);
INSERT INTO related_crafts_into VALUES(5147,5188);
INSERT INTO related_crafts_into VALUES(5148,5189);
INSERT INTO related_crafts_into VALUES(5149,5190);
INSERT INTO related_crafts_into VALUES(5150,5191);
INSERT INTO related_crafts_into VALUES(5151,5192);
INSERT INTO related_crafts_into VALUES(5152,5198);
INSERT INTO related_crafts_into VALUES(5153,5199);
INSERT INTO related_crafts_into VALUES(5154,5200);
INSERT INTO related_crafts_into VALUES(5155,5201);
INSERT INTO related_crafts_into VALUES(5156,5202);
INSERT INTO related_crafts_into VALUES(5157,5203);
INSERT INTO related_crafts_into VALUES(5158,2415),(5158,5204),(5158,6183),(5158,9310),(5158,11927);
INSERT INTO related_crafts_into VALUES(5159,12608);
INSERT INTO related_crafts_into VALUES(5160,12527);
INSERT INTO related_crafts_into VALUES(5163,12523);
INSERT INTO related_crafts_into VALUES(5168,2097),(5168,5196);
INSERT INTO related_crafts_into VALUES(5169,2685),(5169,4109),(5169,4214),(5169,4320),(5169,4442),(5169,4614);
INSERT INTO related_crafts_into VALUES(5170,2687),(5170,4111),(5170,4216),(5170,4322),(5170,4444),(5170,4615);
INSERT INTO related_crafts_into VALUES(5171,2689),(5171,4113),(5171,4218),(5171,4324),(5171,4446),(5171,4616);
INSERT INTO related_crafts_into VALUES(5172,2691),(5172,4115),(5172,4220),(5172,4326),(5172,4448),(5172,4617);
INSERT INTO related_crafts_into VALUES(5173,2693),(5173,4117),(5173,4222),(5173,4328),(5173,4450),(5173,4618);
INSERT INTO related_crafts_into VALUES(5174,2695),(5174,2703),(5174,4119),(5174,4224),(5174,4330),(5174,4452),(5174,4619),(5174,6599),(5174,8546),(5174,15928);
INSERT INTO related_crafts_into VALUES(5175,2735),(5175,4133),(5175,4233),(5175,4339),(5175,4468);
INSERT INTO related_crafts_into VALUES(5176,2737),(5176,4135),(5176,4235),(5176,4341),(5176,4470);
INSERT INTO related_crafts_into VALUES(5177,2739),(5177,4137),(5177,4237),(5177,4343),(5177,4472);
INSERT INTO related_crafts_into VALUES(5178,2741),(5178,4139),(5178,4239),(5178,4345),(5178,4474);
INSERT INTO related_crafts_into VALUES(5179,2743),(5179,4141),(5179,4241),(5179,4347),(5179,4476);
INSERT INTO related_crafts_into VALUES(5180,2745),(5180,2788),(5180,2857),(5180,4143),(5180,4243),(5180,4349),(5180,4478);
INSERT INTO related_crafts_into VALUES(5181,2790),(5181,2862),(5181,2870),(5181,2923),(5181,4156),(5181,4258),(5181,4365),(5181,4502),(5181,6785),(5181,6791),(5181,6797),(5181,6803),(5181,10529),(5181,10538),(5181,10654);
INSERT INTO related_crafts_into VALUES(5182,2792),(5182,2872),(5182,4158),(5182,4260),(5182,4367),(5182,4504),(5182,6786),(5182,6792),(5182,6798),(5182,6804),(5182,8807);
INSERT INTO related_crafts_into VALUES(5183,2402),(5183,2794),(5183,2874),(5183,2938),(5183,3232),(5183,4160),(5183,4262),(5183,4369),(5183,4506),(5183,6502),(5183,6536),(5183,6537),(5183,6787),(5183,6793),(5183,6799),(5183,6805),(5183,10644),(5183,10925);
INSERT INTO related_crafts_into VALUES(5184,2796),(5184,2876),(5184,4162),(5184,4264),(5184,4371),(5184,4508),(5184,6788),(5184,6794),(5184,6800),(5184,6806),(5184,8378),(5184,15916);
INSERT INTO related_crafts_into VALUES(5185,2798),(5185,2878),(5185,4164),(5185,4266),(5185,4373),(5185,4510),(5185,6789),(5185,6795),(5185,6801),(5185,6807),(5185,10644),(5185,10648),(5185,10659),(5185,10761),(5185,10799);
INSERT INTO related_crafts_into VALUES(5186,2800),(5186,2880),(5186,2923),(5186,2924),(5186,3232),(5186,4166),(5186,4268),(5186,4375),(5186,4512),(5186,6790),(5186,6796),(5186,6802),(5186,6808),(5186,10883),(5186,11883),(5186,14927);
INSERT INTO related_crafts_into VALUES(5187,7087),(5187,7088),(5187,7089),(5187,7090),(5187,7091),(5187,7092),(5187,7093),(5187,7094),(5187,7116),(5187,7117),(5187,8280),(5187,8286),(5187,8292),(5187,8298),(5187,8361),(5187,8785),(5187,9048),(5187,9049),(5187,9050),(5187,9051),(5187,9087),(5187,9485),(5187,9733),(5187,15915);
INSERT INTO related_crafts_into VALUES(5188,8281),(5188,8287),(5188,8293),(5188,8299),(5188,9034),(5188,9089);
INSERT INTO related_crafts_into VALUES(5189,8282),(5189,8288),(5189,8294),(5189,8300),(5189,9042),(5189,9068),(5189,9069),(5189,9070),(5189,9071);
INSERT INTO related_crafts_into VALUES(5190,8283),(5190,8289),(5190,8295),(5190,8301),(5190,9032),(5190,9033),(5190,9035),(5190,9043),(5190,9486);
INSERT INTO related_crafts_into VALUES(5191,8284),(5191,8290),(5191,8296),(5191,8302),(5191,9058),(5191,9059),(5191,9060),(5191,9061),(5191,9063),(5191,9073),(5191,9090),(5191,10393),(5191,13046),(5191,15565);
INSERT INTO related_crafts_into VALUES(5192,8285),(5192,8291),(5192,8297),(5192,8303),(5192,9053),(5192,9078),(5192,9079),(5192,9080),(5192,9081),(5192,9085),(5192,9733);
INSERT INTO related_crafts_into VALUES(5193,4145),(5193,4245),(5193,4351),(5193,4480);
INSERT INTO related_crafts_into VALUES(5194,4168),(5194,4270),(5194,4377),(5194,4514),(5194,8809);
INSERT INTO related_crafts_into VALUES(5196,1801),(5196,2039),(5196,3208),(5196,8369),(5196,8370),(5196,8781),(5196,8794),(5196,9724),(5196,10527),(5196,10641),(5196,10768),(5196,10940),(5196,10970),(5196,10976),(5196,10994),(5196,11000),(5196,11018),(5196,11024),(5196,11042),(5196,11048),(5196,11066),(5196,11072),(5196,12026),(5196,15913);
INSERT INTO related_crafts_into VALUES(5197,2056),(5197,2057),(5197,2058),(5197,2059),(5197,2069),(5197,2106),(5197,2107),(5197,2111),(5197,2121);
INSERT INTO related_crafts_into VALUES(5198,1981),(5198,2078),(5198,2116),(5198,2125),(5198,2475),(5198,3656),(5198,6772),(5198,9737);
INSERT INTO related_crafts_into VALUES(5199,1974),(5199,2066),(5199,3658);
INSERT INTO related_crafts_into VALUES(5200,1983),(5200,2063),(5200,2130),(5200,3660);
INSERT INTO related_crafts_into VALUES(5201,1976),(5201,2071),(5201,2476),(5201,3662);
INSERT INTO related_crafts_into VALUES(5202,1985),(5202,2083),(5202,2133),(5202,3664),(5202,6745);
INSERT INTO related_crafts_into VALUES(5203,1978),(5203,2088),(5203,2094),(5203,3666);
INSERT INTO related_crafts_into VALUES(5204,4182),(5204,4389),(5204,4527),(5204,5213),(5204,9485),(5204,9771);
INSERT INTO related_crafts_into VALUES(5206,2102),(5206,9042);
INSERT INTO related_crafts_into VALUES(5213,5576);
INSERT INTO related_crafts_into VALUES(5226,12606),(5226,14065);
INSERT INTO related_crafts_into VALUES(5228,2289),(5228,2405),(5228,2406),(5228,4717),(5228,5258);
INSERT INTO related_crafts_into VALUES(5229,2408),(5229,2409),(5229,5259),(5229,6481),(5229,7013),(5229,8013);
INSERT INTO related_crafts_into VALUES(5230,6366),(5230,6367),(5230,6374),(5230,6375),(5230,6376),(5230,6384),(5230,6385),(5230,6392),(5230,6393),(5230,6394),(5230,6408),(5230,6411),(5230,6413),(5230,6416),(5230,6418),(5230,6430),(5230,6435),(5230,6479),(5230,6578),(5230,7016);
INSERT INTO related_crafts_into VALUES(5231,2411),(5231,5260),(5231,6480),(5231,7014),(5231,7998),(5231,7999),(5231,14065);
INSERT INTO related_crafts_into VALUES(5258,2061),(5258,2109),(5258,2417),(5258,2418),(5258,2419),(5258,2443),(5258,2444),(5258,2507),(5258,2508),(5258,2560),(5258,4197),(5258,4198),(5258,4205),(5258,4209),(5258,4421),(5258,4422),(5258,4430),(5258,4431);
INSERT INTO related_crafts_into VALUES(5259,1635),(5259,1648),(5259,2420),(5259,2421),(5259,2422),(5259,2423),(5259,2446),(5259,2447),(5259,2448),(5259,2510),(5259,2511),(5259,2562),(5259,2563),(5259,2612),(5259,2615),(5259,4213),(5259,4433),(5259,4439),(5259,4440);
INSERT INTO related_crafts_into VALUES(5260,1633),(5260,1642),(5260,1871),(5260,2093),(5260,2300),(5260,2424),(5260,2425),(5260,2449),(5260,2450),(5260,2513),(5260,2514),(5260,2565),(5260,2566),(5260,2616),(5260,4226),(5260,4232),(5260,4454),(5260,4465),(5260,4467);
INSERT INTO related_crafts_into VALUES(5261,5213),(5261,7982),(5261,8014),(5261,9769),(5261,12549),(5261,12912),(5261,15164);
INSERT INTO related_crafts_into VALUES(5262,1649),(5262,1659),(5262,1670),(5262,1800),(5262,1810),(5262,2426),(5262,2427),(5262,2451),(5262,2452),(5262,2453),(5262,2516),(5262,2517),(5262,2518),(5262,2568),(5262,2569),(5262,2570),(5262,2619),(5262,2622),(5262,4172),(5262,4182),(5262,4247),(5262,4255),(5262,4272),(5262,4277),(5262,4286),(5262,4485),(5262,4497),(5262,4501),(5262,4527),(5262,4528),(5262,8450),(5262,9314),(5262,9316),(5262,9510),(5262,10982),(5262,10984),(5262,11006),(5262,11008),(5262,11030),(5262,11032),(5262,11054),(5262,11056),(5262,11078),(5262,11080),(5262,11891),(5262,11892),(5262,11943),(5262,11951),(5262,12541),(5262,12542),(5262,12543),(5262,12544),(5262,12545);
INSERT INTO related_crafts_into VALUES(5263,2414),(5263,5262);
INSERT INTO related_crafts_into VALUES(5267,7016),(5267,7132),(5267,7142),(5267,13095);
INSERT INTO related_crafts_into VALUES(5268,5475);
INSERT INTO related_crafts_into VALUES(5269,5476);
INSERT INTO related_crafts_into VALUES(5270,5477);
INSERT INTO related_crafts_into VALUES(5271,5478);
INSERT INTO related_crafts_into VALUES(5272,5479),(5272,9515);
INSERT INTO related_crafts_into VALUES(5273,5480),(5273,6954);
INSERT INTO related_crafts_into VALUES(5274,5481),(5274,8844),(5274,8845),(5274,8846),(5274,8847),(5274,8848),(5274,8849),(5274,8850),(5274,8851),(5274,8852),(5274,8853),(5274,8854),(5274,8855),(5274,8856),(5274,8857),(5274,8858),(5274,8859),(5274,9373),(5274,12214),(5274,12610);
INSERT INTO related_crafts_into VALUES(5275,1603),(5275,1682),(5275,2143),(5275,2145),(5275,2229),(5275,2238),(5275,2355),(5275,2629),(5275,2630),(5275,2631),(5275,2653),(5275,2654),(5275,2656),(5275,2675),(5275,2703),(5275,2960),(5275,2999),(5275,3013),(5275,3017),(5275,3019),(5275,3020),(5275,3274),(5275,3275),(5275,3276),(5275,3310),(5275,3311),(5275,3313),(5275,3314),(5275,3315),(5275,3316),(5275,3318),(5275,3332),(5275,3334),(5275,3336),(5275,3345),(5275,3516),(5275,3530),(5275,3531),(5275,3534),(5275,3535),(5275,3540),(5275,3550),(5275,3740),(5275,3741),(5275,3761),(5275,3762),(5275,3763),(5275,3764),(5275,3765),(5275,3766),(5275,3767),(5275,3779),(5275,3788),(5275,3790),(5275,3959),(5275,3960),(5275,3962),(5275,3967),(5275,4092),(5275,4304),(5275,4305);
INSERT INTO related_crafts_into VALUES(5276,1605),(5276,1684),(5276,1685),(5276,1756),(5276,1827),(5276,1894),(5276,1905),(5276,2147),(5276,2149),(5276,2356),(5276,2522),(5276,2654),(5276,2660),(5276,2661),(5276,2669),(5276,2672),(5276,2677),(5276,2697),(5276,2699),(5276,2700),(5276,3016),(5276,3017),(5276,3022),(5276,3028),(5276,3052),(5276,3053),(5276,3060),(5276,3064),(5276,3105),(5276,3319),(5276,3320),(5276,3321),(5276,3325),(5276,3339),(5276,3343),(5276,3536),(5276,3537),(5276,3539),(5276,3541),(5276,3542),(5276,3546),(5276,3547),(5276,3570),(5276,3768),(5276,3769),(5276,3770),(5276,3771),(5276,3772),(5276,3773),(5276,3774),(5276,3775),(5276,3777),(5276,3780),(5276,3793),(5276,3795),(5276,3805),(5276,3965),(5276,3966),(5276,3967),(5276,3968),(5276,3970),(5276,3972),(5276,3979),(5276,3980),(5276,4097),(5276,4099),(5276,4204),(5276,4307),(5276,4308),(5276,4309),(5276,4313),(5276,6524),(5276,8663);
INSERT INTO related_crafts_into VALUES(5277,1609),(5277,1611),(5277,1614),(5277,1622),(5277,1688),(5277,1694),(5277,1838),(5277,2063),(5277,2156),(5277,2160),(5277,2246),(5277,2250),(5277,2300),(5277,2358),(5277,2525),(5277,2529),(5277,2697),(5277,2710),(5277,2714),(5277,2723),(5277,2758),(5277,2788),(5277,2806),(5277,2808),(5277,2810),(5277,2819),(5277,2827),(5277,2835),(5277,2837),(5277,2888),(5277,3043),(5277,3057),(5277,3066),(5277,3100),(5277,3118),(5277,3120),(5277,3121),(5277,3125),(5277,3138),(5277,3146),(5277,3147),(5277,3172),(5277,3174),(5277,3244),(5277,3337),(5277,3347),(5277,3349),(5277,3351),(5277,3352),(5277,3354),(5277,3365),(5277,3383),(5277,3385),(5277,3408),(5277,3410),(5277,3549),(5277,3552),(5277,3557),(5277,3559),(5277,3562),(5277,3572),(5277,3574),(5277,3576),(5277,3578),(5277,3581),(5277,3586),(5277,3611),(5277,3613),(5277,3645),(5277,3784),(5277,3791),(5277,3795),(5277,3799),(5277,3802),(5277,3804),(5277,3806),(5277,3808),(5277,3810),(5277,3821),(5277,3833),(5277,3835),(5277,3837),(5277,3866),(5277,3868),(5277,3982),(5277,3983),(5277,3985),(5277,3989),(5277,3991),(5277,3998),(5277,4003),(5277,4007),(5277,4024),(5277,4106),(5277,4108),(5277,4211),(5277,4314),(5277,4315),(5277,4332),(5277,4435),(5277,7148);
INSERT INTO related_crafts_into VALUES(5280,1697),(5280,1769),(5280,1847),(5280,2071),(5280,2262),(5280,2359),(5280,2361),(5280,2373),(5280,2437),(5280,2765),(5280,2767),(5280,3099),(5280,3100),(5280,3178),(5280,3367),(5280,3369),(5280,3370),(5280,3372),(5280,3377),(5280,3399),(5280,3429),(5280,3597),(5280,3599),(5280,3605),(5280,3648),(5280,3825),(5280,3827),(5280,3829),(5280,3844),(5280,3860),(5280,4003),(5280,4005),(5280,4011),(5280,4016),(5280,4335),(5280,4353),(5280,4456),(5280,6517),(5280,6519),(5280,6535),(5280,7650),(5280,7651),(5280,7652),(5280,7653),(5280,7654),(5280,8806),(5280,10463),(5280,13256);
INSERT INTO related_crafts_into VALUES(5282,1657),(5282,1708),(5282,1723),(5282,1781),(5282,1855),(5282,1862),(5282,2083),(5282,2287),(5282,2335),(5282,2350),(5282,2351),(5282,2352),(5282,2363),(5282,2530),(5282,2540),(5282,2556),(5282,2566),(5282,2788),(5282,2802),(5282,2825),(5282,2834),(5282,2861),(5282,2882),(5282,2884),(5282,2922),(5282,2926),(5282,3138),(5282,3142),(5282,3163),(5282,3165),(5282,3177),(5282,3183),(5282,3191),(5282,3201),(5282,3203),(5282,3206),(5282,3208),(5282,3211),(5282,3231),(5282,3242),(5282,3386),(5282,3402),(5282,3405),(5282,3407),(5282,3411),(5282,3415),(5282,3421),(5282,3423),(5282,3426),(5282,3427),(5282,3467),(5282,3611),(5282,3613),(5282,3616),(5282,3619),(5282,3622),(5282,3623),(5282,3625),(5282,3627),(5282,3639),(5282,3645),(5282,3647),(5282,3651),(5282,3653),(5282,3654),(5282,3678),(5282,3680),(5282,3681),(5282,3691),(5282,3692),(5282,3841),(5282,3843),(5282,3847),(5282,3854),(5282,3856),(5282,3858),(5282,3860),(5282,3866),(5282,3870),(5282,3871),(5282,3885),(5282,3904),(5282,3906),(5282,3908),(5282,3912),(5282,4009),(5282,4015),(5282,4018),(5282,4022),(5282,4032),(5282,4038),(5282,4039),(5282,4044),(5282,4045),(5282,4056),(5282,4059),(5282,4130),(5282,4132),(5282,4231),(5282,4254),(5282,4333),(5282,4482),(5282,6445),(5282,6676),(5282,6682),(5282,6752),(5282,6756),(5282,6758),(5282,6759),(5282,6765),(5282,6767),(5282,6770),(5282,6773),(5282,6776),(5282,6779),(5282,6982),(5282,7087),(5282,7090),(5282,7535),(5282,7966),(5282,10401),(5282,10464),(5282,14850),(5282,14851),(5282,15928),(5282,15930),(5282,15931);
INSERT INTO related_crafts_into VALUES(5284,1728),(5284,2426),(5284,2778),(5284,2830),(5284,3165),(5284,3416),(5284,3623),(5284,3625),(5284,3627),(5284,3642),(5284,3851),(5284,3853),(5284,3861),(5284,4034),(5284,4039),(5284,4047),(5284,4052),(5284,4361),(5284,6444),(5284,6631),(5284,6675),(5284,9513),(5284,9749),(5284,10403),(5284,10465);
INSERT INTO related_crafts_into VALUES(5285,1732),(5285,1803),(5285,2097),(5285,2270),(5285,2298),(5285,2364),(5285,2850),(5285,2862),(5285,3183),(5285,3188),(5285,3191),(5285,3206),(5285,3213),(5285,3230),(5285,3431),(5285,3442),(5285,3443),(5285,3447),(5285,3454),(5285,3457),(5285,3469),(5285,3471),(5285,3473),(5285,3651),(5285,3653),(5285,3654),(5285,3668),(5285,3670),(5285,3694),(5285,3883),(5285,3885),(5285,3887),(5285,3909),(5285,3911),(5285,3916),(5285,3947),(5285,4049),(5285,4051),(5285,4056),(5285,4057),(5285,4061),(5285,4153),(5285,4155),(5285,4360),(5285,4379),(5285,4516),(5285,6443),(5285,6530),(5285,6533),(5285,6588),(5285,6596),(5285,6674),(5285,6678),(5285,6741),(5285,6750),(5285,6756),(5285,6757),(5285,6761),(5285,6762),(5285,6764),(5285,6775),(5285,6780),(5285,7091),(5285,7092),(5285,7110),(5285,7538),(5285,10405),(5285,10414),(5285,10466);
INSERT INTO related_crafts_into VALUES(5286,3244),(5286,3477),(5286,8447),(5286,8448),(5286,8452),(5286,8453),(5286,14869),(5286,14894);
INSERT INTO related_crafts_into VALUES(5287,2915),(5287,8356),(5287,8358),(5287,8365),(5287,8373),(5287,8449),(5287,8451),(5287,14850),(5287,14851),(5287,14868),(5287,14869);
INSERT INTO related_crafts_into VALUES(5288,1673),(5288,2193),(5288,2194),(5288,2211),(5288,2212),(5288,2365),(5288,2921),(5288,2922),(5288,2924),(5288,2929),(5288,2930),(5288,2933),(5288,3230),(5288,3233),(5288,3234),(5288,3237),(5288,3238),(5288,3239),(5288,3242),(5288,3257),(5288,3479),(5288,3481),(5288,3487),(5288,3489),(5288,3491),(5288,3500),(5288,3501),(5288,3502),(5288,3503),(5288,3699),(5288,3700),(5288,3701),(5288,3706),(5288,3707),(5288,3708),(5288,3709),(5288,3710),(5288,3711),(5288,3714),(5288,3716),(5288,3920),(5288,3921),(5288,3922),(5288,3927),(5288,3928),(5288,3929),(5288,3930),(5288,3931),(5288,3932),(5288,3933),(5288,3934),(5288,3935),(5288,3936),(5288,3937),(5288,3945),(5288,4067),(5288,4075),(5288,4380),(5288,4381),(5288,4388),(5288,4389),(5288,4390),(5288,4526),(5288,5581),(5288,5582),(5288,5583),(5288,5584),(5288,6473),(5288,6516),(5288,6572),(5288,6582),(5288,6655),(5288,6672),(5288,6685),(5288,6757),(5288,6762),(5288,6763),(5288,6769),(5288,6770),(5288,6772),(5288,6775),(5288,6776),(5288,6778),(5288,6781),(5288,6782),(5288,6784),(5288,7077),(5288,7078),(5288,7088),(5288,7092),(5288,7094),(5288,7481),(5288,7482),(5288,7483),(5288,7484),(5288,7485),(5288,7486),(5288,7487),(5288,7488),(5288,7489),(5288,7490),(5288,7491),(5288,7493),(5288,7495),(5288,7498),(5288,7499),(5288,7500),(5288,7501),(5288,7502),(5288,7505),(5288,7507),(5288,7508),(5288,7510),(5288,7511),(5288,7512),(5288,7513),(5288,7546),(5288,7547),(5288,7552),(5288,9027),(5288,9028),(5288,9030),(5288,9031),(5288,9037),(5288,9038),(5288,9040),(5288,9043),(5288,9045),(5288,9065),(5288,9075),(5288,9082),(5288,9301),(5288,9302),(5288,9305),(5288,9308),(5288,9322),(5288,9323),(5288,9324),(5288,9325),(5288,9326),(5288,9327),(5288,9328),(5288,9329),(5288,9486),(5288,9488),(5288,10646),(5288,10652),(5288,13273),(5288,14852),(5288,14853),(5288,15924),(5288,15927);
INSERT INTO related_crafts_into VALUES(5290,3258),(5290,3499),(5290,3726),(5290,3944),(5290,7503),(5290,8546),(5290,8547),(5290,8548),(5290,8553),(5290,8554),(5290,8555);
INSERT INTO related_crafts_into VALUES(5291,5275),(5291,5503);
INSERT INTO related_crafts_into VALUES(5292,5276);
INSERT INTO related_crafts_into VALUES(5296,5277);
INSERT INTO related_crafts_into VALUES(5300,5280);
INSERT INTO related_crafts_into VALUES(5303,5282),(5303,6674);
INSERT INTO related_crafts_into VALUES(5306,5284);
INSERT INTO related_crafts_into VALUES(5308,5517);
INSERT INTO related_crafts_into VALUES(5310,5285);
INSERT INTO related_crafts_into VALUES(5313,5286);
INSERT INTO related_crafts_into VALUES(5314,5287);
INSERT INTO related_crafts_into VALUES(5316,5288),(5316,7069);
INSERT INTO related_crafts_into VALUES(5317,5290);
INSERT INTO related_crafts_into VALUES(5318,1681),(5318,1683),(5318,1908),(5318,2653),(5318,2958),(5318,2959),(5318,2999),(5318,3016),(5318,3028),(5318,3276),(5318,3311),(5318,3315),(5318,3318),(5318,3320),(5318,3332),(5318,3339),(5318,3516),(5318,3531),(5318,3534),(5318,3536),(5318,3761),(5318,3762),(5318,3764),(5318,3766),(5318,3847),(5318,3962),(5318,4304);
INSERT INTO related_crafts_into VALUES(5319,1688),(5319,1915),(5319,1925),(5319,2669),(5319,2710),(5319,3036),(5319,3038),(5319,3043),(5319,3060),(5319,3321),(5319,3325),(5319,3337),(5319,3341),(5319,3349),(5319,3351),(5319,3354),(5319,3365),(5319,3537),(5319,3542),(5319,3549),(5319,3552),(5319,3562),(5319,3572),(5319,3770),(5319,3771),(5319,3772),(5319,3773),(5319,3774),(5319,3777),(5319,3780),(5319,3791),(5319,3799),(5319,3802),(5319,3980),(5319,3983),(5319,4308);
INSERT INTO related_crafts_into VALUES(5320,1697),(5320,1920),(5320,2888),(5320,2915),(5320,3100),(5320,3208),(5320,3367),(5320,3370),(5320,3383),(5320,3385),(5320,3399),(5320,3408),(5320,3410),(5320,3411),(5320,3691),(5320,3808),(5320,3810),(5320,3821),(5320,3827),(5320,3829),(5320,3833),(5320,3911),(5320,4011),(5320,4314);
INSERT INTO related_crafts_into VALUES(5321,1706),(5321,1708),(5321,2767),(5321,2924),(5321,3146),(5321,3172),(5321,3178),(5321,3259),(5321,3500),(5321,3639),(5321,3645),(5321,3713),(5321,3715),(5321,3841),(5321,3843),(5321,3851),(5321,3853),(5321,3858),(5321,3861),(5321,3866),(5321,3868),(5321,3871),(5321,3928),(5321,3933),(5321,3936),(5321,3945),(5321,4016),(5321,4045),(5321,4052),(5321,4076),(5321,4333),(5321,4388),(5321,6781);
INSERT INTO related_crafts_into VALUES(5322,1716),(5322,1728),(5322,1932),(5322,1937),(5322,2556),(5322,2933),(5322,3201),(5322,3211),(5322,3213),(5322,3249),(5322,3258),(5322,3427),(5322,3469),(5322,3471),(5322,3473),(5322,3477),(5322,3481),(5322,3499),(5322,3501),(5322,3668),(5322,3678),(5322,3706),(5322,3707),(5322,3710),(5322,3726),(5322,3883),(5322,3887),(5322,3904),(5322,3906),(5322,3909),(5322,3916),(5322,3922),(5322,3929),(5322,3944),(5322,4061),(5322,4067),(5322,4360),(5322,4380),(5322,4516),(5322,5581),(5322,5582),(5322,5583),(5322,5584),(5322,6441),(5322,6757),(5322,6758),(5322,6759),(5322,6761),(5322,6763),(5322,6770),(5322,6775),(5322,6776),(5322,6782),(5322,7486),(5322,7489),(5322,7494),(5322,7500),(5322,7502),(5322,7506),(5322,7508),(5322,7509),(5322,7512),(5322,8359),(5322,8376),(5322,8452),(5322,9291),(5322,14868);
INSERT INTO related_crafts_into VALUES(5324,1682),(5324,1685),(5324,2341),(5324,2342),(5324,2520),(5324,2521),(5324,2629),(5324,2630),(5324,2652),(5324,2655),(5324,2661),(5324,2958),(5324,2959),(5324,2960),(5324,2961),(5324,2996),(5324,2997),(5324,2999),(5324,3000),(5324,3001),(5324,3008),(5324,3010),(5324,3011),(5324,3013),(5324,3014),(5324,3015),(5324,3018),(5324,3019),(5324,3020),(5324,3024),(5324,3274),(5324,3275),(5324,3276),(5324,3307),(5324,3308),(5324,3309),(5324,3310),(5324,3311),(5324,3312),(5324,3313),(5324,3314),(5324,3315),(5324,3316),(5324,3317),(5324,3318),(5324,3319),(5324,3322),(5324,3325),(5324,3515),(5324,3532),(5324,3533),(5324,3538),(5324,3539),(5324,3561),(5324,3740),(5324,3741),(5324,3763),(5324,3765),(5324,3766),(5324,3768),(5324,3769),(5324,3770),(5324,3777),(5324,3779),(5324,3963),(5324,3965),(5324,6636);
INSERT INTO related_crafts_into VALUES(5325,2343),(5325,2344),(5325,2345),(5325,2346),(5325,2523),(5325,2524),(5325,2665),(5325,2666),(5325,2670),(5325,2677),(5325,2699),(5325,2700),(5325,2719),(5325,2733),(5325,2734),(5325,3022),(5325,3023),(5325,3024),(5325,3028),(5325,3036),(5325,3038),(5325,3039),(5325,3041),(5325,3050),(5325,3052),(5325,3053),(5325,3060),(5325,3062),(5325,3064),(5325,3076),(5325,3099),(5325,3105),(5325,3320),(5325,3321),(5325,3322),(5325,3324),(5325,3327),(5325,3332),(5325,3334),(5325,3336),(5325,3337),(5325,3339),(5325,3341),(5325,3343),(5325,3345),(5325,3347),(5325,3367),(5325,3543),(5325,3561),(5325,3568),(5325,3570),(5325,3784),(5325,3788),(5325,3790),(5325,3795),(5325,3800),(5325,3805),(5325,3823),(5325,3969),(5325,3987),(5325,4000),(5325,4005),(5325,6542),(5325,6637),(5325,6681),(5325,7559),(5325,8811),(5325,9722),(5325,12115),(5325,13726);
INSERT INTO related_crafts_into VALUES(5326,2348),(5326,2349),(5326,2526),(5326,2527),(5326,2727),(5326,2729),(5326,2733),(5326,2734),(5326,2750),(5326,2763),(5326,2785),(5326,2816),(5326,3065),(5326,3066),(5326,3077),(5326,3090),(5326,3092),(5326,3096),(5326,3104),(5326,3106),(5326,3120),(5326,3121),(5326,3137),(5326,3162),(5326,3182),(5326,3348),(5326,3349),(5326,3351),(5326,3354),(5326,3355),(5326,3363),(5326,3365),(5326,3369),(5326,3370),(5326,3372),(5326,3377),(5326,3404),(5326,3575),(5326,3583),(5326,3601),(5326,3603),(5326,3806),(5326,3821),(5326,3823),(5326,3829),(5326,3831),(5326,3837),(5326,3849),(5326,3996),(5326,4001),(5326,4006),(5326,4013),(5326,6543),(5326,6564),(5326,6615),(5326,6625),(5326,6673),(5326,6677),(5326,6679),(5326,6681),(5326,7085),(5326,7535),(5326,7657),(5326,7658),(5326,7659),(5326,7660),(5326,7661),(5326,8813),(5326,12098),(5326,13069),(5326,13257),(5326,13258),(5326,13259);
INSERT INTO related_crafts_into VALUES(5327,2528),(5327,2776),(5327,2778),(5327,2779),(5327,2785),(5327,2804),(5327,2805),(5327,2816),(5327,2923),(5327,2927),(5327,3125),(5327,3131),(5327,3137),(5327,3140),(5327,3144),(5327,3145),(5327,3146),(5327,3162),(5327,3163),(5327,3176),(5327,3182),(5327,3187),(5327,3193),(5327,3259),(5327,3379),(5327,3383),(5327,3385),(5327,3397),(5327,3399),(5327,3402),(5327,3404),(5327,3405),(5327,3407),(5327,3411),(5327,3415),(5327,3421),(5327,3423),(5327,3425),(5327,3607),(5327,3621),(5327,3844),(5327,3849),(5327,3860),(5327,3871),(5327,3885),(5327,3909),(5327,4030),(5327,4033),(5327,4044),(5327,6544),(5327,6673),(5327,6676),(5327,6677),(5327,6679),(5327,6683),(5327,6684),(5327,7983),(5327,9766),(5327,15151),(5327,15929),(5327,15930);
INSERT INTO related_crafts_into VALUES(5328,2806),(5328,2808),(5328,2810),(5328,2814),(5328,2825),(5328,2829),(5328,2832),(5328,2854),(5328,2855),(5328,2888),(5328,2913),(5328,2920),(5328,2921),(5328,2925),(5328,2929),(5328,2934),(5328,3147),(5328,3160),(5328,3172),(5328,3174),(5328,3176),(5328,3177),(5328,3178),(5328,3187),(5328,3188),(5328,3193),(5328,3229),(5328,3233),(5328,3234),(5328,3235),(5328,3236),(5328,3238),(5328,3239),(5328,3240),(5328,3244),(5328,3249),(5328,3408),(5328,3410),(5328,3413),(5328,3416),(5328,3421),(5328,3425),(5328,3426),(5328,3427),(5328,3429),(5328,3442),(5328,3443),(5328,3454),(5328,3456),(5328,3457),(5328,3469),(5328,3471),(5328,3475),(5328,3477),(5328,3478),(5328,3479),(5328,3486),(5328,3488),(5328,3640),(5328,3645),(5328,3647),(5328,3648),(5328,3713),(5328,3856),(5328,3870),(5328,3881),(5328,3920),(5328,4036),(5328,6475),(5328,6516),(5328,6521),(5328,6523),(5328,6525),(5328,6529),(5328,6531),(5328,6532),(5328,6534),(5328,6572),(5328,6582),(5328,6608),(5328,6614),(5328,6630),(5328,6632),(5328,6633),(5328,6653),(5328,6654),(5328,6675),(5328,6676),(5328,6680),(5328,6684),(5328,6685),(5328,6761),(5328,6762),(5328,6763),(5328,6764),(5328,6766),(5328,6778),(5328,6978),(5328,6979),(5328,6980),(5328,6981),(5328,7070),(5328,7075),(5328,7076),(5328,7080),(5328,7083),(5328,7087),(5328,7088),(5328,7089),(5328,7099),(5328,7115),(5328,7983),(5328,7986),(5328,7987),(5328,7988),(5328,8007),(5328,8008),(5328,8009),(5328,8779),(5328,8780),(5328,8781),(5328,8813),(5328,8814),(5328,9283),(5328,9284),(5328,9285),(5328,12081),(5328,13076),(5328,13096),(5328,13257),(5328,13258),(5328,13259),(5328,14852),(5328,14853),(5328,14869);
INSERT INTO related_crafts_into VALUES(5329,2626),(5329,2627),(5329,2835),(5329,2837),(5329,2852),(5329,2882),(5329,2886),(5329,2891),(5329,2895),(5329,2927),(5329,2938),(5329,2939),(5329,3185),(5329,3201),(5329,3203),(5329,3205),(5329,3206),(5329,3211),(5329,3215),(5329,3229),(5329,3231),(5329,3232),(5329,3235),(5329,3236),(5329,3237),(5329,3239),(5329,3257),(5329,3258),(5329,3259),(5329,3447),(5329,3454),(5329,3456),(5329,3467),(5329,3473),(5329,3475),(5329,3482),(5329,3483),(5329,3484),(5329,3485),(5329,3487),(5329,3488),(5329,3489),(5329,3490),(5329,3491),(5329,3499),(5329,3500),(5329,3502),(5329,3503),(5329,3678),(5329,3680),(5329,3681),(5329,3696),(5329,3698),(5329,3708),(5329,3712),(5329,3713),(5329,3714),(5329,3715),(5329,3725),(5329,3908),(5329,3914),(5329,3918),(5329,3935),(5329,3936),(5329,3937),(5329,3947),(5329,4056),(5329,4063),(5329,6523),(5329,6531),(5329,6534),(5329,6536),(5329,6587),(5329,6680),(5329,6683),(5329,6752),(5329,6753),(5329,6754),(5329,6758),(5329,6759),(5329,6760),(5329,6764),(5329,6765),(5329,6770),(5329,6771),(5329,6777),(5329,6783),(5329,7079),(5329,7139),(5329,7140),(5329,7149),(5329,7150),(5329,7488),(5329,7490),(5329,7492),(5329,7493),(5329,7494),(5329,7495),(5329,7496),(5329,7501),(5329,7505),(5329,7506),(5329,7507),(5329,7513),(5329,7514),(5329,7966),(5329,8010),(5329,8011),(5329,8388),(5329,8448),(5329,8814),(5329,8815),(5329,9767),(5329,13256),(5329,15165);
INSERT INTO related_crafts_into VALUES(5333,1891),(5333,1892),(5333,1895),(5333,2010),(5333,2143),(5333,2144),(5333,2629),(5333,2630),(5333,2653),(5333,2655),(5333,2661),(5333,2669),(5333,2958),(5333,2959),(5333,2960),(5333,2961),(5333,2996),(5333,2997),(5333,2999),(5333,3000),(5333,3001),(5333,3008),(5333,3010),(5333,3013),(5333,3014),(5333,3015),(5333,3018),(5333,3019),(5333,3020),(5333,3274),(5333,3275),(5333,3307),(5333,3308),(5333,3309),(5333,3311),(5333,3312),(5333,3313),(5333,3314),(5333,3316),(5333,3317),(5333,3318),(5333,3319),(5333,3515),(5333,3532),(5333,3533),(5333,3535),(5333,3538),(5333,3968),(5333,3969),(5333,5324),(5333,7025);
INSERT INTO related_crafts_into VALUES(5334,1897),(5334,2026),(5334,2146),(5334,2147),(5334,2151),(5334,2670),(5334,2672),(5334,2677),(5334,2699),(5334,2700),(5334,2710),(5334,2719),(5334,3022),(5334,3023),(5334,3024),(5334,3028),(5334,3036),(5334,3038),(5334,3039),(5334,3041),(5334,3050),(5334,3052),(5334,3053),(5334,3060),(5334,3064),(5334,3076),(5334,3105),(5334,3321),(5334,3322),(5334,3324),(5334,3325),(5334,3327),(5334,3332),(5334,3334),(5334,3336),(5334,3337),(5334,3339),(5334,3341),(5334,3343),(5334,3345),(5334,3347),(5334,3367),(5334,3543),(5334,3561),(5334,3568),(5334,3800),(5334,3987),(5334,3996),(5334,4000),(5334,4030),(5334,4311),(5334,4435),(5334,5325),(5334,5326),(5334,6429),(5334,6439),(5334,6681),(5334,6744),(5334,7025),(5334,7026),(5334,7977),(5334,9768);
INSERT INTO related_crafts_into VALUES(5335,2044),(5335,2156),(5335,2733),(5335,2734),(5335,2750),(5335,2763),(5335,2767),(5335,2785),(5335,2825),(5335,3062),(5335,3065),(5335,3066),(5335,3077),(5335,3090),(5335,3092),(5335,3104),(5335,3106),(5335,3120),(5335,3121),(5335,3137),(5335,3348),(5335,3349),(5335,3351),(5335,3355),(5335,3363),(5335,3365),(5335,3370),(5335,3372),(5335,3377),(5335,3429),(5335,3575),(5335,3583),(5335,3601),(5335,3603),(5335,3831),(5335,4006),(5335,4013),(5335,4317),(5335,4456),(5335,5326),(5335,7085),(5335,7112),(5335,7113),(5335,12588);
INSERT INTO related_crafts_into VALUES(5336,1917),(5336,2166),(5336,2779),(5336,2804),(5336,2805),(5336,2806),(5336,2808),(5336,2816),(5336,2895),(5336,2939),(5336,3125),(5336,3131),(5336,3140),(5336,3144),(5336,3145),(5336,3162),(5336,3163),(5336,3182),(5336,3208),(5336,3215),(5336,3379),(5336,3383),(5336,3385),(5336,3397),(5336,3399),(5336,3404),(5336,3405),(5336,3406),(5336,3407),(5336,3411),(5336,3415),(5336,3475),(5336,3607),(5336,3621),(5336,3698),(5336,3918),(5336,4022),(5336,4033),(5336,4337),(5336,5327),(5336,6431),(5336,6442),(5336,6673),(5336,6677),(5336,6679),(5336,6683),(5336,7026),(5336,7966),(5336,9517),(5336,9766),(5336,12590),(5336,15157),(5336,15928),(5336,15929),(5336,15930),(5336,15931);
INSERT INTO related_crafts_into VALUES(5337,2185),(5337,2814),(5337,2829),(5337,2832),(5337,2835),(5337,2837),(5337,2852),(5337,2854),(5337,2882),(5337,2886),(5337,2891),(5337,2895),(5337,3146),(5337,3147),(5337,3160),(5337,3172),(5337,3176),(5337,3178),(5337,3185),(5337,3187),(5337,3188),(5337,3193),(5337,3201),(5337,3205),(5337,3211),(5337,3215),(5337,3233),(5337,3237),(5337,3408),(5337,3410),(5337,3413),(5337,3421),(5337,3425),(5337,3427),(5337,3442),(5337,3443),(5337,3454),(5337,3456),(5337,3467),(5337,3469),(5337,3471),(5337,3473),(5337,3475),(5337,3489),(5337,3640),(5337,3647),(5337,3648),(5337,3680),(5337,3681),(5337,3696),(5337,3698),(5337,3699),(5337,3709),(5337,3881),(5337,3914),(5337,3918),(5337,3930),(5337,3932),(5337,4036),(5337,4049),(5337,4051),(5337,4063),(5337,4363),(5337,4482),(5337,5328),(5337,6518),(5337,6529),(5337,6532),(5337,6653),(5337,6654),(5337,6674),(5337,6675),(5337,6676),(5337,6680),(5337,6684),(5337,6746),(5337,6747),(5337,6760),(5337,6762),(5337,6763),(5337,6784),(5337,6978),(5337,6979),(5337,6980),(5337,6981),(5337,7083),(5337,7099),(5337,7139),(5337,7140),(5337,7149),(5337,7150),(5337,7983),(5337,8007),(5337,8008),(5337,8009),(5337,8011),(5337,8780),(5337,8813),(5337,8814),(5337,9767),(5337,12081),(5337,13096),(5337,13256),(5337,13257),(5337,13258),(5337,13259),(5337,14850),(5337,14851),(5337,14852),(5337,14853),(5337,14869);
INSERT INTO related_crafts_into VALUES(5338,2211),(5338,2212),(5338,2913),(5338,2920),(5338,2925),(5338,2927),(5338,2929),(5338,2934),(5338,2941),(5338,2942),(5338,3229),(5338,3230),(5338,3231),(5338,3232),(5338,3233),(5338,3234),(5338,3235),(5338,3236),(5338,3237),(5338,3238),(5338,3240),(5338,3249),(5338,3260),(5338,3261),(5338,3477),(5338,3478),(5338,3479),(5338,3482),(5338,3483),(5338,3484),(5338,3485),(5338,3486),(5338,3488),(5338,3490),(5338,3491),(5338,3501),(5338,3502),(5338,3503),(5338,3708),(5338,3710),(5338,3711),(5338,3712),(5338,3713),(5338,3714),(5338,3715),(5338,3716),(5338,3725),(5338,3727),(5338,3728),(5338,3927),(5338,3931),(5338,3937),(5338,3946),(5338,4078),(5338,4079),(5338,4526),(5338,5577),(5338,5578),(5338,5579),(5338,5580),(5338,6200),(5338,6214),(5338,6752),(5338,6753),(5338,6754),(5338,6758),(5338,6759),(5338,6760),(5338,6761),(5338,6764),(5338,6765),(5338,6766),(5338,6771),(5338,6777),(5338,6783),(5338,6982),(5338,6983),(5338,7075),(5338,7076),(5338,7087),(5338,7488),(5338,7490),(5338,7492),(5338,7493),(5338,7494),(5338,7495),(5338,7496),(5338,7498),(5338,7501),(5338,7505),(5338,7506),(5338,7507),(5338,7510),(5338,7513),(5338,7514),(5338,7515),(5338,7534),(5338,7535),(5338,7537),(5338,7538),(5338,7540),(5338,7541),(5338,7542),(5338,7543),(5338,7548),(5338,7549),(5338,7986),(5338,7987),(5338,7988),(5338,8010),(5338,8200),(5338,8453),(5338,8540),(5338,8541),(5338,8547),(5338,8548),(5338,8553),(5338,8554),(5338,8555),(5338,8558),(5338,8559),(5338,8560),(5338,8570),(5338,8777),(5338,8778),(5338,9029),(5338,9039),(5338,9041),(5338,9043),(5338,9044),(5338,9045),(5338,9046),(5338,9047),(5338,9053),(5338,9054),(5338,9055),(5338,9056),(5338,9057),(5338,9062),(5338,9063),(5338,9064),(5338,9066),(5338,9067),(5338,9072),(5338,9073),(5338,9074),(5338,9076),(5338,9077),(5338,9283),(5338,9284),(5338,9286),(5338,9287),(5338,9289),(5338,9291),(5338,9300),(5338,9303),(5338,9304),(5338,9306),(5338,9486),(5338,9487),(5338,9488),(5338,9489),(5338,9490),(5338,10052),(5338,13273),(5338,15921),(5338,15922),(5338,15923),(5338,15925),(5338,15926);
INSERT INTO related_crafts_into VALUES(5339,15510),(5339,15511),(5339,15512),(5339,15513),(5339,15514),(5339,15520),(5339,15521),(5339,15522),(5339,15523),(5339,15524);
INSERT INTO related_crafts_into VALUES(5340,4078),(5340,4079),(5340,8704),(5340,10071);
INSERT INTO related_crafts_into VALUES(5341,3008),(5341,3532),(5341,5333),(5341,14181);
INSERT INTO related_crafts_into VALUES(5342,2658),(5342,2663),(5342,2666),(5342,2778),(5342,3974),(5342,6356),(5342,6358),(5342,6594),(5342,7015),(5342,7534),(5342,7539),(5342,7977),(5342,8015),(5342,8540),(5342,8541),(5342,9768),(5342,11984),(5342,13095);
INSERT INTO related_crafts_into VALUES(5343,2750),(5343,3065),(5343,3104),(5343,3561),(5343,3601),(5343,3648),(5343,3681),(5343,5334),(5343,7559),(5343,12594);
INSERT INTO related_crafts_into VALUES(5345,5335);
INSERT INTO related_crafts_into VALUES(5347,5329),(5347,5337),(5347,6682),(5347,7027),(5347,12592);
INSERT INTO related_crafts_into VALUES(5348,2829),(5348,2886),(5348,3205),(5348,6518),(5348,6529),(5348,6530),(5348,6532),(5348,6533),(5348,6653),(5348,6654),(5348,6655),(5348,7077),(5348,7078),(5348,7079),(5348,7080),(5348,7088),(5348,8200),(5348,8777),(5348,8778),(5348,13076),(5348,13259),(5348,14047),(5348,14900),(5348,14901),(5348,14902),(5348,14903);
INSERT INTO related_crafts_into VALUES(5349,2618),(5349,2628),(5349,5329),(5349,6685),(5349,10671);
INSERT INTO related_crafts_into VALUES(5350,5338),(5350,12596);
INSERT INTO related_crafts_into VALUES(5351,1893),(5351,2655),(5351,3015),(5351,6649);
INSERT INTO related_crafts_into VALUES(5352,1823),(5352,1899),(5352,2021),(5352,2522),(5352,2614),(5352,2779);
INSERT INTO related_crafts_into VALUES(5355,2750),(5355,2814),(5355,3039);
INSERT INTO related_crafts_into VALUES(5357,6955);
INSERT INTO related_crafts_into VALUES(5358,6954),(5358,13594);
INSERT INTO related_crafts_into VALUES(5359,2551),(5359,2553),(5359,2610),(5359,2627),(5359,2825),(5359,2829),(5359,2882),(5359,2886),(5359,2891),(5359,2913),(5359,2925),(5359,6200),(5359,6214),(5359,6654),(5359,6752),(5359,6753),(5359,7139),(5359,7149),(5359,7985),(5359,10797),(5359,13269),(5359,13685);
INSERT INTO related_crafts_into VALUES(5360,1650),(5360,1850),(5360,2528),(5360,2623),(5360,2832),(5360,2852),(5360,2939),(5360,6754),(5360,7064),(5360,7498),(5360,10754),(5360,13061),(5360,13269),(5360,13685),(5360,14727),(5360,14732),(5360,14737);
INSERT INTO related_crafts_into VALUES(5361,1602),(5361,1750),(5361,1751),(5361,1820),(5361,1821),(5361,1824),(5361,1891),(5361,1892),(5361,1996),(5361,1997),(5361,2144),(5361,2219),(5361,2226),(5361,2228),(5361,2315),(5361,2328),(5361,2329),(5361,2341),(5361,2367),(5361,2392),(5361,2405),(5361,2417),(5361,2430),(5361,2456),(5361,2481),(5361,2494),(5361,2507),(5361,2520),(5361,2546),(5361,2572),(5361,3742),(5361,3763),(5361,3764),(5361,6542),(5361,9184),(5361,9185),(5361,9186);
INSERT INTO related_crafts_into VALUES(5364,1604),(5364,1753),(5364,1754),(5364,1822),(5364,1823),(5364,1895),(5364,1908),(5364,1915),(5364,2146),(5364,2229),(5364,2233),(5364,2316),(5364,2318),(5364,2342),(5364,2343),(5364,2368),(5364,2369),(5364,2393),(5364,2406),(5364,2418),(5364,2420),(5364,2431),(5364,2457),(5364,2482),(5364,2495),(5364,2496),(5364,2508),(5364,2521),(5364,2523),(5364,2534),(5364,2547),(5364,2548),(5364,2560),(5364,2573),(5364,2611),(5364,2675),(5364,2703),(5364,3773),(5364,3779),(5364,6348),(5364,6366),(5364,6383),(5364,6393),(5364,6401),(5364,6404),(5364,6406),(5364,6409),(5364,6432),(5364,6491),(5364,6514),(5364,6524),(5364,6548),(5364,6561),(5364,6603),(5364,6624),(5364,7084),(5364,7996),(5364,8660),(5364,8661),(5364,9723);
INSERT INTO related_crafts_into VALUES(5365,7972),(5365,8168),(5365,9738),(5365,13095),(5365,14065);
INSERT INTO related_crafts_into VALUES(5366,10586),(5366,10598),(5366,10604),(5366,10610),(5366,10622),(5366,10628),(5366,10629),(5366,10640),(5366,11875),(5366,11879),(5366,11883),(5366,11887),(5366,11891),(5366,11899),(5366,11903),(5366,11911),(5366,12084),(5366,12094),(5366,12097),(5366,12101),(5366,12580);
INSERT INTO related_crafts_into VALUES(5367,1614),(5367,1627),(5367,1756),(5367,1825),(5367,1827),(5367,1833),(5367,1871),(5367,1897),(5367,1899),(5367,1905),(5367,2000),(5367,2002),(5367,2236),(5367,2238),(5367,2319),(5367,2331),(5367,2344),(5367,2370),(5367,2395),(5367,2408),(5367,2433),(5367,2459),(5367,2460),(5367,2484),(5367,2497),(5367,2500),(5367,2510),(5367,2524),(5367,2536),(5367,2537),(5367,2549),(5367,2562),(5367,2574),(5367,2575),(5367,3774),(5367,3799),(5367,3805),(5367,6348),(5367,6349),(5367,6356),(5367,6357),(5367,6365),(5367,6375),(5367,6383),(5367,6392),(5367,6402),(5367,6403),(5367,6406),(5367,6407),(5367,6430),(5367,6437),(5367,6464),(5367,6489),(5367,6543),(5367,6548),(5367,6561),(5367,6562),(5367,6576),(5367,6602),(5367,6612),(5367,6640),(5367,7084),(5367,7973),(5367,7979),(5367,8662),(5367,12081),(5367,12115),(5367,13075);
INSERT INTO related_crafts_into VALUES(5368,1764),(5368,2010),(5368,2011),(5368,2151),(5368,2332),(5368,2345),(5368,2371),(5368,2396),(5368,2421),(5368,2434),(5368,2485),(5368,2498),(5368,2499),(5368,2511),(5368,2553),(5368,2563),(5368,2576),(5368,6347),(5368,6351),(5368,6358),(5368,6374),(5368,6384),(5368,6385),(5368,6405),(5368,6429),(5368,6439),(5368,6513),(5368,6550),(5368,6576),(5368,6577),(5368,6592),(5368,6606),(5368,6611),(5368,6622),(5368,6645),(5368,6650),(5368,7973),(5368,9193),(5368,9746),(5368,12095);
INSERT INTO related_crafts_into VALUES(5371,1625),(5371,1633),(5371,1637),(5371,1639),(5371,1699),(5371,1769),(5371,1786),(5371,1836),(5371,1838),(5371,1845),(5371,1847),(5371,1850),(5371,2015),(5371,2246),(5371,2250),(5371,2257),(5371,2320),(5371,2321),(5371,2334),(5371,2346),(5371,2348),(5371,2372),(5371,2373),(5371,2398),(5371,2399),(5371,2409),(5371,2411),(5371,2422),(5371,2436),(5371,2462),(5371,2487),(5371,2488),(5371,2501),(5371,2513),(5371,2525),(5371,2526),(5371,2539),(5371,2551),(5371,2565),(5371,2577),(5371,2578),(5371,3837),(5371,4051),(5371,6351),(5371,6352),(5371,6359),(5371,6360),(5371,6369),(5371,6378),(5371,6386),(5371,6387),(5371,6396),(5371,6411),(5371,6412),(5371,6413),(5371,6414),(5371,6416),(5371,6417),(5371,6418),(5371,6421),(5371,6428),(5371,6436),(5371,6438),(5371,6445),(5371,6455),(5371,6456),(5371,6458),(5371,6459),(5371,6460),(5371,6462),(5371,6465),(5371,6483),(5371,6484),(5371,6488),(5371,6490),(5371,6515),(5371,6517),(5371,6520),(5371,6529),(5371,6532),(5371,6535),(5371,6549),(5371,6550),(5371,6552),(5371,6560),(5371,6562),(5371,6563),(5371,6564),(5371,6569),(5371,6570),(5371,6577),(5371,6580),(5371,6601),(5371,6604),(5371,6607),(5371,6610),(5371,6613),(5371,6615),(5371,6618),(5371,6619),(5371,6621),(5371,6626),(5371,6627),(5371,6628),(5371,6651),(5371,6663),(5371,7109),(5371,7114),(5371,7138),(5371,7622),(5371,7623),(5371,7624),(5371,7625),(5371,7626),(5371,7962),(5371,7970),(5371,7997),(5371,8664),(5371,8796),(5371,8806),(5371,9209),(5371,9748),(5371,10401),(5371,10463),(5371,12096),(5371,12098),(5371,12114),(5371,13077);
INSERT INTO related_crafts_into VALUES(5373,1643),(5373,1650),(5373,1657),(5373,1711),(5373,1778),(5373,1781),(5373,1855),(5373,1862),(5373,1917),(5373,1920),(5373,1925),(5373,2026),(5373,2270),(5373,2322),(5373,2323),(5373,2337),(5373,2349),(5373,2374),(5373,2375),(5373,2376),(5373,2400),(5373,2424),(5373,2425),(5373,2439),(5373,2502),(5373,2514),(5373,2527),(5373,2528),(5373,2542),(5373,2552),(5373,2554),(5373,2617),(5373,3870),(5373,6350),(5373,6354),(5373,6361),(5373,6368),(5373,6377),(5373,6386),(5373,6388),(5373,6395),(5373,6410),(5373,6415),(5373,6431),(5373,6435),(5373,6441),(5373,6444),(5373,6452),(5373,6463),(5373,6466),(5373,6485),(5373,6487),(5373,6530),(5373,6533),(5373,6544),(5373,6551),(5373,6567),(5373,6573),(5373,6574),(5373,6597),(5373,6607),(5373,6618),(5373,6623),(5373,6628),(5373,6631),(5373,7074),(5373,7976),(5373,8665),(5373,8666),(5373,8786),(5373,8797),(5373,8820),(5373,9734),(5373,9739),(5373,9749),(5373,10402),(5373,10464),(5373,12095),(5373,12097),(5373,13078),(5373,15151);
INSERT INTO related_crafts_into VALUES(5374,1663),(5374,1733),(5374,1801),(5374,1867),(5374,2039),(5374,2044),(5374,2264),(5374,2287),(5374,2289),(5374,2300),(5374,2324),(5374,2351),(5374,2401),(5374,2413),(5374,2426),(5374,2440),(5374,2464),(5374,2490),(5374,2503),(5374,2516),(5374,2529),(5374,2555),(5374,2568),(5374,2580),(5374,3908),(5374,6355),(5374,6362),(5374,6372),(5374,6389),(5374,6399),(5374,6424),(5374,6426),(5374,6440),(5374,6442),(5374,6443),(5374,6447),(5374,6450),(5374,6466),(5374,6475),(5374,6518),(5374,6525),(5374,6531),(5374,6534),(5374,6565),(5374,6566),(5374,6567),(5374,6568),(5374,6571),(5374,6575),(5374,6579),(5374,6581),(5374,6584),(5374,6591),(5374,6596),(5374,6609),(5374,6614),(5374,6617),(5374,6629),(5374,6630),(5374,6633),(5374,6642),(5374,6667),(5374,6739),(5374,6740),(5374,7070),(5374,7074),(5374,7075),(5374,7076),(5374,7077),(5374,7078),(5374,7080),(5374,7089),(5374,7090),(5374,7091),(5374,7102),(5374,7108),(5374,7111),(5374,7113),(5374,7116),(5374,7117),(5374,7976),(5374,7979),(5374,7984),(5374,8006),(5374,8667),(5374,8787),(5374,8788),(5374,8816),(5374,9512),(5374,9718),(5374,9736),(5374,10403),(5374,10404),(5374,10465),(5374,10466),(5374,12096),(5374,12100),(5374,13078);
INSERT INTO related_crafts_into VALUES(5376,1803),(5376,1872),(5376,1937),(5376,1941),(5376,2298),(5376,2325),(5376,2338),(5376,2352),(5376,2377),(5376,2402),(5376,2414),(5376,2427),(5376,2465),(5376,2491),(5376,2504),(5376,2517),(5376,2530),(5376,2543),(5376,2556),(5376,2569),(5376,2581),(5376,2624),(5376,6354),(5376,6363),(5376,6371),(5376,6381),(5376,6390),(5376,6398),(5376,6422),(5376,6425),(5376,6427),(5376,6451),(5376,6473),(5376,6516),(5376,6521),(5376,6523),(5376,6568),(5376,6572),(5376,6579),(5376,6582),(5376,6584),(5376,6590),(5376,6592),(5376,6608),(5376,6616),(5376,6620),(5376,6632),(5376,6634),(5376,6671),(5376,6672),(5376,6741),(5376,6743),(5376,7065),(5376,7069),(5376,7073),(5376,7079),(5376,7081),(5376,7098),(5376,7958),(5376,7978),(5376,7985),(5376,7993),(5376,8002),(5376,8004),(5376,8668),(5376,8777),(5376,8778),(5376,8783),(5376,8793),(5376,8795),(5376,8816),(5376,9224),(5376,9242),(5376,9719),(5376,9722),(5376,9746),(5376,10405),(5376,10414),(5376,10467),(5376,10476),(5376,14045);
INSERT INTO related_crafts_into VALUES(5377,8779),(5377,8780),(5377,8781),(5377,8789),(5377,9046),(5377,9085),(5377,9086),(5377,9087),(5377,9089),(5377,9090),(5377,9092),(5377,9489),(5377,9724),(5377,9737),(5377,13792),(5377,13793),(5377,13794),(5377,13795),(5377,13796),(5377,13797),(5377,13798),(5377,13799),(5377,13800),(5377,13837),(5377,13838),(5377,13839),(5377,13840),(5377,13841),(5377,13842),(5377,13843),(5377,13844),(5377,13845),(5377,15097);
INSERT INTO related_crafts_into VALUES(5378,1743),(5378,1813),(5378,1879),(5378,1882),(5378,1949),(5378,1953),(5378,2051),(5378,2339),(5378,2415),(5378,2441),(5378,2466),(5378,2492),(5378,2518),(5378,2544),(5378,2570),(5378,6353),(5378,6364),(5378,6380),(5378,6389),(5378,6391),(5378,6536),(5378,6537),(5378,6587),(5378,6592),(5378,6742),(5378,6743),(5378,6744),(5378,7068),(5378,7070),(5378,7072),(5378,7079),(5378,7081),(5378,7087),(5378,7089),(5378,7090),(5378,7091),(5378,7098),(5378,7108),(5378,7110),(5378,7112),(5378,7113),(5378,7116),(5378,7972),(5378,7975),(5378,7985),(5378,8779),(5378,8780),(5378,8781),(5378,8782),(5378,8794),(5378,8795),(5378,9226),(5378,9288),(5378,9719),(5378,9722),(5378,9724),(5378,10407),(5378,10469),(5378,13096);
INSERT INTO related_crafts_into VALUES(5380,2143),(5380,2144),(5380,5361);
INSERT INTO related_crafts_into VALUES(5383,2145),(5383,2146),(5383,5364),(5383,6492),(5383,6494);
INSERT INTO related_crafts_into VALUES(5384,5366);
INSERT INTO related_crafts_into VALUES(5385,2147),(5385,5367),(5385,14181);
INSERT INTO related_crafts_into VALUES(5386,2149),(5386,2151),(5386,2156),(5386,5368);
INSERT INTO related_crafts_into VALUES(5388,2160),(5388,5371);
INSERT INTO related_crafts_into VALUES(5390,2166),(5390,2184),(5390,5373),(5390,12611);
INSERT INTO related_crafts_into VALUES(5391,5374);
INSERT INTO related_crafts_into VALUES(5393,2185),(5393,5376),(5393,6746),(5393,6747);
INSERT INTO related_crafts_into VALUES(5394,5377);
INSERT INTO related_crafts_into VALUES(5395,5378),(5395,14182);
INSERT INTO related_crafts_into VALUES(5396,1892),(5396,1893),(5396,1958),(5396,2572);
INSERT INTO related_crafts_into VALUES(5402,1894),(5402,1895),(5402,1897),(5402,1917),(5402,1961),(5402,1998),(5402,2573),(5402,2574);
INSERT INTO related_crafts_into VALUES(5403,10610),(5403,10611),(5403,10634),(5403,11907),(5403,11911),(5403,11951);
INSERT INTO related_crafts_into VALUES(5405,1776),(5405,1937),(5405,1967),(5405,2004),(5405,2575),(5405,2576),(5405,2577),(5405,6481),(5405,6637);
INSERT INTO related_crafts_into VALUES(5409,1915),(5409,1920),(5409,1971),(5409,1974),(5409,1976),(5409,1978),(5409,2023),(5409,2578),(5409,2580);
INSERT INTO related_crafts_into VALUES(5414,1796),(5414,1981),(5414,1983),(5414,1985),(5414,1987),(5414,2030),(5414,2047),(5414,2581),(5414,2920),(5414,6506),(5414,6512),(5414,7568);
INSERT INTO related_crafts_into VALUES(5432,1602),(5432,1603),(5432,1681),(5432,1820),(5432,1998),(5432,2056),(5432,2106),(5432,4092),(5432,4421),(5432,5503),(5432,9184);
INSERT INTO related_crafts_into VALUES(5433,1823),(5433,2106),(5433,2108),(5433,4093),(5433,4306),(5433,8663);
INSERT INTO related_crafts_into VALUES(5434,1605),(5434,1683),(5434,1822),(5434,2107),(5434,2109);
INSERT INTO related_crafts_into VALUES(5435,1622),(5435,1908),(5435,2063),(5435,2066),(5435,2111),(5435,2116),(5435,2118),(5435,2577),(5435,3622),(5435,3850),(5435,4211),(5435,4317);
INSERT INTO related_crafts_into VALUES(5436,1659),(5436,1925),(5436,1942),(5436,2071),(5436,2078),(5436,2083),(5436,2094),(5436,2121),(5436,2123),(5436,2125),(5436,2133),(5436,2270),(5436,2556),(5436,2579),(5436,3142),(5436,4121),(5436,4454),(5436,5505),(5436,6743),(5436,6745);
INSERT INTO related_crafts_into VALUES(5437,3243),(5437,8449),(5437,9737);
INSERT INTO related_crafts_into VALUES(5439,2097),(5439,2130);
INSERT INTO related_crafts_into VALUES(5442,2108),(5442,2444),(5442,2445),(5442,2727),(5442,4204),(5442,4311),(5442,4575),(5442,4595);
INSERT INTO related_crafts_into VALUES(5444,1625),(5444,1643),(5444,1776),(5444,2125),(5444,2133),(5444,2451),(5444,4231),(5444,4337),(5444,4568),(5444,6745);
INSERT INTO related_crafts_into VALUES(5446,4596);
INSERT INTO related_crafts_into VALUES(5447,2449),(5447,4607),(5447,6516),(5447,6572),(5447,6582);
INSERT INTO related_crafts_into VALUES(5448,5508);
INSERT INTO related_crafts_into VALUES(5449,5508);
INSERT INTO related_crafts_into VALUES(5454,1850),(5454,4594);
INSERT INTO related_crafts_into VALUES(5455,4599),(5455,4608);
INSERT INTO related_crafts_into VALUES(5456,1706),(5456,1942),(5456,6743);
INSERT INTO related_crafts_into VALUES(5458,1716),(5458,3183),(5458,3669),(5458,3886),(5458,4170),(5458,6756),(5458,6768),(5458,6774);
INSERT INTO related_crafts_into VALUES(5460,4097),(5460,4099),(5460,4100),(5460,4106),(5460,4108),(5460,4433);
INSERT INTO related_crafts_into VALUES(5461,4130),(5461,4132),(5461,6503);
INSERT INTO related_crafts_into VALUES(5462,1942),(5462,4147),(5462,4153),(5462,4155),(5462,4254),(5462,4363),(5462,4485),(5462,6743);
INSERT INTO related_crafts_into VALUES(5465,1663),(5465,2004),(5465,2023),(5465,2727),(5465,3131),(5465,6739);
INSERT INTO related_crafts_into VALUES(5466,2625),(5466,2628),(5466,5194);
INSERT INTO related_crafts_into VALUES(5468,2452),(5468,6946);
INSERT INTO related_crafts_into VALUES(5470,1958),(5470,1959),(5470,1960),(5470,1971),(5470,1996);
INSERT INTO related_crafts_into VALUES(5471,1961),(5471,1963),(5471,1965),(5471,1967),(5471,1969),(5471,2000),(5471,2010),(5471,2015),(5471,6476),(5471,6477),(5471,6478),(5471,6488),(5471,6489),(5471,6509),(5471,6510),(5471,6511),(5471,6595),(5471,6639),(5471,6640),(5471,6641);
INSERT INTO related_crafts_into VALUES(5472,1974),(5472,1976),(5472,1978),(5472,1981),(5472,1983),(5472,1985),(5472,1987),(5472,2026),(5472,2041),(5472,2044),(5472,2047),(5472,6480),(5472,6507),(5472,6508),(5472,6642),(5472,6644),(5472,6645),(5472,6646),(5472,7138),(5472,7148),(5472,7664),(5472,7665),(5472,7666),(5472,7667),(5472,7668),(5472,7992),(5472,7994),(5472,8002),(5472,8816),(5472,9734),(5472,9739);
INSERT INTO related_crafts_into VALUES(5473,2049),(5473,4560),(5473,5575),(5473,6744),(5473,6955),(5473,8004),(5473,8360),(5473,8377),(5473,8387),(5473,15914);
INSERT INTO related_crafts_into VALUES(5475,2143),(5475,2144),(5475,2146);
INSERT INTO related_crafts_into VALUES(5476,2147),(5476,2151),(5476,6649);
INSERT INTO related_crafts_into VALUES(5477,2156),(5477,2166),(5477,10525),(5477,14241),(5477,14242),(5477,14243);
INSERT INTO related_crafts_into VALUES(5478,2174),(5478,10526),(5478,10527),(5478,14229);
INSERT INTO related_crafts_into VALUES(5479,2185),(5479,10528),(5479,10529),(5479,10538),(5479,14234),(5479,14235);
INSERT INTO related_crafts_into VALUES(5480,2201),(5480,2202),(5480,5481),(5480,6746),(5480,6747),(5480,8362),(5480,8363),(5480,8371),(5480,8372),(5480,8379),(5480,8380),(5480,8389),(5480,8390),(5480,8844),(5480,8845),(5480,8846),(5480,8847),(5480,8848),(5480,8849),(5480,8850),(5480,8851),(5480,8852),(5480,8853),(5480,8854),(5480,8855),(5480,8856),(5480,8857),(5480,8858),(5480,8859),(5480,10532),(5480,10533),(5480,10534),(5480,10535),(5480,12214),(5480,14244),(5480,14247),(5480,15566),(5480,15567),(5480,15568),(5480,15823);
INSERT INTO related_crafts_into VALUES(5481,2193),(5481,2194),(5481,2211),(5481,2212),(5481,9322),(5481,9323),(5481,9324),(5481,9325),(5481,9326),(5481,9327),(5481,9328),(5481,9329),(5481,10530),(5481,10531),(5481,14250),(5481,14251),(5481,14252),(5481,14253),(5481,15819),(5481,15820),(5481,15821);
INSERT INTO related_crafts_into VALUES(5482,1821),(5482,1824),(5482,2328),(5482,2329),(5482,2380),(5482,2430),(5482,2579),(5482,2675);
INSERT INTO related_crafts_into VALUES(5483,2331),(5483,2343),(5483,2431),(5483,2576),(5483,4577),(5483,4578);
INSERT INTO related_crafts_into VALUES(5484,1836),(5484,1845),(5484,2332),(5484,2334),(5484,2384),(5484,2436),(5484,2581);
INSERT INTO related_crafts_into VALUES(5485,2335),(5485,2337),(5485,2349),(5485,2386),(5485,2388),(5485,2437),(5485,2439),(5485,6574),(5485,6604),(5485,6607),(5485,6610),(5485,6617),(5485,6618),(5485,6627),(5485,6628),(5485,6629),(5485,7017),(5485,11915),(5485,11916),(5485,11923),(5485,11924);
INSERT INTO related_crafts_into VALUES(5486,1867),(5486,2338),(5486,2339),(5486,2352),(5486,2389),(5486,2390),(5486,2440),(5486,2441),(5486,2582),(5486,4604),(5486,4609),(5486,6956),(5486,6957),(5486,6958),(5486,6959),(5486,6960),(5486,6961),(5486,6962),(5486,6963),(5486,8375),(5486,8808),(5486,9236),(5486,9307),(5486,9309),(5486,9311),(5486,9514),(5486,10410),(5486,11917),(5486,11918),(5486,11925),(5486,11926);
INSERT INTO related_crafts_into VALUES(5487,4556),(5487,4557),(5487,4847),(5487,6599),(5487,6655),(5487,7016);
INSERT INTO related_crafts_into VALUES(5488,5487);
INSERT INTO related_crafts_into VALUES(5489,2088),(5489,4574),(5489,4575),(5489,4576),(5489,4577),(5489,4578),(5489,4579),(5489,4580),(5489,4581),(5489,4582),(5489,4583),(5489,4584),(5489,4585),(5489,4586),(5489,4587),(5489,4588),(5489,5470),(5489,5471),(5489,5472),(5489,5473),(5489,12607);
INSERT INTO related_crafts_into VALUES(5490,7620);
INSERT INTO related_crafts_into VALUES(5491,5338),(5491,5522),(5491,6479),(5491,9517),(5491,12596);
INSERT INTO related_crafts_into VALUES(5492,1960),(5492,1997),(5492,1998),(5492,2002),(5492,2004),(5492,2010),(5492,2011),(5492,2116),(5492,4597),(5492,5475);
INSERT INTO related_crafts_into VALUES(5493,1965),(5493,1969),(5493,2021),(5493,2023),(5493,2026),(5493,2076),(5493,2118),(5493,2123),(5493,4600),(5493,5478),(5493,6744);
INSERT INTO related_crafts_into VALUES(5494,1987),(5494,2030),(5494,2039),(5494,2044),(5494,2047),(5494,2133),(5494,2298),(5494,4569),(5494,4605),(5494,5479),(5494,5480),(5494,6507),(5494,6745),(5494,8374);
INSERT INTO related_crafts_into VALUES(5495,4598),(5495,5476);
INSERT INTO related_crafts_into VALUES(5496,5477);
INSERT INTO related_crafts_into VALUES(5497,4579),(5497,4585),(5497,6948);
INSERT INTO related_crafts_into VALUES(5498,4849);
INSERT INTO related_crafts_into VALUES(5499,4560),(5499,4601),(5499,4602),(5499,4603),(5499,6952);
INSERT INTO related_crafts_into VALUES(5501,12231),(5501,14182),(5501,14183);
INSERT INTO related_crafts_into VALUES(5502,4560);
INSERT INTO related_crafts_into VALUES(5503,1820),(5503,1823),(5503,1833),(5503,2534),(5503,4092),(5503,6514),(5503,6515);
INSERT INTO related_crafts_into VALUES(5504,1639),(5504,1699),(5504,1711),(5504,1776),(5504,1850),(5504,2536),(5504,2537),(5504,2539),(5504,2540),(5504,4097),(5504,4099),(5504,4106),(5504,4108);
INSERT INTO related_crafts_into VALUES(5505,1663),(5505,1733),(5505,1796),(5505,1871),(5505,1872),(5505,2039),(5505,2542),(5505,2543),(5505,2544),(5505,4130),(5505,4132),(5505,4153),(5505,4155),(5505,4181),(5505,6739),(5505,6740),(5505,6742),(5505,8787),(5505,8797),(5505,9315),(5505,10402),(5505,10404);
INSERT INTO related_crafts_into VALUES(5506,10346),(5506,10586),(5506,10587),(5506,10588),(5506,10593),(5506,10594),(5506,10598),(5506,10599),(5506,10600),(5506,10604),(5506,10605),(5506,10606),(5506,10616),(5506,10617),(5506,10618),(5506,10622),(5506,10623),(5506,10624),(5506,10640),(5506,10641),(5506,10642),(5506,11875),(5506,11903),(5506,11947);
INSERT INTO related_crafts_into VALUES(5507,10589),(5507,10590),(5507,10595),(5507,10596),(5507,10601),(5507,10602),(5507,10607),(5507,10608),(5507,10619),(5507,10620),(5507,10625),(5507,10626),(5507,10645),(5507,10799),(5507,10883),(5507,10925),(5507,11876),(5507,11877),(5507,11888),(5507,11905),(5507,11948),(5507,12094);
INSERT INTO related_crafts_into VALUES(5508,10591),(5508,10603),(5508,10627),(5508,11878),(5508,11890),(5508,11906),(5508,11949),(5508,11950),(5508,14045),(5508,14717),(5508,14722),(5508,14742);
INSERT INTO related_crafts_into VALUES(5509,5510);
INSERT INTO related_crafts_into VALUES(5510,3761),(5510,3762),(5510,3766),(5510,3768),(5510,3770),(5510,3771),(5510,3777),(5510,3780),(5510,3795),(5510,3800),(5510,3808),(5510,3810),(5510,3821),(5510,3823),(5510,3829),(5510,3831),(5510,3841),(5510,3843),(5510,3849),(5510,3851),(5510,3853),(5510,3860),(5510,3866),(5510,3871),(5510,3881),(5510,3885),(5510,3904),(5510,3909),(5510,3911),(5510,3914),(5510,3918),(5510,3927),(5510,3930),(5510,3931),(5510,3932),(5510,3933),(5510,3934),(5510,3946),(5510,6776),(5510,6777),(5510,6981),(5510,6983),(5510,7538),(5510,8561),(5510,10391),(5510,10396),(5510,10706),(5510,10748),(5510,10789),(5510,10790),(5510,10791),(5510,10793),(5510,10794),(5510,10831),(5510,10832),(5510,10833),(5510,10834),(5510,10835),(5510,10836),(5510,10873),(5510,10874),(5510,10875),(5510,10877),(5510,10878),(5510,10915),(5510,10916),(5510,10917),(5510,10918),(5510,10919),(5510,10957),(5510,10958),(5510,10959),(5510,10960),(5510,10961),(5510,11978),(5510,11979),(5510,11980),(5510,11982),(5510,12006),(5510,12007),(5510,12008),(5510,12010),(5510,13268),(5510,13271),(5510,13684),(5510,13687),(5510,13770),(5510,13772),(5510,14721),(5510,14726),(5510,14731),(5510,14736),(5510,14741),(5510,14746),(5510,14832),(5510,14836),(5510,14926),(5510,14930),(5510,14943),(5510,15509),(5510,15514),(5510,15519),(5510,15524);
INSERT INTO related_crafts_into VALUES(5512,2668),(5512,2728),(5512,2731),(5512,2758),(5512,2769),(5512,2774),(5512,2834),(5512,2857),(5512,2921),(5512,2926),(5512,6401),(5512,6402),(5512,6403),(5512,6404),(5512,6405),(5512,6406),(5512,6407),(5512,6408),(5512,6409),(5512,6412),(5512,6490),(5512,6565),(5512,6568),(5512,6583),(5512,6584),(5512,6585),(5512,6591),(5512,6596),(5512,6605),(5512,6638),(5512,6648),(5512,6651),(5512,6667),(5512,7151),(5512,7504),(5512,8563),(5512,8703),(5512,8704),(5512,8705),(5512,8820),(5512,8821),(5512,9298),(5512,9724),(5512,9730),(5512,9745),(5512,10049),(5512,10050);
INSERT INTO related_crafts_into VALUES(5513,6594),(5513,6595),(5513,6644),(5513,6646),(5513,7013),(5513,7014),(5513,7015),(5513,7974),(5513,7994),(5513,8002),(5513,8013),(5513,8015),(5513,13095);
INSERT INTO related_crafts_into VALUES(5514,6449),(5514,6453),(5514,6476),(5514,6477),(5514,6478),(5514,6488),(5514,6489),(5514,6507),(5514,6508),(5514,6509),(5514,6510),(5514,6511),(5514,6595),(5514,6644),(5514,6645),(5514,6646),(5514,7970),(5514,7974),(5514,7975),(5514,7979),(5514,7993),(5514,8782),(5514,9734),(5514,9744);
INSERT INTO related_crafts_into VALUES(5515,4681),(5515,6455),(5515,6456),(5515,6458),(5515,6459),(5515,6460),(5515,6483),(5515,6492),(5515,6548),(5515,6560),(5515,6561),(5515,6562),(5515,6606),(5515,6611),(5515,6612),(5515,6621),(5515,6622),(5515,6623),(5515,6624),(5515,6954),(5515,7025),(5515,7026),(5515,9748),(5515,13075),(5515,13077);
INSERT INTO related_crafts_into VALUES(5516,4850),(5516,5515);
INSERT INTO related_crafts_into VALUES(5517,2289),(5517,3162),(5517,3187);
INSERT INTO related_crafts_into VALUES(5518,4564),(5518,4565),(5518,4566),(5518,4567),(5518,4568),(5518,4594),(5518,4595),(5518,4596),(5518,4597),(5518,4598),(5518,4599),(5518,4600),(5518,4601),(5518,4602),(5518,4603),(5518,4604),(5518,4605),(5518,4606),(5518,4607),(5518,4608),(5518,4614),(5518,4615),(5518,4616),(5518,4617),(5518,4618),(5518,4619),(5518,4620),(5518,4621),(5518,4622),(5518,4623),(5518,4624),(5518,4625),(5518,4847),(5518,5470),(5518,5471),(5518,5472),(5518,5473),(5518,5522),(5518,9727);
INSERT INTO related_crafts_into VALUES(5519,5489);
INSERT INTO related_crafts_into VALUES(5521,12611);
INSERT INTO related_crafts_into VALUES(5522,4712),(5522,4731),(5522,4732),(5522,5329),(5522,5512),(5522,7027),(5522,12592),(5522,12610);
INSERT INTO related_crafts_into VALUES(5523,5512),(5523,12610);
INSERT INTO related_crafts_into VALUES(5524,5277),(5524,5280),(5524,5282);
INSERT INTO related_crafts_into VALUES(5525,5284),(5525,5285),(5525,5286),(5525,5287),(5525,5288),(5525,5290),(5525,8807),(5525,8809),(5525,12233);
INSERT INTO related_crafts_into VALUES(5526,4606),(5526,4611),(5526,6512),(5526,7014),(5526,7027),(5526,7972),(5526,9511),(5526,12524);
INSERT INTO related_crafts_into VALUES(5527,2069),(5527,3120),(5527,3121),(5527,12611);
INSERT INTO related_crafts_into VALUES(5528,2499),(5528,5058),(5528,6481);
INSERT INTO related_crafts_into VALUES(5530,7066),(5530,7067),(5530,7071),(5530,7072),(5530,12913),(5530,14935);
INSERT INTO related_crafts_into VALUES(5531,12103),(5531,12233);
INSERT INTO related_crafts_into VALUES(5532,12232);
INSERT INTO related_crafts_into VALUES(5533,3947),(5533,8705),(5533,10071),(5533,13022),(5533,13032),(5533,13042);
INSERT INTO related_crafts_into VALUES(5535,4556),(5535,7138),(5535,9730);
INSERT INTO related_crafts_into VALUES(5536,4557);
INSERT INTO related_crafts_into VALUES(5537,2049),(5537,4558),(5537,4560),(5537,4609),(5537,4610),(5537,4611),(5537,4612),(5537,4613),(5537,7059);
INSERT INTO related_crafts_into VALUES(5538,4565);
INSERT INTO related_crafts_into VALUES(5540,2663),(5540,6643),(5540,7534);
INSERT INTO related_crafts_into VALUES(5541,4582),(5541,4600);
INSERT INTO related_crafts_into VALUES(5545,5575),(5545,6141),(5545,6946),(5545,6947),(5545,6948),(5545,6949),(5545,6950),(5545,6951),(5545,6952),(5545,6953),(5545,7534);
INSERT INTO related_crafts_into VALUES(5546,4626),(5546,4627),(5546,4628),(5546,4629),(5546,4630),(5546,4631),(5546,5473);
INSERT INTO related_crafts_into VALUES(5547,2049),(5547,7059);
INSERT INTO related_crafts_into VALUES(5548,4577),(5548,4597);
INSERT INTO related_crafts_into VALUES(5549,4567),(5549,4580),(5549,4614),(5549,4615),(5549,4616),(5549,4617),(5549,4618),(5549,4619),(5549,4688),(5549,5472);
INSERT INTO related_crafts_into VALUES(5550,4601);
INSERT INTO related_crafts_into VALUES(5551,4575),(5551,4576),(5551,4863);
INSERT INTO related_crafts_into VALUES(5553,4569),(5553,4608),(5553,5507);
INSERT INTO related_crafts_into VALUES(5554,4579),(5554,4580),(5554,4581),(5554,4582),(5554,4583),(5554,6473),(5554,6516),(5554,6572),(5554,6582),(5554,6685);
INSERT INTO related_crafts_into VALUES(5555,2047),(5555,4584),(5555,4585),(5555,4586),(5555,4587),(5555,4588),(5555,6946),(5555,6947),(5555,6948),(5555,6949),(5555,6950),(5555,6951),(5555,6952),(5555,6953);
INSERT INTO related_crafts_into VALUES(5556,4574),(5556,4578);
INSERT INTO related_crafts_into VALUES(5557,4598),(5557,5471),(5557,5483);
INSERT INTO related_crafts_into VALUES(5558,4584),(5558,4606),(5558,4613),(5558,5506),(5558,6949),(5558,14048),(5558,14049),(5558,14050),(5558,14051);
INSERT INTO related_crafts_into VALUES(5559,4603);
INSERT INTO related_crafts_into VALUES(5560,4564),(5560,4574);
INSERT INTO related_crafts_into VALUES(5562,4581);
INSERT INTO related_crafts_into VALUES(5563,4594);
INSERT INTO related_crafts_into VALUES(5564,4588),(5564,4607),(5564,4612);
INSERT INTO related_crafts_into VALUES(5565,1879);
INSERT INTO related_crafts_into VALUES(5566,1810);
INSERT INTO related_crafts_into VALUES(5567,1740);
INSERT INTO related_crafts_into VALUES(5568,1949);
INSERT INTO related_crafts_into VALUES(5569,2201),(5569,2202);
INSERT INTO related_crafts_into VALUES(5570,1673);
INSERT INTO related_crafts_into VALUES(5571,1743);
INSERT INTO related_crafts_into VALUES(5572,1813);
INSERT INTO related_crafts_into VALUES(5573,1882);
INSERT INTO related_crafts_into VALUES(5574,1953);
INSERT INTO related_crafts_into VALUES(5575,2051);
INSERT INTO related_crafts_into VALUES(5576,2139);
INSERT INTO related_crafts_into VALUES(5577,2941),(5577,2942);
INSERT INTO related_crafts_into VALUES(5578,3260),(5578,3261);
INSERT INTO related_crafts_into VALUES(5579,3727),(5579,3728);
INSERT INTO related_crafts_into VALUES(5580,3946);
INSERT INTO related_crafts_into VALUES(5581,3258);
INSERT INTO related_crafts_into VALUES(5582,3499);
INSERT INTO related_crafts_into VALUES(5583,3726);
INSERT INTO related_crafts_into VALUES(5584,3944);
INSERT INTO related_crafts_into VALUES(5585,3256);
INSERT INTO related_crafts_into VALUES(5586,3723);
INSERT INTO related_crafts_into VALUES(5587,3498);
INSERT INTO related_crafts_into VALUES(5588,4284),(5588,4285);
INSERT INTO related_crafts_into VALUES(5590,4713);
INSERT INTO related_crafts_into VALUES(5728,7017);
INSERT INTO related_crafts_into VALUES(5789,15165);
INSERT INTO related_crafts_into VALUES(5814,5795),(5814,5798),(5814,5799),(5814,5800),(5814,5801),(5814,5804);
INSERT INTO related_crafts_into VALUES(5815,5738),(5815,5740);
INSERT INTO related_crafts_into VALUES(5816,5765),(5816,5766);
INSERT INTO related_crafts_into VALUES(5817,5729),(5817,5734);
INSERT INTO related_crafts_into VALUES(5818,5744),(5818,5749),(5818,5754),(5818,5761);
INSERT INTO related_crafts_into VALUES(5819,5780),(5819,5781),(5819,5784),(5819,5785),(5819,5787);
INSERT INTO related_crafts_into VALUES(5820,5810),(5820,5811),(5820,5812),(5820,5813);
INSERT INTO related_crafts_into VALUES(5998,2241),(5998,2268),(5998,2296),(5998,6462),(5998,6463),(5998,6465),(5998,6466),(5998,6468),(5998,6469),(5998,6473),(5998,6490),(5998,6497),(5998,6498),(5998,6583),(5998,6584),(5998,6585),(5998,6586),(5998,6587),(5998,6588),(5998,6589),(5998,6638),(5998,6665),(5998,6666),(5998,6667),(5998,6669),(5998,6670),(5998,7082),(5998,7094),(5998,7151),(5998,8805),(5998,8817),(5998,8818),(5998,8819),(5998,8820),(5998,8821),(5998,8835),(5998,8836),(5998,9771),(5998,10349),(5998,10350),(5998,10351),(5998,13097),(5998,14048),(5998,14068),(5998,15149),(5998,15150);
INSERT INTO related_crafts_into VALUES(5999,6461),(5999,6464),(5999,6467),(5999,6635),(5999,6636),(5999,6637),(5999,12089);
INSERT INTO related_crafts_into VALUES(6003,9722);
INSERT INTO related_crafts_into VALUES(6145,4746),(6145,4860);
INSERT INTO related_crafts_into VALUES(6149,4724),(6149,4727),(6149,4734),(6149,4756),(6149,4757),(6149,6950),(6149,6960),(6149,9331),(6149,9726);
INSERT INTO related_crafts_into VALUES(6151,12847),(6151,14138);
INSERT INTO related_crafts_into VALUES(6152,4609),(6152,4610),(6152,4611),(6152,4612),(6152,4613),(6152,4626),(6152,4627),(6152,4628),(6152,4629),(6152,4630),(6152,4631),(6152,4704),(6152,9331),(6152,9332),(6152,9333),(6152,9335),(6152,9728),(6152,12607),(6152,12612),(6152,12613),(6152,12614),(6152,12615),(6152,12616),(6152,12853),(6152,12855),(6152,12861),(6152,12866);
INSERT INTO related_crafts_into VALUES(6153,6141),(6153,7620),(6153,7807),(6153,9330),(6153,9332),(6153,13637),(6153,13638);
INSERT INTO related_crafts_into VALUES(6154,4558),(6154,9373);
INSERT INTO related_crafts_into VALUES(6158,6665),(6158,13284);
INSERT INTO related_crafts_into VALUES(6159,6666),(6159,8355),(6159,8356),(6159,8357),(6159,8358),(6159,8359),(6159,8360),(6159,8361),(6159,8362),(6159,8363),(6159,9234),(6159,10408),(6159,10470),(6159,10532),(6159,15915);
INSERT INTO related_crafts_into VALUES(6160,6536),(6160,14093);
INSERT INTO related_crafts_into VALUES(6161,6537),(6161,8364),(6161,8365),(6161,8366),(6161,8367),(6161,8368),(6161,8369),(6161,8370),(6161,8371),(6161,8372),(6161,9235),(6161,10409),(6161,10471),(6161,10533),(6161,15913);
INSERT INTO related_crafts_into VALUES(6162,6497),(6162,14094);
INSERT INTO related_crafts_into VALUES(6163,6498),(6163,8373),(6163,8374),(6163,8375),(6163,8376),(6163,8377),(6163,8378),(6163,8379),(6163,8380),(6163,8381),(6163,9236),(6163,10410),(6163,10473),(6163,10534),(6163,15916);
INSERT INTO related_crafts_into VALUES(6173,6473);
INSERT INTO related_crafts_into VALUES(6218,6474),(6218,6605);
INSERT INTO related_crafts_into VALUES(6219,6474),(6219,6522);
INSERT INTO related_crafts_into VALUES(6220,6474),(6220,8784);
INSERT INTO related_crafts_into VALUES(6479,7995),(6479,15159);
INSERT INTO related_crafts_into VALUES(6480,7995),(6480,15159);
INSERT INTO related_crafts_into VALUES(6481,12235);
INSERT INTO related_crafts_into VALUES(6492,12235);
INSERT INTO related_crafts_into VALUES(6494,6591),(6494,6592),(6494,6593),(6494,7972),(6494,8790),(6494,9719);
INSERT INTO related_crafts_into VALUES(6634,6590);
INSERT INTO related_crafts_into VALUES(6637,13069);
INSERT INTO related_crafts_into VALUES(6649,9748),(6649,9749),(6649,13069);
INSERT INTO related_crafts_into VALUES(6653,12094);
INSERT INTO related_crafts_into VALUES(6662,7102);
INSERT INTO related_crafts_into VALUES(7006,6502);
INSERT INTO related_crafts_into VALUES(7007,6475),(7007,7140),(7007,7150);
INSERT INTO related_crafts_into VALUES(7008,6377),(7008,6378),(7008,6379),(7008,6382),(7008,6388),(7008,6390),(7008,6391),(7008,6397),(7008,6399),(7008,6400),(7008,6423),(7008,6448),(7008,6451),(7008,6592),(7008,7009),(7008,8005),(7008,8012),(7008,8790),(7008,8831),(7008,8832),(7008,9719),(7008,9739),(7008,9770),(7008,15160),(7008,15161);
INSERT INTO related_crafts_into VALUES(7009,6369),(7009,6370),(7009,6379),(7009,6380),(7009,6381),(7009,6382),(7009,6387),(7009,6388),(7009,6390),(7009,6391),(7009,6395),(7009,6396),(7009,6397),(7009,6398),(7009,6399),(7009,6400),(7009,6420),(7009,6423),(7009,6424),(7009,6427),(7009,6433),(7009,6434),(7009,6436),(7009,6446),(7009,6447),(7009,6448),(7009,6449),(7009,6452),(7009,6453),(7009,6454),(7009,6573),(7009,6575),(7009,6583),(7009,6585),(7009,6589),(7009,6591),(7009,6593),(7009,7067),(7009,7072),(7009,7136),(7009,7141),(7009,7146),(7009,8005),(7009,8012),(7009,8790),(7009,8821),(7009,8831),(7009,8832),(7009,9745),(7009,9770),(7009,10346),(7009,12100),(7009,12111),(7009,12112),(7009,13072),(7009,14064),(7009,14065),(7009,15164);
INSERT INTO related_crafts_into VALUES(7010,6372),(7010,6373),(7010,6382),(7010,6400),(7010,6499),(7010,6500),(7010,6593),(7010,6598),(7010,6599),(7010,6664),(7010,7067),(7010,7131),(7010,7136),(7010,7141),(7010,7146),(7010,8005),(7010,8014),(7010,8833),(7010,9769),(7010,12085),(7010,13088),(7010,13089),(7010,14058),(7010,14059),(7010,14060),(7010,14069),(7010,15152);
INSERT INTO related_crafts_into VALUES(7011,6359),(7011,6361),(7011,6421),(7011,6450),(7011,6678);
INSERT INTO related_crafts_into VALUES(7012,6362),(7012,6364),(7012,15161);
INSERT INTO related_crafts_into VALUES(7013,6393),(7013,6394),(7013,6396),(7013,6397),(7013,6420),(7013,6434);
INSERT INTO related_crafts_into VALUES(7014,6363),(7014,6372),(7014,6373),(7014,6391),(7014,6399),(7014,6400),(7014,6634),(7014,7131),(7014,8833),(7014,9770),(7014,13071),(7014,13072);
INSERT INTO related_crafts_into VALUES(7015,6347),(7015,6349),(7015,6350),(7015,6352),(7015,6353),(7015,6355),(7015,6357),(7015,6360),(7015,6363),(7015,6366),(7015,6367),(7015,6369),(7015,6370),(7015,6372),(7015,6373),(7015,6421),(7015,6430),(7015,6446),(7015,6449),(7015,15161);
INSERT INTO related_crafts_into VALUES(7016,6366),(7016,6367),(7016,6369),(7016,6370),(7016,6372),(7016,6373),(7016,6376),(7016,6379),(7016,6382),(7016,6384),(7016,6385),(7016,6387),(7016,6388),(7016,6390),(7016,6391),(7016,6393),(7016,6394),(7016,6396),(7016,6397),(7016,6399),(7016,6400),(7016,6420),(7016,6423),(7016,6424),(7016,6427),(7016,6434),(7016,6436),(7016,6446),(7016,6447),(7016,6448),(7016,6452),(7016,6453),(7016,6454),(7016,6457),(7016,6573),(7016,6575),(7016,6578),(7016,7067),(7016,7131),(7016,7132),(7016,7136),(7016,7138),(7016,7139),(7016,7140),(7016,7141),(7016,7142),(7016,7146),(7016,7998),(7016,7999),(7016,8005),(7016,8007),(7016,8008),(7016,8009),(7016,8010),(7016,8011),(7016,8012),(7016,8013),(7016,8014),(7016,8015),(7016,8790),(7016,8831),(7016,8832),(7016,9766),(7016,9767),(7016,9769),(7016,9770),(7016,13071),(7016,13072),(7016,14069),(7016,14070),(7016,15164),(7016,15165);
INSERT INTO related_crafts_into VALUES(7017,6354),(7017,6371),(7017,6380),(7017,6566),(7017,6567),(7017,6568),(7017,6616),(7017,7103),(7017,7104),(7017,7105),(7017,7106),(7017,7107),(7017,7976),(7017,8000),(7017,8001),(7017,8786),(7017,8787),(7017,8788),(7017,8789),(7017,8795),(7017,8833),(7017,9736),(7017,12011),(7017,12012),(7017,12013),(7017,12014),(7017,12015),(7017,12016),(7017,12020),(7017,12021),(7017,12022),(7017,12100),(7017,15143),(7017,15147),(7017,15157),(7017,15160),(7017,15161);
INSERT INTO related_crafts_into VALUES(7018,6347),(7018,6348),(7018,6349),(7018,6356),(7018,6357),(7018,6358),(7018,6365),(7018,6374),(7018,6375),(7018,6383),(7018,6392),(7018,6395);
INSERT INTO related_crafts_into VALUES(7019,6350),(7019,6351),(7019,6352),(7019,6359),(7019,6360),(7019,6361),(7019,6368),(7019,6377),(7019,6378),(7019,6386);
INSERT INTO related_crafts_into VALUES(7020,6353),(7020,6354),(7020,6355),(7020,6362),(7020,6363),(7020,6364),(7020,6371),(7020,6380),(7020,6381),(7020,6389),(7020,6398),(7020,7065),(7020,15160);
INSERT INTO related_crafts_into VALUES(7021,6347),(7021,6348),(7021,6349),(7021,6356),(7021,6357),(7021,6358),(7021,6365),(7021,6374),(7021,6375),(7021,6383),(7021,6392),(7021,6395),(7021,6548);
INSERT INTO related_crafts_into VALUES(7022,6350),(7022,6351),(7022,6352),(7022,6359),(7022,6360),(7022,6361),(7022,6368),(7022,6377),(7022,6378),(7022,6386),(7022,6563),(7022,6569),(7022,6629);
INSERT INTO related_crafts_into VALUES(7023,6353),(7023,6354),(7023,6355),(7023,6362),(7023,6363),(7023,6364),(7023,6371),(7023,6380),(7023,6381),(7023,6389),(7023,6398);
INSERT INTO related_crafts_into VALUES(7024,6410),(7024,6411),(7024,6412),(7024,6413),(7024,6414),(7024,6415),(7024,6416),(7024,6417),(7024,6418),(7024,6549),(7024,6550),(7024,6551),(7024,6552),(7024,6559),(7024,6563),(7024,6565),(7024,6581),(7024,12114),(7024,13078);
INSERT INTO related_crafts_into VALUES(7025,6429);
INSERT INTO related_crafts_into VALUES(7026,6431),(7026,6433),(7026,6443),(7026,6444),(7026,6445),(7026,6482);
INSERT INTO related_crafts_into VALUES(7027,6353),(7027,6355),(7027,6362),(7027,6364),(7027,6381),(7027,6389),(7027,6398);
INSERT INTO related_crafts_into VALUES(7028,6518),(7028,6565),(7028,6571),(7028,6581),(7028,6609),(7028,6614),(7028,6633),(7028,6642),(7028,6667),(7028,7511),(7028,13682),(7028,13683),(7028,13686);
INSERT INTO related_crafts_into VALUES(7029,6477),(7029,6639),(7029,6644),(7029,7970),(7029,7979),(7029,7993),(7029,8782),(7029,8816),(7029,9734);
INSERT INTO related_crafts_into VALUES(7030,6449),(7030,6476),(7030,6488),(7030,6489),(7030,6640),(7030,6642),(7030,6645),(7030,7992),(7030,8002),(7030,8004);
INSERT INTO related_crafts_into VALUES(7031,6453),(7031,6478),(7031,6595),(7031,6641),(7031,6646),(7031,7975);
INSERT INTO related_crafts_into VALUES(7032,6483);
INSERT INTO related_crafts_into VALUES(7033,6504),(7033,6505),(7033,6506),(7033,6521),(7033,6620);
INSERT INTO related_crafts_into VALUES(7034,6507),(7034,6508);
INSERT INTO related_crafts_into VALUES(7035,6509),(7035,6510),(7035,6511);
INSERT INTO related_crafts_into VALUES(7036,6503);
INSERT INTO related_crafts_into VALUES(7037,6512),(7037,6597),(7037,6664),(7037,6669);
INSERT INTO related_crafts_into VALUES(7038,6519),(7038,6520),(7038,6535),(7038,6552),(7038,6563),(7038,6569),(7038,6586),(7038,6598),(7038,6615),(7038,6619),(7038,6625),(7038,6634),(7038,7109),(7038,7114),(7038,8806);
INSERT INTO related_crafts_into VALUES(7039,6668);
INSERT INTO related_crafts_into VALUES(7040,6670),(7040,8819),(7040,9724);
INSERT INTO related_crafts_into VALUES(7041,6682),(7041,6978),(7041,6979),(7041,6980),(7041,6981),(7041,7075),(7041,7076),(7041,7077),(7041,7078),(7041,7080),(7041,12081);
INSERT INTO related_crafts_into VALUES(7042,6672),(7042,6982),(7042,6983);
INSERT INTO related_crafts_into VALUES(7043,6517),(7043,6564),(7043,6570),(7043,6580),(7043,6604),(7043,6626),(7043,6643),(7043,6648),(7043,7085),(7043,7086);
INSERT INTO related_crafts_into VALUES(7044,6654),(7044,6683),(7044,7085),(7044,7966);
INSERT INTO related_crafts_into VALUES(7045,6473),(7045,6516),(7045,6572),(7045,6582),(7045,6685);
INSERT INTO related_crafts_into VALUES(7046,6597),(7046,6598),(7046,6664);
INSERT INTO related_crafts_into VALUES(7047,6474),(7047,6497),(7047,6498),(7047,6536),(7047,6537),(7047,6587),(7047,6588),(7047,6589),(7047,6652),(7047,6655),(7047,6665),(7047,6666),(7047,7082),(7047,7094),(7047,7151),(7047,8805),(7047,8817),(7047,9771);
INSERT INTO related_crafts_into VALUES(7085,12094);
INSERT INTO related_crafts_into VALUES(7157,7100),(7157,7101);
INSERT INTO related_crafts_into VALUES(7158,7102),(7158,7103),(7158,7104),(7158,7105),(7158,7106),(7158,7107);
INSERT INTO related_crafts_into VALUES(7159,6499),(7159,7552),(7159,14095);
INSERT INTO related_crafts_into VALUES(7160,6500);
INSERT INTO related_crafts_into VALUES(7161,7115),(7161,8382),(7161,8383),(7161,8384),(7161,8385),(7161,8386),(7161,8387),(7161,8388),(7161,8389),(7161,8390),(7161,9237),(7161,10411),(7161,10472),(7161,10535),(7161,15914);
INSERT INTO related_crafts_into VALUES(7481,8454);
INSERT INTO related_crafts_into VALUES(7487,8455);
INSERT INTO related_crafts_into VALUES(7493,8456);
INSERT INTO related_crafts_into VALUES(7499,8457);
INSERT INTO related_crafts_into VALUES(7505,8458);
INSERT INTO related_crafts_into VALUES(7511,8459);
INSERT INTO related_crafts_into VALUES(7579,1666);
INSERT INTO related_crafts_into VALUES(7580,1806);
INSERT INTO related_crafts_into VALUES(7581,1736);
INSERT INTO related_crafts_into VALUES(7582,1875);
INSERT INTO related_crafts_into VALUES(7583,1945);
INSERT INTO related_crafts_into VALUES(7584,2136);
INSERT INTO related_crafts_into VALUES(7585,2048);
INSERT INTO related_crafts_into VALUES(7586,2193);
INSERT INTO related_crafts_into VALUES(7587,2194);
INSERT INTO related_crafts_into VALUES(7588,7607),(7588,8029);
INSERT INTO related_crafts_into VALUES(7589,5069);
INSERT INTO related_crafts_into VALUES(7590,7606);
INSERT INTO related_crafts_into VALUES(7591,7608);
INSERT INTO related_crafts_into VALUES(7592,6141),(7592,7573);
INSERT INTO related_crafts_into VALUES(7593,7574),(7593,9333),(7593,9335);
INSERT INTO related_crafts_into VALUES(7594,7575),(7594,12854);
INSERT INTO related_crafts_into VALUES(7595,7572);
INSERT INTO related_crafts_into VALUES(7596,7606),(7596,8000),(7596,8001),(7596,9740);
INSERT INTO related_crafts_into VALUES(7597,7607),(7597,8029);
INSERT INTO related_crafts_into VALUES(7598,5069);
INSERT INTO related_crafts_into VALUES(7599,7608);
INSERT INTO related_crafts_into VALUES(7600,7609),(7600,8815);
INSERT INTO related_crafts_into VALUES(7601,5187),(7601,5188),(7601,5189),(7601,5190),(7601,5191),(7601,5192);
INSERT INTO related_crafts_into VALUES(7602,7570),(7602,9333),(7602,13742);
INSERT INTO related_crafts_into VALUES(7603,7571),(7603,9334);
INSERT INTO related_crafts_into VALUES(7604,7573),(7604,9735);
INSERT INTO related_crafts_into VALUES(7605,7572);
INSERT INTO related_crafts_into VALUES(7606,7064),(7606,7065),(7606,7068),(7606,7069),(7606,7070),(7606,7115),(7606,7121),(7606,7568),(7606,8359),(7606,8360),(7606,8367),(7606,8368),(7606,8386),(7606,8388),(7606,8818),(7606,9084),(7606,9310),(7606,9312),(7606,9718),(7606,9730),(7606,9740),(7606,15143),(7606,15160),(7606,15161),(7606,15556),(7606,15558),(7606,15559),(7606,15560),(7606,15561),(7606,15562),(7606,15563),(7606,15564),(7606,15565),(7606,15566),(7606,15567);
INSERT INTO related_crafts_into VALUES(7607,7064),(7607,7066),(7607,7067),(7607,7071),(7607,7072),(7607,7121),(7607,7480),(7607,7481),(7607,7482),(7607,7483),(7607,7484),(7607,7485),(7607,7486),(7607,7487),(7607,7488),(7607,7490),(7607,7491),(7607,7981),(7607,8355),(7607,8356),(7607,8357),(7607,8358),(7607,8364),(7607,8365),(7607,8366),(7607,8382),(7607,8384),(7607,8385),(7607,8779),(7607,8783),(7607,8784),(7607,8789),(7607,8817),(7607,8819),(7607,8836),(7607,9036),(7607,9037),(7607,9038),(7607,9040),(7607,9041),(7607,9047),(7607,9062),(7607,9072),(7607,9234),(7607,9235),(7607,9237),(7607,9307),(7607,9308),(7607,9309),(7607,9311),(7607,9313),(7607,9314),(7607,9315),(7607,9316),(7607,9490),(7607,9740),(7607,10408),(7607,10409),(7607,10411),(7607,10470),(7607,10471),(7607,10472),(7607,15143),(7607,15149),(7607,15150),(7607,15535),(7607,15536),(7607,15537),(7607,15539),(7607,15542),(7607,15543),(7607,15544),(7607,15545),(7607,15546),(7607,15547),(7607,15548),(7607,15549),(7607,15551),(7607,15552),(7607,15553),(7607,15554),(7607,15555),(7607,15556),(7607,15557),(7607,15558),(7607,15559),(7607,15560),(7607,15561),(7607,15562),(7607,15563),(7607,15568),(7607,15569);
INSERT INTO related_crafts_into VALUES(7608,7489),(7608,7492),(7608,7493),(7608,7494),(7608,7496),(7608,7497),(7608,7499),(7608,7500),(7608,7502),(7608,7503),(7608,7506),(7608,7508),(7608,7509),(7608,7512),(7608,7514),(7608,7515),(7608,8383),(7608,8456),(7608,8457),(7608,8570),(7608,9046),(7608,9052),(7608,9056),(7608,9065),(7608,9075),(7608,9489),(7608,15557),(7608,15566),(7608,15567),(7608,15569);
INSERT INTO related_crafts_into VALUES(7609,7495),(7609,7498),(7609,7501),(7609,7505),(7609,7507),(7609,7510),(7609,7511),(7609,7513),(7609,8200),(7609,8458),(7609,8459),(7609,8780),(7609,9029),(7609,9034),(7609,9039),(7609,9044),(7609,9045),(7609,9050),(7609,9054),(7609,9055),(7609,9057),(7609,9060),(7609,9064),(7609,9066),(7609,9067),(7609,9070),(7609,9074),(7609,9076),(7609,9077),(7609,9080),(7609,9355),(7609,9487),(7609,9488),(7609,15540),(7609,15550);
INSERT INTO related_crafts_into VALUES(7620,1666),(7620,1736),(7620,1806),(7620,1875),(7620,1945),(7620,2048),(7620,2136),(7620,7609),(7620,9225),(7620,10406),(7620,10468),(7620,10530);
INSERT INTO related_crafts_into VALUES(7671,7622),(7671,7629),(7671,7636),(7671,7643),(7671,7650),(7671,7657),(7671,7664);
INSERT INTO related_crafts_into VALUES(7672,7623),(7672,7630),(7672,7637),(7672,7644),(7672,7651),(7672,7658),(7672,7665);
INSERT INTO related_crafts_into VALUES(7673,7624),(7673,7631),(7673,7638),(7673,7645),(7673,7652),(7673,7659),(7673,7666);
INSERT INTO related_crafts_into VALUES(7674,7625),(7674,7632),(7674,7639),(7674,7646),(7674,7653),(7674,7660),(7674,7667);
INSERT INTO related_crafts_into VALUES(7675,7626),(7675,7633),(7675,7640),(7675,7647),(7675,7654),(7675,7661),(7675,7668);
INSERT INTO related_crafts_into VALUES(7754,7974);
INSERT INTO related_crafts_into VALUES(7768,7539);
INSERT INTO related_crafts_into VALUES(7769,7536);
INSERT INTO related_crafts_into VALUES(7770,7543),(7770,14903);
INSERT INTO related_crafts_into VALUES(7771,7540),(7771,7541),(7771,7542),(7771,9289);
INSERT INTO related_crafts_into VALUES(7772,7535),(7772,7537),(7772,7538),(7772,15157),(7772,15921),(7772,15922),(7772,15923),(7772,15924),(7772,15925),(7772,15926),(7772,15927);
INSERT INTO related_crafts_into VALUES(7773,7086);
INSERT INTO related_crafts_into VALUES(7774,7777);
INSERT INTO related_crafts_into VALUES(7775,7065),(7775,7066),(7775,7067),(7775,7068),(7775,7069),(7775,7070),(7775,7071),(7775,7072),(7775,7108),(7775,7110),(7775,7111),(7775,7112),(7775,7113),(7775,7121),(7775,7559),(7775,7568),(7775,9740),(7775,10071),(7775,12051),(7775,12055),(7775,12058),(7775,12062);
INSERT INTO related_crafts_into VALUES(7776,7568),(7776,8168);
INSERT INTO related_crafts_into VALUES(7777,7083),(7777,7092),(7777,7099),(7777,7559),(7777,8815);
INSERT INTO related_crafts_into VALUES(7794,7546),(7794,7547);
INSERT INTO related_crafts_into VALUES(7795,7548),(7795,7549);
INSERT INTO related_crafts_into VALUES(7806,7807);
INSERT INTO related_crafts_into VALUES(7807,7480),(7807,7481),(7807,7482),(7807,7483),(7807,7484),(7807,7485),(7807,7486),(7807,7487),(7807,7488),(7807,7489),(7807,7490),(7807,7491),(7807,7492),(7807,7493),(7807,7494),(7807,7495),(7807,7496),(7807,7497),(7807,7498),(7807,7499),(7807,7500),(7807,7501),(7807,7502),(7807,7503),(7807,7504),(7807,7505),(7807,7506),(7807,7507),(7807,7508),(7807,7509),(7807,7510),(7807,7511),(7807,7512),(7807,7513),(7807,7514),(7807,7515),(7807,7995),(7807,8362),(7807,8363),(7807,8371),(7807,8372),(7807,8373),(7807,8374),(7807,8375),(7807,8376),(7807,8377),(7807,8378),(7807,8379),(7807,8380),(7807,8381),(7807,8387),(7807,8389),(7807,8390),(7807,9236),(7807,10410),(7807,10473),(7807,10534),(7807,15159),(7807,15914),(7807,15916);
INSERT INTO related_crafts_into VALUES(7808,7108),(7808,7110),(7808,7111),(7808,7112),(7808,7113),(7808,13071),(7808,13072),(7808,13096);
INSERT INTO related_crafts_into VALUES(7894,9621),(7894,9622);
INSERT INTO related_crafts_into VALUES(7895,9615),(7895,9616);
INSERT INTO related_crafts_into VALUES(7897,9627),(7897,9628);
INSERT INTO related_crafts_into VALUES(7898,9624),(7898,9625);
INSERT INTO related_crafts_into VALUES(7900,9618),(7900,9619);
INSERT INTO related_crafts_into VALUES(7916,9516);
INSERT INTO related_crafts_into VALUES(7951,9515);
INSERT INTO related_crafts_into VALUES(7966,12062);
INSERT INTO related_crafts_into VALUES(7996,12235);
INSERT INTO related_crafts_into VALUES(8018,7982);
INSERT INTO related_crafts_into VALUES(8019,7980),(8019,8570),(8019,15436);
INSERT INTO related_crafts_into VALUES(8020,7981),(8020,15556),(8020,15557),(8020,15558),(8020,15559),(8020,15560),(8020,15561),(8020,15562),(8020,15563),(8020,15564),(8020,15565),(8020,15566),(8020,15567),(8020,15568),(8020,15569);
INSERT INTO related_crafts_into VALUES(8021,7977),(8021,9768);
INSERT INTO related_crafts_into VALUES(8022,7994),(8022,14065);
INSERT INTO related_crafts_into VALUES(8023,8540);
INSERT INTO related_crafts_into VALUES(8024,7984),(8024,7986),(8024,7987),(8024,7988);
INSERT INTO related_crafts_into VALUES(8025,7966),(8025,8557),(8025,8561),(8025,9722),(8025,15145);
INSERT INTO related_crafts_into VALUES(8026,8557),(8026,8558),(8026,8559),(8026,8560),(8026,8561);
INSERT INTO related_crafts_into VALUES(8027,8546),(8027,8547),(8027,8548),(8027,8553),(8027,8554),(8027,8555);
INSERT INTO related_crafts_into VALUES(8028,8564),(8028,9297);
INSERT INTO related_crafts_into VALUES(8029,8454),(8029,8455),(8029,9026),(8029,9027),(8029,9028),(8029,9030),(8029,9031),(8029,9082),(8029,9733);
INSERT INTO related_crafts_into VALUES(8146,7059),(8146,8280),(8146,8281),(8146,8282),(8146,8283),(8146,8284),(8146,8285),(8146,8286),(8146,8287),(8146,8288),(8146,8289),(8146,8290),(8146,8291),(8146,8292),(8146,8293),(8146,8294),(8146,8295),(8146,8296),(8146,8297),(8146,8298),(8146,8299),(8146,8300),(8146,8301),(8146,8302),(8146,8303),(8146,8454),(8146,8455),(8146,8456),(8146,8457),(8146,8458),(8146,8459);
INSERT INTO related_crafts_into VALUES(8147,8355),(8147,8356),(8147,8357),(8147,8358),(8147,8359),(8147,8360),(8147,8361),(8147,8362),(8147,8363),(8147,8364),(8147,8365),(8147,8366),(8147,8367),(8147,8368),(8147,8369),(8147,8370),(8147,8371),(8147,8372),(8147,8373),(8147,8374),(8147,8375),(8147,8376),(8147,8377),(8147,8378),(8147,8379),(8147,8380),(8147,8381),(8147,8382),(8147,8383),(8147,8384),(8147,8385),(8147,8386),(8147,8387),(8147,8388),(8147,8389),(8147,8390),(8147,8454),(8147,8455),(8147,8456),(8147,8457),(8147,8458),(8147,8459),(8147,9032),(8147,9033),(8147,9034),(8147,9035),(8147,9048),(8147,9049),(8147,9050),(8147,9051),(8147,9058),(8147,9059),(8147,9060),(8147,9061),(8147,9068),(8147,9069),(8147,9070),(8147,9071),(8147,9078),(8147,9079),(8147,9080),(8147,9081),(8147,9082),(8147,9083),(8147,9084),(8147,9085),(8147,9086),(8147,9087),(8147,9088),(8147,9089),(8147,9090),(8147,9091),(8147,9092),(8147,9234),(8147,9235),(8147,9236),(8147,9237),(8147,10408),(8147,10409),(8147,10410),(8147,10411),(8147,10412),(8147,10470),(8147,10471),(8147,10472),(8147,10473),(8147,10474),(8147,10532),(8147,10533),(8147,10534),(8147,10535),(8147,10536),(8147,13804),(8147,13805),(8147,13806),(8147,13807),(8147,13808),(8147,13809),(8147,13810),(8147,13811),(8147,13812),(8147,13813),(8147,13814),(8147,13815),(8147,13816),(8147,13817),(8147,13818),(8147,13819),(8147,13820),(8147,13821),(8147,13822),(8147,13823),(8147,13824),(8147,13825),(8147,13826),(8147,13827),(8147,13828),(8147,13829),(8147,13830),(8147,13831),(8147,13832),(8147,13833),(8147,13848),(8147,13849),(8147,13850),(8147,13851),(8147,13852),(8147,13853),(8147,13854),(8147,13855),(8147,13856),(8147,13857),(8147,13858),(8147,13859),(8147,13860),(8147,13861),(8147,13862),(8147,13863),(8147,13864),(8147,13865),(8147,13866),(8147,13867),(8147,13868),(8147,13869),(8147,13870),(8147,13871),(8147,13872),(8147,13873),(8147,13874),(8147,13875),(8147,13876),(8147,13877),(8147,13892),(8147,13893),(8147,13894),(8147,13895),(8147,13896),(8147,13897),(8147,13898),(8147,13899),(8147,13900),(8147,13901),(8147,13902),(8147,13903),(8147,13904),(8147,13905),(8147,13906),(8147,13907),(8147,13908),(8147,13909),(8147,13910),(8147,13911),(8147,13912),(8147,13913),(8147,13914),(8147,13915),(8147,13916),(8147,13917),(8147,13918),(8147,13919),(8147,13920),(8147,13921),(8147,13922),(8147,13923),(8147,13924),(8147,13925),(8147,13926),(8147,14830),(8147,14831),(8147,14832),(8147,14833),(8147,14834),(8147,14835),(8147,14836),(8147,15556),(8147,15557),(8147,15558),(8147,15559),(8147,15560),(8147,15561),(8147,15562),(8147,15563),(8147,15564),(8147,15565),(8147,15566),(8147,15567),(8147,15568),(8147,15569),(8147,15570),(8147,15571),(8147,15572),(8147,15573),(8147,15574),(8147,15575),(8147,15576),(8147,15577),(8147,15578),(8147,15579),(8147,15580),(8147,15581),(8147,15582),(8147,15583),(8147,15913),(8147,15914),(8147,15915),(8147,15916);
INSERT INTO related_crafts_into VALUES(8149,7059),(8149,7980),(8149,7984),(8149,7986),(8149,7987),(8149,7988),(8149,8557),(8149,8558),(8149,8559),(8149,8560),(8149,8561),(8149,8705),(8149,9283),(8149,9284),(8149,9285),(8149,9286),(8149,9287),(8149,9288),(8149,9291),(8149,9322),(8149,9323),(8149,9324),(8149,9325),(8149,9326),(8149,9327),(8149,9328),(8149,9329),(8149,9718),(8149,9730),(8149,10349),(8149,10350),(8149,12108),(8149,12109),(8149,12111),(8149,14939),(8149,14940),(8149,14941),(8149,14942),(8149,14943),(8149,15143),(8149,15159),(8149,15160),(8149,15161);
INSERT INTO related_crafts_into VALUES(8151,8355),(8151,8356),(8151,8357),(8151,8358),(8151,8359),(8151,8360),(8151,8361),(8151,8362),(8151,8363),(8151,9234),(8151,10408),(8151,10470),(8151,10532),(8151,15915);
INSERT INTO related_crafts_into VALUES(8152,8364),(8152,8365),(8152,8366),(8152,8367),(8152,8368),(8152,8369),(8152,8370),(8152,8371),(8152,8372),(8152,9235),(8152,10409),(8152,10471),(8152,10533),(8152,15913);
INSERT INTO related_crafts_into VALUES(8153,8373),(8153,8374),(8153,8375),(8153,8376),(8153,8377),(8153,8378),(8153,8379),(8153,8380),(8153,8381),(8153,9236),(8153,10410),(8153,10473),(8153,10534),(8153,15916);
INSERT INTO related_crafts_into VALUES(8154,8382),(8154,8383),(8154,8384),(8154,8385),(8154,8386),(8154,8387),(8154,8388),(8154,8389),(8154,8390),(8154,9237),(8154,10411),(8154,10472),(8154,10535),(8154,15914);
INSERT INTO related_crafts_into VALUES(8184,14047);
INSERT INTO related_crafts_into VALUES(8185,14900);
INSERT INTO related_crafts_into VALUES(8186,14901);
INSERT INTO related_crafts_into VALUES(8187,14902);
INSERT INTO related_crafts_into VALUES(8188,14903);
INSERT INTO related_crafts_into VALUES(8812,12114);
INSERT INTO related_crafts_into VALUES(9196,9205);
INSERT INTO related_crafts_into VALUES(9356,9300),(9356,9301),(9356,9302),(9356,9303),(9356,9304),(9356,9305),(9356,9306),(9356,9307),(9356,9308),(9356,9309),(9356,9310),(9356,9311),(9356,9312),(9356,9313),(9356,9314),(9356,9315),(9356,9316),(9356,10052);
INSERT INTO related_crafts_into VALUES(9357,9322),(9357,9323),(9357,9324),(9357,9325),(9357,9326),(9357,9327),(9357,9328),(9357,9329),(9357,9335);
INSERT INTO related_crafts_into VALUES(9358,8784),(9358,9026),(9358,9027),(9358,9028),(9358,9030),(9358,9031),(9358,9036),(9358,9037),(9358,9038),(9358,9040),(9358,9082),(9358,9083),(9358,9084),(9358,9085),(9358,9086),(9358,9087),(9358,9088),(9358,9091),(9358,10071),(9358,10412),(9358,10474),(9358,10536),(9358,13790),(9358,13791),(9358,13792),(9358,13793),(9358,13794),(9358,13795),(9358,13796),(9358,13799),(9358,13800),(9358,13801),(9358,13802),(9358,13803),(9358,13804),(9358,13805),(9358,13806),(9358,13807),(9358,13808),(9358,13809),(9358,13810),(9358,13811),(9358,13813),(9358,13814),(9358,13815),(9358,13816),(9358,13818),(9358,13819),(9358,13820),(9358,13821),(9358,13823),(9358,13824),(9358,13829),(9358,13834),(9358,13835),(9358,13836),(9358,13837),(9358,13838),(9358,13839),(9358,13840),(9358,13841),(9358,13844),(9358,13845),(9358,13846),(9358,13847),(9358,13848),(9358,13849),(9358,13850),(9358,13852),(9358,13853),(9358,13854),(9358,13855),(9358,13857),(9358,13858),(9358,13859),(9358,13860),(9358,13862),(9358,13868),(9358,13872),(9358,13892),(9358,13893),(9358,13894),(9358,13896),(9358,13897),(9358,13898),(9358,13899),(9358,13901),(9358,13904),(9358,13906),(9358,13911),(9358,13924),(9358,13926),(9358,15097);
INSERT INTO related_crafts_into VALUES(9359,9026),(9359,9027),(9359,9028),(9359,9029),(9359,9030),(9359,9031),(9359,9036),(9359,9037),(9359,9038),(9359,9039),(9359,9040),(9359,9041),(9359,9042),(9359,9043),(9359,9044),(9359,9045),(9359,9046),(9359,9047),(9359,9052),(9359,9053),(9359,9054),(9359,9055),(9359,9056),(9359,9057),(9359,9062),(9359,9063),(9359,9064),(9359,9065),(9359,9066),(9359,9067),(9359,9072),(9359,9073),(9359,9074),(9359,9075),(9359,9076),(9359,9077),(9359,9083),(9359,9300),(9359,9301),(9359,9302),(9359,9303),(9359,9304),(9359,9305),(9359,9306),(9359,9355),(9359,9485),(9359,9486),(9359,9487),(9359,9488),(9359,9489),(9359,9490),(9359,10052);
INSERT INTO related_crafts_into VALUES(9360,8836),(9360,9032),(9360,9033),(9360,9034),(9360,9035),(9360,9048),(9360,9049),(9360,9050),(9360,9051),(9360,9058),(9360,9059),(9360,9060),(9360,9061),(9360,9062),(9360,9068),(9360,9069),(9360,9070),(9360,9071),(9360,9072),(9360,9078),(9360,9079),(9360,9080),(9360,9081),(9360,9088),(9360,9089),(9360,9090),(9360,10412),(9360,10474),(9360,10536),(9360,13790),(9360,13791),(9360,13792),(9360,13793),(9360,13794),(9360,13795),(9360,13796),(9360,13797),(9360,13798),(9360,13799),(9360,13800),(9360,13801),(9360,13802),(9360,13803),(9360,13804),(9360,13805),(9360,13806),(9360,13807),(9360,13808),(9360,13809),(9360,13810),(9360,13811),(9360,13812),(9360,13813),(9360,13814),(9360,13815),(9360,13816),(9360,13817),(9360,13818),(9360,13819),(9360,13820),(9360,13821),(9360,13822),(9360,13823),(9360,13824),(9360,13825),(9360,13826),(9360,13827),(9360,13828),(9360,13829),(9360,13830),(9360,13831),(9360,13832),(9360,13833),(9360,13834),(9360,13835),(9360,13836),(9360,13837),(9360,13838),(9360,13839),(9360,13840),(9360,13841),(9360,13842),(9360,13843),(9360,13844),(9360,13845),(9360,13846),(9360,13847),(9360,13848),(9360,13849),(9360,13850),(9360,13851),(9360,13852),(9360,13853),(9360,13854),(9360,13855),(9360,13856),(9360,13857),(9360,13858),(9360,13859),(9360,13860),(9360,13861),(9360,13862),(9360,13863),(9360,13864),(9360,13865),(9360,13866),(9360,13867),(9360,13868),(9360,13869),(9360,13870),(9360,13871),(9360,13872),(9360,13873),(9360,13874),(9360,13875),(9360,13876),(9360,13877),(9360,13892),(9360,13893),(9360,13894),(9360,13895),(9360,13896),(9360,13897),(9360,13898),(9360,13899),(9360,13900),(9360,13901),(9360,13902),(9360,13903),(9360,13904),(9360,13905),(9360,13906),(9360,13907),(9360,13908),(9360,13909),(9360,13910),(9360,13911),(9360,13912),(9360,13913),(9360,13914),(9360,13915),(9360,13916),(9360,13917),(9360,13918),(9360,13919),(9360,13920),(9360,13921),(9360,13922),(9360,13923),(9360,13924),(9360,13925),(9360,13926),(9360,15097);
INSERT INTO related_crafts_into VALUES(9361,9029),(9361,9039),(9361,9041),(9361,9046),(9361,9047),(9361,9052),(9361,9053),(9361,9054),(9361,9055),(9361,9056),(9361,9064),(9361,9066),(9361,9067),(9361,9074),(9361,9076),(9361,9077),(9361,9084),(9361,9091),(9361,9092),(9361,9489),(9361,9490),(9361,10536),(9361,13791),(9361,13797),(9361,13798),(9361,13804),(9361,13805),(9361,13806),(9361,13807),(9361,13808),(9361,13809),(9361,13811),(9361,13812),(9361,13813),(9361,13814),(9361,13816),(9361,13817),(9361,13818),(9361,13819),(9361,13821),(9361,13822),(9361,13823),(9361,13825),(9361,13826),(9361,13827),(9361,13828),(9361,13830),(9361,13831),(9361,13832),(9361,13833),(9361,13836),(9361,13842),(9361,13843),(9361,13849),(9361,13850),(9361,13851),(9361,13852),(9361,13853),(9361,13854),(9361,13855),(9361,13856),(9361,13857),(9361,13858),(9361,13859),(9361,13860),(9361,13861),(9361,13862),(9361,13863),(9361,13864),(9361,13865),(9361,13866),(9361,13867),(9361,13869),(9361,13870),(9361,13871),(9361,13872),(9361,13873),(9361,13874),(9361,13875),(9361,13876),(9361,13877),(9361,13893),(9361,13894),(9361,13895),(9361,13896),(9361,13897),(9361,13898),(9361,13899),(9361,13900),(9361,13901),(9361,13903),(9361,13904),(9361,13905),(9361,13906),(9361,13907),(9361,13908),(9361,13909),(9361,13910),(9361,13911),(9361,13913),(9361,13914),(9361,13916),(9361,13917),(9361,13918),(9361,13919),(9361,13921),(9361,13923),(9361,13924),(9361,13925),(9361,13926);
INSERT INTO related_crafts_into VALUES(9362,9042),(9362,9043),(9362,9044),(9362,9045),(9362,9057),(9362,9063),(9362,9065),(9362,9073),(9362,9075),(9362,9485),(9362,9486),(9362,9487),(9362,9488),(9362,13810),(9362,13812),(9362,13815),(9362,13817),(9362,13820),(9362,13822),(9362,13825),(9362,13826),(9362,13827),(9362,13828),(9362,13830),(9362,13831),(9362,13832),(9362,13833),(9362,13851),(9362,13856),(9362,13861),(9362,13863),(9362,13864),(9362,13866),(9362,13867),(9362,13869),(9362,13870),(9362,13871),(9362,13873),(9362,13874),(9362,13876),(9362,13877),(9362,13895),(9362,13900),(9362,13902),(9362,13903),(9362,13905),(9362,13907),(9362,13908),(9362,13910),(9362,13912),(9362,13913),(9362,13914),(9362,13915),(9362,13916),(9362,13917),(9362,13918),(9362,13920),(9362,13921),(9362,13922),(9362,13923),(9362,13925);
INSERT INTO related_crafts_into VALUES(9363,9358);
INSERT INTO related_crafts_into VALUES(9364,9355),(9364,9361);
INSERT INTO related_crafts_into VALUES(9365,9362);
INSERT INTO related_crafts_into VALUES(9366,5377),(9366,9332),(9366,14157);
INSERT INTO related_crafts_into VALUES(9367,8200),(9367,9362);
INSERT INTO related_crafts_into VALUES(9368,9358);
INSERT INTO related_crafts_into VALUES(9369,9322),(9369,9323),(9369,9324),(9369,9325),(9369,9326),(9369,9327),(9369,9328),(9369,9329),(9369,9360);
INSERT INTO related_crafts_into VALUES(9370,9361);
INSERT INTO related_crafts_into VALUES(9371,9331),(9371,9335),(9371,15650);
INSERT INTO related_crafts_into VALUES(9372,9330),(9372,14053);
INSERT INTO related_crafts_into VALUES(9373,9091),(9373,9092),(9373,10536),(9373,14256),(9373,14257),(9373,14258),(9373,14259),(9373,14260),(9373,14261),(9373,14263),(9373,14264),(9373,14265);
INSERT INTO related_crafts_into VALUES(9374,9224);
INSERT INTO related_crafts_into VALUES(9375,9225);
INSERT INTO related_crafts_into VALUES(9376,8785),(9376,9032),(9376,9033),(9376,9034),(9376,9035),(9376,9048),(9376,9049),(9376,9050),(9376,9051),(9376,9058),(9376,9059),(9376,9060),(9376,9061),(9376,9068),(9376,9069),(9376,9070),(9376,9071),(9376,9078),(9376,9079),(9376,9080),(9376,9081),(9376,9082),(9376,9083),(9376,9084),(9376,9085),(9376,9086),(9376,9087),(9376,9088),(9376,9089),(9376,9090),(9376,9091),(9376,9092),(9376,10086),(9376,10412),(9376,10474),(9376,10536),(9376,12104),(9376,12105),(9376,12106),(9376,12107),(9376,13076),(9376,13790),(9376,13791),(9376,13792),(9376,13793),(9376,13794),(9376,13795),(9376,13796),(9376,13797),(9376,13798),(9376,13799),(9376,13800),(9376,13801),(9376,13802),(9376,13803),(9376,13834),(9376,13835),(9376,13836),(9376,13837),(9376,13838),(9376,13839),(9376,13840),(9376,13841),(9376,13842),(9376,13843),(9376,13844),(9376,13845),(9376,13846),(9376,13847),(9376,14066),(9376,15097);
INSERT INTO related_crafts_into VALUES(9377,8835),(9377,15437);
INSERT INTO related_crafts_into VALUES(9378,8836),(9378,9355);
INSERT INTO related_crafts_into VALUES(9379,8785);
INSERT INTO related_crafts_into VALUES(9380,8784);
INSERT INTO related_crafts_into VALUES(9461,9226);
INSERT INTO related_crafts_into VALUES(9518,9511),(9518,9513),(9518,14182);
INSERT INTO related_crafts_into VALUES(9519,9514),(9519,9517);
INSERT INTO related_crafts_into VALUES(9521,9510),(9521,9512);
INSERT INTO related_crafts_into VALUES(9522,9510);
INSERT INTO related_crafts_into VALUES(9523,9511);
INSERT INTO related_crafts_into VALUES(9524,9512);
INSERT INTO related_crafts_into VALUES(9525,9513);
INSERT INTO related_crafts_into VALUES(9526,9514);
INSERT INTO related_crafts_into VALUES(9527,9515);
INSERT INTO related_crafts_into VALUES(9528,9516);
INSERT INTO related_crafts_into VALUES(9529,9517);
INSERT INTO related_crafts_into VALUES(10090,9733);
INSERT INTO related_crafts_into VALUES(10091,9744);
INSERT INTO related_crafts_into VALUES(10092,8785),(10092,9769),(10092,14069),(10092,14070);
INSERT INTO related_crafts_into VALUES(10093,10086);
INSERT INTO related_crafts_into VALUES(10094,9615),(10094,9618),(10094,9621),(10094,9624),(10094,9627);
INSERT INTO related_crafts_into VALUES(10095,9616),(10095,9619),(10095,9622),(10095,9625),(10095,9628);
INSERT INTO related_crafts_into VALUES(10096,6141),(10096,10086),(10096,14139);
INSERT INTO related_crafts_into VALUES(10097,9615),(10097,9618),(10097,9621),(10097,9624),(10097,9627);
INSERT INTO related_crafts_into VALUES(10098,9616),(10098,9619),(10098,9622),(10098,9625),(10098,9628);
INSERT INTO related_crafts_into VALUES(10099,8844),(10099,8845),(10099,8846),(10099,8847),(10099,8848),(10099,8849),(10099,8850),(10099,8851),(10099,8852),(10099,8853),(10099,8854),(10099,8855),(10099,8856),(10099,8857),(10099,8858),(10099,8859),(10099,12214);
INSERT INTO related_crafts_into VALUES(10335,10373);
INSERT INTO related_crafts_into VALUES(10386,10373);
INSERT INTO related_crafts_into VALUES(12220,12231),(12220,14064),(12220,14183);
INSERT INTO related_crafts_into VALUES(12221,12232);
INSERT INTO related_crafts_into VALUES(12222,12233);
INSERT INTO related_crafts_into VALUES(12223,12912);
INSERT INTO related_crafts_into VALUES(12224,12913),(12224,14935);
INSERT INTO related_crafts_into VALUES(12225,12914);
INSERT INTO related_crafts_into VALUES(12226,12915);
INSERT INTO related_crafts_into VALUES(12227,12916);
INSERT INTO related_crafts_into VALUES(12228,12917);
INSERT INTO related_crafts_into VALUES(12229,12918);
INSERT INTO related_crafts_into VALUES(12230,12919),(12230,13089);
INSERT INTO related_crafts_into VALUES(12232,13069),(12232,13758);
INSERT INTO related_crafts_into VALUES(12254,12104),(12254,12106),(12254,14066);
INSERT INTO related_crafts_into VALUES(12255,12105),(12255,12107);
INSERT INTO related_crafts_into VALUES(12256,12082),(12256,12111);
INSERT INTO related_crafts_into VALUES(12257,12112),(12257,15570),(12257,15571),(12257,15572),(12257,15573),(12257,15574),(12257,15575),(12257,15576),(12257,15577),(12257,15578),(12257,15579),(12257,15580),(12257,15581),(12257,15582),(12257,15583);
INSERT INTO related_crafts_into VALUES(12258,10350),(12258,12083);
INSERT INTO related_crafts_into VALUES(12259,10351);
INSERT INTO related_crafts_into VALUES(12518,10586),(12518,10592),(12518,10598),(12518,10604),(12518,10610),(12518,10616),(12518,10622),(12518,10628),(12518,10658),(12518,10664),(12518,10670),(12518,10677),(12518,10678),(12518,10684),(12518,10691),(12518,10705),(12518,10712),(12518,10719),(12518,10720),(12518,10726),(12518,10733),(12518,10747),(12518,10748),(12518,10754),(12518,10762),(12518,10768),(12518,10797),(12518,10804),(12518,10838),(12518,10846),(12518,10881),(12518,10888),(12518,10930),(12518,10970),(12518,10976),(12518,10994),(12518,11000),(12518,11018),(12518,11024),(12518,11042),(12518,11048),(12518,11066),(12518,11072),(12518,11871),(12518,11875),(12518,11879),(12518,11883),(12518,11887),(12518,11891),(12518,11895),(12518,11899),(12518,11903),(12518,11907),(12518,11911),(12518,11927),(12518,11955),(12518,11956),(12518,11960),(12518,11961),(12518,11965),(12518,11970),(12518,11973),(12518,11979),(12518,11983),(12518,11988),(12518,11993),(12518,12001),(12518,12017),(12518,12029),(12518,12519),(12518,12528);
INSERT INTO related_crafts_into VALUES(12519,10346),(12519,10587),(12519,10589),(12519,10593),(12519,10595),(12519,10599),(12519,10605),(12519,10611),(12519,10617),(12519,10618),(12519,10619),(12519,10623),(12519,10629),(12519,10632),(12519,10647),(12519,10649),(12519,10653),(12519,10655),(12519,10659),(12519,10665),(12519,10727),(12519,10769),(12519,10895),(12519,10923),(12519,10937),(12519,10965),(12519,10971),(12519,10977),(12519,10983),(12519,10989),(12519,10995),(12519,11001),(12519,11007),(12519,11013),(12519,11019),(12519,11025),(12519,11031),(12519,11037),(12519,11043),(12519,11049),(12519,11055),(12519,11061),(12519,11067),(12519,11073),(12519,11079),(12519,11877),(12519,11915),(12519,11919),(12519,11923),(12519,11931),(12519,11939),(12519,11943),(12519,11947),(12519,11951),(12519,11998),(12519,12023),(12519,12026),(12519,12032),(12519,13069);
INSERT INTO related_crafts_into VALUES(12520,10588),(12520,10642),(12520,10648),(12520,10654),(12520,10660),(12520,10770),(12520,10812),(12520,10834),(12520,10854),(12520,10882),(12520,10917),(12520,10918),(12520,10924),(12520,10959),(12520,10960),(12520,10972),(12520,10978),(12520,10996),(12520,11002),(12520,11020),(12520,11026),(12520,11044),(12520,11050),(12520,11068),(12520,11074),(12520,11872),(12520,11884),(12520,11892),(12520,11896),(12520,11904),(12520,11912),(12520,11928),(12520,11962),(12520,11985),(12520,11990),(12520,12018),(12520,12084),(12520,12085),(12520,12521),(12520,13658),(12520,13660),(12520,13661),(12520,13662),(12520,13671),(12520,13672),(12520,13673),(12520,13674),(12520,13677),(12520,13678),(12520,13679),(12520,13680);
INSERT INTO related_crafts_into VALUES(12521,10350),(12521,10613),(12521,10637),(12521,10643),(12521,10649),(12521,10650),(12521,10655),(12521,10656),(12521,10661),(12521,10662),(12521,10673),(12521,10680),(12521,10687),(12521,10701),(12521,10703),(12521,10708),(12521,10722),(12521,10729),(12521,10743),(12521,10750),(12521,10764),(12521,10771),(12521,10785),(12521,10792),(12521,10793),(12521,10799),(12521,10835),(12521,10848),(12521,10855),(12521,10869),(12521,10876),(12521,10877),(12521,10883),(12521,10885),(12521,10925),(12521,10934),(12521,10941),(12521,10967),(12521,10973),(12521,10979),(12521,10980),(12521,10985),(12521,10991),(12521,10997),(12521,11003),(12521,11004),(12521,11009),(12521,11015),(12521,11021),(12521,11027),(12521,11028),(12521,11033),(12521,11039),(12521,11045),(12521,11051),(12521,11052),(12521,11057),(12521,11063),(12521,11069),(12521,11075),(12521,11076),(12521,11081),(12521,11885),(12521,11889),(12521,11890),(12521,11893),(12521,11909),(12521,11910),(12521,11913),(12521,11964),(12521,11971),(12521,11987),(12521,11992),(12521,11999),(12521,12024),(12521,12027),(12521,12030),(12521,12033),(12521,12100),(12521,12108),(12521,12109),(12521,12706),(12521,13006),(12521,13007),(12521,13008),(12521,13011),(12521,13019),(12521,13021),(12521,13022),(12521,13024),(12521,13025),(12521,13026),(12521,13027),(12521,13028),(12521,13030),(12521,13032),(12521,13033),(12521,13036),(12521,13043),(12521,13270),(12521,13271),(12521,14068);
INSERT INTO related_crafts_into VALUES(12522,10351),(12522,10387),(12522,10388),(12522,10389),(12522,10390),(12522,10391),(12522,10392),(12522,10393),(12522,10394),(12522,10395),(12522,10396),(12522,10590),(12522,10591),(12522,10596),(12522,10597),(12522,10603),(12522,10608),(12522,10620),(12522,10626),(12522,10639),(12522,10644),(12522,10645),(12522,10650),(12522,10656),(12522,10662),(12522,10669),(12522,10676),(12522,10683),(12522,10690),(12522,10711),(12522,10717),(12522,10718),(12522,10725),(12522,10731),(12522,10732),(12522,10752),(12522,10753),(12522,10758),(12522,10759),(12522,10766),(12522,10767),(12522,10773),(12522,10788),(12522,10794),(12522,10800),(12522,10801),(12522,10802),(12522,10808),(12522,10809),(12522,10815),(12522,10816),(12522,10829),(12522,10836),(12522,10842),(12522,10843),(12522,10851),(12522,10857),(12522,10871),(12522,10872),(12522,10878),(12522,10885),(12522,10899),(12522,10906),(12522,10920),(12522,10968),(12522,10969),(12522,10974),(12522,10975),(12522,10980),(12522,10981),(12522,10986),(12522,10987),(12522,10992),(12522,10993),(12522,10998),(12522,10999),(12522,11004),(12522,11005),(12522,11010),(12522,11011),(12522,11016),(12522,11017),(12522,11022),(12522,11023),(12522,11028),(12522,11029),(12522,11034),(12522,11035),(12522,11040),(12522,11041),(12522,11046),(12522,11047),(12522,11052),(12522,11053),(12522,11058),(12522,11059),(12522,11064),(12522,11065),(12522,11070),(12522,11071),(12522,11076),(12522,11082),(12522,11083),(12522,11886),(12522,11890),(12522,11898),(12522,11914),(12522,11929),(12522,11959),(12522,12028),(12522,12034),(12522,12082),(12522,12083),(12522,12087),(12522,12104),(12522,12105),(12522,12106),(12522,12107),(12522,12108),(12522,12109),(12522,12111),(12522,12112),(12522,12523),(12522,12644),(12522,12996),(12522,12997),(12522,12998),(12522,12999),(12522,13000),(12522,13001),(12522,13002),(12522,13009),(12522,13012),(12522,13013),(12522,13014),(12522,13015),(12522,13016),(12522,13017),(12522,13020),(12522,13038),(12522,13039),(12522,13040),(12522,13041),(12522,13044),(12522,13045),(12522,13046),(12522,13047),(12522,13048),(12522,13049),(12522,13050),(12522,13051),(12522,13052),(12522,13097),(12522,14712),(12522,14713),(12522,14714),(12522,14715),(12522,14716),(12522,14720),(12522,14725),(12522,14729),(12522,14730),(12522,14734),(12522,14735),(12522,14739),(12522,14740),(12522,14745),(12522,14940);
INSERT INTO related_crafts_into VALUES(12523,10886),(12523,10893),(12523,10914),(12523,10928),(12523,10935),(12523,10956),(12523,11930),(12523,12019),(12523,12025),(12523,12031),(12523,13007),(12523,13008),(12523,13010),(12523,13011),(12523,13018),(12523,13028),(12523,13029),(12523,13030),(12523,13031),(12523,13043);
INSERT INTO related_crafts_into VALUES(12524,10588),(12524,10594),(12524,10600),(12524,10606),(12524,10612),(12524,10618),(12524,10624),(12524,10630),(12524,10660),(12524,10666),(12524,10672),(12524,10679),(12524,10686),(12524,10693),(12524,10707),(12524,10714),(12524,10721),(12524,10728),(12524,10735),(12524,10749),(12524,10756),(12524,10763),(12524,10777),(12524,10791),(12524,10798),(12524,10805),(12524,10819),(12524,10833),(12524,10840),(12524,10847),(12524,10861),(12524,10875),(12524,10903),(12524,10945),(12524,11876),(12524,11880),(12524,11888),(12524,11900),(12524,11904),(12524,11908),(12524,11916),(12524,11920),(12524,11924),(12524,11932),(12524,11940),(12524,11944),(12524,11948),(12524,11952),(12524,12525),(12524,12529),(12524,13592),(12524,13644),(12524,13650),(12524,13653),(12524,13654),(12524,13655),(12524,13656),(12524,13665),(12524,13666),(12524,13667),(12524,13668),(12524,13747),(12524,14830),(12524,14833),(12524,15474);
INSERT INTO related_crafts_into VALUES(12525,10589),(12525,10590),(12525,10595),(12525,10601),(12525,10607),(12525,10619),(12525,10625),(12525,10627),(12525,10631),(12525,10632),(12525,10661),(12525,10667),(12525,10668),(12525,10673),(12525,10680),(12525,10687),(12525,10694),(12525,10708),(12525,10715),(12525,10716),(12525,10722),(12525,10729),(12525,10736),(12525,10750),(12525,10757),(12525,10758),(12525,10764),(12525,10765),(12525,10771),(12525,10772),(12525,10778),(12525,10779),(12525,10792),(12525,10800),(12525,10807),(12525,10814),(12525,10821),(12525,10841),(12525,10842),(12525,10848),(12525,10849),(12525,10855),(12525,10856),(12525,10862),(12525,10863),(12525,10876),(12525,10919),(12525,10961),(12525,11873),(12525,11877),(12525,11881),(12525,11882),(12525,11890),(12525,11897),(12525,11901),(12525,11905),(12525,11909),(12525,12082),(12525,13272),(12525,13276),(12525,13769),(12525,14058),(12525,14059),(12525,14060),(12525,14068),(12525,14719),(12525,14721),(12525,14724),(12525,14726),(12525,14744),(12525,14746),(12525,15511),(12525,15513),(12525,15521),(12525,15523);
INSERT INTO related_crafts_into VALUES(12526,10590),(12526,10591),(12526,10596),(12526,10597),(12526,10602),(12526,10603),(12526,10608),(12526,10614),(12526,10620),(12526,10626),(12526,10627),(12526,10632),(12526,10645),(12526,10662),(12526,10668),(12526,10669),(12526,10674),(12526,10675),(12526,10681),(12526,10682),(12526,10688),(12526,10689),(12526,10695),(12526,10696),(12526,10697),(12526,10702),(12526,10703),(12526,10709),(12526,10716),(12526,10723),(12526,10730),(12526,10737),(12526,10738),(12526,10739),(12526,10744),(12526,10751),(12526,10752),(12526,10774),(12526,10780),(12526,10795),(12526,10802),(12526,10858),(12526,10864),(12526,10879),(12526,10920),(12526,11874),(12526,11878),(12526,11882),(12526,11894),(12526,11898),(12526,11902),(12526,11906),(12526,11910),(12526,11917),(12526,11921),(12526,11925),(12526,11933),(12526,11941),(12526,11945),(12526,11949),(12526,11953),(12526,11972),(12526,12000),(12526,12083),(12526,12104),(12526,12105),(12526,12106),(12526,12107),(12526,12111),(12526,12112),(12526,12527),(12526,12530),(12526,12707),(12526,12996),(12526,12997),(12526,13027),(12526,14048);
INSERT INTO related_crafts_into VALUES(12527,10676),(12527,10683),(12527,10690),(12527,10711),(12527,10718),(12527,10725),(12527,10732),(12527,10753),(12527,11918),(12527,11922),(12527,11926),(12527,11934),(12527,11942),(12527,11946),(12527,11950),(12527,11954),(12527,12107),(12527,13005),(12527,13006),(12527,13007),(12527,13008),(12527,13009),(12527,13011),(12527,13012),(12527,13023);
INSERT INTO related_crafts_into VALUES(12528,10592),(12528,10599),(12528,10616),(12528,10628),(12528,10629),(12528,10664),(12528,10665),(12528,10790),(12528,10832),(12528,10874),(12528,11871),(12528,11879),(12528,11887),(12528,11895),(12528,11899),(12528,11903),(12528,11923),(12528,11935);
INSERT INTO related_crafts_into VALUES(12529,10600),(12529,10601),(12529,10618),(12529,10619),(12529,10625),(12529,10630),(12529,10631),(12529,10666),(12529,10667),(12529,10672),(12529,10681),(12529,10688),(12529,10709),(12529,10714),(12529,10721),(12529,10723),(12529,10730),(12529,10749),(12529,10751),(12529,10772),(12529,10814),(12529,10856),(12529,11872),(12529,11873),(12529,11881),(12529,11889),(12529,11896),(12529,11897),(12529,11900),(12529,11901),(12529,11904),(12529,11905),(12529,11924),(12529,11936),(12529,13640),(12529,13641),(12529,13642),(12529,13646),(12529,13647),(12529,13648),(12529,14747),(12529,14834),(12529,14835),(12529,15149),(12529,15150);
INSERT INTO related_crafts_into VALUES(12530,10603),(12530,10620),(12530,10669),(12530,10675),(12530,10682),(12530,10689),(12530,10696),(12530,11874),(12530,11882),(12530,11898),(12530,11902),(12530,11906),(12530,11925),(12530,11926),(12530,11937),(12530,11938),(12530,13005),(12530,13006),(12530,13007),(12530,13009),(12530,13023),(12530,13027);
INSERT INTO related_crafts_into VALUES(12531,12518),(12531,12601);
INSERT INTO related_crafts_into VALUES(12532,12520),(12532,12602);
INSERT INTO related_crafts_into VALUES(12533,12522),(12533,12603);
INSERT INTO related_crafts_into VALUES(12534,12519),(12534,14146);
INSERT INTO related_crafts_into VALUES(12535,12521);
INSERT INTO related_crafts_into VALUES(12536,12523);
INSERT INTO related_crafts_into VALUES(12537,12524);
INSERT INTO related_crafts_into VALUES(12539,12525),(12539,12561);
INSERT INTO related_crafts_into VALUES(12540,11930),(12540,11946),(12540,11954),(12540,12527),(12540,13010);
INSERT INTO related_crafts_into VALUES(12541,10392),(12541,10597),(12541,10642),(12541,10643),(12541,10882),(12541,10886),(12541,10966),(12541,10968),(12541,10990),(12541,10992),(12541,11014),(12541,11016),(12541,11038),(12541,11040),(12541,11062),(12541,11064),(12541,11896),(12541,12027),(12541,12991),(12541,13028),(12541,13030),(12541,13032),(12541,13033),(12541,13034),(12541,13035),(12541,13037),(12541,13088),(12541,14833),(12541,15472);
INSERT INTO related_crafts_into VALUES(12542,10643),(12542,10671),(12542,10970),(12542,10994),(12542,11018),(12542,11042),(12542,11066);
INSERT INTO related_crafts_into VALUES(12543,10640),(12543,10810),(12543,10894),(12543,10936),(12543,10964),(12543,10965),(12543,10982),(12543,10988),(12543,10989),(12543,11006),(12543,11012),(12543,11013),(12543,11030),(12543,11036),(12543,11037),(12543,11054),(12543,11060),(12543,11061),(12543,11078),(12543,11885);
INSERT INTO related_crafts_into VALUES(12544,10650),(12544,10767),(12544,10972),(12544,10996),(12544,11020),(12544,11044),(12544,11068),(12544,11884),(12544,12087),(12544,12109),(12544,12998),(12544,14080);
INSERT INTO related_crafts_into VALUES(12545,10639),(12545,10656),(12545,10851),(12545,10972),(12545,10978),(12545,10996),(12545,11002),(12545,11020),(12545,11026),(12545,11044),(12545,11050),(12545,11068),(12545,11074),(12545,11957),(12545,12028),(12545,12108),(12545,13000),(12545,13038),(12545,14080);
INSERT INTO related_crafts_into VALUES(12546,10806),(12546,10890),(12546,10932),(12546,10967),(12546,10973),(12546,10979),(12546,10985),(12546,10991),(12546,10997),(12546,11003),(12546,11009),(12546,11015),(12546,11021),(12546,11027),(12546,11033),(12546,11039),(12546,11045),(12546,11051),(12546,11057),(12546,11063),(12546,11069),(12546,11075),(12546,11081),(12546,11886),(12546,11897),(12546,13301),(12546,13302),(12546,13303),(12546,13304),(12546,13305),(12546,13306),(12546,13307),(12546,13308),(12546,13309),(12546,13310),(12546,13311),(12546,13312),(12546,13313),(12546,13314),(12546,13315),(12546,13316),(12546,13317),(12546,13318),(12546,13319),(12546,13320);
INSERT INTO related_crafts_into VALUES(12547,10969),(12547,10993),(12547,11017),(12547,11041),(12547,11065);
INSERT INTO related_crafts_into VALUES(12548,10387),(12548,10388),(12548,10975),(12548,10981),(12548,10987),(12548,10999),(12548,11005),(12548,11011),(12548,11023),(12548,11029),(12548,11035),(12548,11047),(12548,11053),(12548,11059),(12548,11071),(12548,11083);
INSERT INTO related_crafts_into VALUES(12549,10928),(12549,10984),(12549,11008),(12549,11032),(12549,11056),(12549,11080);
INSERT INTO related_crafts_into VALUES(12550,10645),(12550,10661),(12550,10891),(12550,11959);
INSERT INTO related_crafts_into VALUES(12551,12541);
INSERT INTO related_crafts_into VALUES(12552,12542);
INSERT INTO related_crafts_into VALUES(12553,12543);
INSERT INTO related_crafts_into VALUES(12554,12544);
INSERT INTO related_crafts_into VALUES(12555,12545);
INSERT INTO related_crafts_into VALUES(12556,12546);
INSERT INTO related_crafts_into VALUES(12557,12547);
INSERT INTO related_crafts_into VALUES(12558,12548);
INSERT INTO related_crafts_into VALUES(12559,12549);
INSERT INTO related_crafts_into VALUES(12560,12550);
INSERT INTO related_crafts_into VALUES(12561,11893),(12561,11894),(12561,11928),(12561,11944),(12561,11952),(12561,12546),(12561,12547),(12561,12548),(12561,12550),(12561,12644),(12561,12706),(12561,12707),(12561,14069),(12561,14070);
INSERT INTO related_crafts_into VALUES(12562,10586),(12562,10598),(12562,10604),(12562,10616),(12562,10620),(12562,10622),(12562,10634),(12562,10639),(12562,10646),(12562,10652),(12562,10664),(12562,10670),(12562,10677),(12562,10684),(12562,10685),(12562,10691),(12562,10698),(12562,10705),(12562,10706),(12562,10712),(12562,10713),(12562,10719),(12562,10726),(12562,10733),(12562,10740),(12562,10747),(12562,10755),(12562,10761),(12562,10768),(12562,10775),(12562,10782),(12562,10789),(12562,10790),(12562,10803),(12562,10810),(12562,10816),(12562,10824),(12562,10831),(12562,10845),(12562,10866),(12562,10873),(12562,10887),(12562,10894),(12562,10908),(12562,10915),(12562,10929),(12562,10936),(12562,10950),(12562,10957),(12562,10974),(12562,10998),(12562,11022),(12562,11046),(12562,11070),(12562,11871),(12562,11887),(12562,11907),(12562,11955),(12562,11960),(12562,11965),(12562,11973),(12562,11978),(12562,11983),(12562,11988),(12562,11993),(12562,12001),(12562,12006),(12562,12996),(12562,12997),(12562,13025),(12562,13031),(12562,13033),(12562,13684),(12562,13685),(12562,13687);
INSERT INTO related_crafts_into VALUES(12563,10587),(12563,10593),(12563,10599),(12563,10611),(12563,10617),(12563,10623),(12563,10647),(12563,10653),(12563,10671),(12563,10678),(12563,10685),(12563,10692),(12563,10699),(12563,10700),(12563,10706),(12563,10713),(12563,10720),(12563,10727),(12563,10734),(12563,10741),(12563,10742),(12563,10748),(12563,10755),(12563,10762),(12563,10769),(12563,10776),(12563,10783),(12563,10790),(12563,10804),(12563,10811),(12563,10818),(12563,10825),(12563,10832),(12563,10846),(12563,10853),(12563,10860),(12563,10867),(12563,10874),(12563,10888),(12563,10895),(12563,10902),(12563,10909),(12563,10916),(12563,10923),(12563,10930),(12563,10937),(12563,10944),(12563,10951),(12563,10958),(12563,10971),(12563,10995),(12563,11019),(12563,11043),(12563,11067),(12563,11919),(12563,11974),(12563,11980),(12563,11984),(12563,11989),(12563,11994),(12563,11995),(12563,11998),(12563,12002),(12563,12007),(12563,12008),(12563,12023),(12563,12026),(12563,12032);
INSERT INTO related_crafts_into VALUES(12564,10588),(12564,10594),(12564,10606),(12564,10612),(12564,10618),(12564,10624),(12564,10648),(12564,10654),(12564,10673),(12564,10679),(12564,10686),(12564,10687),(12564,10693),(12564,10694),(12564,10700),(12564,10701),(12564,10707),(12564,10714),(12564,10715),(12564,10721),(12564,10728),(12564,10729),(12564,10735),(12564,10742),(12564,10743),(12564,10749),(12564,10756),(12564,10757),(12564,10763),(12564,10770),(12564,10771),(12564,10777),(12564,10784),(12564,10785),(12564,10791),(12564,10798),(12564,10805),(12564,10806),(12564,10812),(12564,10813),(12564,10819),(12564,10826),(12564,10827),(12564,10833),(12564,10834),(12564,10840),(12564,10841),(12564,10847),(12564,10854),(12564,10855),(12564,10861),(12564,10868),(12564,10869),(12564,10875),(12564,10889),(12564,10890),(12564,10896),(12564,10897),(12564,10903),(12564,10910),(12564,10911),(12564,10917),(12564,10918),(12564,10931),(12564,10932),(12564,10938),(12564,10939),(12564,10945),(12564,10952),(12564,10953),(12564,10959),(12564,10960),(12564,11876),(12564,11880),(12564,11904),(12564,11908),(12564,11912),(12564,11920),(12564,11962),(12564,11967),(12564,11980),(12564,11985),(12564,11990),(12564,11995),(12564,12003),(12564,12008),(12564,12083),(12564,12991),(12564,14924),(12564,14925),(12564,14926),(12564,14927),(12564,14928),(12564,14929),(12564,14930),(12564,15472),(12564,15474),(12564,15475);
INSERT INTO related_crafts_into VALUES(12565,10589),(12565,10607),(12565,10626),(12565,10643),(12565,10649),(12565,10655),(12565,10674),(12565,10680),(12565,10687),(12565,10688),(12565,10695),(12565,10701),(12565,10702),(12565,10708),(12565,10709),(12565,10716),(12565,10722),(12565,10729),(12565,10730),(12565,10736),(12565,10737),(12565,10743),(12565,10744),(12565,10750),(12565,10751),(12565,10764),(12565,10771),(12565,10778),(12565,10785),(12565,10786),(12565,10792),(12565,10813),(12565,10828),(12565,10834),(12565,10848),(12565,10855),(12565,10862),(12565,10869),(12565,10870),(12565,10876),(12565,10897),(12565,10898),(12565,10912),(12565,10918),(12565,10939),(12565,10954),(12565,10960),(12565,10967),(12565,10973),(12565,10991),(12565,10997),(12565,11015),(12565,11021),(12565,11039),(12565,11045),(12565,11063),(12565,11069),(12565,11873),(12565,11881),(12565,11889),(12565,11909),(12565,11921),(12565,11971),(12565,11982),(12565,11997),(12565,11999),(12565,12010),(12565,12024),(12565,12027),(12565,12033),(12565,13272),(12565,13688),(12565,13771),(12565,13772);
INSERT INTO related_crafts_into VALUES(12566,10590),(12566,10596),(12566,10602),(12566,10608),(12566,10627),(12566,10668),(12566,10675),(12566,10676),(12566,10682),(12566,10689),(12566,10690),(12566,10696),(12566,10711),(12566,10717),(12566,10718),(12566,10731),(12566,10732),(12566,10738),(12566,10745),(12566,10752),(12566,10753),(12566,10759),(12566,10766),(12566,10772),(12566,10773),(12566,10779),(12566,10780),(12566,10793),(12566,10794),(12566,10801),(12566,10808),(12566,10814),(12566,10815),(12566,10821),(12566,10829),(12566,10835),(12566,10836),(12566,10843),(12566,10856),(12566,10857),(12566,10863),(12566,10864),(12566,10871),(12566,10877),(12566,10878),(12566,10886),(12566,10899),(12566,10906),(12566,10913),(12566,10919),(12566,10920),(12566,10926),(12566,10927),(12566,10928),(12566,10934),(12566,10940),(12566,10941),(12566,10955),(12566,10961),(12566,10969),(12566,10975),(12566,10993),(12566,10999),(12566,11017),(12566,11023),(12566,11041),(12566,11047),(12566,11065),(12566,11071),(12566,11878),(12566,11882),(12566,11906),(12566,11910),(12566,11964),(12566,11969),(12566,11972),(12566,11982),(12566,11987),(12566,11992),(12566,11997),(12566,12005),(12566,12010),(12566,12106),(12566,12107),(12566,12998),(12566,12999),(12566,13000),(12566,13641),(12566,13642),(12566,13644),(12566,13647),(12566,13648),(12566,13650),(12566,13656),(12566,13659),(12566,13661),(12566,13662),(12566,13668),(12566,13673),(12566,13674),(12566,13679),(12566,13680),(12566,14050);
INSERT INTO related_crafts_into VALUES(12567,10683),(12567,10697),(12567,10704),(12567,10725),(12567,10739),(12567,10746),(12567,10760),(12567,10767),(12567,10774),(12567,10788),(12567,10795),(12567,10802),(12567,10809),(12567,10816),(12567,10830),(12567,10837),(12567,10844),(12567,10851),(12567,10858),(12567,10872),(12567,10879),(12567,10907),(12567,10921),(12567,10949),(12567,10963),(12567,11922),(12567,11972),(12567,12000),(12567,12025),(12567,12028),(12567,12034),(12567,13009),(12567,13013),(12567,13014),(12567,13015),(12567,13016),(12567,13017),(12567,13020),(12567,13021),(12567,13022),(12567,13023),(12567,13024),(12567,13025),(12567,13027),(12567,13029),(12567,13032),(12567,13033),(12567,13034),(12567,13035),(12567,13037),(12567,13040),(12567,13041),(12567,13042),(12567,13047),(12567,13049),(12567,13050),(12567,13051),(12567,13052);
INSERT INTO related_crafts_into VALUES(12568,12562);
INSERT INTO related_crafts_into VALUES(12569,12563);
INSERT INTO related_crafts_into VALUES(12570,12564);
INSERT INTO related_crafts_into VALUES(12571,12565);
INSERT INTO related_crafts_into VALUES(12572,12566);
INSERT INTO related_crafts_into VALUES(12573,12567),(12573,14187);
INSERT INTO related_crafts_into VALUES(12574,12103),(12574,15145);
INSERT INTO related_crafts_into VALUES(12575,10634),(12575,10640),(12575,10923),(12575,10983),(12575,11007),(12575,11031),(12575,11055),(12575,11079),(12575,11907),(12575,12017);
INSERT INTO related_crafts_into VALUES(12576,11893),(12576,11909),(12576,12018);
INSERT INTO related_crafts_into VALUES(12577,10986),(12577,11010),(12577,11034),(12577,11058),(12577,11082),(12577,11894),(12577,12619);
INSERT INTO related_crafts_into VALUES(12578,12564),(12578,12565),(12578,12566),(12578,12581),(12578,13590),(12578,13749),(12578,14183);
INSERT INTO related_crafts_into VALUES(12579,12583),(12579,14183);
INSERT INTO related_crafts_into VALUES(12580,10593),(12580,10599),(12580,10605),(12580,10611),(12580,10623),(12580,10629),(12580,10635),(12580,11892),(12580,11915),(12580,11927),(12580,11931),(12580,11935),(12580,11939),(12580,11943),(12580,11947),(12580,12011),(12580,12014),(12580,12020);
INSERT INTO related_crafts_into VALUES(12581,10594),(12581,10600),(12581,10606),(12581,10612),(12581,10624),(12581,10630),(12581,10636),(12581,11872),(12581,11884),(12581,11888),(12581,11893),(12581,11900),(12581,11904),(12581,11912),(12581,11916),(12581,11928),(12581,11932),(12581,11936),(12581,11940),(12581,11944),(12581,11948),(12581,12084),(12581,12085),(12581,12094),(12581,12582),(12581,15147);
INSERT INTO related_crafts_into VALUES(12582,10589),(12582,10595),(12582,10601),(12582,10607),(12582,10613),(12582,10619),(12582,10631),(12582,10637),(12582,10667),(12582,10799),(12582,10883),(12582,10884),(12582,10925),(12582,11877),(12582,11881),(12582,11885),(12582,11889),(12582,11901),(12582,11905),(12582,11913),(12582,12012),(12582,12015),(12582,12021),(12582,12100),(12582,13076);
INSERT INTO related_crafts_into VALUES(12583,10349),(12583,10350),(12583,10351),(12583,10591),(12583,10596),(12583,10602),(12583,10603),(12583,10608),(12583,10614),(12583,10626),(12583,10627),(12583,10632),(12583,10638),(12583,10639),(12583,10644),(12583,10645),(12583,10669),(12583,11874),(12583,11886),(12583,11894),(12583,11902),(12583,11906),(12583,11914),(12583,11917),(12583,11929),(12583,11933),(12583,11937),(12583,11941),(12583,11945),(12583,11949),(12583,12055),(12583,12087),(12583,12104),(12583,12105),(12583,12584),(12583,13008),(12583,13061),(12583,13069),(12583,14045),(12583,14051);
INSERT INTO related_crafts_into VALUES(12584,10921),(12584,10963),(12584,11918),(12584,11930),(12584,11934),(12584,11938),(12584,11942),(12584,11946),(12584,11950),(12584,11954),(12584,12013),(12584,12016),(12584,12022),(12584,12105),(12584,13005),(12584,13006),(12584,13010),(12584,13012);
INSERT INTO related_crafts_into VALUES(12585,10612),(12585,10613),(12585,10636),(12585,11908),(12585,11909),(12585,11912),(12585,11913),(12585,11952),(12585,12113),(12585,14061);
INSERT INTO related_crafts_into VALUES(12586,10614),(12586,10638),(12586,10639),(12586,11910),(12586,11914),(12586,11953),(12586,13084);
INSERT INTO related_crafts_into VALUES(12587,12567),(12587,14155);
INSERT INTO related_crafts_into VALUES(12588,10635),(12588,10685),(12588,10698),(12588,10740),(12588,10748),(12588,10761),(12588,10782),(12588,10796),(12588,10803),(12588,10811),(12588,10817),(12588,10824),(12588,10832),(12588,10838),(12588,10845),(12588,10852),(12588,10853),(12588,10859),(12588,10866),(12588,10873),(12588,10874),(12588,10880),(12588,10887),(12588,10901),(12588,10908),(12588,10916),(12588,10922),(12588,10929),(12588,10943),(12588,10950),(12588,10958),(12588,10964),(12588,10988),(12588,11012),(12588,11036),(12588,11060),(12588,11960),(12588,11978),(12588,11988),(12588,12006),(12588,12101),(12588,12589),(12588,13653),(12588,13665),(12588,13682),(12588,13683),(12588,13686);
INSERT INTO related_crafts_into VALUES(12589,10642),(12589,10678),(12589,10699),(12589,10720),(12589,10741),(12589,10762),(12589,10783),(12589,10797),(12589,10804),(12589,10825),(12589,10839),(12589,10846),(12589,10867),(12589,10881),(12589,10888),(12589,10909),(12589,10930),(12589,10951),(12589,11931),(12589,11956),(12589,11961),(12589,11966),(12589,11970),(12589,11974),(12589,11975),(12589,11979),(12589,11984),(12589,11989),(12589,11994),(12589,12002),(12589,12007),(12589,13076);
INSERT INTO related_crafts_into VALUES(12590,10597),(12590,10679),(12590,10700),(12590,10742),(12590,10763),(12590,10784),(12590,10791),(12590,10805),(12590,10826),(12590,10833),(12590,10847),(12590,10868),(12590,10875),(12590,10889),(12590,10896),(12590,10910),(12590,10917),(12590,10931),(12590,10938),(12590,10952),(12590,10959),(12590,10966),(12590,10990),(12590,11014),(12590,11038),(12590,11062),(12590,11932),(12590,11957),(12590,11962),(12590,11975),(12590,11985),(12590,11990),(12590,12003),(12590,12591),(12590,12991),(12590,13688),(12590,13771),(12590,14924),(12590,14925),(12590,14926),(12590,14927),(12590,14929),(12590,15165),(12590,15473),(12590,15474);
INSERT INTO related_crafts_into VALUES(12591,10681),(12591,10722),(12591,10723),(12591,10764),(12591,10806),(12591,10820),(12591,10827),(12591,10848),(12591,10890),(12591,10904),(12591,10911),(12591,10919),(12591,10926),(12591,10932),(12591,10933),(12591,10946),(12591,10953),(12591,10961),(12591,11977),(12591,12082),(12591,13001),(12591,13002);
INSERT INTO related_crafts_into VALUES(12592,10349),(12592,10614),(12592,10638),(12592,10703),(12592,10731),(12592,10745),(12592,10758),(12592,10759),(12592,10765),(12592,10766),(12592,10786),(12592,10800),(12592,10801),(12592,10807),(12592,10808),(12592,10822),(12592,10828),(12592,10837),(12592,10842),(12592,10843),(12592,10849),(12592,10870),(12592,10884),(12592,10885),(12592,10891),(12592,10893),(12592,10898),(12592,10900),(12592,10905),(12592,10912),(12592,10913),(12592,10914),(12592,10921),(12592,10927),(12592,10933),(12592,10934),(12592,10935),(12592,10942),(12592,10947),(12592,10948),(12592,10954),(12592,10955),(12592,10956),(12592,10963),(12592,11914),(12592,11933),(12592,11934),(12592,11959),(12592,11964),(12592,11977),(12592,11987),(12592,11992),(12592,12000),(12592,12005),(12592,12998),(12592,12999),(12592,13000),(12592,13001),(12592,13002),(12592,13019),(12592,13036),(12592,13039),(12592,13044),(12592,13048),(12592,13050),(12592,13266),(12592,13267),(12592,13270),(12592,13276),(12592,13284),(12592,13640),(12592,13646),(12592,13658),(12592,13671),(12592,13677),(12592,14047),(12592,14049),(12592,14093),(12592,14094),(12592,14095),(12592,14900),(12592,14901),(12592,14902),(12592,14903),(12592,15145),(12592,15436),(12592,15437);
INSERT INTO related_crafts_into VALUES(12593,10704),(12593,10746),(12593,10767),(12593,10781),(12593,10788),(12593,10809),(12593,10823),(12593,10830),(12593,10851),(12593,10865),(12593,10872),(12593,10893),(12593,10900),(12593,10914),(12593,10935),(12593,10942),(12593,10956),(12593,13013),(12593,13014),(12593,13015),(12593,13016),(12593,13017),(12593,13018),(12593,13019),(12593,13021),(12593,13024),(12593,13026),(12593,13029),(12593,13031),(12593,13034),(12593,13036),(12593,13038),(12593,13039),(12593,13041),(12593,13044),(12593,13045),(12593,13046),(12593,13048),(12593,13049),(12593,13051);
INSERT INTO related_crafts_into VALUES(12594,10610),(12594,10611),(12594,10635),(12594,10678),(12594,10692),(12594,10698),(12594,10699),(12594,10720),(12594,10734),(12594,10740),(12594,10741),(12594,10755),(12594,10761),(12594,10762),(12594,10775),(12594,10776),(12594,10782),(12594,10783),(12594,10789),(12594,10796),(12594,10797),(12594,10803),(12594,10804),(12594,10810),(12594,10817),(12594,10818),(12594,10824),(12594,10825),(12594,10831),(12594,10838),(12594,10839),(12594,10845),(12594,10846),(12594,10852),(12594,10859),(12594,10860),(12594,10866),(12594,10867),(12594,10873),(12594,10880),(12594,10881),(12594,10887),(12594,10888),(12594,10894),(12594,10895),(12594,10901),(12594,10902),(12594,10908),(12594,10909),(12594,10915),(12594,10916),(12594,10922),(12594,10929),(12594,10930),(12594,10936),(12594,10937),(12594,10943),(12594,10944),(12594,10950),(12594,10951),(12594,10957),(12594,10958),(12594,10964),(12594,10965),(12594,10988),(12594,10989),(12594,11012),(12594,11013),(12594,11036),(12594,11037),(12594,11060),(12594,11061),(12594,11956),(12594,11960),(12594,11961),(12594,11965),(12594,11966),(12594,11973),(12594,11974),(12594,11978),(12594,11979),(12594,11984),(12594,11988),(12594,11989),(12594,11993),(12594,11994),(12594,12001),(12594,12002),(12594,12006),(12594,12007),(12594,12023),(12594,12101),(12594,12588),(12594,13682),(12594,13683),(12594,13684),(12594,13685),(12594,13686),(12594,15145);
INSERT INTO related_crafts_into VALUES(12595,10612),(12595,10613),(12595,10614),(12595,10638),(12595,10784),(12595,10813),(12595,10820),(12595,10826),(12595,10827),(12595,10868),(12595,10889),(12595,10896),(12595,10897),(12595,10904),(12595,10910),(12595,10911),(12595,10931),(12595,10933),(12595,10938),(12595,10939),(12595,10946),(12595,10952),(12595,10953),(12595,10966),(12595,10990),(12595,11014),(12595,11038),(12595,11062),(12595,11957),(12595,11962),(12595,11967),(12595,11970),(12595,11975),(12595,11980),(12595,11990),(12595,11995),(12595,12003),(12595,12008),(12595,12024),(12595,12590),(12595,13272),(12595,13688),(12595,13748),(12595,13771),(12595,13772),(12595,14830),(12595,14831),(12595,14832),(12595,14833),(12595,14834),(12595,14836),(12595,14924),(12595,14925),(12595,14926),(12595,14927),(12595,14928),(12595,14930),(12595,14943),(12595,15165),(12595,15472),(12595,15473),(12595,15474),(12595,15475);
INSERT INTO related_crafts_into VALUES(12596,10387),(12596,10388),(12596,10389),(12596,10390),(12596,10391),(12596,10392),(12596,10393),(12596,10394),(12596,10395),(12596,10396),(12596,10704),(12596,10745),(12596,10746),(12596,10760),(12596,10765),(12596,10773),(12596,10781),(12596,10786),(12596,10793),(12596,10807),(12596,10815),(12596,10822),(12596,10823),(12596,10828),(12596,10829),(12596,10830),(12596,10835),(12596,10844),(12596,10849),(12596,10857),(12596,10865),(12596,10870),(12596,10871),(12596,10877),(12596,10884),(12596,10891),(12596,10893),(12596,10898),(12596,10899),(12596,10900),(12596,10905),(12596,10907),(12596,10912),(12596,10913),(12596,10914),(12596,10921),(12596,10927),(12596,10933),(12596,10934),(12596,10935),(12596,10940),(12596,10941),(12596,10942),(12596,10947),(12596,10948),(12596,10949),(12596,10954),(12596,10955),(12596,10956),(12596,10963),(12596,10968),(12596,10992),(12596,11016),(12596,11040),(12596,11064),(12596,11959),(12596,11964),(12596,11969),(12596,11972),(12596,11977),(12596,11982),(12596,11992),(12596,11997),(12596,12000),(12596,12005),(12596,12010),(12596,12025),(12596,12593),(12596,13001),(12596,13002),(12596,13010),(12596,13013),(12596,13014),(12596,13015),(12596,13016),(12596,13017),(12596,13018),(12596,13019),(12596,13020),(12596,13021),(12596,13022),(12596,13024),(12596,13025),(12596,13026),(12596,13029),(12596,13031),(12596,13034),(12596,13035),(12596,13036),(12596,13037),(12596,13038),(12596,13039),(12596,13040),(12596,13041),(12596,13042),(12596,13044),(12596,13045),(12596,13046),(12596,13047),(12596,13048),(12596,13049),(12596,13050),(12596,13051),(12596,13052),(12596,13266),(12596,13267),(12596,13268),(12596,13269),(12596,13270),(12596,13276),(12596,13284),(12596,13643),(12596,13649),(12596,13654),(12596,13655),(12596,13659),(12596,13660),(12596,13666),(12596,13667),(12596,13672),(12596,13678),(12596,13769),(12596,13770),(12596,14047),(12596,14093),(12596,14094),(12596,14095),(12596,14717),(12596,14718),(12596,14719),(12596,14720),(12596,14722),(12596,14723),(12596,14724),(12596,14725),(12596,14727),(12596,14728),(12596,14729),(12596,14730),(12596,14731),(12596,14732),(12596,14733),(12596,14734),(12596,14735),(12596,14736),(12596,14737),(12596,14738),(12596,14739),(12596,14740),(12596,14741),(12596,14742),(12596,14743),(12596,14744),(12596,14745),(12596,14752),(12596,14753),(12596,14900),(12596,14901),(12596,14902),(12596,14903),(12596,14939),(12596,14940),(12596,14941),(12596,14942),(12596,15436),(12596,15437);
INSERT INTO related_crafts_into VALUES(12597,12594),(12597,14152);
INSERT INTO related_crafts_into VALUES(12598,12595);
INSERT INTO related_crafts_into VALUES(12599,10674),(12599,12592);
INSERT INTO related_crafts_into VALUES(12600,12596);
INSERT INTO related_crafts_into VALUES(12601,10646),(12601,10647),(12601,10652),(12601,10653),(12601,10658),(12601,10659),(12601,14230),(12601,14231),(12601,15805),(12601,15806),(12601,15807),(12601,15825);
INSERT INTO related_crafts_into VALUES(12602,10648),(12602,10649),(12602,10654),(12602,10655),(12602,10660),(12602,10661),(12602,14239),(12602,14240),(12602,14245);
INSERT INTO related_crafts_into VALUES(12603,10650),(12603,10656),(12603,10662),(12603,13797),(12603,13798),(12603,13802),(12603,13842),(12603,13843),(12603,13847),(12603,14246),(12603,14254),(12603,14255),(12603,14262),(12603,14267),(12603,15580),(12603,15581),(12603,15582),(12603,15822);
INSERT INTO related_crafts_into VALUES(12604,12029),(12604,12580),(12604,12589),(12604,13088);
INSERT INTO related_crafts_into VALUES(12605,12030),(12605,12582),(12605,12591),(12605,13089),(12605,14058),(12605,14059),(12605,14060);
INSERT INTO related_crafts_into VALUES(12606,12019),(12606,12031),(12606,12584),(12606,12593),(12606,12915),(12606,12917),(12606,12919),(12606,13758);
INSERT INTO related_crafts_into VALUES(12607,10635),(12607,10636),(12607,10637),(12607,12113),(12607,12234),(12607,13084),(12607,14061);
INSERT INTO related_crafts_into VALUES(12608,10638),(12608,10639),(12608,12051),(12608,13088),(12608,13089),(12608,13090),(12608,13091),(12608,14064);
INSERT INTO related_crafts_into VALUES(12609,12606),(12609,12612),(12609,14841),(12609,14842),(12609,14843),(12609,14844),(12609,14845),(12609,14846),(12609,14847),(12609,14848),(12609,14849);
INSERT INTO related_crafts_into VALUES(12610,10346),(12610,10759),(12610,10801),(12610,10843),(12610,10882),(12610,10924),(12610,11955),(12610,11983),(12610,13011),(12610,13018),(12610,13043),(12610,13097),(12610,13262),(12610,13263),(12610,13652),(12610,13664),(12610,13670),(12610,13676),(12610,13796),(12610,13802),(12610,13841),(12610,13847),(12610,15097),(12610,15149),(12610,15150),(12610,15505),(12610,15510),(12610,15541);
INSERT INTO related_crafts_into VALUES(12611,10463),(12611,10464),(12611,10465),(12611,10466),(12611,10467),(12611,10468),(12611,10469),(12611,10470),(12611,10471),(12611,10472),(12611,10473),(12611,10474),(12611,10476),(12611,10628),(12611,10629),(12611,10630),(12611,10631),(12611,10632),(12611,13801),(12611,13846),(12611,15563),(12611,15577);
INSERT INTO related_crafts_into VALUES(12612,10715),(12612,10716),(12612,10717),(12612,10722),(12612,10723),(12612,10729),(12612,10730),(12612,10731),(12612,10736),(12612,10737),(12612,10738),(12612,10743),(12612,10744),(12612,10745),(12612,10750),(12612,10751),(12612,10752),(12612,10757),(12612,10758),(12612,10759),(12612,10764),(12612,10765),(12612,10766),(12612,10771),(12612,10772),(12612,10773),(12612,10778),(12612,10779),(12612,10780),(12612,10785),(12612,10786),(12612,10792),(12612,10793),(12612,10794),(12612,10990),(12612,10991),(12612,10992),(12612,10993),(12612,10996),(12612,10997),(12612,10998),(12612,10999),(12612,11002),(12612,11003),(12612,11004),(12612,11005),(12612,11008),(12612,11009),(12612,11010),(12612,11011),(12612,12997),(12612,12998),(12612,13305),(12612,13306),(12612,13307),(12612,13308),(12612,13646),(12612,13647),(12612,13648),(12612,13649),(12612,13650),(12612,13652),(12612,13653),(12612,13654),(12612,13655),(12612,13656),(12612,14717),(12612,14718),(12612,14719),(12612,14720),(12612,14721),(12612,14722),(12612,14723),(12612,14724),(12612,14725),(12612,14726),(12612,14748),(12612,14749);
INSERT INTO related_crafts_into VALUES(12613,10799),(12613,10800),(12613,10801),(12613,10806),(12613,10807),(12613,10808),(12613,10813),(12613,10814),(12613,10815),(12613,10820),(12613,10821),(12613,10822),(12613,10827),(12613,10828),(12613,10829),(12613,10834),(12613,10835),(12613,10836),(12613,10841),(12613,10842),(12613,10843),(12613,10848),(12613,10849),(12613,10855),(12613,10856),(12613,10857),(12613,10862),(12613,10863),(12613,10864),(12613,10869),(12613,10870),(12613,10871),(12613,10876),(12613,10877),(12613,10878),(12613,11014),(12613,11015),(12613,11016),(12613,11017),(12613,11020),(12613,11021),(12613,11022),(12613,11023),(12613,11026),(12613,11027),(12613,11028),(12613,11029),(12613,11032),(12613,11033),(12613,11034),(12613,11035),(12613,12999),(12613,13000),(12613,13309),(12613,13310),(12613,13311),(12613,13312),(12613,13658),(12613,13659),(12613,13660),(12613,13661),(12613,13662),(12613,13664),(12613,13665),(12613,13666),(12613,13667),(12613,13668),(12613,14727),(12613,14728),(12613,14729),(12613,14730),(12613,14731),(12613,14732),(12613,14733),(12613,14734),(12613,14735),(12613,14736),(12613,14750),(12613,14751);
INSERT INTO related_crafts_into VALUES(12614,10673),(12614,10674),(12614,10675),(12614,10680),(12614,10681),(12614,10682),(12614,10687),(12614,10688),(12614,10689),(12614,10694),(12614,10695),(12614,10696),(12614,10701),(12614,10702),(12614,10703),(12614,10708),(12614,10709),(12614,10966),(12614,10967),(12614,10968),(12614,10969),(12614,10972),(12614,10973),(12614,10974),(12614,10975),(12614,10978),(12614,10979),(12614,10980),(12614,10981),(12614,10984),(12614,10985),(12614,10986),(12614,10987),(12614,12996),(12614,13301),(12614,13302),(12614,13303),(12614,13304),(12614,13640),(12614,13641),(12614,13642),(12614,13643),(12614,13644),(12614,14712),(12614,14713),(12614,14714),(12614,14715),(12614,14716),(12614,14747);
INSERT INTO related_crafts_into VALUES(12615,10925),(12615,10926),(12615,10927),(12615,10932),(12615,10933),(12615,10934),(12615,10939),(12615,10940),(12615,10941),(12615,10946),(12615,10947),(12615,10948),(12615,10953),(12615,10954),(12615,10955),(12615,10960),(12615,10961),(12615,11062),(12615,11063),(12615,11064),(12615,11065),(12615,11068),(12615,11069),(12615,11070),(12615,11071),(12615,11074),(12615,11075),(12615,11076),(12615,11080),(12615,11081),(12615,11082),(12615,11083),(12615,13002),(12615,13317),(12615,13318),(12615,13319),(12615,13320),(12615,13676),(12615,13677),(12615,13678),(12615,13679),(12615,13680),(12615,14742),(12615,14743),(12615,14744),(12615,14745),(12615,14746),(12615,14753);
INSERT INTO related_crafts_into VALUES(12616,10883),(12616,10884),(12616,10885),(12616,10890),(12616,10891),(12616,10897),(12616,10898),(12616,10899),(12616,10904),(12616,10905),(12616,10906),(12616,10911),(12616,10912),(12616,10913),(12616,10918),(12616,10919),(12616,10920),(12616,11038),(12616,11039),(12616,11040),(12616,11041),(12616,11044),(12616,11045),(12616,11046),(12616,11047),(12616,11050),(12616,11051),(12616,11052),(12616,11053),(12616,11056),(12616,11057),(12616,11058),(12616,11059),(12616,13001),(12616,13313),(12616,13314),(12616,13315),(12616,13316),(12616,13670),(12616,13671),(12616,13672),(12616,13673),(12616,13674),(12616,14737),(12616,14738),(12616,14739),(12616,14740),(12616,14741),(12616,14752);
INSERT INTO related_crafts_into VALUES(12617,10718),(12617,10725),(12617,10732),(12617,10739),(12617,10746),(12617,10753),(12617,10760),(12617,10767),(12617,10774),(12617,10781),(12617,10788),(12617,10795);
INSERT INTO related_crafts_into VALUES(12618,10802),(12618,10809),(12618,10816),(12618,10823),(12618,10830),(12618,10837),(12618,10844),(12618,10851),(12618,10858),(12618,10865),(12618,10872),(12618,10879);
INSERT INTO related_crafts_into VALUES(12619,10676),(12619,10683),(12619,10690),(12619,10697),(12619,10704),(12619,10711);
INSERT INTO related_crafts_into VALUES(12620,10928),(12620,10935),(12620,10942),(12620,10949),(12620,10956),(12620,10963);
INSERT INTO related_crafts_into VALUES(12621,10886),(12621,10893),(12621,10900),(12621,10907),(12621,10914),(12621,10921);
INSERT INTO related_crafts_into VALUES(12627,5508),(12627,11929),(12627,11945),(12627,11953);
INSERT INTO related_crafts_into VALUES(12628,12601),(12628,12612),(12628,12613),(12628,12614),(12628,12615),(12628,12616),(12628,12914),(12628,12916),(12628,12918);
INSERT INTO related_crafts_into VALUES(12629,5507),(12629,12602),(12629,12608);
INSERT INTO related_crafts_into VALUES(12630,12051),(12630,12603),(12630,12622),(12630,12623),(12630,12624),(12630,12625),(12630,12626);
INSERT INTO related_crafts_into VALUES(12631,12602),(12631,12604),(12631,12908),(12631,14841),(12631,14842),(12631,14843),(12631,14844),(12631,14845),(12631,14846),(12631,14847),(12631,14848),(12631,14849);
INSERT INTO related_crafts_into VALUES(12632,12111),(12632,12112),(12632,12603),(12632,12605),(12632,13742);
INSERT INTO related_crafts_into VALUES(12633,12617),(12633,12618),(12633,12619),(12633,12620),(12633,12621);
INSERT INTO related_crafts_into VALUES(12634,12606),(12634,14064);
INSERT INTO related_crafts_into VALUES(12635,5506),(12635,12051);
INSERT INTO related_crafts_into VALUES(12636,5507),(12636,12614);
INSERT INTO related_crafts_into VALUES(12637,12607);
INSERT INTO related_crafts_into VALUES(12638,12623),(12638,13637),(12638,14177);
INSERT INTO related_crafts_into VALUES(12639,12624),(12639,13637),(12639,14178);
INSERT INTO related_crafts_into VALUES(12640,12626),(12640,13638),(12640,14180);
INSERT INTO related_crafts_into VALUES(12642,12608),(12642,12622),(12642,14176);
INSERT INTO related_crafts_into VALUES(12643,12625),(12643,13742),(12643,14179);
INSERT INTO related_crafts_into VALUES(12644,12108),(12644,12109);
INSERT INTO related_crafts_into VALUES(12645,10388),(12645,10389),(12645,10391),(12645,10395),(12645,10396);
INSERT INTO related_crafts_into VALUES(12646,10387),(12646,10388),(12646,10390),(12646,10392),(12646,10393),(12646,10394),(12646,10395);
INSERT INTO related_crafts_into VALUES(12647,12051);
INSERT INTO related_crafts_into VALUES(12648,12055);
INSERT INTO related_crafts_into VALUES(12649,12055);
INSERT INTO related_crafts_into VALUES(12650,12234);
INSERT INTO related_crafts_into VALUES(12651,12058);
INSERT INTO related_crafts_into VALUES(12652,12062);
INSERT INTO related_crafts_into VALUES(12653,12087);
INSERT INTO related_crafts_into VALUES(12654,12094);
INSERT INTO related_crafts_into VALUES(12655,12103),(12655,15145);
INSERT INTO related_crafts_into VALUES(12656,12113),(12656,13084),(12656,14061);
INSERT INTO related_crafts_into VALUES(12657,10349);
INSERT INTO related_crafts_into VALUES(12658,14940);
INSERT INTO related_crafts_into VALUES(12714,10789),(12714,10977),(12714,11001),(12714,11025),(12714,11049),(12714,11073);
INSERT INTO related_crafts_into VALUES(12718,12865);
INSERT INTO related_crafts_into VALUES(12720,12857);
INSERT INTO related_crafts_into VALUES(12722,12865);
INSERT INTO related_crafts_into VALUES(12733,12865);
INSERT INTO related_crafts_into VALUES(12736,12616);
INSERT INTO related_crafts_into VALUES(12737,12859);
INSERT INTO related_crafts_into VALUES(12741,12856);
INSERT INTO related_crafts_into VALUES(12758,12615);
INSERT INTO related_crafts_into VALUES(12780,12855);
INSERT INTO related_crafts_into VALUES(12795,10980),(12795,11004),(12795,11028),(12795,11052),(12795,11076),(12795,12621);
INSERT INTO related_crafts_into VALUES(12823,12857);
INSERT INTO related_crafts_into VALUES(12842,12086);
INSERT INTO related_crafts_into VALUES(12845,14053);
INSERT INTO related_crafts_into VALUES(12846,14053);
INSERT INTO related_crafts_into VALUES(12849,12851),(12849,14052);
INSERT INTO related_crafts_into VALUES(12850,12859);
INSERT INTO related_crafts_into VALUES(12853,14053);
INSERT INTO related_crafts_into VALUES(12859,14053);
INSERT INTO related_crafts_into VALUES(12862,14052);
INSERT INTO related_crafts_into VALUES(12871,12091),(12871,12890),(12871,13743);
INSERT INTO related_crafts_into VALUES(12872,12089),(12872,12848),(12872,12857),(12872,12859);
INSERT INTO related_crafts_into VALUES(12873,12091),(12873,12862),(12873,12866);
INSERT INTO related_crafts_into VALUES(12874,12867),(12874,12869);
INSERT INTO related_crafts_into VALUES(12875,12868);
INSERT INTO related_crafts_into VALUES(12876,12851),(12876,12858);
INSERT INTO related_crafts_into VALUES(12877,12862),(12877,12866);
INSERT INTO related_crafts_into VALUES(12878,12858),(12878,12861),(12878,12867),(12878,12869),(12878,14137),(12878,14140),(12878,15650);
INSERT INTO related_crafts_into VALUES(12879,12854),(12879,12863);
INSERT INTO related_crafts_into VALUES(12880,12881);
INSERT INTO related_crafts_into VALUES(12881,12089),(12881,12090),(12881,12846),(12881,12849),(12881,12852),(12881,12867),(12881,12908),(12881,13743),(12881,14135),(12881,14140);
INSERT INTO related_crafts_into VALUES(12882,12562),(12882,12563),(12882,12842);
INSERT INTO related_crafts_into VALUES(12883,12613),(12883,12862);
INSERT INTO related_crafts_into VALUES(12884,12091),(12884,12863),(12884,12868),(12884,14140);
INSERT INTO related_crafts_into VALUES(12885,12862);
INSERT INTO related_crafts_into VALUES(12886,12844),(12886,14052);
INSERT INTO related_crafts_into VALUES(12887,12849),(12887,12854),(12887,13743);
INSERT INTO related_crafts_into VALUES(12888,12842),(12888,12843),(12888,12844),(12888,12845),(12888,12848),(12888,12849),(12888,12850),(12888,12894),(12888,12895),(12888,14052),(12888,14140);
INSERT INTO related_crafts_into VALUES(12889,12890);
INSERT INTO related_crafts_into VALUES(12890,12859),(12890,12868);
INSERT INTO related_crafts_into VALUES(12891,12892);
INSERT INTO related_crafts_into VALUES(12892,12089),(12892,12844),(12892,12847),(12892,12848),(12892,12852),(12892,12870),(12892,14135),(12892,14141);
INSERT INTO related_crafts_into VALUES(12893,12846),(12893,12847);
INSERT INTO related_crafts_into VALUES(12894,12090),(12894,12857),(12894,12862),(12894,12867),(12894,12869);
INSERT INTO related_crafts_into VALUES(12895,12852),(12895,12853),(12895,12856),(12895,12870),(12895,12890),(12895,14135),(12895,14138);
INSERT INTO related_crafts_into VALUES(12896,12090),(12896,12843),(12896,12845);
INSERT INTO related_crafts_into VALUES(12897,12086),(12897,12843);
INSERT INTO related_crafts_into VALUES(12898,12617),(12898,12854),(12898,12857),(12898,14137);
INSERT INTO related_crafts_into VALUES(12899,12091),(12899,12853),(12899,12856),(12899,14137);
INSERT INTO related_crafts_into VALUES(12901,12088),(12901,12622),(12901,12623),(12901,12624),(12901,12625),(12901,12626),(12901,12856),(12901,12858),(12901,12862),(12901,12863),(12901,12868),(12901,12908),(12901,13742),(12901,14138);
INSERT INTO related_crafts_into VALUES(12902,12852);
INSERT INTO related_crafts_into VALUES(12903,12865),(12903,14138),(12903,15651);
INSERT INTO related_crafts_into VALUES(12904,12089),(12904,12870);
INSERT INTO related_crafts_into VALUES(12905,12863),(12905,12869),(12905,15650);
INSERT INTO related_crafts_into VALUES(12906,12091),(12906,13070);
INSERT INTO related_crafts_into VALUES(12907,12088);
INSERT INTO related_crafts_into VALUES(12908,12092),(12908,14136),(12908,14137),(12908,15651);
INSERT INTO related_crafts_into VALUES(12909,10406);
INSERT INTO related_crafts_into VALUES(12910,10468);
INSERT INTO related_crafts_into VALUES(12911,10530);
INSERT INTO related_crafts_into VALUES(12912,15147),(12912,15526),(12912,15527),(12912,15528),(12912,15531),(12912,15532),(12912,15533);
INSERT INTO related_crafts_into VALUES(12931,12527);
INSERT INTO related_crafts_into VALUES(12932,12523);
INSERT INTO related_crafts_into VALUES(12933,12584);
INSERT INTO related_crafts_into VALUES(12934,12593);
INSERT INTO related_crafts_into VALUES(12935,12567);
INSERT INTO related_crafts_into VALUES(12936,12622),(12936,12623),(12936,12624),(12936,12625),(12936,12626),(12936,12844),(12936,12848),(12936,12852),(12936,12857),(12936,12865),(12936,12870),(12936,12915),(12936,12917),(12936,12919),(12936,13742),(12936,14176),(12936,14177),(12936,14178),(12936,14179),(12936,14180);
INSERT INTO related_crafts_into VALUES(12937,10387),(12937,10388),(12937,10389),(12937,10390),(12937,10391),(12937,10392),(12937,10393),(12937,10394),(12937,10395),(12937,10396),(12937,12051),(12937,12055),(12937,12058),(12937,12062),(12937,12617),(12937,12618),(12937,12619),(12937,12620),(12937,12621),(12937,12996),(12937,12997),(12937,12998),(12937,12999),(12937,13000),(12937,13001),(12937,13002),(12937,13590),(12937,13592),(12937,13594),(12937,13596),(12937,13640),(12937,13641),(12937,13642),(12937,13643),(12937,13644),(12937,13646),(12937,13647),(12937,13648),(12937,13649),(12937,13650),(12937,13652),(12937,13653),(12937,13654),(12937,13655),(12937,13656),(12937,13658),(12937,13659),(12937,13660),(12937,13661),(12937,13662),(12937,13664),(12937,13665),(12937,13666),(12937,13667),(12937,13668),(12937,13670),(12937,13671),(12937,13672),(12937,13673),(12937,13674),(12937,13676),(12937,13677),(12937,13678),(12937,13679),(12937,13680),(12937,13758);
INSERT INTO related_crafts_into VALUES(12938,10676),(12938,10683),(12938,10718),(12938,10725),(12938,10760),(12938,10767),(12938,10802),(12938,10809),(12938,10844),(12938,10851),(12938,10886),(12938,10893),(12938,10928),(12938,10935),(12938,11918),(12938,11922),(12938,11926),(12938,11930),(12938,11934),(12938,11938),(12938,11942),(12938,11946),(12938,11950),(12938,11954),(12938,12019),(12938,12031),(12938,13013),(12938,13014),(12938,13018),(12938,13019),(12938,13023),(12938,13024),(12938,13028),(12938,13029),(12938,13033),(12938,13034),(12938,13038),(12938,13039),(12938,13043),(12938,13044),(12938,13048),(12938,13049);
INSERT INTO related_crafts_into VALUES(12939,10690),(12939,10732),(12939,10774),(12939,10816),(12939,10858),(12939,10900),(12939,10942),(12939,12016),(12939,12022),(12939,12028),(12939,12034),(12939,13005),(12939,13006),(12939,13007),(12939,13008),(12939,13009),(12939,13010),(12939,13011),(12939,13012),(12939,13015),(12939,13020),(12939,13025),(12939,13030),(12939,13035),(12939,13040),(12939,13045),(12939,13050);
INSERT INTO related_crafts_into VALUES(12940,10697),(12940,10704),(12940,10711),(12940,10739),(12940,10746),(12940,10753),(12940,10781),(12940,10788),(12940,10795),(12940,10823),(12940,10830),(12940,10837),(12940,10865),(12940,10872),(12940,10879),(12940,10907),(12940,10914),(12940,10921),(12940,10949),(12940,10956),(12940,10963),(12940,11972),(12940,12000),(12940,12013),(12940,12025),(12940,13016),(12940,13017),(12940,13021),(12940,13022),(12940,13026),(12940,13027),(12940,13031),(12940,13032),(12940,13036),(12940,13037),(12940,13041),(12940,13042),(12940,13046),(12940,13047),(12940,13051),(12940,13052);
INSERT INTO related_crafts_into VALUES(12943,12604);
INSERT INTO related_crafts_into VALUES(12944,12605);
INSERT INTO related_crafts_into VALUES(12945,12567);
INSERT INTO related_crafts_into VALUES(12970,13596);
INSERT INTO related_crafts_into VALUES(12971,13638);
INSERT INTO related_crafts_into VALUES(12972,12622),(12972,12623),(12972,12624),(12972,12625),(12972,12626);
INSERT INTO related_crafts_into VALUES(12973,12617),(12973,12618),(12973,12619),(12973,12620),(12973,12621);
INSERT INTO related_crafts_into VALUES(12990,10332);
INSERT INTO related_crafts_into VALUES(13003,12058);
INSERT INTO related_crafts_into VALUES(13058,13076);
INSERT INTO related_crafts_into VALUES(13059,13088),(13059,14080);
INSERT INTO related_crafts_into VALUES(13060,13089);
INSERT INTO related_crafts_into VALUES(13733,13590),(13733,13749);
INSERT INTO related_crafts_into VALUES(13736,13637),(13736,13638);
INSERT INTO related_crafts_into VALUES(13738,13742);
INSERT INTO related_crafts_into VALUES(13744,13266),(13744,13267),(13744,13270),(13744,14939),(13744,14940),(13744,14942);
INSERT INTO related_crafts_into VALUES(13745,13268),(13745,13269),(13745,13271),(13745,14080),(13745,14941),(13745,14943);
INSERT INTO related_crafts_into VALUES(13746,13272),(13746,13769);
INSERT INTO related_crafts_into VALUES(13747,13061),(13747,13640),(13747,13641),(13747,13642),(13747,13646),(13747,13647),(13747,13648),(13747,13652),(13747,13659),(13747,13661),(13747,13664),(13747,13670),(13747,13676),(13747,14750),(13747,14751),(13747,15149),(13747,15150),(13747,15510),(13747,15512),(13747,15514),(13747,15520),(13747,15522),(13747,15524);
INSERT INTO related_crafts_into VALUES(13748,13641),(13748,13643),(13748,13647),(13748,13649),(13748,13653),(13748,13655),(13748,13659),(13748,13661),(13748,13665),(13748,13667),(13748,13671),(13748,13673),(13748,13677),(13748,13679),(13748,14752),(13748,14753),(13748,14939),(13748,14943),(13748,15145),(13748,15511),(13748,15513),(13748,15520),(13748,15521),(13748,15522),(13748,15523);
INSERT INTO related_crafts_into VALUES(13749,13643),(13749,13644),(13749,13649),(13749,13650),(13749,13652),(13749,13653),(13749,13654),(13749,13655),(13749,13656),(13749,13658),(13749,13660),(13749,13662),(13749,13664),(13749,13665),(13749,13666),(13749,13667),(13749,13668),(13749,13670),(13749,13671),(13749,13672),(13749,13674),(13749,13676),(13749,13677),(13749,13678),(13749,13680),(13749,13769),(13749,13770),(13749,14747),(13749,14748),(13749,14749),(13749,14941),(13749,14942),(13749,15510),(13749,15511),(13749,15512),(13749,15513),(13749,15514),(13749,15521),(13749,15523),(13749,15524);
INSERT INTO related_crafts_into VALUES(13750,13592),(13750,13747),(13750,14935);
INSERT INTO related_crafts_into VALUES(13751,13097);
INSERT INTO related_crafts_into VALUES(13752,13594),(13752,13637),(13752,13638),(13752,14176),(13752,14177),(13752,14178),(13752,14179),(13752,14180);
INSERT INTO related_crafts_into VALUES(13753,13596),(13753,13748);
INSERT INTO related_crafts_into VALUES(13754,13276),(13754,13284),(13754,14066),(13754,14093),(13754,14094),(13754,14095),(13754,15436),(13754,15437);
INSERT INTO related_crafts_into VALUES(13756,13091);
INSERT INTO related_crafts_into VALUES(13757,13090);
INSERT INTO related_crafts_into VALUES(13758,14045);
INSERT INTO related_crafts_into VALUES(14071,14841);
INSERT INTO related_crafts_into VALUES(14072,14842);
INSERT INTO related_crafts_into VALUES(14073,14843);
INSERT INTO related_crafts_into VALUES(14074,14844);
INSERT INTO related_crafts_into VALUES(14075,14845);
INSERT INTO related_crafts_into VALUES(14076,14846);
INSERT INTO related_crafts_into VALUES(14077,14847);
INSERT INTO related_crafts_into VALUES(14078,14848);
INSERT INTO related_crafts_into VALUES(14079,14849);
INSERT INTO related_crafts_into VALUES(14142,14134),(14142,14135);
INSERT INTO related_crafts_into VALUES(14143,14136),(14143,14140),(14143,15651);
INSERT INTO related_crafts_into VALUES(14144,14136),(14144,14137),(14144,14139);
INSERT INTO related_crafts_into VALUES(14145,14138);
INSERT INTO related_crafts_into VALUES(14146,14066),(14146,14712),(14146,14713),(14146,14714),(14146,14716),(14146,14717),(14146,14718),(14146,14722),(14146,14723),(14146,14742),(14146,14743),(14146,14747),(14146,14748),(14146,14749),(14146,15152),(14146,15506),(14146,15507),(14146,15508),(14146,15509),(14146,15516),(14146,15517),(14146,15518),(14146,15519),(14146,15535),(14146,15536),(14146,15537),(14146,15538),(14146,15539),(14146,15541),(14146,15542),(14146,15543),(14146,15544),(14146,15545),(14146,15546),(14146,15547),(14146,15548),(14146,15550),(14146,15552),(14146,15553),(14146,15554),(14146,15555),(14146,15570),(14146,15571),(14146,15572),(14146,15573),(14146,15574),(14146,15575),(14146,15576),(14146,15577),(14146,15578),(14146,15579),(14146,15580),(14146,15581),(14146,15582),(14146,15583);
INSERT INTO related_crafts_into VALUES(14147,14146);
INSERT INTO related_crafts_into VALUES(14148,14146);
INSERT INTO related_crafts_into VALUES(14149,13302),(14149,13303),(14149,13304),(14149,13306),(14149,13307),(14149,13308),(14149,13310),(14149,13311),(14149,13312),(14149,13314),(14149,13315),(14149,13316),(14149,13318),(14149,13319),(14149,13320),(14149,14718),(14149,14723),(14149,14728),(14149,14733),(14149,14738),(14149,14743),(14149,15152),(14149,15427),(14149,15505),(14149,15515),(14149,15526),(14149,15528),(14149,15531),(14149,15533),(14149,15538),(14149,15540),(14149,15541),(14149,15549),(14149,15570),(14149,15571),(14149,15572),(14149,15573),(14149,15574),(14149,15575),(14149,15576),(14149,15577),(14149,15578),(14149,15579),(14149,15580),(14149,15581),(14149,15582),(14149,15583);
INSERT INTO related_crafts_into VALUES(14150,14149);
INSERT INTO related_crafts_into VALUES(14151,14149);
INSERT INTO related_crafts_into VALUES(14152,14715),(14152,14719),(14152,14720),(14152,14721),(14152,14724),(14152,14725),(14152,14726),(14152,14727),(14152,14728),(14152,14729),(14152,14730),(14152,14731),(14152,14732),(14152,14733),(14152,14734),(14152,14735),(14152,14736),(14152,14737),(14152,14738),(14152,14739),(14152,14740),(14152,14741),(14152,14744),(14152,14745),(14152,14746),(14152,14752),(14152,14753),(14152,15506),(14152,15508),(14152,15515),(14152,15516),(14152,15517),(14152,15518);
INSERT INTO related_crafts_into VALUES(14153,14152),(14153,15505),(14153,15506),(14153,15507),(14153,15508),(14153,15509),(14153,15515),(14153,15516),(14153,15517),(14153,15518),(14153,15519),(14153,15525),(14153,15530);
INSERT INTO related_crafts_into VALUES(14154,14152);
INSERT INTO related_crafts_into VALUES(14155,14712),(14155,14713),(14155,14714),(14155,14715),(14155,14716),(14155,14717),(14155,14718),(14155,14719),(14155,14720),(14155,14721),(14155,14722),(14155,14723),(14155,14724),(14155,14725),(14155,14726),(14155,14727),(14155,14728),(14155,14729),(14155,14730),(14155,14731),(14155,14732),(14155,14733),(14155,14734),(14155,14735),(14155,14736),(14155,14737),(14155,14738),(14155,14739),(14155,14740),(14155,14741),(14155,14742),(14155,14743),(14155,14744),(14155,14745),(14155,14746),(14155,14750),(14155,14751),(14155,15427),(14155,15505),(14155,15506),(14155,15507),(14155,15508),(14155,15509),(14155,15516),(14155,15518),(14155,15519),(14155,15525),(14155,15527),(14155,15529),(14155,15530),(14155,15532),(14155,15534),(14155,15537),(14155,15539),(14155,15547);
INSERT INTO related_crafts_into VALUES(14156,14155);
INSERT INTO related_crafts_into VALUES(14157,13301),(14157,13303),(14157,13305),(14157,13307),(14157,13309),(14157,13311),(14157,13313),(14157,13315),(14157,13317),(14157,13319),(14157,15160),(14157,15525),(14157,15527),(14157,15530),(14157,15532),(14157,15535),(14157,15536),(14157,15538),(14157,15540),(14157,15542),(14157,15543),(14157,15544),(14157,15545),(14157,15546),(14157,15549),(14157,15551),(14157,15552),(14157,15553),(14157,15554),(14157,15555),(14157,15570),(14157,15571),(14157,15572),(14157,15573),(14157,15574),(14157,15575),(14157,15576),(14157,15577),(14157,15578),(14157,15579),(14157,15580),(14157,15581),(14157,15582),(14157,15583);
INSERT INTO related_crafts_into VALUES(14159,14158);
INSERT INTO related_crafts_into VALUES(14160,14161);
INSERT INTO related_crafts_into VALUES(14161,14155);
INSERT INTO related_crafts_into VALUES(14164,14157);
INSERT INTO related_crafts_into VALUES(14181,14229),(14181,14234),(14181,14235),(14181,14241),(14181,14242),(14181,14243),(14181,14244),(14181,14247),(14181,15823);
INSERT INTO related_crafts_into VALUES(14182,14250),(14182,14251),(14182,14252),(14182,14253),(14182,14256),(14182,14257),(14182,14258),(14182,14259),(14182,14260),(14182,14261),(14182,14263),(14182,14264),(14182,14265),(14182,15819),(14182,15820),(14182,15821);
INSERT INTO related_crafts_into VALUES(14183,14230),(14183,14231),(14183,14239),(14183,14240),(14183,14245),(14183,14246),(14183,14254),(14183,14255),(14183,14262),(14183,14267),(14183,15805),(14183,15806),(14183,15807),(14183,15822),(14183,15825);
INSERT INTO related_crafts_into VALUES(14184,15529),(14184,15534);
INSERT INTO related_crafts_into VALUES(14187,15427);
INSERT INTO related_crafts_into VALUES(14188,15510),(14188,15511),(14188,15512),(14188,15513),(14188,15514),(14188,15520),(14188,15521),(14188,15522),(14188,15523),(14188,15524);
INSERT INTO related_crafts_into VALUES(14190,14186),(14190,14189),(14190,15427);
INSERT INTO related_crafts_into VALUES(14212,14141);
INSERT INTO related_crafts_into VALUES(14216,14140);
INSERT INTO related_crafts_into VALUES(14217,14139);
INSERT INTO related_crafts_into VALUES(14268,14229);
INSERT INTO related_crafts_into VALUES(14269,14230);
INSERT INTO related_crafts_into VALUES(14270,14231);
INSERT INTO related_crafts_into VALUES(14271,14234);
INSERT INTO related_crafts_into VALUES(14272,14235);
INSERT INTO related_crafts_into VALUES(14273,14239);
INSERT INTO related_crafts_into VALUES(14274,14240);
INSERT INTO related_crafts_into VALUES(14275,14241);
INSERT INTO related_crafts_into VALUES(14276,14242);
INSERT INTO related_crafts_into VALUES(14277,14243);
INSERT INTO related_crafts_into VALUES(14278,14244);
INSERT INTO related_crafts_into VALUES(14279,14245);
INSERT INTO related_crafts_into VALUES(14280,14246);
INSERT INTO related_crafts_into VALUES(14281,14247);
INSERT INTO related_crafts_into VALUES(14282,14250);
INSERT INTO related_crafts_into VALUES(14283,14251);
INSERT INTO related_crafts_into VALUES(14284,14252);
INSERT INTO related_crafts_into VALUES(14285,14253);
INSERT INTO related_crafts_into VALUES(14286,14254);
INSERT INTO related_crafts_into VALUES(14287,14255);
INSERT INTO related_crafts_into VALUES(14288,14256);
INSERT INTO related_crafts_into VALUES(14289,14257),(14289,14262);
INSERT INTO related_crafts_into VALUES(14290,14258);
INSERT INTO related_crafts_into VALUES(14291,14259),(14291,14262);
INSERT INTO related_crafts_into VALUES(14292,14260);
INSERT INTO related_crafts_into VALUES(14293,14261),(14293,14262);
INSERT INTO related_crafts_into VALUES(14294,14263),(14294,14267);
INSERT INTO related_crafts_into VALUES(14295,14264),(14295,14267);
INSERT INTO related_crafts_into VALUES(14296,14265);
INSERT INTO related_crafts_into VALUES(14297,14267);
INSERT INTO related_crafts_into VALUES(14931,14830),(14931,14831),(14931,14832),(14931,14833),(14931,14835);
INSERT INTO related_crafts_into VALUES(14932,14830),(14932,14831),(14932,14832),(14932,14833),(14932,14834),(14932,14835),(14932,14836);
INSERT INTO related_crafts_into VALUES(14933,14048),(14933,14049),(14933,14050),(14933,14051);
INSERT INTO related_crafts_into VALUES(14934,14058),(14934,14059),(14934,14060);
INSERT INTO related_crafts_into VALUES(14936,14066);
INSERT INTO related_crafts_into VALUES(14937,14176),(14937,14177),(14937,14178),(14937,14179),(14937,14180);
INSERT INTO related_crafts_into VALUES(14955,14184);
INSERT INTO related_crafts_into VALUES(14956,14188);
INSERT INTO related_crafts_into VALUES(14957,14157);
INSERT INTO related_crafts_into VALUES(15098,13790),(15098,13791),(15098,13792),(15098,13793),(15098,13794),(15098,13795),(15098,13796),(15098,13797),(15098,13798),(15098,13799),(15098,13800),(15098,13801),(15098,13802),(15098,13803),(15098,15097);
INSERT INTO related_crafts_into VALUES(15099,13804),(15099,13809),(15099,13814),(15099,13819),(15099,13824),(15099,13829);
INSERT INTO related_crafts_into VALUES(15100,13805),(15100,13810),(15100,13815),(15100,13820),(15100,13825),(15100,13830);
INSERT INTO related_crafts_into VALUES(15101,13806),(15101,13811),(15101,13816),(15101,13821),(15101,13826),(15101,13831);
INSERT INTO related_crafts_into VALUES(15102,13807),(15102,13812),(15102,13817),(15102,13822),(15102,13827),(15102,13832);
INSERT INTO related_crafts_into VALUES(15103,13808),(15103,13813),(15103,13818),(15103,13823),(15103,13828),(15103,13833);
INSERT INTO related_crafts_into VALUES(15104,13834),(15104,13835),(15104,13836),(15104,13837),(15104,13838),(15104,13839),(15104,13840),(15104,13841),(15104,13842),(15104,13843),(15104,13844),(15104,13845),(15104,13846),(15104,13847);
INSERT INTO related_crafts_into VALUES(15105,13848),(15105,13853),(15105,13858),(15105,13863),(15105,13868),(15105,13873);
INSERT INTO related_crafts_into VALUES(15106,13849),(15106,13854),(15106,13859),(15106,13864),(15106,13869),(15106,13874);
INSERT INTO related_crafts_into VALUES(15107,13850),(15107,13855),(15107,13860),(15107,13865),(15107,13870),(15107,13875);
INSERT INTO related_crafts_into VALUES(15108,13851),(15108,13856),(15108,13861),(15108,13866),(15108,13871),(15108,13876);
INSERT INTO related_crafts_into VALUES(15109,13852),(15109,13857),(15109,13862),(15109,13867),(15109,13872),(15109,13877);
INSERT INTO related_crafts_into VALUES(15645,15505),(15645,15506),(15645,15507),(15645,15508),(15645,15509),(15645,15515),(15645,15516),(15645,15517),(15645,15518),(15645,15519),(15645,15525),(15645,15526),(15645,15527),(15645,15528),(15645,15529),(15645,15530),(15645,15531),(15645,15532),(15645,15533),(15645,15534),(15645,15535),(15645,15536),(15645,15537),(15645,15538),(15645,15539),(15645,15540),(15645,15541),(15645,15542),(15645,15543),(15645,15544),(15645,15545),(15645,15546),(15645,15547),(15645,15548),(15645,15549),(15645,15550),(15645,15551),(15645,15552),(15645,15553),(15645,15554),(15645,15555);
INSERT INTO related_crafts_into VALUES(15646,15645);
INSERT INTO related_crafts_into VALUES(15647,15645);
INSERT INTO related_crafts_into VALUES(15648,15645);
INSERT INTO related_crafts_into VALUES(15649,15645);
INSERT INTO related_crafts_into VALUES(15652,15650);
INSERT INTO related_crafts_into VALUES(15653,15152),(15653,15427);
INSERT INTO related_crafts_into VALUES(15831,15805);
INSERT INTO related_crafts_into VALUES(15832,15806);
INSERT INTO related_crafts_into VALUES(15833,15807);
INSERT INTO related_crafts_into VALUES(15834,15819);
INSERT INTO related_crafts_into VALUES(15835,15820);
INSERT INTO related_crafts_into VALUES(15836,15821);
INSERT INTO related_crafts_into VALUES(15837,15822);
INSERT INTO related_crafts_into VALUES(15838,15823);
INSERT INTO related_crafts_into VALUES(15839,15825);
INSERT INTO related_crafts_into VALUES(15908,13892),(15908,13897),(15908,13902),(15908,13907),(15908,13912),(15908,13917),(15908,13922);
INSERT INTO related_crafts_into VALUES(15909,13893),(15909,13898),(15909,13903),(15909,13908),(15909,13913),(15909,13918),(15909,13923);
INSERT INTO related_crafts_into VALUES(15910,13894),(15910,13899),(15910,13904),(15910,13909),(15910,13914),(15910,13919),(15910,13924);
INSERT INTO related_crafts_into VALUES(15911,13895),(15911,13900),(15911,13905),(15911,13910),(15911,13915),(15911,13920),(15911,13925);
INSERT INTO related_crafts_into VALUES(15912,13896),(15912,13901),(15912,13906),(15912,13911),(15912,13916),(15912,13921),(15912,13926);
INSERT INTO related_crafts_into VALUES(15945,15472),(15945,15473),(15945,15474),(15945,15475);
